dept,siren,epci_nom,i005,i006,i010,i012,i015,i017,i032,i033,i034,i035,i036,i037,i038,i043,i044,i047,i048,i049,i051,i052,i053,i054,i056,i057,i058,i064,i065,i066,i067,i068,i069,i070,i071,i072,i073,i077,i083,i084,i085,i086,i087,i089,i094,i095,i096,i097,i106,i108,i110,i111,i112,i113,i114,i115,i119,i126,i127,i128,i129,i130,i131,i134,i135,i142,i147,i148,i149,i150,i151,i156,i157,i158,i161,i162,i164
01,200029999,CC Rives de l'Ain - Pays du Cerdon,,,42.0,,,0.0,50.0,53.68,51.69,78.67,49.6,100.0,38.95,46.36,53.03,66.45,48.04,45.09,36.29,26.53,57.43,1.2,44.82,32.88,5.47,0.0,64.29,29.15,41.44,49.63,32.35,0.0,91.27,100.0,20.87,32.35,33.47,37.94,0.96,83.01,6.89,43.8,52.96,100.0,0.0,68.3,0.0,48.4,38.46,86.6,4.9,11.43,41.12,100.0,53.85,68.38,63.26,53.97,29.72,100.0,62.86,53.57,47.59,23.89,23.81,49.4,94.92,33.61,60.92,100.0,30.68,64.24,84.0,56.07,52.26
01,200040350,CC Bugey Sud,,,34.0,,,0.0,50.0,49.51,48.31,56.67,63.65,48.46,40.12,52.55,54.92,38.3,47.19,46.63,47.71,75.51,47.69,1.0,44.01,32.01,27.48,20.0,0.0,21.25,46.04,44.44,9.42,0.0,100.0,100.0,47.79,40.22,41.27,43.24,64.42,71.24,59.99,43.8,45.4,100.0,0.0,52.33,0.0,48.9,0.0,97.45,17.78,19.19,72.41,96.57,53.85,64.58,54.92,52.98,35.48,43.0,62.83,48.21,27.01,75.78,49.14,68.75,0.0,16.31,65.52,100.0,25.1,82.07,24.0,56.07,45.74
01,200042497,CC Dombes Saône Vallée,,,85.0,,,0.0,50.0,53.92,75.84,100.0,59.8,100.0,65.7,64.55,34.09,94.57,97.63,65.34,40.29,55.1,54.95,2.4,90.34,42.55,15.41,46.67,78.57,12.2,33.94,75.56,51.52,0.0,0.0,50.0,52.51,0.0,27.57,33.09,26.28,84.31,35.9,43.8,71.27,88.89,0.0,82.62,0.0,30.2,22.56,35.95,5.11,100.0,43.79,0.0,61.54,86.04,79.17,69.21,23.83,100.0,54.63,50.0,42.17,30.31,72.95,64.22,100.0,25.85,57.47,50.0,46.08,29.57,100.0,56.07,65.58
01,200042935,CA Haut-Bugey Agglomération,,,32.0,,,16.54,0.0,53.31,56.46,98.0,100.0,40.77,36.63,56.0,40.66,63.62,63.71,52.45,43.43,69.39,57.18,1.2,60.66,33.16,18.17,0.0,0.0,35.89,38.04,42.22,58.72,0.0,100.0,0.0,12.13,56.42,32.68,20.29,0.0,79.74,18.82,43.8,41.36,100.0,50.0,50.65,0.0,31.3,0.0,61.93,23.82,0.0,95.47,100.0,46.15,65.91,32.95,49.34,29.59,0.0,38.08,42.86,1.51,100.0,55.0,53.44,0.0,18.36,65.52,100.0,22.71,85.0,80.0,56.07,38.06
01,200069193,CC de la Dombes,,,83.0,,,17.21,75.0,53.92,66.01,100.0,67.9,100.0,61.63,56.91,44.32,64.17,64.33,51.84,50.86,48.98,60.12,1.4,30.81,35.36,0.94,0.0,100.0,18.23,32.02,57.41,30.38,0.0,0.0,100.0,100.0,50.95,36.34,41.91,51.92,80.39,41.05,43.8,62.14,100.0,0.0,69.12,0.0,48.9,0.0,95.55,5.38,100.0,53.29,53.0,53.85,75.4,73.11,63.25,30.52,83.67,75.84,53.57,44.78,30.48,61.76,45.96,34.75,15.2,62.07,50.0,35.46,89.24,74.0,56.07,62.23
01,200070118,CC Val de Saône Centre,,,81.0,,,0.0,75.0,55.39,64.61,100.0,43.6,100.0,65.7,53.45,48.61,74.2,93.57,57.06,36.29,71.43,54.95,1.6,29.07,36.12,26.11,0.0,100.0,0.0,36.13,62.22,40.05,0.0,0.0,100.0,0.0,17.5,26.82,27.5,3.53,79.74,1.56,43.8,66.54,100.0,0.0,62.97,75.44,45.9,0.0,62.15,3.97,100.0,49.79,0.0,61.54,80.34,76.89,61.92,19.28,100.0,70.76,55.36,43.57,15.16,73.33,57.99,67.23,8.84,59.77,100.0,34.66,40.43,90.0,56.07,64.55
01,200070555,CC de la Veyle,,,76.0,,,100.0,75.0,50.88,60.39,100.0,52.1,100.0,65.7,55.27,51.64,68.77,72.59,52.76,35.14,67.35,57.26,1.2,23.89,32.65,12.03,6.67,91.07,6.62,35.03,63.7,30.88,0.0,0.0,0.0,16.87,0.0,23.71,32.06,0.0,77.12,0.0,43.8,63.69,0.0,0.0,76.03,0.0,58.6,0.0,86.71,12.3,100.0,60.62,13.0,69.23,79.39,72.73,68.21,22.36,100.0,71.41,55.36,52.71,25.86,69.33,63.7,100.0,10.72,63.22,100.0,25.63,62.72,70.0,56.07,59.45
01,200071371,CC Bresse et Saône,,,40.0,,,0.0,75.0,53.43,56.18,100.0,36.15,100.0,55.81,59.64,47.85,66.67,80.54,52.45,27.43,34.69,57.1,1.2,31.34,30.93,4.22,6.67,82.14,20.79,29.33,53.33,34.32,0.0,0.0,50.0,31.19,0.0,24.17,30.59,0.0,77.78,10.77,43.8,66.9,100.0,50.0,67.32,84.21,39.2,0.0,99.32,0.76,100.0,41.71,63.71,76.92,77.68,71.59,59.93,17.4,100.0,68.39,55.36,47.49,40.36,70.71,59.11,0.0,6.97,65.52,50.0,33.07,42.83,66.0,56.07,58.45
01,200071751,CA du Bassin de Bourg-en-Bresse,,,53.0,,,0.0,50.0,48.9,59.55,100.0,97.65,67.31,54.65,57.64,36.49,73.66,73.66,51.84,49.43,69.39,57.43,1.7,61.57,38.6,23.17,0.0,73.21,24.74,39.36,65.19,47.09,0.0,30.95,0.0,0.0,26.91,32.82,52.06,42.95,77.12,71.57,43.8,55.13,100.0,100.0,69.08,0.0,33.5,0.0,93.75,5.38,100.0,68.09,42.86,53.85,61.54,53.79,54.3,21.69,73.33,95.71,48.21,57.73,100.0,39.81,55.7,72.74,31.81,,0.0,31.74,78.48,54.0,56.07,50.94
01,240100610,CC de la Côtière à Montluel,,,75.0,,,0.0,25.0,58.82,70.79,100.0,80.65,100.0,66.28,63.27,37.37,80.22,92.9,56.75,65.43,0.0,67.99,1.8,52.28,41.23,13.06,20.0,75.0,12.2,46.64,80.37,55.77,0.0,35.45,0.0,79.2,18.37,30.58,29.56,23.4,88.24,4.86,43.8,67.01,0.0,100.0,65.83,0.0,23.5,0.0,34.56,8.42,100.0,44.35,1.86,46.15,82.05,68.94,48.68,21.82,99.67,51.45,50.0,12.75,85.5,77.24,48.49,100.0,32.68,57.47,0.0,30.94,74.35,100.0,56.07,51.1
01,240100750,CA du Pays de Gex,,,38.0,,,27.82,0.0,63.24,78.09,56.67,89.65,100.0,62.79,69.64,35.98,87.72,87.95,64.11,74.29,100.0,59.41,3.3,13.52,51.24,41.68,0.0,0.0,13.12,0.0,35.19,61.18,0.0,100.0,100.0,100.0,4.41,11.78,68.68,63.78,99.35,20.44,43.8,62.87,0.0,50.0,57.95,0.0,20.5,0.0,28.52,9.25,2.81,75.0,100.0,46.15,68.38,53.03,58.94,20.35,0.0,22.15,0.0,0.0,0.0,63.67,37.21,0.0,51.34,57.47,100.0,28.02,87.39,100.0,56.07,52.16
01,240100800,CC de Miribel et du Plateau,,,85.0,,,0.0,25.0,80.88,66.57,100.0,77.8,100.0,60.47,66.0,23.48,93.77,96.7,63.19,66.86,100.0,67.99,2.8,85.01,46.83,23.5,13.33,100.0,21.95,35.41,64.07,33.01,0.0,0.0,100.0,55.41,0.0,37.27,18.09,37.82,84.97,5.67,43.8,65.92,43.89,0.0,69.53,66.67,16.5,0.0,30.9,10.94,100.0,22.03,0.0,53.85,77.11,70.83,58.28,19.01,75.0,40.59,44.64,46.89,100.0,86.52,76.12,56.07,50.45,60.92,100.0,39.18,48.15,100.0,56.07,62.9
01,240100883,CC de la Plaine de l'Ain,,,42.0,,,0.0,50.0,53.1,60.39,100.0,72.05,100.0,54.07,50.18,45.71,74.31,75.09,48.77,51.71,55.1,57.7,1.7,32.53,35.34,20.1,0.0,0.0,19.86,59.57,53.7,47.75,0.0,75.93,0.0,68.08,0.0,33.13,27.94,22.12,83.66,3.18,43.8,59.51,50.56,50.0,63.97,19.3,42.9,0.0,58.85,8.4,61.77,56.03,35.14,46.15,70.85,64.39,54.97,27.58,88.33,45.92,50.0,28.92,79.24,56.43,56.51,34.04,100.0,59.77,0.0,29.61,76.2,100.0,56.07,56.26
01,240100891,CC Terre Valserhône (CCTV),,,38.0,,,0.0,25.0,58.33,58.71,96.67,100.0,100.0,31.4,54.55,46.72,62.9,64.02,53.07,63.71,100.0,59.41,1.0,100.0,31.77,3.44,0.0,0.0,31.01,2.55,30.74,0.0,0.0,100.0,50.0,100.0,48.67,31.41,53.68,20.83,88.89,30.17,43.8,49.8,0.0,100.0,60.32,100.0,36.0,0.0,60.0,31.32,0.0,89.82,100.0,46.15,65.15,42.8,40.07,20.08,7.67,27.32,25.0,13.86,52.39,42.48,18.18,0.0,100.0,60.92,100.0,19.79,85.54,100.0,56.07,51.0
02,200040426,CC du Val de l'Oise,,,1.0,,,0.0,75.0,51.84,44.38,100.0,25.65,100.0,48.26,34.91,32.07,32.57,17.72,53.68,31.43,0.0,54.46,0.9,100.0,29.08,5.58,26.67,100.0,25.44,51.85,2.96,17.77,33.55,0.0,50.0,0.0,78.34,19.68,30.0,0.0,73.86,100.0,26.65,45.04,71.94,0.0,33.87,28.07,81.1,0.0,68.74,,100.0,2.12,0.0,69.23,75.4,48.11,31.13,38.55,20.0,33.82,50.0,38.65,34.1,35.57,59.22,0.0,5.23,65.52,0.0,20.32,50.22,50.0,30.0,51.42
02,200043495,CA du Pays de Laon,,,1.0,,,0.0,25.0,51.47,46.63,100.0,100.0,0.0,45.93,51.09,28.66,77.39,91.83,49.69,50.29,51.02,54.29,1.5,100.0,36.54,7.79,13.33,100.0,44.48,54.2,34.81,43.65,33.55,55.03,50.0,20.44,45.72,28.39,69.12,63.46,79.08,43.43,26.65,37.43,100.0,100.0,61.89,0.0,30.6,12.59,50.96,1.03,80.25,7.35,0.0,69.23,56.22,15.91,21.85,19.68,64.33,35.25,39.29,60.44,100.0,50.86,73.12,0.0,35.59,64.37,50.0,17.13,44.02,70.0,30.0,46.39
02,200071769,CC Picardie des Châteaux,,,2.0,,,22.67,50.0,52.21,44.94,100.0,41.0,0.0,47.09,32.73,43.31,42.46,0.0,50.61,35.43,0.0,50.83,0.8,100.0,27.86,2.12,0.0,64.29,50.29,43.69,15.56,0.0,33.55,73.81,100.0,56.5,75.61,21.8,63.97,75.32,75.16,28.37,26.65,40.4,100.0,0.0,60.36,3.51,89.8,0.0,90.19,7.57,85.73,15.59,0.0,69.23,74.07,42.8,26.49,34.54,59.0,43.51,50.0,21.18,27.35,30.67,60.21,0.0,6.14,64.37,100.0,11.82,49.35,58.0,30.0,52.06
02,200071785,CA Chauny Tergnier La Fère,,,1.0,,,33.57,50.0,50.29,36.24,100.0,99.75,0.0,40.7,40.18,22.1,75.07,79.29,50.31,47.14,0.0,54.46,0.9,100.0,29.02,4.66,0.0,100.0,39.37,60.78,6.67,25.14,33.55,41.8,0.0,99.09,61.27,18.39,62.79,44.55,76.47,29.59,26.65,36.27,94.44,50.0,55.31,56.14,35.0,24.09,63.31,2.66,85.53,6.59,2.0,69.23,64.58,21.59,21.85,22.76,39.33,22.96,46.43,11.35,63.76,68.33,70.36,0.0,12.16,63.22,0.0,12.62,28.7,66.0,30.0,45.45
02,200071892,CA du Saint-Quentinois,,,0.0,,,36.18,25.0,48.16,36.52,100.0,100.0,0.0,32.56,50.0,23.11,85.65,91.03,57.98,64.29,51.02,54.62,1.7,100.0,37.68,14.49,100.0,100.0,51.68,78.36,14.81,70.84,33.55,0.0,0.0,0.0,46.03,23.38,53.24,46.79,75.82,17.6,26.65,32.37,78.61,100.0,55.56,29.82,17.7,0.0,38.61,0.2,100.0,0.0,0.0,61.54,54.13,12.12,21.85,18.61,23.33,25.63,39.29,39.76,100.0,62.52,71.61,0.0,14.02,64.37,0.0,9.96,36.3,54.0,30.0,40.65
02,200071983,CC Thiérache Sambre et Oise,,,1.0,,,44.67,50.0,45.59,24.44,100.0,50.1,100.0,25.0,32.0,35.73,28.33,26.79,41.72,41.43,0.0,54.62,0.7,100.0,25.1,26.71,20.0,67.86,51.68,61.71,3.33,0.0,33.55,0.0,100.0,0.0,70.69,22.25,53.09,73.72,73.2,19.17,26.65,32.02,100.0,50.0,37.4,0.0,67.2,0.0,98.96,0.23,100.0,17.65,0.0,76.92,68.57,7.58,3.64,48.19,0.0,41.43,44.64,0.0,65.57,57.0,44.09,0.0,6.42,70.11,100.0,8.1,26.09,50.0,30.0,39.03
02,200071991,CC Retz en Valois,,,5.0,,,9.87,25.0,56.86,58.15,94.0,85.35,1.92,53.49,41.64,30.05,30.98,26.07,52.76,53.43,61.22,43.56,4.7,100.0,36.14,13.9,0.0,83.93,22.88,23.91,15.19,57.25,33.55,65.87,100.0,0.0,66.49,21.42,40.0,3.53,81.7,42.27,26.65,41.83,62.78,0.0,28.77,0.0,57.4,0.0,57.09,0.86,100.0,0.0,0.0,69.23,71.79,52.65,36.09,29.72,71.0,29.82,50.0,17.17,50.91,42.24,43.96,0.0,14.6,64.37,100.0,16.33,41.09,74.0,30.0,55.68
02,200072031,CA de la Région de Château-Thierry,,,5.0,,,0.0,25.0,49.79,47.19,100.0,80.45,100.0,44.77,43.09,43.06,48.59,27.72,52.15,64.57,53.06,39.6,1.1,100.0,30.74,4.4,33.33,91.07,31.01,35.74,21.48,63.14,33.55,34.66,50.0,0.0,67.36,27.29,44.26,40.06,77.78,11.41,26.65,37.35,100.0,50.0,41.4,38.6,50.9,0.0,88.3,2.85,100.0,0.0,0.0,69.23,66.29,41.67,28.81,28.51,19.33,61.69,48.21,36.04,70.51,33.57,57.55,52.26,24.55,63.22,0.0,9.69,31.52,72.0,30.0,49.55
02,240200444,CC de la Thiérache du Centre,,,0.0,,,0.0,75.0,45.8,29.21,100.0,63.85,16.15,29.65,31.45,38.51,14.67,0.0,40.18,54.0,26.53,56.0,0.7,100.0,24.76,10.28,0.0,80.36,38.91,53.16,16.3,0.0,33.55,0.0,50.0,0.0,78.22,23.4,21.76,0.0,73.2,16.33,26.65,37.17,100.0,100.0,38.25,0.0,66.9,0.0,99.78,3.93,100.0,47.82,0.0,76.92,69.33,25.38,32.45,47.66,55.0,52.29,48.21,10.64,93.74,25.05,40.94,0.0,10.63,67.82,100.0,5.71,45.33,52.0,30.0,40.71
02,240200469,CC du Pays de la Serre,,,0.0,,,15.26,50.0,45.59,35.11,100.0,41.25,0.0,40.12,30.73,39.39,0.0,0.0,45.71,40.57,0.0,54.46,0.9,100.0,27.02,0.24,0.0,94.64,15.21,41.28,0.0,7.13,33.55,0.0,100.0,0.0,85.39,15.05,27.5,37.18,76.47,91.49,26.65,40.74,100.0,0.0,33.1,0.0,73.5,26.16,63.81,1.98,100.0,1.82,0.0,69.23,76.73,40.15,11.26,43.78,53.67,36.36,51.79,30.62,32.45,20.62,42.76,0.0,16.95,68.97,0.0,12.62,55.0,70.0,30.0,47.32
02,240200477,CA GrandSoissons Agglomération,,,2.0,,,24.06,25.0,57.35,43.26,100.0,100.0,25.77,56.4,51.27,24.49,87.61,80.58,53.37,59.43,71.43,43.56,1.5,100.0,49.67,19.28,13.33,100.0,50.75,78.14,49.26,64.13,33.55,23.02,0.0,0.0,2.4,26.66,54.71,62.5,71.24,36.54,26.65,31.9,61.94,100.0,64.71,100.0,20.7,23.9,36.32,0.13,100.0,0.0,0.0,69.23,55.84,15.91,23.84,19.68,26.0,27.8,41.07,39.36,100.0,66.67,81.77,0.0,40.33,63.22,50.0,13.94,5.22,48.0,30.0,44.03
02,240200493,CC du Pays du Vermandois,,,0.0,,,19.27,50.0,46.76,38.48,100.0,38.0,27.69,41.28,35.45,26.64,34.24,29.78,53.37,41.14,20.41,54.62,0.9,100.0,30.82,3.78,0.0,100.0,34.49,59.9,4.44,21.05,33.55,0.0,100.0,0.0,79.76,14.13,32.5,21.79,77.12,22.81,26.65,37.64,74.72,0.0,52.22,56.14,58.1,0.0,51.14,0.83,100.0,0.0,0.0,69.23,76.92,31.82,21.52,38.69,55.33,21.98,46.43,17.57,23.72,44.81,62.73,0.0,5.42,70.11,100.0,8.63,49.35,78.0,30.0,49.26
02,240200501,CC du Val de l'Aisne,,,1.0,,,31.26,50.0,50.49,51.97,100.0,31.0,100.0,55.81,38.36,35.61,37.83,15.54,56.44,34.0,38.78,48.93,0.9,100.0,28.49,3.8,0.0,100.0,12.43,41.06,37.04,23.18,33.55,35.71,50.0,0.0,73.74,16.48,33.09,0.0,79.74,71.22,26.65,50.77,62.5,0.0,40.0,22.81,77.6,0.0,74.82,1.18,100.0,2.62,0.0,69.23,83.0,57.2,42.05,30.12,15.33,30.63,53.57,25.6,9.06,42.1,49.64,0.0,16.69,65.52,100.0,12.88,40.54,80.0,30.0,57.32
02,240200519,CC du Canton d'Oulchy-le-Château,,,6.0,,,1.43,25.0,56.37,49.72,84.67,17.25,0.0,47.67,30.55,47.6,0.0,0.0,53.68,30.29,40.82,41.58,0.9,100.0,27.65,0.0,0.0,0.0,8.71,35.91,17.04,3.19,33.55,13.23,100.0,0.0,86.71,27.72,19.85,0.0,84.97,19.86,26.65,46.44,66.94,0.0,6.17,3.51,100.0,0.0,100.0,0.18,100.0,0.0,0.0,76.92,83.19,62.12,42.38,42.17,10.0,42.44,53.57,12.55,4.28,16.48,53.52,0.0,7.17,66.67,100.0,7.04,55.33,82.0,30.0,55.48
02,240200576,CC de la Champagne Picarde,,,0.0,,,41.64,75.0,47.06,48.31,100.0,33.4,47.31,43.02,34.91,51.39,14.02,0.0,55.52,35.71,0.0,54.29,1.0,100.0,29.44,0.0,13.33,10.71,11.27,37.28,23.7,41.52,33.55,23.81,100.0,41.71,85.68,21.2,56.91,66.35,81.7,65.2,26.65,48.66,99.72,50.0,34.78,7.02,82.3,0.0,82.09,2.21,100.0,10.03,0.0,69.23,79.01,53.03,52.98,38.82,90.0,32.62,53.57,23.29,29.49,9.86,38.36,0.0,14.27,64.37,100.0,23.77,69.35,90.0,30.0,52.84
02,240200584,CC du Canton de Charly-sur-Marne,,,7.0,,,0.0,50.0,53.24,51.69,98.67,27.3,0.0,40.7,39.45,53.54,43.41,0.0,50.61,90.29,57.14,39.6,1.1,100.0,28.18,3.11,0.0,62.5,27.29,18.27,15.93,26.13,33.55,36.77,100.0,0.0,74.58,24.87,43.97,75.32,78.43,100.0,26.65,44.32,75.28,0.0,53.24,38.6,66.0,0.95,92.09,3.55,100.0,0.0,0.0,76.92,73.69,56.44,38.08,30.52,34.67,47.22,51.79,56.12,19.6,39.48,58.83,0.0,3.85,56.32,100.0,5.44,36.96,72.0,30.0,57.84
02,240200592,CC du Chemin des Dames,,,1.0,,,0.0,50.0,47.06,48.6,20.0,18.95,0.0,56.4,22.91,50.0,0.0,0.0,53.99,33.43,0.0,48.93,1.1,100.0,27.92,38.13,0.0,100.0,93.26,40.35,20.0,11.88,33.55,58.99,100.0,0.0,87.89,30.26,63.38,65.06,79.74,72.26,26.65,52.74,100.0,0.0,24.17,0.0,84.3,0.0,99.05,1.56,100.0,14.18,0.0,76.92,82.62,51.52,40.07,52.61,21.67,42.93,51.79,25.8,3.62,15.71,38.46,0.0,31.0,64.37,100.0,12.88,30.65,78.0,30.0,60.87
02,240200600,CC des Trois Rivières,,,0.0,,,15.59,50.0,47.06,17.42,100.0,69.15,0.0,29.65,39.82,21.97,50.43,26.65,36.2,49.43,32.65,56.68,0.8,100.0,27.57,17.53,0.0,98.21,45.88,36.13,2.22,7.13,33.55,33.6,100.0,84.02,79.52,19.4,50.0,33.33,71.24,50.49,26.65,30.06,100.0,50.0,44.77,0.0,36.3,0.0,98.12,5.11,100.0,65.88,15.57,76.92,61.54,0.0,5.96,40.29,4.67,32.07,44.64,4.32,84.68,52.95,73.15,0.0,16.58,67.82,100.0,3.32,46.3,52.0,30.0,35.16
02,240200634,CC des Portes de la Thiérache,,,0.0,,,0.0,75.0,42.65,21.91,82.0,38.6,0.0,26.16,28.91,44.44,6.45,0.0,44.79,60.86,22.45,54.29,0.5,100.0,21.54,22.6,46.67,100.0,100.0,61.33,0.0,57.25,33.55,0.0,100.0,0.0,89.08,39.89,37.65,0.0,67.97,30.17,26.65,31.67,100.0,0.0,44.2,0.0,100.0,0.0,100.0,4.86,100.0,14.09,0.0,76.92,69.14,11.74,14.24,33.2,86.67,31.22,44.64,0.0,67.55,56.33,22.06,0.0,2.76,68.97,100.0,6.24,44.35,12.0,30.0,39.29
03,200071082,CA Montluçon Communauté,,,38.0,,,0.0,50.0,51.96,30.06,100.0,93.8,0.0,0.0,55.27,15.15,78.48,87.01,46.01,58.86,67.35,60.73,1.0,100.0,32.84,14.88,13.33,0.0,64.46,56.29,37.04,54.63,51.5,0.0,0.0,0.0,0.0,30.69,56.76,53.85,67.32,32.6,31.56,38.91,69.44,100.0,62.2,0.0,18.7,0.0,63.74,5.94,100.0,90.12,64.43,61.54,45.2,28.79,47.02,22.89,48.33,57.07,44.64,57.83,100.0,44.67,64.53,0.0,5.15,64.37,50.0,23.51,56.2,0.0,48.21,30.55
03,200071140,CA Moulins Communauté,,,24.0,,,0.0,50.0,54.41,39.61,100.0,82.45,39.62,38.37,46.18,37.75,53.22,43.3,47.55,61.43,57.14,60.56,1.2,90.8,31.88,13.13,66.67,0.0,57.03,32.46,91.11,54.95,51.5,14.81,0.0,88.64,46.32,29.56,61.76,62.18,71.24,92.76,31.56,45.18,53.06,100.0,63.94,0.0,33.7,0.0,97.2,4.36,100.0,81.5,64.14,61.54,49.0,44.7,41.72,31.06,53.33,72.16,48.21,85.24,100.0,35.48,54.61,22.03,5.37,65.52,0.0,34.66,69.24,0.0,48.21,47.81
03,200071363,CA Vichy Communauté,,,35.0,,,17.4,50.0,47.43,39.33,84.67,56.6,0.0,15.12,48.0,22.85,76.92,78.35,46.63,59.14,57.14,54.95,1.5,58.14,37.56,30.0,20.0,7.14,54.47,44.12,52.59,57.58,51.5,63.49,100.0,0.0,27.99,39.73,53.68,47.76,63.4,23.1,31.56,40.68,15.83,0.0,66.45,0.0,24.0,0.29,69.96,3.47,63.29,86.85,79.86,46.15,47.86,36.74,44.04,27.31,48.0,73.27,42.86,56.43,100.0,36.0,58.2,16.67,6.51,64.37,50.0,21.65,40.0,0.0,48.21,44.26
03,200071389,CC Saint-Pourçain Sioule Limagne,,,50.0,,,0.0,75.0,53.24,37.92,66.0,23.45,0.0,29.65,30.18,44.57,24.38,8.3,39.88,39.71,28.57,54.95,1.0,30.52,26.65,13.76,33.33,66.07,35.66,30.43,38.52,45.95,51.5,12.43,0.0,12.38,44.24,38.22,34.71,30.77,70.59,17.89,31.56,41.31,16.11,100.0,67.59,10.53,54.9,0.0,98.49,3.39,100.0,65.26,8.0,53.85,61.16,48.48,46.03,44.71,56.33,80.81,50.0,49.4,74.96,43.43,16.35,100.0,11.72,70.11,0.0,25.9,39.67,0.0,48.21,51.58
03,200071470,CC Entr'Allier Besbre et Loire,,,30.0,,,0.0,75.0,50.84,30.62,74.0,37.8,0.0,12.79,34.91,49.37,0.0,0.0,37.12,49.14,53.06,58.66,0.7,28.55,22.55,13.98,0.0,0.0,52.61,37.55,18.89,37.59,51.5,0.0,0.0,14.96,64.11,37.47,33.68,17.63,62.75,24.55,31.56,37.39,35.28,50.0,69.58,0.0,58.7,0.0,96.97,3.96,100.0,83.15,51.57,53.85,63.63,37.88,51.99,40.29,47.33,81.66,51.79,43.57,60.79,38.33,21.51,0.0,5.74,71.26,50.0,19.79,63.04,0.0,48.21,47.29
03,200071496,CC du Bocage Bourbonnais,,,46.0,,,100.0,75.0,55.51,29.78,47.33,33.6,0.0,16.28,31.09,61.62,0.0,0.0,37.73,51.14,0.0,62.38,0.8,65.1,22.22,1.59,20.0,51.79,68.64,19.69,11.85,19.08,51.5,0.0,100.0,0.0,59.47,40.73,46.62,75.0,61.44,51.24,31.56,39.84,68.33,50.0,71.66,24.56,65.7,3.32,98.2,10.29,100.0,89.03,54.0,46.15,60.02,30.68,50.66,49.67,39.67,100.0,46.43,47.19,62.11,0.0,28.54,0.0,2.69,68.97,100.0,27.22,68.37,0.0,48.21,45.71
03,200071512,CC Commentry Montmarault Néris Communauté,,,57.0,,,100.0,50.0,53.31,31.18,72.67,65.25,2.31,5.23,37.45,33.96,38.59,0.0,38.96,41.43,22.45,60.73,0.7,46.03,25.28,8.87,0.0,78.57,40.07,57.44,26.67,23.83,51.5,0.0,0.0,0.0,60.02,28.05,32.21,0.0,61.44,31.56,31.56,38.65,100.0,100.0,62.0,0.0,52.7,0.0,96.78,5.02,100.0,88.5,53.43,61.54,60.02,42.42,38.74,40.83,37.0,60.59,50.0,50.1,73.97,22.38,33.72,55.79,2.53,68.97,0.0,24.3,66.74,0.0,48.21,49.29
03,240300491,CC du Pays de Lapalisse,,,37.0,,,0.0,75.0,47.06,33.43,74.67,17.15,0.0,23.26,38.36,52.4,0.0,0.0,35.28,44.29,28.57,54.95,0.7,9.85,22.72,8.17,0.0,0.0,21.49,25.61,50.37,29.73,51.5,12.17,100.0,0.0,46.81,38.81,27.21,0.0,62.75,0.0,31.56,36.35,32.22,0.0,40.22,45.61,60.2,20.71,93.71,3.76,100.0,92.21,73.0,69.23,65.15,36.36,53.64,31.73,2.67,76.23,50.0,56.33,73.15,55.76,32.84,100.0,5.65,66.67,100.0,21.65,67.39,0.0,48.21,50.9
03,240300558,CC du Pays de Tronçais,,,50.0,,,66.9,75.0,57.84,22.47,0.0,28.9,0.0,16.28,18.91,63.38,0.0,0.0,29.75,50.57,0.0,61.55,0.6,29.9,21.1,5.51,0.0,0.0,60.51,12.46,0.0,57.08,51.5,46.83,50.0,0.0,69.66,45.81,47.94,85.9,50.33,11.52,31.56,30.12,100.0,0.0,58.16,0.0,100.0,0.0,97.08,5.98,100.0,86.79,68.86,61.54,50.71,26.89,33.11,48.33,20.67,100.0,44.64,100.0,74.3,0.0,34.38,0.0,0.53,73.56,100.0,19.79,71.52,0.0,48.21,47.45
03,240300566,CC du Val de Cher,,,51.0,,,0.0,75.0,61.76,43.26,91.33,33.1,0.0,29.65,37.45,51.14,42.97,0.0,40.49,30.57,42.86,60.73,0.7,45.78,25.01,42.46,0.0,26.79,51.68,37.39,21.48,30.71,51.5,11.38,100.0,0.0,50.29,36.29,66.18,35.58,71.24,100.0,31.56,43.53,68.33,0.0,83.02,100.0,100.0,0.0,96.55,4.32,100.0,86.09,41.86,69.23,68.95,56.82,50.33,36.81,0.0,67.9,55.36,69.88,13.84,21.1,56.85,0.0,1.68,66.67,100.0,34.13,49.02,0.0,48.21,55.77
03,240300657,CC du Pays d'Huriel,,,35.0,,,100.0,75.0,50.49,39.89,68.67,20.15,0.0,0.0,31.82,55.18,0.0,0.0,41.72,26.0,0.0,60.73,0.7,45.46,22.78,0.0,0.0,0.0,30.08,27.64,0.0,0.0,51.5,0.0,100.0,0.0,70.68,26.04,47.65,81.41,66.67,20.15,31.56,43.57,4.44,0.0,68.69,0.0,89.0,0.0,97.45,3.69,100.0,82.41,37.0,84.62,70.09,40.53,54.3,41.37,0.0,73.11,50.0,47.49,0.0,17.67,43.65,0.0,1.43,68.97,100.0,25.63,76.52,0.0,48.21,56.16
04,200034700,CA Durance-Lubéron-Verdon Agglomération,,,28.0,,,0.0,25.0,67.35,55.9,25.33,53.15,100.0,45.35,46.91,64.39,79.53,62.54,46.01,49.14,61.22,36.8,1.9,82.04,37.6,14.52,80.0,0.0,35.89,71.41,74.07,57.58,23.93,95.5,100.0,100.0,22.91,56.49,56.18,53.85,72.55,22.06,24.55,37.2,19.17,100.0,60.15,75.44,13.0,0.0,35.13,18.09,52.25,38.62,100.0,30.77,60.21,39.39,44.7,28.38,37.67,68.65,41.07,25.8,89.13,46.67,41.04,44.35,49.45,66.67,50.0,32.01,81.52,8.0,61.07,40.68
04,200067437,CA Provence-Alpes-Agglomération,,,16.0,,,0.0,25.0,65.44,48.88,6.0,64.55,100.0,49.42,46.73,53.16,54.06,43.53,43.87,52.57,71.43,40.84,1.2,71.83,32.92,24.7,0.0,0.0,47.74,87.51,58.15,32.02,23.93,100.0,50.0,100.0,74.84,54.65,68.09,69.23,68.63,62.02,24.55,35.76,63.61,100.0,49.44,0.0,26.2,26.42,49.45,43.1,0.0,62.18,100.0,30.77,51.85,38.26,45.03,41.5,27.0,100.0,46.43,88.55,97.69,8.71,41.69,28.95,13.1,65.52,0.0,31.47,85.0,0.0,61.07,46.61
04,200068625,"CC Alpes-Provence-Verdon ""Sources de lumière""",,,22.0,,,0.0,25.0,74.12,32.02,0.0,25.25,0.0,65.7,51.64,74.87,0.0,0.0,34.36,84.29,73.47,43.07,1.0,100.0,29.59,20.55,73.33,0.0,100.0,36.02,32.22,26.45,23.93,100.0,100.0,100.0,92.23,100.0,70.88,44.23,59.48,27.27,24.55,30.29,100.0,100.0,48.87,100.0,54.1,0.0,79.72,15.35,0.0,99.06,100.0,46.15,47.67,18.56,48.34,58.77,0.0,100.0,42.86,67.67,83.69,0.0,0.0,0.0,4.18,71.26,100.0,11.82,92.17,0.0,61.07,28.97
04,200068765,CC du Sisteronais-Buëch,,,30.0,,,0.0,25.0,59.12,39.61,0.0,39.7,3.85,44.77,44.55,53.28,11.88,0.0,40.18,61.14,48.98,43.84,1.5,100.0,28.93,34.55,0.0,0.0,39.61,47.52,4.07,15.97,23.93,100.0,50.0,100.0,87.69,72.86,50.74,36.86,64.71,42.15,24.55,29.6,75.56,50.0,51.71,0.0,47.0,0.0,96.01,37.65,3.08,2.35,100.0,30.77,53.56,30.68,40.73,47.66,5.33,100.0,44.64,35.84,100.0,10.24,24.95,100.0,9.95,71.26,50.0,18.46,88.59,0.0,61.07,33.32
04,200071025,CC Haute-Provence - Pays de Banon,,,45.0,,,0.0,25.0,61.03,50.0,0.0,9.9,0.0,58.14,42.55,61.87,15.25,0.0,45.71,57.14,85.71,40.81,1.4,100.0,30.97,1.11,0.0,0.0,12.89,52.12,34.07,0.0,23.93,100.0,100.0,100.0,82.27,52.45,39.56,21.79,62.09,60.22,24.55,34.14,0.0,50.0,46.68,100.0,61.8,0.0,88.39,34.66,44.72,81.47,100.0,38.46,62.3,34.09,46.69,51.81,0.0,100.0,37.5,39.16,39.04,24.71,36.15,0.0,2.78,66.67,50.0,10.76,78.91,0.0,61.07,36.13
04,200071033,CC Jabron-Lure-Vançon-Durance,,,31.0,,,0.0,50.0,60.78,61.8,24.67,30.8,100.0,48.26,48.91,57.07,0.0,23.93,51.84,27.43,16.33,42.74,1.4,100.0,31.03,0.0,13.33,0.0,9.64,77.76,48.15,36.45,23.93,100.0,100.0,47.7,83.63,44.05,60.29,86.22,69.28,87.78,24.55,44.89,,0.0,40.01,43.86,54.4,52.15,76.8,61.5,0.0,50.29,100.0,30.77,75.59,46.59,41.72,48.33,18.67,90.89,46.43,82.53,29.16,34.0,58.33,0.0,10.26,67.82,100.0,20.32,80.43,0.0,61.07,41.61
04,200072304,CC Vallée de l'Ubaye - Serre-Ponçon,,,4.0,,,0.0,25.0,59.56,44.94,0.0,28.4,0.0,75.0,30.55,69.19,21.49,0.0,42.33,78.86,8.16,44.88,0.8,100.0,30.64,40.43,86.67,0.0,100.0,61.27,100.0,52.01,23.93,100.0,100.0,100.0,92.82,100.0,75.15,59.62,71.9,66.24,24.55,42.71,3.06,0.0,29.09,0.0,33.3,0.0,69.54,39.95,0.0,99.38,100.0,46.15,54.89,35.98,63.91,49.67,17.67,100.0,44.64,81.93,99.01,43.95,0.0,0.0,0.38,67.82,100.0,43.69,94.13,0.0,61.07,0.0
04,240400440,CC Pays Forcalquier et Montagne de Lure,,,41.0,,,50.38,25.0,66.91,38.48,0.0,32.55,100.0,42.44,51.45,67.05,38.19,0.0,45.4,59.71,0.0,36.8,1.3,100.0,31.55,2.85,60.0,76.79,36.35,86.96,68.15,31.37,23.93,100.0,100.0,100.0,77.41,61.57,64.12,50.32,59.48,79.62,24.55,25.69,0.0,100.0,59.69,100.0,48.2,9.2,65.39,41.57,29.02,79.91,100.0,46.15,53.94,24.24,28.15,53.28,10.67,100.0,39.29,95.88,85.83,47.24,27.47,0.0,5.02,66.67,100.0,12.88,80.87,0.0,61.07,30.77
05,200067320,CC Serre-Ponçon Val d'Avance,,,22.0,,,85.61,50.0,59.8,56.18,21.33,25.5,0.0,59.3,53.09,60.73,26.45,0.0,49.69,36.86,38.78,40.1,1.3,100.0,31.39,0.98,66.67,0.0,25.67,49.49,28.15,6.63,39.1,100.0,100.0,100.0,74.58,48.94,47.65,79.17,75.16,9.9,25.59,48.38,100.0,0.0,47.06,0.0,84.1,13.91,90.53,35.27,36.03,41.26,100.0,46.15,75.21,53.41,60.6,40.16,0.0,77.56,51.79,69.78,7.91,15.48,53.78,0.0,2.62,67.82,100.0,31.21,95.11,58.0,33.57,44.68
05,200067445,CC Buëch-Dévoluy,,,38.0,,,0.0,50.0,58.82,41.85,0.0,41.35,0.0,71.51,32.73,60.1,19.31,0.0,46.01,51.14,0.0,40.1,1.2,100.0,29.61,65.21,86.67,0.0,87.69,41.99,100.0,57.41,39.1,100.0,100.0,100.0,90.02,88.1,61.32,27.56,64.71,34.8,25.59,38.02,100.0,0.0,43.47,0.0,38.4,18.84,91.82,51.96,0.0,86.5,100.0,46.15,62.87,38.64,48.34,54.75,43.0,100.0,48.21,75.8,62.27,42.62,17.97,0.0,2.03,67.82,100.0,36.25,95.33,0.0,33.57,22.77
05,200067452,CC du Guillestrois et du Queyras,,,18.0,,,0.0,25.0,57.35,51.69,0.0,24.65,100.0,81.98,56.36,64.52,22.57,0.0,46.01,73.14,100.0,49.01,1.1,100.0,29.31,100.0,100.0,0.0,100.0,76.01,94.07,15.81,39.1,100.0,100.0,100.0,93.25,100.0,77.94,23.08,77.78,12.04,25.59,47.05,100.0,0.0,24.48,0.0,43.0,0.0,78.28,49.68,0.0,98.32,100.0,46.15,58.69,43.18,69.21,59.3,61.0,100.0,48.21,65.06,100.0,0.0,21.87,100.0,6.34,66.67,100.0,51.93,93.8,0.0,33.57,0.0
05,200067742,CC Serre-Ponçon,,,20.0,,,0.0,25.0,63.24,55.9,0.0,59.7,0.0,76.16,54.0,71.21,36.49,26.61,46.32,66.86,100.0,40.1,1.5,100.0,34.46,15.29,100.0,0.0,48.9,48.78,80.37,54.79,39.1,100.0,100.0,100.0,78.7,100.0,72.94,61.54,66.67,36.31,25.59,44.35,32.22,100.0,51.57,73.68,24.0,0.0,56.64,18.95,0.0,97.94,100.0,46.15,55.27,47.73,53.31,49.4,57.33,100.0,46.43,82.43,79.57,46.76,70.89,0.0,14.82,67.82,100.0,60.42,95.33,0.0,33.57,14.77
05,200067825,CA Gap-Tallard-Durance,,,31.0,,,42.76,50.0,60.29,62.08,100.0,75.75,48.85,51.74,57.82,39.52,76.88,75.98,51.23,81.14,59.18,40.1,1.8,29.01,39.39,47.62,100.0,33.93,35.42,69.32,73.33,68.71,39.1,100.0,100.0,100.0,18.35,56.19,69.41,69.55,74.51,61.38,25.59,46.83,70.56,100.0,27.49,15.79,17.8,0.0,24.5,26.39,49.57,8.85,100.0,46.15,50.14,46.21,52.32,20.75,27.0,88.0,46.43,54.02,100.0,31.38,58.65,0.0,10.41,,100.0,45.02,92.28,0.0,33.57,38.9
05,200068096,CC Champsaur-Valgaudemar,,,24.0,,,0.0,50.0,58.09,43.26,0.0,15.15,24.23,69.19,57.64,65.78,9.67,0.0,47.85,52.0,12.24,40.1,1.2,100.0,32.85,75.86,100.0,0.0,87.46,62.86,16.3,3.69,39.1,100.0,50.0,100.0,85.91,100.0,71.18,37.5,64.05,51.82,25.59,53.82,87.22,0.0,50.32,100.0,47.1,0.0,88.12,37.62,0.0,98.06,100.0,46.15,64.39,43.94,54.97,54.48,22.67,100.0,48.21,64.86,66.39,0.0,33.54,0.0,4.08,70.11,100.0,44.22,94.24,0.0,33.57,25.55
05,240500439,CC du Briançonnais,,,18.0,,,0.0,25.0,65.44,52.53,0.0,89.95,73.46,72.09,56.36,53.91,73.91,66.96,60.43,92.86,100.0,49.01,1.2,100.0,33.83,44.46,100.0,0.0,89.31,49.11,82.96,72.65,39.1,100.0,100.0,100.0,91.19,100.0,79.41,54.81,83.01,44.18,25.59,49.96,25.28,100.0,53.25,0.0,19.2,61.54,42.11,30.43,0.0,97.79,100.0,46.15,50.71,44.7,66.23,40.7,43.33,100.0,44.64,83.63,100.0,38.48,66.35,0.0,7.12,65.52,100.0,56.71,91.3,20.0,33.57,0.0
05,240500462,CC du Pays des Ecrins,,,23.0,,,0.0,50.0,61.76,49.16,0.0,53.3,0.0,74.42,31.64,49.75,51.67,19.24,51.23,51.71,36.73,49.01,0.9,100.0,28.68,45.76,100.0,44.64,37.28,43.74,100.0,37.26,39.1,100.0,100.0,100.0,93.84,100.0,75.29,30.77,76.47,44.06,25.59,49.79,100.0,50.0,34.55,0.0,52.2,0.0,16.47,55.06,0.0,97.68,100.0,46.15,67.43,42.8,68.54,42.7,13.33,100.0,46.43,60.14,49.26,7.14,49.22,0.0,2.02,71.26,100.0,59.36,93.7,22.0,33.57,6.35
06,200030195,Métropole Nice Côte d'Azur,,,21.0,,,0.0,0.0,82.35,64.33,20.67,63.3,100.0,38.37,53.82,40.4,83.19,86.16,62.27,100.0,100.0,32.07,2.4,81.88,49.23,15.18,73.33,0.0,57.26,100.0,51.11,100.0,51.71,100.0,0.0,100.0,63.86,69.87,61.47,64.74,79.74,26.52,18.04,47.31,0.0,100.0,71.37,49.12,2.8,0.0,0.22,7.61,0.0,59.53,100.0,38.46,51.47,31.06,51.32,12.99,2.67,48.33,30.36,40.26,94.73,19.52,15.08,0.0,65.15,,0.0,21.65,3.04,16.0,56.43,51.65
06,200039857,CA du Pays de Grasse,,,23.0,,,0.0,0.0,83.09,65.73,40.0,56.45,100.0,54.65,53.27,55.68,84.49,79.73,57.36,48.86,69.39,45.3,2.5,100.0,47.95,9.75,66.67,0.0,37.28,81.1,55.56,73.63,51.71,100.0,0.0,100.0,49.51,59.68,50.59,41.03,79.08,21.95,18.04,51.11,45.83,100.0,70.88,0.0,5.0,0.0,2.51,53.37,0.0,73.41,100.0,46.15,70.85,53.03,43.38,21.42,29.67,48.07,39.29,55.22,63.59,0.0,14.4,0.0,100.0,60.92,0.0,30.94,28.48,40.0,56.43,61.58
06,200039915,CA Cannes Pays de Lérins,,,10.0,,,100.0,0.0,83.82,58.43,0.0,66.4,100.0,76.74,56.18,40.15,94.06,97.23,61.04,98.0,100.0,49.34,3.0,99.5,53.62,18.43,100.0,78.57,67.71,95.84,47.41,100.0,51.71,68.52,0.0,45.73,18.06,91.2,62.06,55.77,70.59,4.69,18.04,41.77,0.0,100.0,72.4,100.0,0.4,0.0,0.12,89.24,0.0,0.0,100.0,53.85,46.53,33.71,41.72,13.52,27.0,31.97,30.36,32.53,100.0,94.29,84.38,0.0,77.46,62.07,100.0,21.12,0.0,0.0,56.43,53.13
06,200039931,CC Alpes d'Azur,,,20.0,,,0.0,0.0,79.41,32.87,0.0,26.05,0.0,62.79,50.18,80.93,0.0,0.0,35.89,74.0,44.9,41.25,1.1,100.0,30.27,100.0,0.0,0.0,36.35,39.85,0.0,50.7,51.71,100.0,100.0,100.0,95.33,97.99,70.0,57.37,68.63,24.15,18.04,30.96,100.0,100.0,53.84,0.0,54.8,0.0,18.47,24.42,0.0,95.47,100.0,53.85,60.78,31.06,41.72,60.91,0.0,100.0,42.86,51.41,45.14,0.0,0.0,0.0,15.94,66.67,100.0,6.77,76.74,0.0,56.43,40.9
06,240600551,CA de la Riviera Française,,,20.0,,,99.47,0.0,89.71,59.55,0.0,50.95,100.0,65.7,49.27,54.92,75.87,51.25,65.03,100.0,100.0,10.07,1.6,100.0,47.89,6.02,33.33,0.0,66.32,51.57,0.0,82.64,51.71,100.0,100.0,100.0,90.08,60.38,76.18,67.31,81.05,14.59,18.04,45.1,1.11,100.0,39.82,100.0,7.2,3.12,0.99,13.99,0.0,97.26,100.0,53.85,55.65,37.5,52.32,25.7,0.0,48.23,33.93,21.39,21.91,0.0,4.69,0.0,100.0,62.07,100.0,17.93,45.11,0.0,56.43,52.42
06,240600585,CA de Sophia Antipolis,,,24.0,,,0.0,0.0,83.33,66.01,0.0,54.2,100.0,65.7,59.45,47.73,84.49,88.53,64.11,78.86,100.0,45.3,3.1,77.9,52.55,15.21,66.67,0.0,47.5,76.72,49.26,100.0,51.71,100.0,0.0,100.0,8.66,67.5,39.56,68.59,77.12,0.0,18.04,53.04,31.67,100.0,47.49,0.0,1.8,0.0,0.32,10.98,0.0,72.79,100.0,53.85,57.17,50.76,58.28,15.8,39.0,41.37,30.36,31.53,100.0,51.57,52.92,15.4,100.0,59.77,0.0,37.05,0.0,0.0,56.43,62.23
06,240600593,CC du Pays des Paillons,,,20.0,,,0.0,0.0,84.31,61.52,42.0,24.25,100.0,45.35,42.18,70.83,41.56,33.44,55.21,51.71,87.76,25.66,1.8,100.0,40.86,2.44,0.0,0.0,20.79,75.08,7.41,33.33,51.71,100.0,0.0,0.0,60.44,46.47,64.71,68.59,73.86,62.71,18.04,48.63,0.0,0.0,67.38,100.0,40.2,0.0,0.52,72.71,0.0,81.59,100.0,46.15,74.83,60.61,53.31,29.32,0.0,58.96,48.21,58.23,6.75,72.29,46.48,0.0,43.26,60.92,50.0,25.63,0.0,10.0,56.43,59.32
07,200016905,CC du Pays de Lamastre,,,72.0,,,87.8,25.0,52.94,34.55,0.0,35.35,0.0,50.58,33.64,66.54,0.0,0.0,38.65,58.29,73.47,54.13,0.5,79.03,23.09,71.76,0.0,0.0,1.51,18.16,0.0,58.72,21.79,100.0,100.0,100.0,80.57,49.17,49.12,65.71,67.32,23.74,40.33,42.68,,0.0,56.75,0.0,55.1,0.0,81.78,15.23,6.38,72.24,100.0,69.23,61.54,21.97,49.67,62.52,87.0,100.0,48.21,65.46,69.52,0.0,0.0,0.0,2.9,74.71,100.0,20.32,50.76,0.0,55.0,44.71
07,200039808,CC des Gorges de l'Ardèche,,,66.0,,,0.0,75.0,58.09,46.35,0.0,25.5,100.0,58.14,51.27,69.95,34.82,0.0,43.25,48.86,16.33,52.81,1.4,77.94,32.61,64.17,26.67,0.0,25.9,66.15,44.81,16.3,21.79,100.0,50.0,55.37,19.57,90.58,66.32,57.37,63.4,86.74,40.33,32.04,19.72,0.0,57.7,100.0,43.2,0.0,28.98,32.2,0.0,0.0,100.0,53.85,61.73,41.29,33.11,43.11,41.67,94.02,46.43,36.04,86.66,17.14,30.99,0.0,17.72,67.82,100.0,25.1,34.24,0.0,55.0,28.19
07,200039824,CC Ardèche des Sources et Volcans,,,66.0,,,0.0,50.0,60.29,35.11,0.0,22.75,100.0,52.33,40.73,62.12,27.97,0.0,38.65,58.86,100.0,52.81,0.7,100.0,28.63,1.13,13.33,0.0,61.9,52.83,37.41,0.0,21.79,100.0,100.0,100.0,78.55,56.56,68.97,72.76,58.17,100.0,40.33,34.95,100.0,0.0,70.41,0.0,37.9,98.56,15.58,35.44,0.0,97.38,100.0,53.85,61.35,27.27,39.74,47.12,51.0,100.0,48.21,88.55,40.2,21.71,51.82,0.0,6.27,68.97,100.0,17.66,48.48,0.0,55.0,28.52
07,200039832,CC Pays des Vans en Cévennes,,,66.0,,,0.0,0.0,59.93,37.64,0.0,20.7,0.0,55.23,53.82,67.55,0.0,0.0,42.64,51.14,34.69,52.81,1.2,69.91,27.91,26.01,53.33,0.0,39.84,41.55,68.89,11.71,21.79,100.0,100.0,100.0,59.72,75.55,66.47,71.15,52.29,25.07,40.33,25.37,0.0,0.0,52.21,100.0,52.9,0.0,34.78,20.29,0.0,0.0,87.43,61.54,54.51,12.5,33.44,46.72,39.67,100.0,33.93,70.58,80.23,49.19,0.0,0.0,3.74,68.97,100.0,9.96,49.89,0.0,55.0,30.87
07,200041366,CC Rhône Crussol,,,72.0,,,0.0,75.0,59.31,69.66,100.0,32.2,100.0,63.95,60.36,33.71,77.57,69.46,57.36,47.43,100.0,59.9,1.6,100.0,39.51,55.65,46.67,0.0,26.6,56.45,63.7,72.81,21.79,96.03,100.0,9.86,20.52,36.81,51.91,52.56,73.2,6.54,40.33,68.96,0.0,0.0,74.92,0.0,19.7,0.0,34.96,18.13,0.0,0.0,100.0,53.85,69.71,68.56,65.56,22.62,90.67,38.37,50.0,45.98,41.68,44.33,68.96,40.54,20.13,62.07,100.0,50.07,20.87,16.0,55.0,59.06
07,200041465,CC Val Eyrieux,,,75.0,,,0.0,50.0,50.37,34.83,0.0,39.85,0.0,29.07,44.36,55.05,0.0,0.0,35.58,55.43,73.47,53.47,0.6,58.76,30.14,93.7,73.33,0.0,42.16,23.75,0.0,33.82,21.79,100.0,100.0,100.0,86.2,58.86,33.68,73.72,58.82,44.76,40.33,46.23,79.72,50.0,71.06,0.0,50.1,56.3,74.46,32.51,0.0,97.97,100.0,61.54,56.03,41.67,47.68,39.76,38.33,100.0,50.0,48.39,100.0,22.19,0.0,0.0,1.08,71.26,100.0,19.26,58.8,0.0,55.0,51.71
07,200071405,CC Ardèche Rhône Coiron,,,71.0,,,53.09,25.0,55.88,50.28,90.0,56.55,6.92,37.79,50.91,53.03,62.93,47.19,41.1,34.29,59.18,47.94,1.8,61.42,30.88,32.52,0.0,0.0,27.06,53.22,38.15,40.38,21.79,100.0,0.0,0.0,49.46,30.04,25.44,75.96,78.43,40.47,40.33,39.61,38.89,0.0,67.49,0.0,37.6,0.0,46.79,23.48,0.0,0.0,100.0,46.15,69.52,40.15,45.03,34.54,2.33,58.18,46.43,31.33,63.76,42.24,59.9,100.0,51.38,63.22,100.0,34.93,11.85,78.0,55.0,51.77
07,200071413,CA Privas Centre Ardèche,,,75.0,,,0.0,50.0,54.41,44.94,56.0,65.65,81.92,40.12,45.45,46.46,53.15,37.46,42.64,50.86,100.0,56.35,1.2,100.0,31.91,36.81,0.0,0.0,40.3,41.88,51.85,28.91,21.79,100.0,0.0,100.0,71.6,40.91,60.44,57.05,71.9,83.5,40.33,45.49,67.22,100.0,59.41,0.0,34.8,0.0,47.63,24.23,2.23,82.71,100.0,30.77,58.88,42.42,45.7,37.08,52.67,83.74,48.21,56.22,100.0,32.19,49.77,0.0,34.0,65.52,50.0,37.32,26.96,8.0,55.0,48.58
07,200072007,CC Montagne d'Ardèche,,,67.0,,,0.0,25.0,52.94,37.08,0.0,16.1,0.0,67.44,41.27,57.7,0.0,0.0,36.2,88.0,69.39,59.65,0.4,23.06,27.1,0.0,0.0,0.0,14.98,33.83,15.56,0.0,21.79,100.0,100.0,100.0,91.88,100.0,43.68,50.0,61.44,50.09,40.33,43.14,100.0,0.0,54.18,0.0,62.2,0.0,87.91,25.32,15.12,99.38,100.0,61.54,58.5,13.26,54.97,71.49,0.0,100.0,48.21,64.46,70.84,0.0,0.0,0.0,0.54,73.56,100.0,5.18,71.52,0.0,55.0,35.65
07,200072015,CA Annonay Rhône Agglo,,,63.0,,,55.98,50.0,54.12,55.62,100.0,78.0,100.0,38.95,56.18,36.36,71.96,75.31,52.45,37.14,73.47,57.43,1.2,100.0,32.24,21.52,6.67,0.0,35.89,45.82,70.0,33.99,21.79,88.89,50.0,0.0,0.0,26.63,41.47,21.47,74.51,54.14,40.33,51.62,0.0,100.0,68.08,0.0,29.2,0.0,43.51,14.48,16.27,15.71,100.0,46.15,65.91,51.89,54.64,23.16,58.0,54.86,50.0,35.64,91.27,61.1,73.96,100.0,19.7,64.37,100.0,31.47,31.41,38.0,55.0,46.81
07,200073096,CA Arche Agglo,,,68.0,,,15.23,75.0,55.64,60.67,94.0,35.35,100.0,55.23,56.55,42.93,58.33,55.98,51.23,47.43,77.55,59.02,1.5,78.05,33.52,31.21,26.67,0.0,17.77,42.76,51.11,34.48,21.79,58.47,0.0,0.0,27.3,34.29,31.32,17.31,77.78,44.47,40.33,58.23,8.89,100.0,65.31,0.0,31.7,0.0,55.91,20.5,52.31,0.0,86.71,46.15,68.95,57.2,60.26,30.25,69.0,51.06,50.0,48.8,68.86,52.48,53.52,100.0,34.24,63.22,0.0,40.24,0.0,60.0,55.0,51.52
07,200073245,CC du Bassin d'Aubenas,,,70.0,,,48.61,50.0,55.88,48.88,51.33,43.8,0.0,37.21,52.0,57.07,63.22,72.46,47.85,39.71,95.92,52.81,1.4,100.0,34.03,13.94,0.0,0.0,34.96,81.21,55.56,71.66,21.79,100.0,50.0,100.0,6.08,55.0,63.53,61.22,67.32,59.24,40.33,40.9,28.06,100.0,68.88,0.0,26.4,3.54,13.33,39.62,0.0,5.76,100.0,46.15,55.08,34.47,38.08,25.44,42.67,71.45,44.64,63.05,100.0,54.57,69.95,34.6,11.5,66.67,100.0,31.47,6.52,0.0,55.0,42.48
07,240700302,CC du Pays Beaume-Drobie,,,66.0,,,0.0,25.0,52.94,36.52,0.0,20.65,100.0,69.77,50.18,69.32,0.0,0.0,43.25,56.86,100.0,52.81,1.6,39.38,31.21,0.95,46.67,0.0,42.62,40.02,52.96,14.0,21.79,100.0,100.0,100.0,59.0,69.69,63.09,65.71,56.86,87.55,40.33,29.77,57.5,0.0,69.77,0.0,48.0,18.32,16.22,35.48,0.0,0.0,100.0,61.54,60.97,12.12,25.5,50.33,32.67,100.0,39.29,86.35,89.62,29.1,6.54,100.0,9.0,66.67,100.0,16.07,36.85,0.0,55.0,28.9
07,240700617,CC Val de Ligne,,,66.0,,,61.2,50.0,55.39,36.52,0.0,37.55,100.0,41.28,44.91,61.62,14.17,0.0,38.34,42.86,100.0,52.81,1.2,68.89,27.89,10.76,0.0,0.0,81.88,29.83,42.96,3.69,21.79,100.0,100.0,100.0,41.66,45.21,79.41,79.17,63.4,100.0,40.33,26.68,12.5,0.0,69.97,0.0,39.1,0.0,11.66,31.52,0.0,0.0,100.0,61.54,57.36,29.55,11.26,44.98,11.67,100.0,46.43,100.0,66.06,34.62,47.21,0.0,3.93,64.37,100.0,18.73,0.0,0.0,55.0,32.16
07,240700716,CC du Val d'Ay,,,69.0,,,100.0,75.0,53.68,51.69,5.33,23.95,0.0,42.44,49.64,55.43,2.25,0.0,52.76,27.43,0.0,57.43,0.8,100.0,25.92,3.54,0.0,0.0,45.64,40.35,30.0,0.0,21.79,100.0,100.0,0.0,60.54,32.79,66.47,85.9,67.97,59.99,40.33,58.27,13.89,0.0,63.03,0.0,60.9,0.0,81.07,23.73,0.0,90.24,100.0,61.54,75.02,59.09,65.23,35.61,63.0,98.86,55.36,36.85,0.0,16.67,54.43,0.0,16.78,66.67,100.0,27.22,65.76,8.0,55.0,53.26
07,240700815,CC Berg et Coiron,,,71.0,,,0.0,50.0,58.46,52.53,18.0,36.1,79.62,44.77,42.55,63.13,28.33,19.11,44.48,44.29,79.59,52.81,1.7,45.25,29.88,8.52,0.0,0.0,0.0,33.22,58.52,9.09,21.79,100.0,100.0,0.0,73.77,41.03,63.09,86.86,75.16,42.68,40.33,41.12,1.39,0.0,64.23,0.0,58.1,32.12,76.49,30.65,76.54,58.0,100.0,53.85,69.33,42.05,48.68,44.58,0.0,83.22,46.43,64.66,37.56,53.48,52.14,0.0,12.38,68.97,100.0,21.12,39.57,28.0,55.0,41.68
07,240700864,CC du Rhône aux Gorges de l'Ardèche,,,66.0,,,0.0,25.0,58.33,51.12,66.67,42.25,100.0,33.72,45.64,54.67,58.26,65.18,47.55,35.14,42.86,48.27,1.5,46.43,28.84,25.95,0.0,0.0,39.37,56.07,51.11,24.16,21.79,100.0,100.0,8.96,59.84,33.13,62.21,75.0,71.24,92.13,40.33,41.13,53.61,0.0,39.57,100.0,33.7,0.0,19.66,28.53,0.0,0.0,47.43,53.85,68.19,35.98,47.35,37.22,50.0,68.26,44.64,13.05,26.03,56.1,40.68,100.0,18.96,68.97,100.0,38.65,41.74,22.0,55.0,49.06
08,200041622,CC Ardennes Thiérache,,,32.0,,,0.0,75.0,50.0,32.58,70.67,15.05,0.0,33.14,43.09,42.42,3.15,0.0,48.16,43.43,85.71,62.54,0.6,38.16,22.54,12.76,40.0,35.71,89.31,63.9,12.22,22.36,29.06,35.71,100.0,100.0,74.18,41.14,49.12,53.53,76.47,100.0,25.79,35.39,100.0,0.0,35.78,29.82,74.0,0.0,97.08,7.44,100.0,77.09,31.29,76.92,70.47,25.76,38.41,50.74,5.33,71.48,46.43,22.69,30.64,0.0,37.37,0.0,2.87,67.82,100.0,0.93,55.43,48.0,27.5,51.13
08,200041630,CA Ardenne Métropole,,,34.0,,,47.46,50.0,54.41,40.73,100.0,100.0,94.23,35.47,55.27,13.38,88.26,93.53,50.92,57.14,79.59,61.39,1.5,73.61,34.84,31.05,53.33,100.0,57.26,67.35,71.85,59.21,29.06,82.54,0.0,100.0,13.84,27.58,55.44,35.9,76.47,34.34,25.79,36.47,33.61,100.0,65.35,0.0,21.9,0.0,50.35,6.63,36.73,79.76,46.57,53.85,56.98,16.29,29.14,19.68,35.67,41.89,41.07,27.81,100.0,64.48,80.03,0.0,14.03,64.37,0.0,17.13,0.0,38.0,27.5,41.94
08,200043156,CC du Pays Rethélois,,,44.0,,,0.0,75.0,47.55,44.38,100.0,72.45,0.0,50.58,46.18,36.36,53.59,14.6,50.92,42.29,34.69,52.64,1.1,11.1,28.44,21.34,66.67,85.71,44.02,32.07,8.89,59.38,29.06,0.0,0.0,0.0,73.69,36.67,49.12,40.71,77.12,18.01,25.79,49.9,31.39,0.0,48.48,28.07,59.5,0.0,100.0,3.95,100.0,15.35,0.0,61.54,73.5,47.35,36.09,39.76,79.33,44.13,50.0,31.33,48.6,35.14,63.26,94.07,16.53,64.37,50.0,18.99,63.15,74.0,27.5,55.32
08,200067759,CC Vallées et Plateau d'Ardenne,,,34.0,,,88.11,75.0,50.0,30.34,100.0,59.85,51.92,31.4,47.09,28.66,63.15,5.27,46.63,36.29,42.86,62.54,1.1,42.87,30.18,26.71,0.0,58.93,53.77,43.3,65.19,28.91,29.06,100.0,100.0,100.0,18.36,29.04,31.32,0.0,79.74,33.18,25.79,32.66,70.83,0.0,53.56,0.0,52.5,11.5,85.55,9.38,0.0,88.38,62.57,53.85,70.85,34.85,29.14,37.62,32.67,40.33,48.21,21.39,40.53,7.67,49.51,0.0,9.47,66.67,50.0,10.49,42.39,48.0,27.5,51.26
08,240800821,"CC Ardenne, Rives de Meuse",,,34.0,,,0.0,75.0,46.08,30.62,99.33,76.55,0.0,15.12,44.36,19.44,83.26,40.49,45.09,50.86,16.33,62.54,1.3,11.86,28.68,43.19,0.0,85.71,56.79,35.09,66.3,22.69,29.06,100.0,50.0,100.0,58.61,30.42,38.68,42.31,77.12,45.57,25.79,26.96,85.28,100.0,52.66,0.0,24.8,0.0,25.98,,0.0,82.18,70.57,38.46,62.87,19.32,22.19,34.54,16.0,38.15,44.64,0.0,87.31,45.38,0.0,0.0,9.37,67.82,50.0,10.76,22.83,30.0,27.5,44.45
08,240800847,CC des Portes du Luxembourg,,,34.0,,,0.0,75.0,41.67,33.71,100.0,55.0,86.15,30.81,39.09,28.03,35.22,0.0,45.09,45.14,61.22,60.23,0.6,22.82,23.08,25.41,13.33,0.0,62.14,39.25,40.74,8.93,29.06,33.6,50.0,47.55,75.62,26.94,27.65,19.23,77.12,11.06,25.79,34.99,100.0,0.0,46.79,66.67,76.5,0.0,96.37,4.27,100.0,73.0,18.71,69.23,68.76,28.79,35.1,37.88,25.33,40.16,46.43,0.9,38.55,0.67,40.62,0.0,8.92,66.67,100.0,9.43,40.43,50.0,27.5,46.13
08,240800862,CC des Crêtes Préardennaises,,,38.0,,,0.0,75.0,45.29,38.76,82.67,12.05,0.0,36.63,38.91,46.72,0.0,0.0,49.69,39.43,30.61,58.47,0.9,26.94,24.67,21.46,0.0,0.0,31.01,26.1,15.93,29.07,29.06,24.87,100.0,0.0,78.71,33.54,40.88,51.92,76.47,49.68,25.79,51.76,43.61,0.0,32.0,3.51,77.8,0.0,99.72,8.12,100.0,62.94,4.43,69.23,74.26,46.59,47.02,49.26,25.0,71.06,50.0,3.92,11.86,15.0,47.97,100.0,4.61,65.52,100.0,10.49,47.83,62.0,27.5,53.29
08,240800920,CC de l'Argonne Ardennaise,,,45.0,,,0.0,75.0,42.89,27.53,70.67,44.05,0.0,18.6,33.09,38.64,0.0,0.0,40.18,58.29,0.0,56.44,0.6,16.85,22.45,23.5,46.67,0.0,65.39,26.1,28.52,17.12,29.06,28.84,0.0,0.0,87.23,46.19,40.44,51.28,66.67,41.86,25.79,39.75,17.22,0.0,32.6,0.0,79.1,0.0,97.51,4.1,100.0,48.06,0.0,69.23,62.68,32.58,32.12,53.68,59.0,78.7,46.43,2.21,81.38,15.14,3.2,85.73,8.37,70.11,50.0,10.23,67.61,0.0,27.5,49.0
09,200044469,CC du Pays de Mirepoix,,,13.0,,,0.0,75.0,47.55,40.45,39.33,9.3,100.0,36.63,51.45,59.22,13.95,3.12,47.85,46.29,10.2,50.99,1.2,44.62,26.17,83.01,0.0,0.0,32.4,39.74,0.0,0.0,15.6,76.46,100.0,0.0,72.97,49.92,64.71,66.67,64.05,60.1,23.92,32.98,0.0,0.0,37.34,100.0,72.2,25.04,97.61,39.31,90.19,79.06,100.0,38.46,62.11,29.17,30.13,50.6,0.0,100.0,46.43,44.18,44.81,26.57,55.26,0.0,11.61,68.97,100.0,35.99,34.89,0.0,28.21,36.68
09,200066223,CC Arize Lèze,,,13.0,,,0.0,50.0,52.21,43.54,40.67,4.45,0.0,47.09,39.27,66.92,16.41,0.0,41.41,56.57,40.82,52.97,1.3,7.53,23.31,0.0,86.67,0.0,71.66,49.33,31.85,33.82,15.6,32.54,100.0,100.0,76.43,63.84,53.09,42.31,69.28,100.0,23.92,35.11,100.0,0.0,65.37,0.0,67.2,0.0,99.42,34.95,100.0,76.32,87.86,38.46,60.4,17.05,42.38,53.68,0.0,100.0,42.86,70.98,50.74,0.0,23.52,0.0,4.79,71.26,100.0,33.86,15.22,0.0,28.21,43.55
09,200066231,CC des Portes d'Ariège Pyrénées,,,10.0,,,0.0,25.0,56.25,48.6,100.0,39.45,0.0,45.93,54.73,43.06,63.08,77.9,46.01,60.0,73.47,50.99,1.3,17.77,31.1,15.94,80.0,62.5,18.0,100.0,48.89,76.41,15.6,0.0,100.0,0.0,19.48,45.83,52.5,5.77,80.39,42.96,23.92,40.9,14.44,100.0,41.05,92.98,26.8,0.0,97.26,20.72,100.0,59.68,15.0,38.46,60.21,36.74,43.38,34.14,41.0,65.4,48.21,3.61,100.0,57.71,37.81,100.0,13.05,66.67,0.0,38.65,41.2,54.0,28.21,28.45
09,200066363,CC de la Haute Ariège,,,6.0,,,0.0,75.0,53.43,28.37,0.0,37.45,0.0,76.74,59.82,66.29,8.3,0.0,40.49,72.0,36.73,49.5,0.7,23.31,26.47,0.0,20.0,0.0,64.23,19.91,100.0,33.33,15.6,100.0,100.0,100.0,96.27,100.0,62.5,56.73,60.78,7.99,23.92,37.54,44.44,50.0,19.08,0.0,48.5,97.3,63.95,59.77,0.0,99.62,100.0,38.46,48.24,36.36,44.37,61.85,46.67,100.0,46.43,60.74,100.0,0.0,0.0,0.0,13.44,72.41,50.0,34.13,76.2,0.0,28.21,16.68
09,200067791,CA L'Agglo Foix-Varilhes,,,10.0,,,50.65,75.0,53.68,51.12,70.0,23.0,49.62,45.35,54.73,42.42,61.67,80.94,49.08,46.86,100.0,50.99,1.4,86.21,31.47,16.5,100.0,0.0,37.98,91.95,58.52,71.33,15.6,100.0,50.0,100.0,60.27,46.17,68.53,76.92,75.82,54.95,23.92,45.31,0.0,100.0,50.51,0.0,41.1,0.0,75.17,33.64,30.19,93.91,100.0,30.77,58.88,42.8,43.71,37.75,21.67,100.0,46.43,74.2,100.0,53.86,71.48,100.0,8.15,63.22,100.0,43.69,43.59,0.0,28.21,44.19
09,200067940,CC Couserans-Pyrénées,,,11.0,,,0.0,25.0,48.53,36.52,0.0,11.75,0.0,48.26,43.64,56.69,0.0,0.0,39.57,55.43,100.0,46.62,1.1,64.81,25.32,53.03,33.33,0.0,44.02,29.39,22.22,27.11,15.6,100.0,100.0,100.0,88.87,76.07,63.53,69.23,61.44,46.27,23.92,28.86,22.22,100.0,44.27,33.33,57.7,2.07,75.06,21.44,0.0,97.56,100.0,30.77,49.57,9.85,40.4,52.61,20.67,100.0,37.5,100.0,92.92,21.24,53.75,100.0,2.93,68.97,100.0,23.51,62.5,0.0,28.21,31.03
09,240900431,CC du Pays de Tarascon,,,8.0,,,0.0,50.0,48.53,35.67,0.0,34.4,0.0,58.14,31.45,57.07,47.32,39.55,43.56,49.71,100.0,50.99,0.7,32.37,23.62,15.22,6.67,0.0,20.79,62.91,22.22,45.45,15.6,100.0,100.0,100.0,81.07,64.49,54.56,39.74,63.4,0.0,23.92,33.33,0.0,0.0,60.7,15.79,48.3,100.0,45.36,16.55,0.0,99.03,100.0,38.46,58.31,24.62,41.72,55.69,0.0,100.0,46.43,65.36,64.25,3.81,35.16,0.0,5.1,65.52,100.0,28.02,50.54,0.0,28.21,44.52
09,240900464,CC du Pays d'Olmes,,,13.0,,,0.0,75.0,42.65,23.6,10.0,26.8,0.0,42.44,35.27,42.93,64.6,45.45,41.1,47.43,100.0,50.99,0.8,20.68,25.1,10.02,33.33,0.0,60.98,89.32,0.0,0.0,15.6,100.0,100.0,100.0,82.3,50.96,55.74,55.45,50.98,0.0,23.92,26.28,79.44,0.0,53.02,100.0,30.8,32.05,68.51,58.01,0.0,99.26,100.0,38.46,55.27,13.64,20.2,42.03,3.33,81.33,48.21,64.26,90.12,63.1,79.82,0.0,5.29,70.11,100.0,16.87,43.8,0.0,28.21,38.1
10,200000545,CC des Portes de Romilly sur Seine,,,0.0,,,16.66,25.0,54.41,30.34,100.0,100.0,0.0,34.88,46.91,20.33,90.33,86.16,43.25,69.14,51.02,42.08,0.8,16.21,28.11,12.81,0.0,100.0,65.16,34.48,10.37,41.36,30.77,18.25,100.0,0.0,33.12,27.48,60.59,37.5,69.28,22.76,21.57,26.58,10.83,100.0,46.71,35.09,21.4,0.0,44.26,,100.0,2.18,0.0,46.15,55.08,0.76,17.22,19.28,17.0,27.93,46.43,0.0,100.0,74.62,86.12,0.0,34.2,63.22,0.0,11.55,67.61,54.0,48.93,40.61
10,200006716,CC du Nogentais,,,14.0,,,6.38,50.0,51.96,38.2,78.67,100.0,0.0,30.81,44.0,49.75,58.59,5.31,42.94,55.71,24.49,42.08,1.2,11.88,27.14,3.35,0.0,94.64,37.75,18.93,24.44,28.09,30.77,14.81,50.0,0.0,74.36,18.97,17.06,68.27,78.43,0.93,21.57,36.61,51.67,0.0,59.89,0.0,42.2,0.0,69.89,3.93,100.0,0.0,0.0,46.15,68.0,45.08,24.83,38.55,36.67,34.21,46.43,55.42,100.0,55.71,51.54,0.0,56.84,68.97,0.0,8.37,71.2,60.0,48.93,55.03
10,200040137,CC des Lacs de Champagne,,,29.0,,,0.0,75.0,40.07,28.37,78.0,66.45,0.0,34.88,43.27,52.9,9.78,0.0,36.2,49.14,67.35,60.15,0.8,6.19,24.14,9.69,53.33,0.0,44.25,23.86,63.33,32.19,30.77,12.43,100.0,100.0,89.57,41.88,51.47,56.73,67.97,12.97,21.57,32.38,0.0,0.0,45.43,10.53,54.6,0.0,100.0,5.71,100.0,5.44,0.0,53.85,59.64,44.32,28.81,50.2,60.33,68.49,48.21,57.93,85.17,48.62,9.82,0.0,13.84,68.97,100.0,11.82,63.91,0.0,48.93,51.55
10,200066892,CC de Vendeuvre-Soulaines,,,32.0,,,0.0,75.0,45.59,39.33,82.0,65.35,0.0,38.37,38.36,57.07,0.0,0.0,43.25,43.14,51.02,62.05,0.7,71.72,23.7,1.79,0.0,0.0,0.0,19.91,74.07,36.94,30.77,56.35,100.0,100.0,90.73,32.4,31.47,32.69,72.55,26.11,21.57,34.41,42.22,0.0,39.21,0.0,69.9,0.0,97.36,4.76,100.0,0.0,0.0,46.15,70.09,50.38,42.05,44.58,2.0,61.24,50.0,46.89,66.56,39.33,0.0,0.0,19.1,71.26,100.0,7.3,68.59,4.0,48.93,50.0
10,200069003,CC du Barséquanais en Champagne,,,38.0,,,0.0,50.0,49.51,26.69,78.67,56.95,0.0,9.88,36.18,54.29,5.4,0.0,36.81,46.86,0.0,62.05,1.4,25.78,26.18,0.6,0.0,0.0,42.86,17.72,59.26,13.84,30.77,79.1,100.0,63.99,86.36,34.91,11.76,64.42,71.9,29.42,21.57,40.05,100.0,50.0,56.91,15.79,54.1,0.0,97.43,6.93,82.31,0.0,0.0,61.54,65.15,51.52,43.71,46.99,30.0,55.97,39.29,66.47,89.95,38.19,18.54,77.12,16.92,68.97,100.0,5.71,70.43,0.0,48.93,40.23
10,200069250,CA Troyes Champagne Métropole,,,22.0,,,20.05,0.0,50.98,43.26,100.0,100.0,100.0,58.72,56.55,28.41,85.58,85.98,52.15,63.14,100.0,62.05,1.5,100.0,36.84,31.84,60.0,60.71,26.13,31.53,50.0,60.85,30.77,17.99,0.0,50.1,22.46,24.44,51.32,54.49,78.43,45.74,21.57,42.09,1.39,100.0,67.12,0.0,18.8,2.81,45.39,4.56,100.0,19.41,0.0,53.85,52.04,29.17,42.72,15.26,17.67,33.04,41.07,59.14,100.0,36.57,64.79,24.15,97.22,,0.0,17.66,57.5,72.0,48.93,43.61
10,200070126,CC Seine et Aube,,,0.0,,,16.82,50.0,54.41,41.57,100.0,59.8,0.0,50.58,40.18,54.55,37.54,0.0,43.56,34.0,38.78,52.06,1.0,48.96,24.74,27.78,0.0,0.0,34.96,9.29,14.44,11.55,30.77,0.0,50.0,10.8,72.49,22.97,26.18,41.99,75.82,20.56,21.57,46.24,48.33,0.0,50.52,36.84,100.0,0.0,90.05,1.69,100.0,0.0,0.0,53.85,73.31,64.02,48.68,34.67,39.33,45.01,55.36,24.8,24.71,3.62,46.67,0.0,24.65,64.37,100.0,11.55,77.83,56.0,48.93,58.52
10,200071041,CC du Chaourçois et du Val d'Armance,,,34.0,,,0.0,75.0,46.08,33.99,54.67,40.75,0.0,22.67,30.0,65.53,0.0,0.0,40.8,46.57,24.49,62.05,0.6,26.99,21.84,3.18,0.0,48.21,34.26,5.78,0.0,4.18,30.77,52.91,100.0,0.0,90.66,32.47,49.12,54.49,64.05,8.63,21.57,37.99,100.0,50.0,53.39,17.54,80.4,0.0,98.27,4.48,100.0,41.15,0.0,76.92,69.33,48.86,41.39,42.3,0.0,71.87,50.0,46.69,25.7,8.86,34.64,0.0,23.66,67.82,100.0,7.57,70.43,0.0,48.93,46.68
10,200071777,"CC d'Arcis, Mailly, Ramerupt",,,33.0,,,0.0,50.0,42.65,33.99,100.0,50.3,0.0,34.3,44.91,49.75,0.0,0.0,39.26,60.86,79.59,62.05,0.8,16.48,24.07,2.38,6.67,0.0,25.67,23.91,13.7,16.79,30.77,13.23,0.0,0.0,83.98,24.8,48.82,0.0,82.35,81.93,21.57,43.09,100.0,50.0,57.38,31.58,59.6,6.67,100.0,7.47,100.0,0.0,0.0,46.15,68.76,53.79,54.97,42.03,67.33,48.23,50.0,0.0,100.0,0.0,7.11,0.0,20.73,65.52,0.0,5.18,82.39,46.0,48.93,26.32
10,241000223,"CC Forêts, Lacs, Terres en Champagne",,,37.0,,,100.0,75.0,54.41,50.56,100.0,43.45,0.0,52.33,46.0,63.89,7.25,0.0,54.91,30.29,28.57,62.05,1.2,20.39,26.66,43.54,46.67,100.0,34.96,17.17,61.11,25.63,30.77,5.82,100.0,100.0,73.72,31.0,51.76,72.12,79.08,36.19,21.57,54.07,7.5,0.0,50.8,29.82,80.4,0.0,98.12,1.71,100.0,21.79,0.0,53.85,83.0,68.18,66.89,44.31,66.0,43.54,53.57,46.29,4.45,8.24,44.27,0.0,56.47,63.22,100.0,20.05,84.13,70.0,48.93,55.65
10,241000405,CC de la Région de Bar sur Aube,,,29.0,,,0.0,75.0,42.65,22.19,86.0,100.0,0.0,20.35,46.55,34.09,16.3,3.53,32.82,60.57,4.08,62.05,1.1,63.23,26.04,5.66,0.0,48.21,76.77,21.06,55.19,18.1,30.77,92.33,100.0,100.0,96.0,35.11,25.88,58.65,69.28,24.84,21.57,31.57,45.83,0.0,47.09,0.0,53.6,0.0,97.12,18.26,55.54,0.0,0.0,69.23,54.32,33.71,24.83,41.37,38.33,63.51,41.07,63.86,100.0,57.33,0.0,0.0,4.25,68.97,100.0,8.1,60.33,0.0,48.93,37.97
10,241000447,CC du Pays d'Othe,,,20.0,,,0.0,75.0,55.15,33.99,30.67,55.7,0.0,38.37,36.18,51.39,0.0,0.0,42.33,31.43,0.0,62.05,0.9,62.56,24.24,0.0,0.0,44.64,0.0,19.25,0.0,53.48,30.77,65.61,100.0,0.0,87.63,26.39,36.76,31.41,65.36,0.0,21.57,34.92,76.94,0.0,49.9,17.54,69.9,0.0,89.7,7.74,100.0,29.79,0.0,69.23,66.48,46.97,39.4,44.85,13.33,54.57,48.21,37.45,22.24,0.0,14.06,100.0,46.61,65.52,100.0,0.0,79.67,0.0,48.93,57.87
10,241000488,CC de l'Orvin et de l'Ardusson,,,28.0,,,0.0,75.0,49.02,45.22,82.67,62.2,0.0,52.33,41.82,55.43,0.0,0.0,46.93,42.86,0.0,52.06,1.1,3.28,25.26,1.07,0.0,0.0,0.0,13.83,0.0,4.01,30.77,0.0,50.0,0.0,87.59,16.21,31.18,42.31,73.86,71.74,21.57,50.51,65.28,0.0,55.55,91.23,75.9,0.0,100.0,6.52,100.0,5.44,0.0,61.54,77.68,65.15,31.13,34.81,45.33,42.41,53.57,32.53,2.47,16.19,47.19,0.0,16.42,62.07,100.0,8.9,84.67,48.0,48.93,61.48
11,200035707,CC Piège Lauragais Malepère,,,31.0,,,100.0,75.0,50.0,47.47,67.33,26.5,100.0,29.65,41.82,62.5,26.67,2.5,49.08,46.29,0.0,49.5,1.2,15.34,26.93,14.52,0.0,0.0,52.15,52.62,25.93,43.49,25.85,0.0,100.0,100.0,72.66,31.42,45.59,50.0,71.9,39.72,31.55,38.75,0.83,0.0,60.55,0.0,49.4,4.32,80.87,19.44,100.0,0.0,0.0,61.54,68.57,31.44,41.72,45.92,14.0,82.8,48.21,31.93,42.83,8.14,45.73,86.72,17.5,68.97,100.0,23.24,8.8,20.0,35.71,43.74
11,200035715,CA Carcassonne Agglo,,,39.0,,,20.66,50.0,48.32,55.62,85.33,61.4,100.0,41.86,48.55,50.63,81.23,73.35,50.92,51.14,77.55,41.83,1.4,56.81,33.93,8.65,0.0,0.0,54.01,78.64,59.63,72.32,25.85,65.08,50.0,77.42,42.47,45.35,66.62,76.92,71.9,52.92,31.55,36.72,17.78,100.0,70.62,0.0,28.3,0.0,20.32,28.02,49.08,0.0,0.0,61.54,60.78,18.94,29.8,35.07,0.0,69.63,42.86,45.58,100.0,35.38,55.23,61.72,56.13,,100.0,25.9,0.0,0.0,35.71,40.84
11,200035855,CC Castelnaudary Lauragais Audois,,,46.0,,,51.41,25.0,52.94,61.24,93.33,45.4,100.0,47.67,44.55,59.09,45.29,51.16,53.37,67.14,100.0,51.98,1.4,25.0,29.64,5.86,20.0,0.0,25.2,50.31,44.81,85.42,25.85,0.0,50.0,100.0,31.6,38.76,52.21,41.67,81.05,44.35,31.55,46.61,26.67,100.0,61.26,0.0,47.9,0.0,56.86,22.24,100.0,36.65,0.0,53.85,63.06,40.15,46.69,40.16,3.0,72.62,46.43,9.94,90.77,45.71,65.78,100.0,24.94,64.37,100.0,28.55,0.0,40.0,35.71,28.13
11,200035863,"CC Région Lézignanaise, Corbières et Minervois",,,46.0,,,0.0,50.0,54.41,54.21,20.67,26.2,100.0,41.86,46.0,77.02,68.48,37.68,52.45,47.71,32.65,41.83,1.2,30.85,29.25,3.42,46.67,0.0,50.29,77.81,34.81,27.44,25.85,100.0,100.0,100.0,66.11,51.08,49.85,57.05,64.05,53.97,31.55,33.13,8.33,100.0,70.3,0.0,52.3,0.0,19.84,29.51,6.91,0.0,0.0,69.23,67.81,17.8,17.22,44.44,0.0,80.68,44.64,31.43,72.98,0.0,14.4,42.37,11.54,71.26,100.0,15.01,0.0,0.0,35.71,37.13
11,200042463,CC de la Montagne Noire,,,33.0,,,0.0,75.0,51.47,44.1,0.0,29.95,0.0,46.51,36.36,71.46,0.0,0.0,46.01,50.0,44.9,48.02,1.2,32.56,24.55,10.48,20.0,0.0,44.48,25.88,15.19,12.04,25.85,100.0,100.0,68.07,68.58,47.7,59.12,87.5,59.48,2.66,31.55,34.44,13.06,100.0,56.82,100.0,72.9,9.77,94.34,40.1,5.44,75.15,100.0,61.54,61.73,19.7,57.62,52.07,0.0,100.0,46.43,68.78,43.0,0.0,35.26,100.0,6.6,66.67,50.0,11.55,20.43,0.0,35.71,44.45
11,200043776,CC Pyrénées audoises,,,35.0,,,0.0,75.0,46.69,22.19,0.0,31.05,35.0,33.14,43.27,57.45,2.9,0.0,36.81,70.57,79.59,49.23,0.9,41.09,23.6,40.01,0.0,0.0,86.99,61.6,37.04,27.6,25.85,100.0,100.0,100.0,92.8,85.0,58.53,75.0,46.41,23.62,31.55,22.07,48.89,100.0,61.66,0.0,45.6,18.23,94.72,46.59,0.0,88.91,100.0,46.15,46.53,0.0,15.89,53.55,39.0,100.0,39.29,60.84,84.84,5.24,6.8,100.0,1.77,,100.0,9.43,32.83,0.0,35.71,28.29
11,200071926,CC du Limouxin,,,37.0,,,13.84,50.0,54.41,48.88,44.0,28.8,100.0,41.28,41.09,62.37,39.24,32.95,51.53,51.43,63.27,49.23,1.1,33.88,28.49,16.48,0.0,0.0,33.33,65.0,42.59,53.81,25.85,100.0,100.0,95.44,69.06,50.92,53.68,70.19,62.75,100.0,31.55,31.54,46.39,100.0,63.06,0.0,50.6,0.0,54.93,45.05,36.21,0.0,45.71,53.85,59.83,17.05,31.13,49.4,0.0,100.0,42.86,59.64,87.48,30.14,13.62,100.0,18.2,67.82,100.0,23.77,0.0,0.0,35.71,36.19
11,241100593,CA Le Grand Narbonne,,,41.0,,,0.0,0.0,63.97,64.33,0.0,63.8,100.0,68.6,61.27,73.48,86.88,82.23,45.09,56.0,69.39,42.16,1.4,95.44,35.29,26.81,80.0,75.0,48.66,92.77,72.96,65.77,25.85,46.56,0.0,100.0,19.17,50.32,58.38,58.97,67.32,25.13,31.55,34.03,0.0,100.0,42.69,0.0,18.5,0.0,6.59,21.91,2.08,0.0,0.0,53.85,55.27,23.48,28.48,31.33,1.0,62.34,41.07,29.12,100.0,52.24,61.51,31.92,15.97,72.41,0.0,20.05,17.28,0.0,35.71,43.06
12,200067064,CC Decazeville Communauté,,,53.0,,,0.0,50.0,51.47,23.6,74.67,61.25,0.0,0.0,36.18,34.34,55.91,67.23,35.89,36.86,100.0,59.08,0.7,100.0,24.75,5.71,26.67,0.0,83.28,61.38,5.19,29.07,19.66,89.15,50.0,0.0,68.96,38.52,54.12,13.78,52.94,31.15,34.94,30.46,44.17,100.0,71.99,59.65,34.8,0.0,78.69,7.27,68.74,92.62,100.0,61.54,52.61,29.55,36.75,35.34,17.0,79.32,50.0,88.45,100.0,61.1,78.72,78.81,4.13,66.67,50.0,18.73,58.48,0.0,63.93,43.03
12,200067155,"CC Saint Affricain, Roquefort, Sept Vallons",,,68.0,,,0.0,50.0,42.65,44.1,28.0,38.35,0.0,23.84,48.91,40.15,19.24,13.62,40.49,61.14,2.04,44.39,0.8,24.79,23.24,23.71,33.33,0.0,70.27,80.55,100.0,38.74,19.66,85.19,100.0,100.0,82.4,50.75,41.32,27.24,67.32,15.87,34.94,49.28,0.0,100.0,66.14,0.0,46.2,0.0,87.15,14.31,71.43,91.88,100.0,61.54,55.08,41.67,52.98,51.14,69.67,100.0,48.21,53.71,100.0,13.62,52.76,100.0,21.87,66.67,100.0,38.11,76.63,0.0,63.93,46.23
12,200067163,"CC Monts, Rance et Rougier",,,79.0,,,0.0,75.0,47.79,30.34,0.0,13.4,0.0,43.6,38.0,55.3,0.0,0.0,32.21,80.0,0.0,44.39,0.6,39.54,16.2,0.0,0.0,0.0,76.77,39.74,88.52,9.42,19.66,95.5,100.0,100.0,85.63,63.68,34.12,58.01,56.86,100.0,34.94,45.77,54.44,0.0,43.54,0.0,86.0,0.0,95.69,14.92,63.75,94.21,100.0,76.92,55.65,26.52,60.6,58.63,71.0,100.0,48.21,100.0,85.17,0.0,19.95,100.0,11.07,71.26,100.0,24.04,76.41,0.0,63.93,43.1
12,200067171,"CC Aubrac, Carladez et Viadène",,,22.0,,,0.0,75.0,42.65,34.83,0.0,13.35,0.0,29.65,37.09,56.57,0.0,0.0,42.02,89.14,0.0,57.92,0.9,30.78,19.68,1.29,73.33,0.0,100.0,53.22,62.59,76.58,19.66,58.73,100.0,100.0,88.09,78.53,29.41,42.31,49.02,100.0,34.94,49.31,100.0,0.0,39.84,8.77,67.5,0.0,86.06,2.4,100.0,98.44,100.0,69.23,58.69,28.41,75.17,61.04,53.33,100.0,44.64,62.75,100.0,0.0,0.0,100.0,6.56,72.41,100.0,36.25,93.7,0.0,63.93,48.55
12,200067478,CC Comtal Lot et Truyère,,,60.0,,,100.0,75.0,51.1,51.69,0.0,16.35,65.0,46.51,41.09,51.26,8.41,0.0,47.55,44.0,0.0,57.92,1.2,32.06,24.47,0.13,60.0,0.0,59.81,76.55,72.96,47.58,19.66,72.22,0.0,100.0,72.37,55.82,39.12,41.99,62.09,92.7,34.94,57.46,50.28,50.0,65.4,0.0,51.7,0.0,86.97,14.03,100.0,95.79,100.0,69.23,66.48,56.44,69.21,43.91,53.0,90.18,50.0,62.05,78.58,19.52,14.43,100.0,30.22,66.67,100.0,58.03,86.52,0.0,63.93,60.45
12,200068484,CC des Causses à l'Aubrac,,,63.0,,,0.0,75.0,51.18,46.07,0.0,16.7,0.0,25.58,46.0,48.99,8.15,0.0,43.56,48.57,0.0,49.01,0.7,42.18,19.24,1.75,53.33,0.0,62.83,72.67,60.74,0.0,19.66,76.98,100.0,100.0,82.22,54.72,51.32,67.63,57.52,100.0,34.94,52.11,62.5,0.0,58.06,0.0,56.0,0.0,87.65,19.67,100.0,97.5,100.0,69.23,60.97,46.21,69.21,58.9,21.0,100.0,51.79,68.17,62.77,7.57,0.0,97.46,5.41,71.26,100.0,37.32,85.43,0.0,63.93,50.39
12,200068831,CC Pays Ségali Communauté,,,40.0,,,100.0,75.0,37.5,53.65,24.67,17.05,43.08,51.16,43.45,46.84,0.0,0.0,57.98,42.57,22.45,57.92,0.7,31.84,25.13,0.0,26.67,0.0,30.08,54.53,61.85,38.9,19.66,30.69,0.0,0.0,49.77,38.85,32.79,24.04,69.93,100.0,34.94,59.74,72.78,0.0,65.05,0.0,75.5,0.0,93.1,7.98,100.0,91.62,75.0,53.85,73.12,53.41,66.56,46.18,67.0,93.95,51.79,56.83,49.42,29.0,24.48,100.0,16.03,68.97,50.0,53.25,86.2,0.0,63.93,62.23
12,200069383,CC Ouest Aveyron Communauté,,,65.0,,,100.0,50.0,52.21,46.91,34.0,20.8,95.77,18.6,46.55,42.17,17.57,27.01,48.47,48.57,81.63,59.08,0.8,16.31,24.92,0.82,0.0,0.0,26.36,63.74,51.85,35.63,19.66,35.71,100.0,10.25,69.64,51.29,48.68,16.67,59.48,54.89,34.94,37.77,17.78,100.0,65.79,0.0,51.6,0.0,86.98,9.69,100.0,94.06,100.0,61.54,60.97,38.26,40.73,44.44,23.33,100.0,46.43,65.96,100.0,30.71,62.11,100.0,6.59,67.82,50.0,31.47,76.3,0.0,63.93,48.84
12,241200187,CA Rodez Agglomération,,,79.0,,,100.0,50.0,52.21,68.26,100.0,50.8,100.0,47.67,62.91,31.19,83.95,96.65,54.6,58.0,69.39,57.92,1.5,100.0,36.86,16.39,80.0,100.0,57.49,75.35,100.0,100.0,19.66,1.85,100.0,0.0,0.0,44.95,52.35,48.4,80.39,61.38,34.94,60.67,80.28,100.0,61.11,0.0,12.0,0.0,63.49,20.27,100.0,86.5,91.43,69.23,43.87,53.03,64.24,20.35,100.0,80.75,46.43,66.16,100.0,85.1,86.64,100.0,22.07,,100.0,53.52,78.48,26.0,63.93,54.0
12,241200542,CC du Réquistanais,,,26.0,,,100.0,75.0,40.2,44.1,0.0,10.25,100.0,37.79,39.82,43.56,0.0,0.0,50.92,94.86,2.04,53.3,0.7,58.91,17.71,18.6,0.0,0.0,56.33,82.2,0.0,9.91,19.66,33.07,100.0,37.46,88.14,46.08,32.79,60.58,50.98,100.0,34.94,49.26,20.28,0.0,49.8,0.0,73.5,0.0,96.95,12.31,100.0,92.82,77.86,76.92,67.05,24.62,56.29,61.04,18.0,94.57,46.43,72.09,100.0,0.0,3.41,100.0,0.81,74.71,100.0,21.91,82.07,0.0,63.93,55.87
12,241200567,CC de Millau Grands Causses,,,10.0,,,4.64,50.0,61.76,53.93,40.67,57.75,45.0,45.93,51.45,26.64,68.33,73.12,49.69,67.71,53.06,45.05,1.3,89.84,26.83,14.0,80.0,0.0,53.54,64.23,100.0,86.73,19.66,100.0,100.0,100.0,78.55,52.34,62.5,68.27,69.93,67.92,34.94,43.95,42.22,100.0,49.88,0.0,8.9,0.0,86.92,33.01,60.72,93.44,100.0,61.54,57.17,44.32,43.05,37.62,77.33,100.0,48.21,53.71,97.86,36.52,65.29,100.0,51.46,66.67,100.0,30.68,70.33,0.0,63.93,51.0
12,241200625,CC du Pays Rignacois,,,79.0,,,100.0,100.0,44.61,58.15,32.0,14.5,0.0,30.81,50.36,48.48,0.0,0.0,53.37,45.43,85.71,58.5,1.1,29.87,21.42,0.0,53.33,0.0,8.25,59.68,15.19,6.47,19.66,13.49,100.0,0.0,58.24,36.48,40.59,58.65,74.51,100.0,34.94,54.27,16.39,0.0,54.33,0.0,70.3,21.61,94.34,10.7,100.0,87.82,91.43,69.23,73.5,55.3,68.21,52.34,43.0,93.17,53.57,87.35,37.23,11.29,47.58,100.0,28.39,65.52,100.0,43.96,82.61,32.0,63.93,60.19
12,241200641,CC Conques-Marcillac,,,79.0,,,67.29,75.0,52.21,58.99,2.0,12.2,0.0,48.26,53.64,46.97,0.0,0.0,53.07,40.57,26.53,57.92,1.1,32.03,24.15,0.85,46.67,0.0,4.99,46.26,31.11,32.84,19.66,80.69,100.0,0.0,72.14,40.6,47.94,67.63,66.67,100.0,34.94,61.22,35.28,50.0,62.34,0.0,58.3,0.0,87.14,15.15,100.0,86.91,100.0,61.54,74.45,58.33,67.22,42.03,21.67,69.24,50.0,79.62,29.65,0.0,42.71,100.0,4.92,66.67,100.0,62.82,84.89,0.0,63.93,62.74
12,241200658,CC du Pays de Salars,,,54.0,,,0.0,75.0,52.21,66.01,47.33,13.25,100.0,47.09,56.73,45.83,0.0,0.0,61.96,48.0,32.65,57.92,0.6,27.76,21.04,0.0,40.0,73.21,24.74,90.91,45.19,43.49,19.66,12.17,100.0,0.0,73.46,42.01,38.82,68.91,77.78,94.44,34.94,60.98,1.39,0.0,57.73,0.0,70.4,0.0,90.98,15.46,100.0,92.76,73.43,53.85,77.11,64.77,69.54,45.65,55.33,76.36,53.57,68.07,19.44,15.86,46.46,100.0,6.38,66.67,100.0,67.6,89.78,34.0,63.93,66.68
12,241200674,CC du Plateau de Montbazens,,,79.0,,,100.0,75.0,48.04,50.84,38.0,18.75,100.0,33.72,52.0,48.86,14.24,0.0,50.0,36.0,51.02,59.08,0.7,26.86,23.16,0.0,46.67,0.0,41.46,71.13,1.48,13.51,19.66,9.26,100.0,0.0,76.04,48.53,30.74,39.1,63.4,81.53,34.94,51.33,,0.0,78.54,5.26,66.1,0.0,92.08,2.73,100.0,87.85,82.0,69.23,70.85,48.86,63.91,52.48,36.33,92.42,51.79,87.55,19.6,20.86,56.72,100.0,8.63,68.97,100.0,27.22,81.41,0.0,63.93,63.9
12,241200765,CC de Lévézou Pareloup,,,36.0,,,0.0,75.0,47.43,50.84,0.0,14.75,0.0,49.42,35.27,46.21,0.0,0.0,55.21,91.14,48.98,49.01,0.5,15.63,15.43,0.0,40.0,0.0,97.44,100.0,0.0,23.83,19.66,4.23,100.0,100.0,80.44,66.35,18.09,31.73,62.75,86.45,34.94,50.85,100.0,50.0,54.15,0.0,73.6,0.0,98.13,23.16,100.0,94.97,100.0,69.23,65.53,38.64,67.55,72.02,45.0,100.0,48.21,6.43,71.83,0.0,20.57,100.0,1.65,68.97,100.0,32.27,94.02,0.0,63.93,57.32
12,241200807,CC Aveyron Bas Ségala Viaur,,,50.0,,,100.0,75.0,41.18,41.29,4.0,17.7,0.0,30.81,41.09,51.52,0.0,0.0,49.69,65.14,61.22,58.5,0.8,24.92,19.56,0.0,0.0,0.0,50.06,100.0,6.3,91.97,19.66,34.13,100.0,10.94,84.2,59.02,34.26,25.64,56.21,47.94,34.94,42.63,16.39,0.0,83.44,0.0,64.7,0.0,92.39,17.27,100.0,92.91,94.86,69.23,66.1,26.52,62.25,50.47,100.0,100.0,48.21,86.65,72.49,0.0,38.62,100.0,7.81,71.26,100.0,27.22,89.89,0.0,63.93,47.29
12,241200906,CC Larzac et Vallées,,,29.0,,,0.0,75.0,56.86,48.6,0.0,24.0,93.85,54.65,37.09,50.38,0.0,0.0,42.02,100.0,100.0,40.1,1.0,45.4,22.28,0.0,0.0,0.0,35.66,94.3,11.85,0.0,19.66,100.0,100.0,100.0,92.21,56.9,54.71,34.29,87.58,100.0,34.94,45.51,8.06,0.0,21.6,0.0,47.4,0.0,90.26,24.82,89.02,96.88,100.0,69.23,61.16,34.47,67.22,64.66,35.0,100.0,50.0,42.97,100.0,0.0,23.67,100.0,100.0,71.26,100.0,0.4,86.74,0.0,63.93,45.77
12,241200914,CC de la Muse et des Raspes du Tarn,,,38.0,,,0.0,75.0,48.04,48.03,0.0,7.75,100.0,53.49,37.64,59.6,0.0,0.0,48.77,77.43,55.1,49.01,1.0,20.53,19.87,0.0,0.0,0.0,9.64,45.71,11.11,0.0,19.66,93.39,100.0,100.0,86.14,45.23,24.41,32.05,60.78,37.52,34.94,48.93,18.06,0.0,32.17,0.0,91.0,8.68,91.29,12.76,87.5,93.68,100.0,69.23,65.91,30.3,54.64,58.37,0.0,100.0,48.21,84.24,46.29,0.0,39.71,100.0,0.36,68.97,100.0,16.07,86.3,0.0,63.93,49.81
13,200035087,CA Terre de Provence,,,20.0,,,0.0,25.0,67.65,63.48,100.0,47.6,100.0,54.07,48.91,61.36,92.93,96.74,54.29,38.57,57.14,40.87,2.2,45.5,39.28,30.87,53.33,98.21,35.89,100.0,75.19,67.9,58.12,9.26,50.0,64.6,0.0,40.4,27.94,14.42,79.08,8.63,10.48,53.0,26.39,0.0,74.59,0.0,33.3,0.0,9.88,43.63,36.78,0.0,56.0,53.85,69.71,43.56,46.69,36.14,10.0,56.42,42.86,24.1,54.7,78.38,68.96,0.0,23.52,72.41,100.0,37.05,43.91,40.0,68.21,56.74
13,200054807,Métropole d'Aix-Marseille-Provence,,,43.0,,,15.92,0.0,68.86,71.07,100.0,89.65,100.0,58.72,50.55,49.87,93.01,95.49,62.27,89.71,81.63,41.75,2.5,71.62,43.7,15.39,93.33,62.5,48.66,100.0,52.59,100.0,58.12,93.65,0.0,100.0,0.0,45.89,51.47,57.37,84.31,25.77,10.48,48.22,1.67,100.0,60.19,0.0,3.7,0.0,3.05,32.43,0.0,0.0,100.0,30.77,57.36,30.3,45.36,18.88,2.67,60.13,32.14,34.34,100.0,90.1,68.8,5.08,53.17,,0.0,1.46,36.41,60.0,68.21,52.74
13,241300375,CC Vallée des Baux-Alpilles (CC VBA),,,20.0,,,0.0,50.0,62.94,53.37,0.0,22.0,0.0,57.56,54.36,65.66,91.99,78.21,57.67,57.43,75.51,39.0,3.0,95.25,43.21,25.09,46.67,100.0,42.16,69.27,41.48,52.33,58.12,71.43,100.0,100.0,29.64,76.71,53.97,72.44,63.4,16.5,10.48,47.99,0.0,0.0,58.59,0.0,15.1,0.0,32.12,34.21,51.43,0.0,100.0,46.15,69.52,50.0,54.3,34.67,31.33,89.43,33.93,27.91,90.44,73.33,53.65,0.0,7.31,75.86,100.0,37.85,72.93,0.0,68.21,57.42
13,241300417,CA d'Arles-Crau-Camargue-Montagnette,,,15.0,,,0.0,0.0,68.38,62.64,70.67,100.0,64.23,43.6,46.73,48.23,78.51,67.14,50.0,62.57,38.78,31.52,2.0,100.0,33.53,44.87,60.0,0.0,54.47,100.0,57.04,50.53,58.12,0.0,0.0,100.0,75.05,50.48,49.85,48.4,75.16,31.73,10.48,31.78,22.5,100.0,33.55,54.39,11.6,0.0,58.15,32.47,92.34,25.88,90.71,38.46,60.4,13.64,35.76,31.99,0.0,79.58,39.29,9.54,100.0,63.48,51.82,0.0,36.66,75.86,0.0,21.12,94.24,40.0,68.21,44.26
14,200065563,CC Normandie-Cabourg-Pays d'Auge,,,8.0,,,0.0,50.0,57.94,50.84,0.0,71.35,0.0,81.4,60.36,45.08,75.54,88.04,53.07,47.71,46.94,54.13,1.6,44.0,39.56,32.09,53.33,91.07,32.87,27.42,32.96,27.93,55.13,0.0,0.0,0.0,0.0,47.59,62.06,43.91,62.09,24.78,34.04,51.09,63.33,0.0,56.7,0.0,26.2,0.0,80.65,16.67,93.99,68.44,100.0,53.85,66.48,59.09,49.67,30.39,70.67,47.35,48.21,72.49,55.52,55.14,39.69,100.0,20.74,65.52,100.0,32.27,22.5,0.0,48.93,55.68
14,200065589,CC Val ès Dunes,,,11.0,,,0.0,75.0,51.47,69.94,100.0,76.35,94.23,73.84,53.09,45.45,86.3,92.9,59.82,29.71,30.61,55.45,1.2,49.98,30.54,8.83,53.33,100.0,11.96,12.68,47.04,13.19,55.13,0.0,100.0,0.0,0.0,20.09,43.24,0.0,78.43,5.1,34.04,62.44,0.0,0.0,46.98,0.0,42.8,0.0,64.31,6.15,100.0,16.85,0.0,46.15,89.65,67.8,53.97,22.89,84.33,21.24,57.14,62.85,17.13,60.38,48.05,100.0,10.57,59.77,0.0,29.35,15.43,100.0,48.93,59.61
14,200065597,CU Caen la Mer,,,13.0,,,49.43,25.0,48.53,58.71,100.0,100.0,100.0,61.63,57.45,30.43,97.61,99.51,50.92,78.57,100.0,55.45,1.9,76.85,43.62,52.77,100.0,100.0,34.49,33.28,54.44,84.28,55.13,0.0,0.0,0.0,0.0,32.37,52.21,57.37,86.27,44.59,34.04,57.78,1.67,100.0,74.78,0.0,5.1,5.37,18.82,1.24,100.0,0.0,0.0,46.15,45.01,44.7,59.6,19.01,98.33,56.59,41.07,80.02,100.0,74.38,74.87,100.0,30.8,,0.0,28.55,0.0,66.0,48.93,35.45
14,200066710,CC Cingal-Suisse Normande,,,13.0,,,0.0,75.0,50.29,57.02,100.0,32.8,25.38,55.23,41.27,55.81,21.16,31.65,55.52,32.86,38.78,55.45,1.1,62.63,25.9,38.51,26.67,0.0,35.89,6.6,15.19,0.0,55.13,13.23,100.0,0.0,25.84,22.78,47.35,37.18,82.35,67.86,34.04,59.96,2.22,50.0,30.1,0.0,66.2,0.0,85.07,10.75,100.0,48.76,8.57,46.15,82.81,67.05,61.59,31.46,44.67,42.47,57.14,48.19,3.79,25.19,43.72,100.0,17.28,64.37,50.0,28.55,14.13,100.0,48.93,55.23
14,200066728,CC Vallées de l'Orne et de l'Odon,,,13.0,,,100.0,75.0,49.26,76.4,100.0,33.15,100.0,80.23,57.64,43.94,92.03,90.22,73.62,25.14,69.39,55.45,1.7,56.74,35.94,28.04,73.33,98.21,10.57,10.82,37.04,18.59,55.13,0.0,100.0,0.0,0.0,11.38,64.56,62.5,83.01,88.59,34.04,75.54,71.67,0.0,66.97,100.0,46.3,28.26,60.22,10.95,100.0,53.38,0.0,61.54,94.21,81.06,66.89,24.5,78.0,18.83,58.93,73.9,0.0,73.38,61.07,53.39,18.88,59.77,100.0,38.91,0.0,100.0,48.93,65.1
14,200066801,CC Isigny-Omaha Intercom,,,12.0,,,0.0,75.0,45.96,40.45,1.33,47.2,0.0,62.79,37.09,54.92,3.73,0.0,46.32,44.57,46.94,50.74,1.2,28.39,24.91,35.78,6.67,14.29,19.4,20.35,12.96,4.83,55.13,0.0,50.0,100.0,52.56,22.5,28.68,4.17,69.93,100.0,34.04,47.47,100.0,0.0,19.13,1.75,61.4,0.0,85.71,8.71,100.0,71.65,40.71,53.85,72.55,53.79,57.62,37.35,26.0,35.84,53.57,49.3,35.26,0.0,49.9,100.0,10.26,66.67,100.0,11.29,22.39,12.0,48.93,47.52
14,200066827,CC du Pays de Honfleur-Beuzeville,,,1.0,,,0.0,25.0,56.99,51.4,0.0,61.95,0.0,50.0,53.09,57.45,64.35,80.85,47.85,41.14,20.41,52.81,1.6,58.42,37.68,18.29,33.33,91.07,18.0,19.69,37.04,15.15,55.13,0.0,100.0,100.0,0.0,54.64,47.65,37.82,76.47,0.0,34.04,53.16,17.78,0.0,51.49,0.0,41.0,0.0,83.76,2.49,100.0,47.68,100.0,53.85,67.43,56.44,51.99,24.5,95.67,33.37,46.43,39.76,85.67,61.29,69.09,100.0,20.31,60.92,100.0,24.04,19.35,42.0,48.93,53.0
14,200068799,CC Intercom de la Vire au Noireau,,,19.0,,,0.0,75.0,47.06,36.8,94.67,65.1,0.0,32.56,41.45,48.74,13.77,56.03,40.18,42.57,2.04,54.37,1.0,30.07,25.43,29.84,20.0,0.0,37.05,21.99,18.15,35.63,55.13,0.0,0.0,26.72,0.0,21.53,29.71,15.71,67.97,29.76,34.04,45.39,50.83,100.0,37.27,0.0,48.1,0.0,84.5,5.81,100.0,86.26,0.0,53.85,63.63,45.83,52.98,24.1,11.33,33.5,53.57,52.11,100.0,51.52,60.63,100.0,29.65,70.11,100.0,16.33,42.72,2.0,48.93,43.77
14,200069516,CC Seulles Terre et Mer,,,13.0,,,0.0,75.0,47.79,66.01,23.33,22.2,0.0,75.0,47.64,54.67,60.0,69.73,63.19,35.71,75.51,55.45,1.5,55.31,33.69,14.51,53.33,100.0,6.39,22.16,14.07,14.5,55.13,0.0,100.0,0.0,32.29,19.92,43.24,45.51,77.12,18.76,34.04,72.52,14.17,0.0,58.29,100.0,58.4,0.0,86.99,7.14,100.0,68.0,0.0,61.54,86.61,77.27,59.6,39.63,63.67,38.08,57.14,81.53,0.0,47.81,59.27,80.37,11.48,64.37,100.0,43.43,0.0,68.0,48.93,64.13
14,200069524,CC Pré-Bocage Intercom,,,14.0,,,61.77,75.0,43.75,55.9,100.0,57.65,40.0,60.47,44.0,51.01,21.85,51.21,50.61,34.0,34.69,55.45,1.2,35.58,24.45,2.53,40.0,21.43,31.71,11.97,15.93,5.32,55.13,0.0,50.0,11.47,0.0,20.53,43.24,18.27,78.43,37.35,34.04,60.91,100.0,0.0,40.73,0.0,65.1,0.0,86.2,10.15,100.0,93.62,0.0,53.85,78.44,59.85,59.27,30.66,41.33,20.68,55.36,56.63,33.94,62.48,29.37,100.0,27.88,64.37,100.0,17.4,24.67,82.0,48.93,57.03
14,200069532,CA Lisieux Normandie,,,2.0,,,0.0,50.0,51.1,41.85,81.33,95.3,0.0,50.0,45.09,48.36,48.26,61.29,47.24,55.71,55.1,52.39,1.8,100.0,32.7,20.94,0.0,60.71,43.32,23.69,42.59,36.77,55.13,0.0,100.0,0.0,24.82,29.44,43.68,40.06,70.59,48.76,34.04,41.87,12.5,100.0,41.66,57.89,41.4,0.0,87.62,14.59,100.0,63.79,83.14,53.85,61.73,43.94,45.7,26.77,33.67,37.82,50.0,49.4,92.26,53.1,67.47,100.0,15.55,65.52,0.0,21.12,19.13,20.0,48.93,45.68
14,241400415,CC Coeur Côte Fleurie,,,0.0,,,83.03,25.0,61.76,26.69,0.0,100.0,96.54,84.3,43.64,39.14,85.72,97.28,44.48,83.71,87.76,54.13,2.2,83.25,51.5,10.11,60.0,100.0,90.24,28.51,17.78,58.56,55.13,37.57,100.0,0.0,0.0,100.0,73.53,70.83,44.44,5.5,34.04,39.77,6.94,50.0,48.4,0.0,15.6,0.0,39.19,10.54,14.85,79.79,100.0,61.54,37.99,46.59,52.32,27.84,100.0,71.35,33.93,44.28,100.0,73.81,70.7,0.0,46.87,66.67,100.0,30.15,0.0,0.0,48.93,52.16
14,241400514,CC du Pays de Falaise,,,5.0,,,100.0,50.0,48.53,46.35,100.0,52.35,0.0,40.7,45.82,48.23,24.06,58.62,47.55,36.86,12.24,55.45,1.1,35.52,25.95,14.87,86.67,0.0,26.13,10.82,17.78,20.23,55.13,0.0,100.0,0.0,57.31,26.43,57.65,56.73,75.16,58.31,34.04,48.37,68.06,100.0,40.35,0.0,54.3,0.0,86.84,4.33,100.0,31.15,0.0,61.54,70.66,54.17,43.38,32.8,82.33,43.19,53.57,51.31,46.46,49.33,71.28,100.0,26.73,67.82,100.0,25.63,26.96,62.0,48.93,50.77
14,241400555,CC de Bayeux Intercom,,,11.0,,,81.09,75.0,44.12,50.28,66.0,98.85,26.54,56.98,50.0,42.8,68.62,88.48,54.91,66.0,63.27,55.45,1.6,76.08,37.13,33.54,73.33,100.0,36.59,34.05,15.56,35.46,55.13,0.0,100.0,0.0,0.0,44.47,57.35,50.96,65.36,53.97,34.04,47.85,0.0,100.0,45.6,0.0,34.4,0.0,74.79,5.1,100.0,46.88,0.0,61.54,60.78,59.09,50.0,27.31,97.33,44.65,50.0,78.51,100.0,0.0,81.69,100.0,20.07,64.37,100.0,24.3,0.0,0.0,48.93,52.52
14,241400860,CC Coeur de Nacre,,,13.0,,,41.66,75.0,36.76,56.18,0.0,50.75,100.0,75.58,58.36,36.62,98.01,94.73,56.75,48.0,100.0,55.45,2.0,49.44,43.82,48.01,73.33,100.0,43.55,27.91,8.89,28.58,55.13,0.0,100.0,0.0,0.0,31.3,68.09,57.05,54.9,48.12,34.04,60.65,1.11,0.0,49.68,0.0,16.2,0.0,29.83,,100.0,7.68,0.0,61.54,61.92,70.45,61.59,21.15,85.33,48.65,48.21,86.85,32.62,82.95,58.33,0.0,30.77,66.67,100.0,49.27,0.0,0.0,48.93,58.1
14,241400878,CC Terre d'Auge,,,0.0,,,0.0,75.0,56.37,55.34,0.0,40.9,38.46,65.7,46.0,57.2,18.08,58.35,51.23,39.43,38.78,52.53,1.7,26.65,36.7,26.35,13.33,60.71,1.97,19.2,44.07,50.7,55.13,0.0,100.0,0.0,0.0,42.31,50.29,52.24,74.51,5.85,34.04,56.31,22.78,0.0,48.66,0.0,60.3,0.0,85.95,5.54,100.0,73.56,100.0,53.85,74.64,61.74,63.91,33.87,56.0,42.05,46.43,51.1,48.76,33.67,57.21,100.0,12.58,63.22,50.0,32.54,19.02,4.0,48.93,55.29
15,200066637,CC Hautes Terres,,,45.0,,,0.0,75.0,44.71,31.18,0.0,24.45,0.0,14.53,36.18,50.25,0.0,0.0,38.04,77.14,51.02,43.89,0.7,57.46,20.49,2.73,0.0,0.0,92.1,31.64,24.81,18.43,60.68,99.21,100.0,100.0,90.42,60.04,44.12,32.37,55.56,23.57,28.73,51.85,100.0,0.0,53.66,21.05,52.7,0.0,90.36,5.77,97.23,98.26,50.0,46.15,53.94,29.92,74.17,70.15,87.0,100.0,46.43,54.82,90.44,3.52,22.68,0.0,5.82,72.41,50.0,20.05,74.67,0.0,38.21,41.32
15,200066660,CC de Saint-Flour,,,42.0,,,0.0,75.0,44.49,39.89,0.0,29.8,0.0,27.33,41.27,52.78,0.0,0.0,43.56,58.57,6.12,53.71,0.6,54.93,22.15,4.6,60.0,0.0,66.55,34.32,38.15,32.68,60.68,64.81,50.0,100.0,85.09,55.15,46.32,57.37,68.63,45.8,28.73,55.07,62.22,50.0,54.09,0.0,58.8,0.0,89.92,7.19,100.0,99.03,100.0,38.46,61.73,44.7,64.24,61.98,40.67,82.83,50.0,67.67,100.0,0.0,40.1,100.0,1.92,71.26,100.0,30.15,76.41,0.0,38.21,50.35
15,200066678,CC de la Châtaigneraie Cantalienne,,,37.0,,,0.0,75.0,50.0,41.57,0.0,19.2,100.0,42.44,37.27,48.74,0.0,0.0,47.55,54.29,36.73,63.53,0.8,47.4,25.86,21.76,13.33,0.0,43.79,47.58,18.15,5.0,60.68,71.43,100.0,100.0,76.34,43.34,36.62,45.51,64.05,92.36,28.73,55.77,19.44,0.0,63.0,0.0,65.4,0.0,90.37,6.78,100.0,94.79,69.29,46.15,66.48,42.8,58.61,59.44,49.67,100.0,51.79,62.95,45.3,0.0,31.25,100.0,21.8,68.97,100.0,27.49,75.76,0.0,38.21,57.35
15,241500230,CA du Bassin d'Aurillac,,,40.0,,,0.0,75.0,54.41,56.46,89.33,74.95,21.54,40.12,54.73,26.64,64.46,64.82,55.21,60.0,71.43,63.53,1.5,100.0,40.35,18.75,100.0,0.0,52.38,45.55,43.7,64.62,60.68,39.42,50.0,100.0,21.56,37.49,60.59,55.13,74.51,69.66,28.73,60.23,84.44,100.0,49.33,0.0,30.6,0.0,80.93,10.16,100.0,97.35,83.86,46.15,52.23,56.06,58.61,35.88,75.0,100.0,50.0,80.32,100.0,38.48,66.25,100.0,8.09,65.52,100.0,44.75,66.09,0.0,38.21,54.39
15,241500255,CC du Pays Gentiane,,,42.0,,,0.0,75.0,45.59,23.6,0.0,29.85,39.62,18.6,29.82,45.58,0.0,0.0,35.58,68.0,0.0,34.49,0.4,29.94,20.88,0.0,0.0,0.0,73.98,18.65,0.0,0.0,60.68,83.07,100.0,100.0,90.12,78.24,32.94,26.6,52.29,79.39,28.73,47.61,95.0,0.0,55.23,0.0,48.8,0.0,77.53,4.73,100.0,99.74,62.29,46.15,53.37,35.61,57.62,65.33,0.0,100.0,50.0,53.31,99.01,39.76,0.0,0.0,0.4,75.86,100.0,19.26,78.59,0.0,38.21,44.87
15,241500271,CC du Pays de Mauriac,,,42.0,,,100.0,100.0,48.53,30.9,11.33,43.5,27.69,14.53,25.09,51.39,2.79,0.0,39.88,54.57,34.69,34.49,0.4,55.11,26.43,39.51,86.67,0.0,100.0,31.14,0.0,54.63,60.68,37.83,100.0,100.0,78.42,57.48,56.03,80.13,61.44,100.0,28.73,49.58,93.89,50.0,52.85,0.0,46.8,5.23,88.96,6.87,100.0,97.94,78.86,53.85,56.03,42.42,53.31,58.77,39.67,96.72,51.79,55.82,100.0,53.24,74.19,100.0,2.99,75.86,100.0,30.41,70.43,0.0,38.21,47.74
15,241501055,CC Sumène - Artense,,,42.0,,,31.46,50.0,47.79,32.02,0.0,27.05,100.0,33.14,37.27,44.82,8.84,0.0,38.04,39.14,26.53,34.49,0.6,64.36,24.75,42.17,33.33,0.0,100.0,65.49,0.0,41.52,60.68,71.96,100.0,100.0,78.92,41.78,37.21,41.67,56.86,59.58,28.73,42.86,34.44,0.0,54.52,0.0,40.0,0.0,81.05,8.9,73.35,98.44,100.0,46.15,59.64,43.56,54.3,62.38,99.33,79.67,51.79,44.18,51.07,0.0,24.97,100.0,1.88,70.11,100.0,16.07,69.67,0.0,38.21,50.74
15,241501089,CC Cère et Goul en Carladès,,,40.0,,,0.0,50.0,47.06,41.85,0.0,31.3,100.0,40.12,48.0,44.95,3.55,0.0,45.4,58.57,0.0,63.53,1.0,50.03,28.52,9.93,100.0,0.0,100.0,38.59,5.56,10.4,60.68,85.98,100.0,100.0,84.57,52.97,55.59,83.33,64.05,100.0,28.73,54.25,77.78,0.0,73.21,0.0,44.1,0.0,89.2,10.44,100.0,98.38,64.29,46.15,61.54,51.52,71.52,59.71,29.0,100.0,51.79,85.44,47.12,0.0,32.29,0.0,1.05,66.67,100.0,32.27,74.24,0.0,38.21,48.13
15,241501139,CC du Pays de Salers,,,41.0,,,0.0,75.0,50.74,30.34,0.0,14.9,0.0,43.6,35.64,51.89,0.0,0.0,43.87,66.86,85.71,49.01,0.5,33.01,24.0,0.61,93.33,0.0,100.0,57.55,0.0,0.0,60.68,82.01,100.0,100.0,85.88,62.83,34.41,76.6,50.98,89.75,28.73,49.4,98.61,0.0,54.96,38.6,77.0,0.0,89.36,3.79,100.0,98.21,75.71,46.15,59.64,29.92,70.2,66.13,31.33,100.0,48.21,93.67,57.66,1.57,45.6,100.0,1.87,73.56,100.0,13.41,77.28,0.0,38.21,47.65
16,200029734,CC des 4B Sud Charente,,,39.0,,,100.0,75.0,42.65,40.17,91.33,26.75,100.0,26.74,43.09,55.68,0.0,9.29,43.56,45.14,83.67,56.16,1.1,55.72,23.91,44.39,0.0,0.0,36.59,8.13,0.74,39.56,26.92,25.93,50.0,100.0,29.44,35.22,32.5,51.92,66.67,27.97,61.74,38.91,100.0,0.0,27.95,0.0,68.9,0.0,100.0,4.86,100.0,0.0,11.29,61.54,67.05,40.91,39.07,34.4,31.67,57.5,46.43,46.18,92.09,39.05,63.67,100.0,12.85,70.11,50.0,25.9,61.96,0.0,35.36,35.74
16,200043016,CC Val de Charente,,,28.0,,,31.93,25.0,37.25,32.87,36.67,19.35,100.0,27.33,40.91,50.0,0.43,19.55,40.18,53.43,63.27,58.91,0.7,14.11,21.55,0.84,13.33,0.0,67.94,25.66,30.0,17.94,26.92,4.23,100.0,55.5,58.67,39.31,46.62,67.95,55.56,62.83,61.74,28.26,47.22,100.0,37.37,0.0,62.3,0.0,99.99,6.95,100.0,41.65,0.0,61.54,62.49,26.14,27.48,42.17,28.33,63.22,46.43,56.43,100.0,52.24,73.88,0.0,3.45,68.97,100.0,8.1,57.61,0.0,35.36,36.52
16,200068914,CC La Rochefoucauld Porte du Périgord,,,64.0,,,100.0,75.0,47.79,43.26,78.0,20.05,0.0,41.28,50.36,54.17,17.83,14.33,44.17,29.71,42.86,58.91,1.0,69.82,24.51,18.49,13.33,1.79,30.31,4.3,18.15,23.18,26.92,61.64,50.0,31.44,33.73,23.41,47.5,68.91,66.01,7.87,61.74,42.14,100.0,50.0,41.79,0.0,66.5,0.0,96.6,3.61,85.21,59.53,27.14,61.54,68.57,50.76,51.32,28.78,45.33,47.97,53.57,52.71,37.07,41.43,25.05,100.0,5.62,70.11,100.0,24.04,38.26,0.0,35.36,53.06
16,200070282,CC Lavalette Tude Dronne,,,55.0,,,0.0,75.0,46.43,35.96,18.0,11.25,64.23,28.49,39.82,56.31,0.0,0.0,43.56,49.71,34.69,56.16,1.0,65.17,22.67,0.0,0.0,0.0,33.1,8.79,0.0,16.79,26.92,38.62,100.0,100.0,62.28,40.41,50.29,71.79,56.86,100.0,61.74,29.6,100.0,50.0,27.79,0.0,72.5,0.0,99.99,11.16,100.0,41.76,5.0,61.54,65.34,32.95,37.42,40.16,9.0,63.61,46.43,39.86,73.15,0.0,20.55,100.0,2.03,70.11,50.0,12.62,28.8,0.0,35.36,46.58
16,200070514,CA du Grand Cognac,,,42.0,,,0.0,75.0,41.18,47.47,100.0,40.6,0.0,44.19,44.18,38.26,56.88,72.59,49.69,45.43,81.63,58.75,2.0,100.0,33.71,11.46,26.67,91.07,54.01,13.67,41.11,54.95,26.92,0.0,0.0,12.39,18.65,27.85,26.03,62.82,74.51,22.76,61.74,45.22,100.0,100.0,43.95,0.0,44.3,0.0,51.51,2.75,100.0,0.0,0.0,61.54,60.97,58.33,49.34,26.91,64.67,50.63,46.43,32.53,100.0,54.86,64.27,100.0,18.06,66.67,0.0,21.12,35.43,0.0,35.36,41.35
16,200071827,CA du Grand Angoulême,,,45.0,,,16.9,50.0,50.74,56.18,100.0,82.6,100.0,54.65,54.91,33.33,82.39,88.26,53.07,53.14,93.88,58.91,1.7,100.0,35.18,13.3,40.0,98.21,41.7,20.24,48.89,48.73,26.92,37.3,0.0,37.44,0.0,25.34,52.94,60.58,78.43,46.38,61.74,45.64,15.28,100.0,59.3,0.0,24.6,0.0,49.3,5.32,59.89,0.0,30.29,61.54,53.18,40.53,42.72,14.99,57.0,58.11,44.64,62.15,100.0,50.24,70.39,59.46,20.56,,0.0,28.02,17.83,22.0,35.36,40.81
16,200072023,CC Coeur de Charente,,,39.0,,,0.0,75.0,39.5,40.73,66.0,10.1,59.62,33.14,37.45,55.05,14.42,0.0,42.33,34.0,38.78,58.75,1.1,70.69,22.43,0.11,26.67,0.0,40.53,6.33,34.81,0.0,26.92,7.41,50.0,48.54,53.45,31.82,38.09,4.49,66.67,26.23,61.74,38.18,0.0,0.0,33.27,7.02,66.8,0.0,98.84,6.53,100.0,30.56,0.0,61.54,67.24,45.45,42.38,38.42,44.33,54.6,50.0,39.26,57.0,0.0,41.67,100.0,10.87,67.82,0.0,9.96,40.65,0.0,35.36,48.06
16,200072049,CC de Charente Limousine,,,35.0,,,0.0,75.0,44.12,34.55,49.33,23.8,0.0,11.63,32.91,57.45,0.0,0.0,41.72,47.43,46.94,56.77,0.8,18.16,20.97,4.24,0.0,0.0,52.38,17.01,5.93,18.43,26.92,19.84,100.0,0.0,47.39,30.97,36.03,61.22,58.82,36.88,61.74,28.41,69.17,50.0,34.97,0.0,67.9,0.0,98.03,8.63,100.0,81.68,32.14,46.15,64.2,25.0,38.41,42.97,13.33,70.73,48.21,39.66,80.89,21.33,47.19,100.0,1.88,71.26,100.0,15.01,64.57,0.0,35.36,44.32
16,241600303,CC du Rouillacais,,,66.0,,,0.0,75.0,45.59,46.91,89.33,5.45,0.0,38.95,43.45,56.94,0.0,0.0,44.79,34.29,38.78,58.75,1.0,96.25,22.54,1.67,0.0,100.0,0.0,1.4,26.3,0.0,26.92,0.0,50.0,62.8,50.61,22.66,23.97,78.53,72.55,54.6,61.74,40.5,23.33,0.0,20.21,42.11,83.8,0.0,96.04,2.64,100.0,0.0,0.0,69.23,73.12,52.27,50.99,27.71,26.67,55.15,50.0,48.49,44.32,14.67,39.11,100.0,6.81,65.52,50.0,15.54,67.61,0.0,35.36,43.94
17,200036473,"CA ""Saintes - Grandes Rives - L'Agglo""",,,44.0,,,0.0,75.0,45.59,55.34,100.0,46.45,36.54,53.49,47.64,48.86,76.05,77.46,46.63,46.86,79.59,52.72,1.7,100.0,38.54,16.23,100.0,92.86,47.27,52.56,66.3,57.58,27.56,15.87,50.0,15.93,13.75,40.82,62.35,65.38,67.97,48.76,53.93,43.55,100.0,50.0,51.96,17.54,44.0,0.0,62.55,3.26,100.0,0.0,10.57,61.54,56.6,51.14,41.39,28.11,89.0,67.93,48.21,67.07,100.0,46.05,69.9,100.0,20.23,64.37,50.0,26.16,0.0,0.0,29.64,46.84
17,200041499,CC Aunis Atlantique,,,66.0,,,100.0,75.0,53.92,63.2,100.0,9.85,76.15,58.72,53.09,76.01,68.22,30.4,54.91,30.0,30.61,49.01,1.4,14.59,29.82,14.33,73.33,0.0,24.04,15.91,57.78,35.3,27.56,0.0,0.0,100.0,35.04,30.37,54.26,52.24,84.31,42.73,53.93,59.61,100.0,50.0,67.4,29.82,53.5,0.0,95.81,3.05,100.0,45.06,11.57,61.54,81.67,67.8,60.93,31.06,89.0,38.5,57.14,68.27,2.14,62.62,38.8,100.0,100.0,64.37,50.0,29.35,29.57,100.0,29.64,58.52
17,200041523,CC de la Haute Saintonge,,,40.0,,,0.0,75.0,44.41,38.48,68.0,11.9,5.0,30.81,43.45,65.91,22.93,16.03,40.49,36.0,28.57,52.64,1.4,20.18,25.93,14.07,26.67,89.29,34.26,29.22,20.74,23.18,27.56,36.51,50.0,100.0,43.19,40.86,44.71,57.69,64.05,23.51,53.93,36.51,100.0,100.0,49.14,0.0,66.5,0.0,98.79,3.19,100.0,0.0,18.0,53.85,66.67,38.64,40.07,36.81,31.67,82.5,46.43,39.06,76.61,50.0,52.24,100.0,7.94,68.97,0.0,20.58,2.5,0.0,29.64,36.48
17,200041614,CC Aunis Sud,,,59.0,,,0.09,50.0,50.0,55.06,100.0,14.7,0.0,55.81,41.45,66.41,53.01,70.89,49.08,39.14,61.22,49.09,1.2,20.09,30.05,7.31,53.33,98.21,29.62,27.31,42.22,8.44,27.56,0.0,50.0,10.58,43.94,31.63,44.71,32.69,75.82,69.08,53.93,46.97,100.0,100.0,59.78,0.0,55.2,0.0,95.79,5.4,100.0,40.94,0.0,61.54,77.87,59.09,48.01,27.18,89.33,67.71,55.36,56.33,39.37,63.9,36.64,100.0,74.35,66.67,50.0,25.63,26.3,52.0,29.64,51.13
17,200041689,CC Vals de Saintonge Communauté,,,44.0,,,0.0,75.0,41.91,35.11,72.0,14.1,33.46,25.58,36.55,59.09,22.5,1.16,40.18,42.0,28.57,52.71,1.0,20.66,24.61,3.71,0.0,69.64,50.75,27.47,8.15,8.6,27.56,0.0,100.0,40.16,69.4,38.78,50.0,66.67,62.09,69.77,53.93,34.52,100.0,100.0,46.86,0.0,67.7,0.0,99.13,5.57,100.0,0.0,0.0,61.54,63.82,40.53,35.1,35.74,26.0,59.97,50.0,50.2,67.71,19.9,53.67,100.0,10.58,68.97,100.0,13.94,16.41,0.0,29.64,38.1
17,200041762,CA Rochefort Océan,,,46.0,,,0.0,50.0,50.49,54.21,42.0,54.9,100.0,55.81,47.64,48.23,84.93,77.05,49.39,62.86,100.0,49.17,1.3,82.11,36.38,39.29,93.33,89.29,41.7,46.1,49.63,74.77,27.56,0.0,100.0,100.0,19.43,36.96,61.18,35.9,69.93,38.56,53.93,41.78,100.0,100.0,56.69,0.0,26.6,0.0,94.52,2.25,100.0,47.76,70.0,61.54,56.22,49.62,52.32,24.36,100.0,81.3,50.0,44.58,100.0,49.71,68.85,100.0,100.0,,100.0,24.57,0.0,0.0,29.64,38.13
17,241700434,CA de La Rochelle,,,63.0,,,100.0,50.0,56.62,65.17,60.67,100.0,100.0,65.7,58.0,43.69,96.41,99.15,51.84,86.86,100.0,49.01,2.5,83.61,45.39,67.1,100.0,100.0,35.89,40.89,88.15,100.0,27.56,0.0,0.0,29.3,0.0,43.09,54.85,53.21,75.82,32.66,53.93,53.31,100.0,100.0,72.62,0.0,10.5,0.0,39.82,10.46,100.0,9.06,0.0,69.23,49.76,55.3,53.64,20.21,88.0,60.03,42.86,71.79,100.0,72.43,71.07,62.43,100.0,,0.0,31.21,0.0,0.0,29.64,44.03
17,241700459,CC de l'Ile de Ré,,,6.0,,,100.0,25.0,42.65,39.89,0.0,50.55,100.0,87.21,53.27,84.47,85.51,59.11,55.21,85.14,100.0,49.01,2.7,100.0,45.07,80.98,100.0,0.0,83.51,26.27,10.0,65.6,27.56,12.7,100.0,100.0,3.33,100.0,66.47,78.21,43.79,7.47,53.93,45.87,100.0,100.0,75.93,100.0,5.0,0.0,11.46,18.73,0.0,0.0,40.86,61.54,68.76,65.53,44.37,38.29,100.0,99.71,33.93,100.0,100.0,48.57,28.91,78.95,36.65,68.97,100.0,66.8,0.0,0.0,29.64,38.26
17,241700517,CC Coeur de Saintonge,,,46.0,,,0.0,50.0,53.43,57.87,88.67,1.95,0.0,53.49,42.91,68.56,62.14,47.46,53.68,32.29,38.78,48.9,1.2,10.95,28.32,9.88,26.67,94.64,0.0,26.1,58.15,33.01,27.56,8.73,100.0,11.54,34.19,31.42,50.88,55.77,74.51,100.0,53.93,55.35,29.17,0.0,61.47,0.0,62.3,0.0,100.0,4.76,100.0,23.94,0.0,69.23,79.58,57.2,54.3,35.34,85.0,50.86,53.57,44.68,9.23,31.76,54.87,100.0,21.69,64.37,100.0,18.73,14.13,36.0,29.64,54.13
17,241700624,CC de l'Ile d'Oléron,,,6.0,,,100.0,50.0,60.78,35.96,0.0,31.8,100.0,85.47,48.73,83.84,75.91,71.65,43.87,55.71,91.84,50.66,1.6,11.1,37.87,79.36,40.0,100.0,69.8,47.47,80.0,21.7,27.56,32.01,100.0,100.0,15.34,83.46,67.06,83.97,44.44,55.88,53.93,40.02,100.0,100.0,66.27,100.0,13.0,0.0,27.1,24.76,0.0,0.0,100.0,61.54,58.12,50.76,16.89,33.47,90.0,100.0,44.64,68.57,100.0,54.76,0.0,100.0,8.19,75.86,100.0,29.61,17.83,0.0,29.64,36.06
17,241700632,CC de Gémozac et de la Saintonge Viticole,,,44.0,,,48.89,75.0,47.43,55.06,72.67,1.45,0.0,50.0,49.27,70.83,50.07,52.46,50.31,24.86,4.08,48.76,1.2,43.15,28.32,0.33,73.33,100.0,13.82,36.29,53.7,25.47,27.56,11.38,100.0,0.0,27.94,31.4,43.09,74.04,71.24,79.5,53.93,45.38,100.0,0.0,48.45,0.0,64.7,0.0,78.38,1.62,100.0,0.0,0.0,61.54,77.11,54.55,45.7,26.77,53.0,35.19,53.57,47.09,18.29,60.71,49.22,0.0,3.5,67.82,100.0,14.48,22.61,0.0,29.64,44.1
17,241700640,CA Royan Atlantique,,,37.0,,,0.0,50.0,49.12,50.0,0.0,26.95,100.0,75.58,58.18,60.86,89.42,86.38,50.0,46.0,100.0,48.76,1.7,100.0,41.9,42.84,33.33,100.0,52.85,28.35,95.56,60.2,27.56,15.87,50.0,100.0,15.0,59.87,67.35,66.03,29.41,15.17,53.93,41.47,100.0,50.0,64.21,0.0,17.9,0.0,61.49,4.69,71.21,0.0,27.57,61.54,56.79,56.06,33.11,23.16,100.0,69.01,46.43,52.81,100.0,60.9,66.22,100.0,9.61,70.11,100.0,25.1,6.3,0.0,29.64,46.97
17,241700699,CC du Bassin de Marennes,,,44.0,,,100.0,50.0,53.68,48.88,18.67,18.5,43.08,55.23,40.91,67.42,77.21,72.99,40.49,43.71,85.71,50.66,1.2,14.32,30.53,36.12,53.33,89.29,41.46,32.57,79.63,31.37,27.56,0.0,100.0,100.0,54.3,40.47,54.26,71.47,59.48,18.93,53.93,38.02,100.0,100.0,51.82,100.0,17.6,0.0,93.32,0.32,42.96,70.56,100.0,61.54,65.91,51.52,31.46,35.48,70.0,61.37,53.57,76.41,65.57,64.29,42.27,100.0,25.08,65.52,100.0,13.94,39.35,0.0,29.64,45.52
18,200000933,CC Sauldre et Sologne,,,53.0,,,29.37,75.0,48.53,29.49,43.33,64.25,0.0,25.0,36.0,51.89,28.44,0.0,37.42,47.43,0.0,52.75,0.7,17.44,24.06,39.84,6.67,0.0,47.74,14.43,0.0,14.66,33.33,100.0,0.0,100.0,85.2,31.5,21.76,16.03,60.78,34.34,34.96,33.18,0.0,50.0,46.18,0.0,46.0,0.0,100.0,3.04,29.92,33.68,4.57,38.46,55.65,50.76,37.75,39.63,53.0,63.09,51.79,32.73,94.23,43.52,17.6,0.0,7.41,72.41,50.0,15.54,87.39,0.0,42.86,56.9
18,200007177,CC Pays de Nérondes,,,60.0,,,0.0,75.0,50.0,31.18,40.67,36.15,0.0,18.02,32.73,54.42,3.01,0.0,39.88,41.43,20.41,58.66,0.6,23.93,19.86,0.0,0.0,0.0,66.78,21.12,0.0,0.0,33.33,0.0,100.0,0.0,87.03,31.43,57.06,73.4,63.4,100.0,34.96,31.36,,0.0,46.44,0.0,73.7,0.0,98.95,4.42,100.0,54.71,0.0,69.23,59.64,35.98,36.09,39.22,18.33,66.11,50.0,40.06,22.24,0.0,15.81,0.0,8.61,66.67,100.0,5.71,55.87,0.0,42.86,51.68
18,200011781,CC Portes du Berry entre Loire et Val d'Aubois,,,65.0,,,57.94,75.0,55.15,31.46,80.67,34.8,0.0,16.86,38.73,50.38,37.93,0.0,37.42,31.43,18.37,58.75,0.9,2.93,25.28,24.53,0.0,0.0,40.3,20.84,35.93,0.0,33.33,57.41,100.0,0.0,76.15,22.42,42.94,37.18,68.63,0.0,34.96,45.24,0.0,0.0,56.34,40.35,50.4,0.0,96.88,2.79,84.96,67.5,58.43,46.15,64.39,45.08,48.68,28.25,48.0,39.74,51.79,61.45,7.58,22.24,49.66,0.0,0.69,71.26,100.0,24.83,64.78,0.0,42.86,54.52
18,200027076,CC Arnon Boischaut Cher,,,58.0,,,0.0,25.0,51.84,26.4,62.67,22.75,0.0,13.37,23.09,57.45,8.08,0.0,35.28,43.71,34.69,58.58,1.1,14.15,22.83,0.0,0.0,83.93,55.4,2.6,1.11,11.88,33.33,34.13,100.0,0.0,78.69,25.91,47.94,68.91,65.36,56.46,34.96,39.06,72.78,50.0,40.92,0.0,59.8,0.0,97.27,8.61,100.0,52.74,0.0,46.15,59.64,46.59,35.76,40.43,29.0,65.63,50.0,63.76,36.57,6.1,41.69,0.0,13.19,70.11,100.0,17.66,59.46,0.0,42.86,56.0
18,200032514,CC Berry-Loire-Vauvise,,,54.0,,,0.0,75.0,55.88,22.47,14.67,30.5,0.0,21.51,28.91,60.86,0.0,0.0,28.22,30.57,0.0,53.85,0.6,20.47,24.8,66.29,0.0,0.0,9.41,14.11,0.0,0.0,33.33,10.32,0.0,0.0,88.53,21.68,34.26,67.31,64.05,1.91,34.96,32.78,17.78,0.0,39.94,0.0,100.0,0.0,98.67,3.0,100.0,55.91,0.0,46.15,57.74,42.05,35.1,45.78,28.67,60.16,51.79,14.76,12.36,0.0,18.91,0.0,2.24,66.67,100.0,13.15,58.59,0.0,42.86,49.97
18,200036135,CC Coeur de France,,,57.0,,,92.61,50.0,52.94,32.3,87.33,96.15,0.0,15.12,33.82,31.06,55.62,62.59,46.32,62.86,51.02,58.58,0.9,6.1,27.46,27.0,0.0,32.14,68.64,9.78,0.0,25.47,33.33,31.22,50.0,0.0,75.96,34.16,58.97,68.27,58.17,47.94,34.96,39.15,58.06,50.0,71.6,64.91,38.6,0.0,96.05,7.04,100.0,70.91,59.86,46.15,49.76,37.12,33.44,36.14,100.0,58.02,50.0,53.01,100.0,59.14,77.24,0.0,4.36,68.97,100.0,10.23,52.93,0.0,42.86,55.0
18,200049484,CC Berry Grand Sud,,,59.0,,,0.0,50.0,50.25,20.51,0.0,23.15,0.0,1.74,28.18,60.98,0.0,0.0,32.52,61.71,48.98,57.34,0.6,21.86,20.07,13.61,0.0,0.0,27.53,3.53,0.0,2.21,33.33,0.0,50.0,0.0,82.39,33.78,32.5,77.24,47.71,75.39,34.96,32.87,15.28,0.0,51.66,12.28,75.1,0.0,98.5,7.08,100.0,75.06,45.71,53.85,55.27,21.97,33.11,48.06,0.0,92.62,46.43,64.16,48.43,0.0,37.27,0.0,0.72,72.41,100.0,0.4,62.5,0.0,42.86,45.35
18,200066330,CC Terres du Haut Berry,,,51.0,,,65.41,75.0,47.65,50.84,88.0,20.7,0.0,41.86,40.55,53.91,35.62,18.84,50.0,29.71,38.78,57.1,1.1,59.88,27.24,2.77,0.0,37.5,38.21,21.94,12.96,19.41,33.33,30.69,50.0,0.0,64.19,23.18,31.62,14.42,73.86,28.89,34.96,58.58,0.0,0.0,60.97,3.51,65.0,0.0,100.0,6.74,100.0,15.85,0.0,46.15,74.45,64.02,50.66,29.32,100.0,49.66,53.57,62.85,20.26,7.29,46.09,0.0,6.95,65.52,50.0,22.71,59.89,26.0,42.86,63.68
18,200069227,CC Pays Fort Sancerrois Val de Loire,,,45.0,,,0.0,50.0,52.57,28.09,16.0,29.7,0.0,5.23,36.55,60.98,6.63,0.0,35.89,52.29,57.14,49.92,1.3,12.25,27.57,24.08,0.0,0.0,56.33,9.23,7.78,5.98,33.33,6.88,50.0,0.0,74.73,37.51,26.32,80.45,63.4,16.97,34.96,43.14,89.17,100.0,53.08,0.0,75.5,0.0,97.55,7.94,100.0,0.0,0.0,46.15,57.36,52.65,49.34,45.38,38.67,69.2,44.64,44.28,99.34,21.43,51.67,0.0,7.1,70.11,100.0,15.8,46.3,0.0,42.86,54.81
18,200070571,CC Coeur de Berry,,,59.0,,,0.0,75.0,51.96,48.88,82.67,8.8,0.0,46.51,41.82,54.04,41.67,32.68,50.0,26.0,53.06,51.32,1.0,8.08,24.01,0.0,0.0,41.07,0.35,14.6,15.19,31.37,33.33,11.11,100.0,0.0,70.47,18.58,26.03,15.38,75.16,40.13,34.96,48.36,,0.0,39.83,0.0,86.2,0.0,69.27,1.72,100.0,11.35,0.0,61.54,78.63,74.24,52.65,33.47,100.0,42.8,57.14,43.78,0.99,48.9,61.64,0.0,3.33,60.92,100.0,20.32,44.35,40.0,42.86,60.1
18,200090561,CC Vierzon-Sologne-Berry,,,56.0,,,0.0,50.0,52.21,35.67,100.0,68.0,32.69,20.35,45.64,29.04,67.72,65.13,42.64,52.86,53.06,44.06,0.9,78.63,26.38,17.17,0.0,0.0,57.96,16.08,20.0,41.2,33.33,70.37,100.0,31.97,60.88,26.12,58.09,36.22,63.4,41.0,34.96,25.51,32.22,100.0,21.89,0.0,25.2,26.71,63.65,8.54,32.98,30.79,7.43,38.46,54.51,25.38,22.85,28.51,3.67,48.23,46.43,63.86,94.73,32.71,63.05,37.01,10.72,65.52,0.0,15.27,56.09,0.0,42.86,45.29
18,241800374,CC la Septaine,,,54.0,,,100.0,75.0,52.94,54.21,100.0,76.3,29.62,37.79,42.36,53.91,1.23,0.0,47.85,49.71,34.69,58.58,0.9,15.44,28.14,0.29,0.0,0.0,9.64,24.79,0.0,0.0,33.33,5.29,100.0,0.0,75.84,15.39,76.18,66.99,88.24,33.47,34.96,49.89,43.89,0.0,53.89,100.0,72.6,0.0,83.18,5.96,100.0,42.62,0.0,46.15,73.69,61.36,48.34,40.56,100.0,45.92,53.57,9.64,71.33,0.0,40.96,0.0,12.53,63.22,100.0,24.04,68.48,100.0,42.86,32.84
18,241800424,CC le Dunois,,,57.0,,,100.0,75.0,52.94,37.36,78.67,15.85,0.0,15.12,25.09,53.54,0.0,0.0,42.33,50.29,67.35,58.58,0.9,27.26,22.06,0.0,0.0,0.0,0.0,0.0,24.07,34.64,33.33,11.38,100.0,0.0,85.21,25.41,64.41,85.26,66.67,4.0,34.96,37.9,5.56,0.0,53.71,21.05,52.4,0.0,98.87,11.26,100.0,49.41,0.0,61.54,64.01,54.92,46.03,40.83,74.0,50.57,53.57,60.24,31.3,0.0,41.41,0.0,10.51,72.41,100.0,12.88,61.63,0.0,42.86,61.19
18,241800432,CC les Trois Provinces,,,57.0,,,0.0,25.0,58.82,16.85,53.33,57.75,100.0,9.88,29.45,53.03,0.0,0.0,33.44,69.14,89.8,58.66,1.1,5.53,20.45,0.0,0.0,0.0,59.12,10.38,16.3,89.19,33.33,3.17,100.0,0.0,81.77,29.7,38.97,39.1,45.75,0.0,34.96,27.37,21.94,0.0,47.41,28.07,50.1,0.0,96.31,4.09,100.0,76.88,68.57,61.54,55.46,19.7,7.95,31.33,0.0,59.22,46.43,27.11,92.26,58.0,20.21,100.0,2.04,74.71,100.0,5.18,68.48,0.0,42.86,52.74
18,241800457,CC FerCher,,,61.0,,,0.0,75.0,50.0,44.66,100.0,58.05,0.0,37.79,34.55,43.18,54.78,18.35,42.94,35.14,63.27,58.58,0.8,66.4,26.06,17.22,0.0,100.0,28.46,6.22,12.22,18.1,33.33,35.19,50.0,0.0,73.81,14.44,38.68,0.0,70.59,0.0,34.96,35.43,15.83,0.0,73.02,0.0,47.7,0.0,55.02,9.49,100.0,24.62,0.0,53.85,62.11,51.89,35.76,31.46,100.0,33.46,53.57,40.36,28.34,60.33,54.58,0.0,12.76,72.41,100.0,20.58,66.74,0.0,42.86,56.16
18,241800507,CA Bourges Plus,,,56.0,,,81.49,50.0,50.0,57.02,100.0,100.0,0.0,39.53,58.0,21.59,89.09,91.16,52.76,60.29,87.76,58.58,1.5,100.0,37.71,38.59,0.0,100.0,39.37,21.23,43.33,71.83,33.33,0.0,100.0,0.0,0.0,25.86,51.18,43.59,75.16,33.7,34.96,44.94,53.61,100.0,63.6,0.0,6.7,0.0,35.84,2.34,100.0,43.41,0.0,53.85,51.09,42.8,47.02,15.39,63.33,53.4,42.86,71.29,100.0,57.14,69.66,13.84,24.96,63.22,0.0,28.29,60.98,22.0,42.86,49.84
19,200043172,CA du Bassin de Brive,,,22.0,,,7.2,50.0,55.39,56.46,90.0,47.8,96.54,44.77,53.64,30.68,71.2,80.62,51.84,45.71,91.84,54.62,1.6,65.98,34.51,12.73,33.33,50.0,54.24,77.05,48.52,47.58,52.35,47.62,100.0,100.0,0.0,39.53,48.24,37.5,71.24,24.15,33.47,51.68,28.06,100.0,68.21,0.0,32.6,0.0,71.6,4.9,60.98,51.97,98.0,61.54,56.03,50.76,52.98,29.85,43.0,48.98,48.21,54.02,100.0,54.76,53.44,64.97,13.36,64.37,50.0,42.1,37.83,0.0,36.07,51.42
19,200066603,CC du Pays de Lubersac-Pompadour,,,22.0,,,0.0,75.0,47.06,33.99,38.0,35.95,0.0,18.6,27.64,51.64,11.49,0.0,45.09,46.0,0.0,53.63,1.0,8.19,27.51,0.0,0.0,75.0,69.34,47.3,0.0,73.3,52.35,11.38,100.0,100.0,51.54,53.12,26.47,50.0,56.86,0.0,33.47,38.96,7.5,50.0,45.39,0.0,75.3,0.0,94.64,4.92,100.0,4.56,47.14,92.31,63.06,41.29,47.68,44.58,37.33,66.83,50.0,79.52,100.0,12.86,36.46,0.0,4.93,70.11,100.0,33.6,73.37,0.0,36.07,44.35
19,200066645,CC Vézère-Monédières-Millesources,,,33.0,,,0.0,100.0,42.65,25.56,0.0,30.2,0.0,45.35,29.64,58.33,0.0,0.0,43.87,64.86,34.69,42.49,0.7,19.52,27.28,0.0,0.0,0.0,89.08,25.23,0.0,0.0,52.35,100.0,100.0,100.0,87.96,73.2,56.91,67.63,35.95,100.0,33.47,33.88,100.0,0.0,32.91,0.0,74.4,0.0,85.66,13.06,24.6,97.26,100.0,84.62,51.09,26.89,57.62,51.41,0.0,100.0,44.64,78.41,96.71,0.0,0.0,0.0,1.65,72.41,100.0,11.55,82.39,0.0,36.07,43.97
19,200066744,CC Haute-Corrèze Communauté,,,39.0,,,0.0,75.0,46.18,33.43,0.0,48.1,0.0,15.12,28.0,50.25,0.0,0.0,38.34,46.29,12.24,42.0,0.8,47.75,25.9,3.54,0.0,0.0,53.77,70.15,17.04,39.89,52.35,100.0,0.0,100.0,79.83,50.55,55.15,64.42,66.67,97.86,33.47,45.38,44.72,100.0,49.69,54.39,47.4,0.0,84.33,7.27,38.11,98.41,100.0,76.92,52.99,44.7,50.33,53.55,22.67,94.34,50.0,81.63,100.0,7.62,49.14,44.21,17.66,72.41,100.0,31.47,82.17,0.0,36.07,50.45
19,200066751,CC Xaintrie Val'Dordogne,,,32.0,,,0.0,75.0,49.26,28.09,0.0,20.2,0.0,31.98,28.73,61.99,0.0,0.0,41.1,56.57,91.84,50.5,0.8,19.98,25.09,0.92,86.67,0.0,92.1,73.49,0.0,0.0,52.35,100.0,100.0,100.0,78.38,63.28,45.88,61.86,50.33,55.01,33.47,44.02,66.67,0.0,39.2,0.0,76.3,0.0,86.62,9.2,43.98,97.12,100.0,76.92,56.79,36.36,57.28,59.57,10.33,98.86,48.21,67.77,77.27,45.57,21.09,0.0,2.78,73.56,100.0,23.51,71.41,0.0,36.07,48.32
19,200066769,CC Midi Corrézien,,,26.0,,,0.0,75.0,50.37,42.42,0.0,14.65,43.46,41.28,36.73,64.02,0.0,0.0,47.55,38.57,91.84,52.56,1.0,39.94,25.2,11.39,40.0,0.0,54.47,31.96,14.07,23.51,52.35,74.6,100.0,100.0,35.32,57.55,38.82,12.18,63.4,26.23,33.47,49.95,0.0,50.0,55.24,0.0,63.4,0.0,80.63,9.93,86.52,92.0,100.0,69.23,63.82,46.59,56.95,58.1,18.33,95.87,48.21,60.44,38.88,5.19,44.01,100.0,3.14,68.97,100.0,40.24,27.39,0.0,36.07,53.42
19,241900133,CC de Ventadour - Egletons - Monédières,,,34.0,,,0.0,50.0,49.26,27.53,0.0,56.05,0.0,31.4,40.73,54.29,7.25,0.0,28.22,41.14,20.41,42.49,0.7,13.6,25.99,1.69,100.0,0.0,12.2,27.69,30.37,9.42,52.35,100.0,50.0,100.0,65.58,44.0,40.29,47.76,65.36,52.87,33.47,48.13,48.33,0.0,44.97,0.0,42.6,39.25,77.65,7.04,0.0,96.26,100.0,84.62,49.76,38.64,72.52,56.49,28.67,100.0,48.21,78.92,89.29,41.86,26.12,0.0,6.76,68.97,100.0,25.37,80.54,0.0,36.07,25.29
19,241927201,CA Tulle Agglo,,,29.0,,,84.94,75.0,47.35,47.19,47.33,41.15,20.0,35.47,44.55,38.76,22.97,13.79,50.92,50.0,79.59,50.5,1.2,74.63,32.14,1.78,0.0,0.0,36.12,46.04,27.78,38.41,52.35,81.75,100.0,100.0,44.25,38.51,62.94,66.99,69.28,60.68,33.47,55.09,75.0,100.0,61.84,0.0,53.3,0.0,81.35,5.24,58.31,95.32,100.0,76.92,55.65,53.79,54.3,41.23,7.67,88.23,51.79,68.17,100.0,31.1,56.15,64.83,10.17,66.67,50.0,35.72,63.8,0.0,36.07,43.23
19,241927243,CC du Pays d'Uzerche,,,29.0,,,0.0,50.0,52.94,36.24,21.33,33.65,0.0,22.67,31.09,56.82,2.39,0.0,50.31,48.86,40.82,52.56,1.0,49.8,25.72,0.0,0.0,25.0,76.31,60.67,0.37,40.21,52.35,23.28,100.0,100.0,51.95,43.58,46.76,56.41,75.16,23.62,33.47,41.48,97.78,50.0,76.16,0.0,49.9,0.0,94.45,7.39,100.0,88.47,75.57,76.92,61.54,43.56,13.25,59.04,22.0,66.7,50.0,100.0,76.11,48.81,0.0,100.0,12.11,70.11,100.0,26.69,80.11,0.0,36.07,53.13
21,200000925,CC de la Plaine Dijonnaise,,,61.0,,,84.19,50.0,39.71,66.29,100.0,42.85,0.0,70.93,57.45,39.39,75.98,80.04,60.74,34.29,18.37,58.42,1.5,37.62,33.34,20.51,46.67,91.07,29.62,19.2,35.56,15.97,64.1,33.33,100.0,23.17,17.3,21.9,34.12,2.88,84.97,9.55,36.01,58.04,4.17,0.0,67.37,50.88,60.2,0.0,39.52,1.75,100.0,24.47,0.0,61.54,86.99,77.65,66.56,27.98,100.0,25.82,58.93,64.76,6.1,72.52,44.84,100.0,11.85,63.22,0.0,24.3,48.48,98.0,45.0,63.39
21,200006682,"CA Beaune, Côte et Sud - Communauté Beaune-Chagny-Nolay",,,53.0,,,0.0,50.0,50.0,53.65,82.0,72.4,0.0,37.21,57.82,21.59,72.5,74.87,53.07,61.43,42.86,58.0,2.1,85.1,37.62,27.1,80.0,58.93,40.07,17.01,56.3,57.41,64.1,50.0,100.0,100.0,48.89,54.47,32.65,57.69,77.12,10.08,36.01,52.55,60.0,50.0,59.68,0.0,33.6,0.0,64.34,19.64,93.71,0.0,0.0,53.85,60.78,63.26,57.95,31.59,92.0,61.53,44.64,53.31,100.0,57.67,67.32,27.97,9.69,68.97,50.0,24.3,63.91,6.0,45.0,52.16
21,200039055,CC Ouche et Montagne,,,50.0,,,0.0,75.0,55.15,59.55,82.67,7.45,0.0,60.47,48.91,52.78,25.47,0.0,57.67,35.43,16.33,58.42,1.5,68.99,31.59,50.79,26.67,0.0,28.46,22.05,6.67,19.41,64.1,96.03,100.0,100.0,73.98,36.86,60.0,0.0,77.12,27.85,36.01,63.97,15.83,0.0,63.21,19.3,79.0,0.0,97.81,19.05,46.02,76.38,32.29,61.54,80.15,79.55,71.85,42.3,55.33,70.5,57.14,94.88,6.75,5.33,24.56,100.0,22.98,62.07,100.0,35.72,74.78,68.0,45.0,64.68
21,200039063,"CC Forêts, Seine et Suzon",,,64.0,,,0.0,100.0,48.04,55.62,82.67,8.45,0.0,52.91,46.18,38.26,2.46,0.0,57.06,36.29,30.61,58.42,2.1,94.51,35.87,4.74,6.67,0.0,32.64,12.79,15.93,0.0,64.1,100.0,100.0,100.0,88.0,40.81,44.26,75.0,72.55,65.66,36.01,59.7,45.56,0.0,42.83,0.0,100.0,0.0,97.83,19.8,78.13,63.0,0.0,61.54,73.88,77.27,62.91,50.74,0.0,80.55,48.21,71.08,23.72,0.0,23.75,100.0,6.32,63.22,100.0,29.35,89.24,8.0,45.0,64.52
21,200069540,CC Norge et Tille,,,64.0,,,49.42,75.0,69.12,77.53,100.0,16.45,0.0,77.33,71.45,17.3,84.86,90.58,75.15,33.71,42.86,58.42,2.1,64.98,43.96,20.47,86.67,96.43,8.48,16.52,60.0,49.88,64.1,0.0,100.0,0.0,1.53,20.97,44.85,47.44,76.47,53.73,36.01,71.13,100.0,50.0,76.1,0.0,84.2,0.0,41.25,10.73,100.0,31.56,0.0,61.54,94.59,81.06,74.5,27.44,62.0,35.32,55.36,76.2,0.0,52.71,68.39,84.75,11.99,62.07,100.0,44.75,58.04,66.0,45.0,72.06
21,200070894,CC de Gevrey-Chambertin et de Nuits-Saint-Georges,,,51.0,,,56.64,75.0,51.1,60.11,100.0,40.5,0.0,56.98,50.55,29.8,61.16,57.99,53.37,44.86,40.82,56.93,1.8,40.37,37.99,10.07,53.33,69.64,21.72,13.72,37.04,18.43,64.1,83.86,50.0,100.0,60.61,33.97,18.68,31.73,83.01,9.55,36.01,57.36,0.0,0.0,55.75,45.61,63.8,0.0,52.98,23.71,84.71,0.0,0.0,69.23,74.64,78.03,66.56,34.81,60.0,57.11,51.79,67.17,75.78,64.05,52.99,100.0,22.33,62.07,100.0,34.66,67.28,52.0,45.0,65.65
21,200070902,CC Auxonne Pontailler Val de Saône,,,66.0,,,0.0,50.0,52.21,46.63,100.0,49.7,0.0,49.42,51.09,41.67,59.46,42.77,44.79,49.71,46.94,58.17,0.9,29.62,27.58,2.37,0.0,98.21,36.12,15.42,41.48,5.0,64.1,61.9,100.0,0.0,69.09,33.34,62.79,44.55,79.74,21.66,36.01,42.92,14.17,0.0,57.91,78.95,57.2,0.0,89.16,7.2,79.07,46.62,0.0,53.85,72.93,62.12,58.28,34.54,68.33,44.75,55.36,38.76,24.88,46.81,43.15,100.0,10.45,67.82,0.0,20.85,61.85,68.0,45.0,42.39
21,200070910,CC Tille et Venelle,,,67.0,,,99.91,75.0,33.82,43.26,78.67,24.45,0.0,29.07,36.18,40.78,0.0,0.0,47.85,52.29,0.0,58.42,1.1,67.57,26.35,0.42,13.33,0.0,13.82,7.7,10.0,24.82,64.1,87.04,100.0,22.83,87.41,31.01,4.12,86.22,73.86,0.0,36.01,42.46,23.06,0.0,32.28,0.0,100.0,0.0,98.14,14.34,100.0,25.82,0.0,61.54,73.88,67.42,51.66,53.15,42.0,80.07,55.36,46.99,100.0,9.52,0.0,100.0,1.6,67.82,100.0,24.83,91.09,26.0,45.0,62.13
21,200071017,CC des Terres d'Auxois,,,67.0,,,23.28,75.0,47.55,39.33,33.33,65.0,0.0,27.91,42.0,45.08,0.0,0.0,40.8,66.86,100.0,52.64,1.1,53.41,25.85,49.42,40.0,0.0,41.0,24.13,0.0,5.0,64.1,17.2,100.0,100.0,76.73,49.97,50.74,73.72,64.71,35.15,36.01,40.22,100.0,50.0,51.16,19.3,67.5,14.95,97.62,11.11,100.0,77.38,47.43,61.54,55.84,52.27,50.66,55.42,38.33,81.3,50.0,76.61,94.4,2.24,53.36,90.54,3.17,68.97,100.0,22.18,73.91,0.0,45.0,48.16
21,200071173,CC du Pays Arnay Liernais,,,60.0,,,0.0,50.0,44.61,23.6,2.0,29.65,58.08,19.19,25.27,55.93,0.0,0.0,31.6,45.71,6.12,51.1,0.9,83.33,21.1,0.0,33.33,0.0,0.0,44.02,0.0,0.0,64.1,36.51,100.0,100.0,83.85,46.7,30.88,40.06,56.21,75.56,36.01,40.82,6.39,0.0,51.43,31.58,73.8,0.0,96.35,4.3,100.0,90.79,78.43,61.54,57.17,45.08,57.62,53.55,45.33,76.29,50.0,44.48,49.92,50.43,25.31,100.0,0.75,70.11,100.0,8.9,77.39,0.0,45.0,44.84
21,200071207,CC de Pouilly-en-Auxois / Bligny-sur-Ouche,,,58.0,,,0.0,50.0,47.94,37.08,30.0,21.3,0.0,22.67,33.09,52.02,0.0,0.0,37.73,45.43,0.0,53.58,1.1,94.95,25.37,55.75,40.0,0.0,46.11,27.75,0.37,2.54,64.1,40.48,100.0,77.26,74.64,58.83,51.62,58.97,70.59,8.86,36.01,48.01,93.33,0.0,51.87,0.0,80.3,0.0,98.44,13.81,100.0,83.47,60.43,61.54,62.87,59.85,45.36,53.68,54.0,86.34,50.0,72.39,58.65,41.86,17.16,100.0,21.08,70.11,100.0,18.46,71.63,0.0,45.0,53.23
21,200072825,CC Mirebellois et Fontenois,,,58.0,,,0.0,75.0,45.96,56.74,92.0,25.85,100.0,59.88,49.09,44.82,26.16,0.0,56.13,27.43,0.0,58.42,1.3,57.55,29.46,10.28,33.33,0.0,22.18,10.22,9.63,0.0,64.1,42.86,100.0,0.0,71.03,27.57,49.12,31.09,77.78,99.65,36.01,56.2,0.0,0.0,50.67,5.26,85.6,0.0,98.0,8.33,100.0,27.65,0.0,61.54,77.68,73.11,61.26,41.77,72.33,64.88,55.36,62.55,15.16,3.57,40.1,100.0,14.56,62.07,50.0,29.88,80.33,62.0,45.0,66.1
21,242100154,CC des Vallées de la Tille et de l'Ignon,,,66.0,,,0.0,75.0,51.47,57.58,100.0,44.45,0.0,56.4,44.0,36.99,50.98,41.43,58.59,50.86,85.71,58.42,1.2,75.25,30.21,2.03,86.67,73.21,17.77,16.68,25.19,18.92,64.1,89.95,100.0,0.0,64.09,31.5,32.5,18.59,81.05,23.97,36.01,49.21,48.06,0.0,69.56,100.0,58.6,0.0,74.98,6.29,96.48,40.44,0.0,53.85,80.91,74.62,64.24,39.09,79.33,52.13,55.36,38.55,42.17,58.19,26.17,0.0,3.73,60.92,50.0,31.47,85.43,82.0,45.0,62.13
21,242100410,Dijon Métropole,,,57.0,,,100.0,25.0,54.41,63.48,100.0,100.0,100.0,61.63,58.91,28.03,97.54,99.73,54.29,100.0,100.0,58.42,1.8,65.19,44.54,38.34,100.0,100.0,38.44,15.09,65.93,96.23,64.1,24.87,0.0,19.3,0.0,31.68,57.5,64.74,88.89,42.73,36.01,54.26,32.22,100.0,76.76,33.33,4.0,0.0,7.75,12.64,53.15,0.0,0.0,53.85,37.23,42.8,61.59,17.27,62.67,55.41,41.07,52.11,100.0,84.48,78.93,16.38,16.52,,0.0,22.18,27.07,62.0,45.0,38.68
21,242101434,CC du Pays Châtillonnais,,,71.0,,,0.0,50.0,41.18,27.53,27.33,46.9,0.0,15.7,35.09,44.44,0.0,0.0,35.28,59.71,4.08,51.1,0.6,100.0,22.93,0.86,0.0,0.0,37.98,7.09,0.0,21.38,64.1,93.65,100.0,100.0,93.27,46.47,40.29,50.32,63.4,75.8,36.01,31.01,51.94,50.0,38.83,15.79,70.9,0.0,97.5,11.54,96.95,43.03,0.0,53.85,56.41,39.02,27.15,46.72,38.0,95.54,48.21,29.32,81.88,0.33,43.72,0.0,1.28,72.41,100.0,5.98,93.04,0.0,45.0,45.77
21,242101442,CC de Saulieu-Morvan,,,61.0,,,0.0,25.0,45.59,21.63,36.0,51.3,0.0,0.0,31.09,53.66,7.97,0.0,33.44,57.71,16.33,46.86,0.7,37.2,20.7,0.32,13.33,0.0,100.0,26.54,0.0,0.0,64.1,87.3,100.0,100.0,80.08,68.09,48.09,49.68,59.48,16.33,36.01,26.29,73.06,0.0,52.18,3.51,49.3,13.38,96.1,11.0,65.66,91.38,92.57,69.23,50.33,41.29,42.72,50.2,21.33,69.95,48.21,75.8,100.0,42.86,28.83,100.0,2.43,73.56,100.0,1.99,95.65,0.0,45.0,55.61
21,242101459,CC du Pays d'Alésia et de la Seine,,,69.0,,,0.0,75.0,55.15,35.67,34.0,86.6,97.69,28.49,38.0,32.58,16.41,0.0,36.81,61.43,0.0,52.64,0.9,45.34,23.21,64.1,0.0,0.0,29.85,15.37,11.48,0.0,64.1,35.45,100.0,100.0,78.48,40.84,50.88,0.0,67.32,5.1,36.01,37.62,4.44,50.0,40.96,100.0,55.2,0.0,97.53,28.65,100.0,74.38,25.71,53.85,55.84,46.59,53.31,48.19,79.0,81.24,50.0,35.54,67.87,0.0,37.94,0.0,1.21,63.22,50.0,11.29,76.52,0.0,45.0,51.52
21,242101491,CC du Montbardois,,,68.0,,,6.61,75.0,45.29,34.27,80.0,100.0,55.77,12.79,37.64,31.06,11.41,20.85,42.64,64.57,4.08,46.86,0.7,71.2,25.78,48.17,0.0,0.0,58.19,9.29,27.04,47.75,64.1,76.98,100.0,0.0,82.84,41.93,37.65,0.32,63.4,39.9,36.01,31.56,76.11,50.0,31.06,29.82,52.5,0.0,97.37,14.88,100.0,52.21,0.0,53.85,55.84,49.24,38.74,44.71,73.67,82.41,51.79,64.86,100.0,49.62,49.17,100.0,2.32,66.67,0.0,9.16,83.15,0.0,45.0,54.68
21,242101509,CC Rives de Saône,,,62.0,,,13.91,50.0,42.65,43.26,95.33,32.6,0.0,52.33,47.09,45.83,40.22,3.66,46.32,34.86,30.61,57.26,0.8,43.18,25.66,17.45,33.33,98.21,23.11,14.71,31.11,35.79,64.1,39.95,100.0,37.82,60.69,33.11,53.97,58.33,76.47,10.13,36.01,43.53,20.56,0.0,46.26,50.88,68.6,0.0,64.46,2.57,100.0,17.94,0.0,53.85,72.74,61.74,54.64,31.59,65.67,46.93,55.36,25.9,14.17,66.67,30.52,100.0,5.73,64.37,100.0,11.82,47.17,50.0,45.0,55.81
22,200065928,CA Lannion-Trégor Communauté,,,14.0,,,0.0,75.0,38.97,48.88,0.0,40.15,100.0,64.53,45.45,53.41,67.21,58.88,47.24,45.43,75.51,49.72,1.5,61.68,35.46,18.75,53.33,41.07,37.98,53.22,40.0,44.64,28.85,0.0,0.0,0.0,24.18,33.26,55.88,73.08,54.25,42.85,61.09,52.7,16.11,100.0,62.31,0.0,34.2,0.0,94.65,15.03,100.0,67.06,19.57,46.15,55.27,57.2,56.62,38.02,93.33,55.64,48.21,65.46,88.47,51.86,56.56,98.02,76.22,,100.0,37.58,47.17,0.0,8.21,45.29
22,200067460,CC Loudéac Communauté - Bretagne Centre,,,14.0,,,0.0,50.0,40.69,41.57,68.0,29.5,43.46,30.81,40.36,52.15,18.55,0.0,42.02,43.43,18.37,53.84,0.8,9.11,22.66,68.63,0.0,5.36,24.97,35.2,10.0,23.18,28.85,0.0,0.0,0.0,41.2,23.58,11.91,0.0,69.28,22.58,61.09,48.08,31.11,100.0,65.69,0.0,63.9,0.0,100.0,5.23,100.0,57.68,0.0,38.46,63.25,46.97,53.31,47.26,32.0,54.47,53.57,42.87,100.0,20.67,17.5,100.0,10.06,70.11,0.0,25.63,68.8,16.0,8.21,41.97
22,200067981,CA Guingamp-Paimpol Agglomération de l'Armor à l'Argoat,,,14.0,,,27.4,75.0,41.5,39.33,42.67,43.5,100.0,37.79,40.55,50.76,45.87,44.24,39.88,48.86,57.14,51.9,0.9,66.97,27.89,9.01,6.67,0.0,35.89,36.57,38.15,28.42,28.85,0.0,0.0,0.0,34.15,32.77,49.85,43.59,60.13,68.79,61.09,45.51,19.44,100.0,58.09,0.0,44.1,0.0,100.0,16.28,100.0,64.32,39.86,46.15,53.56,45.45,48.68,42.44,59.0,53.2,50.0,61.95,100.0,38.86,53.8,76.55,30.61,66.67,0.0,30.68,59.02,0.0,8.21,40.71
22,200068989,CA Dinan Agglomération,,,14.0,,,0.0,75.0,34.66,53.93,12.67,43.3,100.0,60.47,46.73,53.79,62.64,61.92,47.85,43.71,63.27,46.04,1.3,72.08,30.39,28.14,46.67,71.43,33.33,30.43,49.26,62.0,28.85,0.0,0.0,0.0,0.0,30.12,51.47,48.4,65.36,59.18,61.09,56.33,43.89,100.0,67.07,0.0,45.7,0.0,86.34,6.56,100.0,68.97,0.0,46.15,64.39,61.36,54.3,35.21,100.0,48.0,51.79,62.55,71.66,50.67,57.6,100.0,21.53,,100.0,39.44,55.22,0.0,8.21,46.52
22,200069086,CC Leff Armor Communauté,,,14.0,,,57.14,75.0,42.02,51.4,48.0,14.25,100.0,52.33,50.18,62.5,49.75,66.96,49.69,29.43,12.24,52.64,0.9,32.05,25.85,4.69,0.0,71.43,10.1,32.24,68.89,36.45,28.85,3.17,0.0,0.0,13.89,21.44,46.62,40.71,69.28,8.16,61.09,60.38,0.0,0.0,58.51,49.12,63.3,0.0,99.49,10.45,100.0,62.76,0.0,38.46,71.42,60.61,52.65,41.77,92.0,45.69,55.36,62.65,31.96,33.52,56.41,100.0,18.9,67.82,50.0,41.3,56.09,40.0,8.21,46.81
22,200069391,CA Lamballe Terre et Mer,,,14.0,,,100.0,75.0,35.08,56.18,0.0,22.3,100.0,60.47,49.64,60.73,39.28,39.96,51.23,35.43,40.82,51.93,1.1,64.33,27.17,12.24,6.67,3.57,33.8,28.18,63.33,37.76,28.85,0.0,0.0,0.0,10.62,27.15,29.71,5.45,69.28,100.0,61.09,62.41,15.0,100.0,66.39,0.0,52.4,0.0,95.22,5.62,100.0,61.62,0.0,46.15,68.0,65.53,62.91,42.3,91.33,45.14,53.57,61.55,71.33,31.57,0.0,100.0,15.36,65.52,100.0,42.9,70.0,20.0,8.21,50.68
22,200069409,CA Saint-Brieuc Armor Agglomération,,,14.0,,,0.0,75.0,41.18,60.11,76.0,62.4,100.0,56.98,52.55,36.36,84.96,88.3,53.99,49.14,73.47,57.26,1.5,100.0,35.16,49.41,40.0,98.21,34.49,32.57,80.37,86.9,28.85,0.0,0.0,0.0,0.0,28.59,56.47,55.45,70.59,71.97,61.09,56.62,36.94,100.0,70.26,17.54,18.1,0.0,48.98,5.45,100.0,63.15,9.86,30.77,55.46,54.55,53.97,25.97,83.33,46.21,48.21,71.49,100.0,44.33,10.08,55.08,19.07,,100.0,46.88,53.15,24.0,8.21,46.35
22,242200715,CC du Kreiz-Breizh (CCKB),,,14.0,,,0.0,75.0,43.14,34.27,24.67,21.85,0.0,18.02,31.64,51.89,0.0,0.0,37.12,60.0,53.06,49.67,0.9,15.1,23.33,100.0,66.67,0.0,42.39,41.33,0.0,0.0,28.85,0.26,0.0,0.0,65.35,29.19,41.03,43.91,58.82,100.0,61.09,35.98,100.0,50.0,48.86,0.0,85.8,0.0,99.99,15.24,100.0,22.88,55.0,38.46,53.56,27.65,47.68,51.67,51.0,91.8,44.64,48.29,94.23,0.0,29.58,100.0,3.07,72.41,50.0,14.48,68.15,0.0,8.21,38.32
23,200034825,CA du Grand Guéret,,,61.0,,,0.0,75.0,45.59,44.1,74.0,77.15,25.0,22.67,48.55,33.96,29.57,48.97,49.69,51.14,100.0,49.5,1.3,75.18,31.54,4.99,0.0,35.71,56.56,44.67,28.15,30.88,34.83,59.79,100.0,0.0,65.23,37.45,72.21,75.32,71.24,74.64,33.09,43.83,35.0,100.0,62.42,1.75,46.5,0.0,87.17,5.95,98.86,93.03,68.43,61.54,47.86,42.05,39.4,32.53,62.0,78.24,48.21,100.0,100.0,49.9,72.6,49.58,15.42,66.67,50.0,37.05,75.87,0.0,14.29,51.81
23,200041556,CC Portes de la Creuse en Marche,,,61.0,,,32.89,50.0,46.69,22.47,0.0,19.3,0.0,8.14,32.18,59.6,0.0,0.0,34.66,59.71,0.0,49.5,0.3,25.14,19.68,1.8,0.0,0.0,71.66,31.42,0.0,0.0,34.83,1.32,50.0,0.0,79.97,34.38,36.76,71.47,49.67,24.84,33.09,34.31,50.56,0.0,64.34,0.0,76.4,0.0,95.4,8.91,100.0,90.26,44.43,76.92,58.69,23.86,47.68,53.15,38.67,69.17,48.21,65.96,66.89,0.0,21.87,0.0,0.2,73.56,100.0,30.68,76.96,0.0,14.29,44.29
23,200044014,CC Creuse Grand Sud,,,61.0,,,57.71,50.0,41.18,25.0,0.0,68.15,100.0,7.56,32.0,42.42,0.0,0.0,33.13,70.57,95.92,49.5,0.5,41.03,23.62,0.0,100.0,0.0,87.69,44.62,21.48,5.81,34.83,98.15,100.0,100.0,80.38,51.35,60.15,82.05,60.78,100.0,33.09,31.37,87.22,100.0,45.32,0.0,54.5,0.0,86.3,13.97,68.77,97.88,100.0,69.23,44.82,19.32,50.66,50.74,69.33,100.0,44.64,98.49,100.0,24.52,61.43,100.0,1.03,72.41,100.0,17.66,80.22,0.0,14.29,38.16
23,200067189,CC Creuse Sud Ouest,,,61.0,,,0.0,50.0,44.12,26.12,0.0,36.05,100.0,11.05,26.55,52.78,0.0,0.0,36.81,56.57,34.69,52.64,0.6,59.75,21.51,0.7,20.0,0.0,87.22,33.55,5.56,0.0,34.83,100.0,100.0,100.0,89.36,41.7,53.97,75.0,54.9,37.58,33.09,31.95,69.72,50.0,48.59,8.77,70.7,0.0,89.85,8.32,54.7,96.15,100.0,61.54,57.17,16.29,44.37,51.41,4.67,99.58,42.86,59.94,71.66,0.0,26.04,0.0,11.45,72.41,100.0,15.8,78.04,0.0,14.29,44.13
23,200067544,CC Creuse Confluence,,,61.0,,,47.58,75.0,48.16,23.6,14.67,32.7,0.0,0.0,32.91,52.15,0.0,0.0,33.44,54.57,0.0,49.5,0.7,30.34,21.83,0.17,0.0,0.0,65.39,32.02,0.0,0.0,34.83,3.7,100.0,0.0,80.63,39.06,37.35,52.24,58.17,56.98,33.09,38.05,17.22,0.0,53.17,0.0,72.0,0.0,98.21,8.83,100.0,90.62,46.14,69.23,54.13,23.86,48.68,49.67,24.33,91.19,46.43,63.05,82.04,0.0,21.74,85.73,4.34,71.26,100.0,28.55,80.43,0.0,14.29,45.48
23,200067593,CC Marche et Combraille en Aquitaine,,,61.0,,,0.0,75.0,40.07,24.16,0.0,25.15,0.0,5.23,32.91,57.07,0.0,0.0,38.65,62.29,0.0,42.0,0.5,42.6,20.19,0.08,0.0,0.0,73.52,29.12,0.0,0.0,34.83,22.75,100.0,66.73,86.68,43.53,35.44,58.97,52.29,5.73,33.09,37.94,51.94,50.0,49.77,0.0,74.9,0.0,87.86,2.95,100.0,96.09,51.29,69.23,54.13,14.77,53.64,51.54,7.67,91.61,46.43,68.98,60.3,0.0,30.99,0.0,0.63,73.56,100.0,17.13,76.41,0.0,14.29,40.77
23,242300135,CC du Pays Sostranien,,,61.0,,,0.0,75.0,38.24,24.72,51.33,67.15,11.15,18.6,38.0,40.15,23.48,40.89,38.96,46.86,0.0,49.5,0.9,24.5,25.69,0.96,33.33,100.0,34.96,48.4,2.22,51.68,34.83,0.0,100.0,0.0,64.43,37.65,55.59,43.91,62.09,77.48,33.09,30.28,48.33,0.0,60.04,0.0,53.9,0.0,95.47,6.77,100.0,90.5,46.43,76.92,50.52,27.65,33.44,35.34,7.33,69.3,44.64,76.31,100.0,56.67,0.0,0.0,13.28,71.26,100.0,35.99,82.17,0.0,14.29,52.35
23,242320000,CC de Bénévent Grand Bourg,,,61.0,,,8.34,100.0,41.91,24.72,0.0,20.15,0.0,15.12,34.55,51.89,0.0,0.0,38.96,56.29,55.1,52.64,0.6,40.94,22.75,0.0,0.0,0.0,100.0,47.96,1.11,0.0,34.83,47.35,100.0,0.0,85.15,44.3,37.21,50.64,51.63,45.98,33.09,36.02,7.5,0.0,73.98,0.0,71.7,0.0,96.17,2.26,100.0,91.94,64.14,69.23,56.41,30.68,44.04,44.44,0.0,73.56,48.21,48.19,44.48,0.57,30.99,100.0,7.48,74.71,100.0,25.1,79.89,0.0,14.29,49.23
23,242320109,CC du Pays Dunois,,,61.0,,,0.0,75.0,42.28,24.72,0.0,20.3,0.0,7.56,30.36,56.69,0.0,0.0,38.96,48.57,28.57,49.5,0.7,39.8,22.01,0.0,0.0,0.0,99.77,26.71,0.0,0.0,34.83,8.2,100.0,0.0,78.48,41.66,35.29,33.97,47.71,0.0,33.09,36.29,46.39,0.0,59.35,0.0,82.7,0.0,98.27,5.16,100.0,90.21,45.43,69.23,53.56,26.52,48.68,45.11,24.0,80.85,46.43,77.71,56.84,0.0,8.1,0.0,8.65,72.41,100.0,15.01,75.87,0.0,14.29,55.9
24,200027217,CC Sarlat-Périgord Noir,,,55.0,,,0.0,50.0,49.26,39.89,0.0,39.05,30.77,44.77,54.36,44.82,30.51,63.17,43.87,55.71,83.67,51.82,1.8,100.0,35.42,10.84,40.0,0.0,52.85,32.46,10.37,36.94,23.93,100.0,100.0,100.0,0.03,81.39,62.06,67.31,62.75,21.77,39.65,33.5,35.28,100.0,49.12,0.0,46.8,0.0,76.63,8.66,0.0,81.76,100.0,61.54,58.31,42.05,39.07,40.29,98.0,100.0,46.43,65.46,100.0,53.86,74.77,0.0,6.35,72.41,100.0,30.41,31.3,0.0,36.07,52.42
24,200034197,CC de Montaigne Montravel et Gurson,,,59.0,,,0.0,25.0,45.59,44.38,59.33,9.5,0.0,43.02,48.18,60.23,19.71,2.9,49.08,36.86,14.29,50.99,1.2,14.05,24.68,0.0,13.33,50.0,44.95,59.52,23.33,2.7,23.93,57.41,100.0,100.0,60.24,40.86,27.35,21.47,67.32,3.88,39.65,37.65,0.0,50.0,41.03,0.0,86.0,0.0,100.0,26.43,15.76,0.0,36.43,53.85,73.12,32.58,23.18,36.95,0.0,59.35,46.43,31.53,24.22,50.81,61.51,0.0,1.14,63.22,100.0,14.48,23.91,0.0,36.07,40.45
24,200034833,CC des Bastides Dordogne-Périgord,,,59.0,,,0.0,75.0,46.76,38.48,0.0,18.4,0.0,40.7,38.73,52.78,0.0,0.0,45.09,55.14,4.08,52.42,1.3,22.4,28.72,8.87,0.0,0.0,41.7,25.39,21.11,2.7,23.93,93.39,100.0,100.0,75.68,53.32,46.03,27.88,52.94,23.8,39.65,30.04,41.39,0.0,39.88,0.0,65.0,0.0,99.72,22.74,21.53,69.03,93.29,53.85,64.58,35.23,44.7,49.0,0.0,98.31,44.64,83.94,84.68,24.33,20.16,0.0,0.18,70.11,0.0,14.48,39.89,0.0,36.07,45.19
24,200040095,CC Isle Vern Salembre en Périgord,,,37.0,,,82.12,50.0,50.98,40.73,76.0,38.75,46.92,47.67,43.45,49.75,40.58,42.63,42.94,27.43,10.2,58.58,1.0,10.28,27.59,13.41,0.0,67.86,3.6,43.85,28.15,45.29,23.93,100.0,100.0,100.0,31.73,23.79,58.68,35.58,64.71,59.76,39.65,35.81,10.83,0.0,63.0,0.0,55.0,0.0,70.16,12.49,0.0,67.5,100.0,53.85,66.29,45.45,28.48,44.31,39.0,50.08,51.79,99.4,62.6,61.9,33.26,74.72,2.7,68.97,50.0,28.29,21.96,0.0,36.07,47.39
24,200040384,CC Isle Double Landais,,,37.0,,,20.12,75.0,47.06,33.43,94.67,17.7,100.0,36.05,47.64,59.22,55.11,35.8,40.49,40.0,30.61,54.79,1.1,2.21,27.56,7.0,33.33,17.86,40.77,59.13,0.0,39.56,23.93,98.41,100.0,100.0,52.17,34.53,53.53,56.09,57.52,0.0,39.65,27.69,0.0,0.0,35.99,0.0,49.5,0.0,91.24,11.21,0.0,68.74,100.0,61.54,64.2,35.61,28.81,40.96,71.33,60.23,50.0,46.59,87.48,62.43,26.22,0.0,8.66,64.37,100.0,11.02,38.04,0.0,36.07,43.03
24,200040392,CA Le Grand Périgueux,,,48.0,,,0.0,50.0,47.69,50.28,98.67,64.75,100.0,46.51,53.82,37.37,50.54,55.36,51.53,54.29,83.67,53.8,1.6,100.0,35.37,17.17,46.67,57.14,53.08,46.97,57.41,73.63,23.93,96.3,100.0,100.0,8.15,39.44,65.74,59.94,75.16,27.74,39.65,45.53,19.72,100.0,63.07,0.0,36.0,0.0,64.15,12.97,3.97,40.12,66.86,53.85,54.32,47.73,46.69,34.4,45.0,69.3,48.21,82.03,100.0,37.52,56.95,40.4,7.79,,100.0,33.33,0.0,0.0,36.07,47.81
24,200040400,CC du Périgord Ribéracois,,,34.0,,,0.0,75.0,53.43,33.99,8.0,19.3,0.0,29.65,40.0,51.14,0.0,0.0,45.71,41.14,32.65,58.75,1.3,35.71,24.3,0.93,0.0,0.0,26.36,25.77,1.11,0.0,23.93,43.92,100.0,100.0,66.28,49.26,56.47,54.49,54.9,36.83,39.65,30.6,0.0,100.0,53.92,17.54,64.6,0.0,100.0,6.63,100.0,60.41,33.86,69.23,64.2,29.17,31.46,48.59,11.33,78.37,46.43,74.4,71.5,37.76,2.11,0.0,1.74,68.97,100.0,12.62,0.0,0.0,36.07,45.45
24,200040830,CC du Pays de Fénelon,,,56.0,,,0.0,75.0,51.96,46.35,0.0,15.6,83.08,46.51,42.91,61.36,0.11,0.0,50.31,40.0,0.0,53.22,1.1,34.27,27.4,59.62,13.33,0.0,38.21,37.72,12.22,22.19,23.93,100.0,0.0,100.0,57.14,55.61,48.38,65.06,62.09,45.11,39.65,42.45,23.89,0.0,64.99,0.0,66.1,0.0,97.67,10.63,3.97,82.18,100.0,61.54,70.09,40.53,38.41,51.41,0.0,100.0,46.43,71.99,45.63,31.67,54.97,0.0,3.98,68.97,100.0,14.48,49.13,0.0,36.07,48.55
24,200040889,CC de Portes Sud Périgord,,,45.0,,,0.0,50.0,42.28,44.66,8.0,11.35,86.54,47.67,37.45,61.62,0.0,0.0,48.47,55.71,100.0,52.72,1.1,36.16,26.96,4.82,0.0,71.43,21.72,16.79,34.07,31.53,23.93,0.0,100.0,100.0,74.11,54.24,41.47,58.01,51.63,28.89,39.65,36.71,32.5,0.0,50.96,0.0,60.7,0.0,100.0,15.89,100.0,0.0,0.0,61.54,67.24,31.44,44.7,47.39,0.0,78.67,42.86,22.19,40.69,14.86,48.65,0.0,0.78,72.41,100.0,19.79,24.57,0.0,36.07,48.45
24,200041051,CC Vallée de la Dordogne et Forêt Bessède,,,56.0,,,0.0,75.0,47.06,34.55,0.0,21.1,0.0,54.07,41.64,63.13,21.45,0.62,41.1,51.14,83.67,51.82,1.3,9.3,27.79,0.21,13.33,83.93,44.48,47.74,65.56,21.54,23.93,97.62,100.0,100.0,68.24,63.48,64.56,65.06,58.17,27.85,39.65,34.69,28.61,0.0,46.6,0.0,63.3,0.0,93.62,9.59,12.01,86.0,100.0,61.54,60.02,26.14,40.4,42.44,91.33,100.0,42.86,44.88,74.14,1.67,23.83,0.0,0.0,73.56,100.0,19.79,20.87,0.0,36.07,41.48
24,200041150,CC Terrassonnais Haut Périgord Noir,,,52.0,,,8.39,75.0,53.19,40.73,13.33,36.55,0.0,48.26,45.27,46.59,9.6,0.0,44.17,39.14,14.29,55.01,0.9,40.11,25.5,5.0,20.0,0.0,40.07,37.72,35.93,7.45,23.93,87.57,100.0,100.0,63.61,45.67,39.12,33.65,64.05,6.14,39.65,30.99,16.67,100.0,60.27,0.0,57.0,0.0,91.98,10.7,39.42,87.88,100.0,53.85,64.39,29.55,34.44,52.21,7.33,78.76,46.43,33.84,77.1,9.52,13.65,63.7,6.79,66.67,100.0,14.74,15.65,0.0,36.07,43.97
24,200041168,CC de la Vallée de l'Homme,,,57.0,,,0.0,50.0,50.98,36.52,0.0,16.5,100.0,42.44,49.45,59.47,0.0,0.0,46.32,56.57,100.0,51.82,1.3,13.9,27.43,18.86,20.0,0.0,39.37,34.05,21.48,31.2,23.93,100.0,50.0,100.0,61.13,71.66,68.38,60.58,54.9,2.84,39.65,30.28,18.89,0.0,59.99,0.0,62.7,0.0,95.93,16.38,0.0,82.65,100.0,61.54,60.02,21.21,34.77,49.93,45.33,100.0,39.29,50.0,85.17,31.33,20.89,0.0,1.99,72.41,100.0,18.99,38.48,0.0,36.07,40.19
24,200041440,CC de Domme- Villefranche du Périgord,,,56.0,,,0.0,75.0,45.22,36.24,0.0,18.6,75.38,58.14,49.64,57.95,0.0,0.0,44.48,51.14,100.0,51.82,1.2,3.25,27.74,32.87,0.0,0.0,48.2,27.03,6.67,6.8,23.93,100.0,100.0,100.0,71.9,75.93,49.71,64.74,52.94,0.0,39.65,32.37,0.0,50.0,56.25,0.0,63.7,0.0,93.56,13.44,1.23,85.65,100.0,61.54,62.3,24.24,48.68,57.16,5.0,100.0,42.86,65.16,64.25,1.43,37.4,0.0,2.41,71.26,100.0,12.62,59.67,0.0,36.07,43.77
24,200041572,CC Dronne et Belle,,,55.0,,,18.34,75.0,51.84,33.15,12.0,10.65,0.0,25.0,33.09,56.31,0.0,0.0,46.63,44.57,87.76,58.58,1.0,19.51,23.38,0.0,0.0,0.0,27.76,11.09,35.93,77.23,23.93,100.0,100.0,100.0,75.94,46.42,31.03,0.0,62.09,0.0,39.65,36.05,64.17,0.0,56.54,0.0,78.6,0.0,99.74,20.61,27.65,75.15,57.14,69.23,67.43,40.91,46.36,43.78,55.67,78.83,46.43,77.91,100.0,41.95,13.26,100.0,8.64,71.26,100.0,20.32,0.0,0.0,36.07,44.42
24,200069094,CC Isle et Crempse en Périgord,,,50.0,,,0.0,50.0,47.65,39.04,60.67,16.55,0.0,32.56,39.45,54.55,2.1,0.0,44.79,38.0,61.22,54.79,1.2,15.35,26.45,2.66,0.0,0.0,14.75,31.91,0.0,39.89,23.93,100.0,0.0,100.0,72.5,36.56,58.24,64.74,58.17,76.72,39.65,32.23,100.0,0.0,48.55,0.0,69.0,1.27,93.62,16.71,0.0,69.5,100.0,61.54,66.29,37.12,33.44,45.38,34.0,72.03,48.21,64.36,52.39,44.76,38.96,0.0,3.9,66.67,100.0,21.65,15.33,0.0,36.07,45.55
24,200070647,CA Bergeracoise,,,59.0,,,0.0,50.0,49.51,51.4,94.67,45.8,100.0,47.67,50.36,45.33,54.71,66.83,47.55,47.71,79.59,50.99,1.5,35.65,33.44,16.92,0.0,73.21,49.59,47.63,40.0,40.54,23.93,44.97,0.0,100.0,27.22,42.92,57.5,59.62,60.78,100.0,39.65,36.74,7.22,100.0,49.99,0.0,39.8,0.0,58.94,28.06,45.19,0.0,6.71,46.15,57.74,35.98,41.39,26.77,35.33,55.9,46.43,67.97,100.0,48.62,70.52,0.0,3.27,64.37,0.0,22.18,17.39,0.0,36.07,42.9
24,200071819,CC du Périgord Nontronnais,,,56.0,,,0.0,75.0,44.85,26.69,0.0,18.45,0.0,34.88,40.55,56.94,0.0,0.0,40.18,46.0,26.53,58.58,0.8,29.27,25.61,43.9,0.0,0.0,27.76,16.9,14.07,23.67,23.93,97.62,100.0,100.0,77.38,52.07,34.85,38.46,52.29,0.0,39.65,33.71,3.33,0.0,58.29,0.0,55.1,0.0,97.75,15.0,18.7,88.0,100.0,69.23,58.5,23.11,51.32,54.22,26.0,98.6,46.43,63.15,97.36,38.29,0.0,0.0,5.3,71.26,100.0,9.43,50.43,0.0,36.07,42.87
24,242400752,CC Périgord-Limousin,,,36.0,,,0.0,50.0,48.9,26.69,17.33,20.05,100.0,33.14,35.45,54.55,0.0,0.0,44.17,51.14,100.0,56.33,0.8,7.89,23.44,16.82,60.0,0.0,65.62,26.65,10.0,8.11,23.93,72.22,50.0,100.0,77.67,46.53,47.06,39.74,55.56,31.96,39.65,32.51,25.83,0.0,55.63,0.0,66.5,0.0,98.44,8.97,62.26,72.35,96.14,61.54,60.97,28.41,43.38,51.0,0.0,96.03,46.43,86.95,71.83,44.57,24.61,0.0,1.45,68.97,100.0,12.08,54.02,0.0,36.07,43.9
24,242400935,CC du Pays de Saint Aulaye,,,26.0,,,0.0,25.0,47.55,32.02,29.33,13.65,0.0,35.47,44.36,58.33,13.3,0.0,36.2,49.43,79.59,54.79,0.8,45.69,24.38,1.41,0.0,0.0,36.12,32.62,0.0,0.08,23.93,100.0,100.0,100.0,70.93,38.27,42.5,66.99,49.67,0.0,39.65,21.46,49.72,0.0,43.2,0.0,56.4,0.0,99.51,25.57,7.65,78.0,100.0,69.23,60.59,23.11,18.87,44.85,0.0,76.07,46.43,60.44,94.73,13.48,0.0,0.0,6.1,70.11,100.0,10.76,42.28,0.0,36.07,45.0
24,242401024,CC Isle-Loue-Auvézère en Périgord,,,35.0,,,0.0,50.0,48.04,33.71,2.67,9.2,0.0,27.33,24.91,60.86,0.0,0.0,43.56,62.0,91.84,56.33,0.8,48.29,25.11,21.44,0.0,0.0,67.71,31.42,15.19,0.0,23.93,67.46,100.0,100.0,72.13,38.95,46.91,80.45,60.13,34.16,39.65,36.49,100.0,0.0,56.85,0.0,75.1,0.0,98.72,11.36,62.06,12.0,96.57,69.23,63.06,33.33,41.06,55.42,0.0,87.28,46.43,74.0,68.04,7.81,35.73,0.0,1.96,68.97,100.0,16.07,45.22,0.0,36.07,41.52
25,200023075,CC du Pays de Maîche,,,62.0,,,0.0,75.0,40.2,40.73,88.67,31.75,0.0,45.35,50.55,49.62,17.93,22.68,36.81,37.71,59.18,67.33,1.3,8.97,33.01,0.88,0.0,0.0,16.61,16.02,68.89,34.32,29.06,86.24,100.0,100.0,73.55,27.17,36.47,44.87,86.27,74.35,38.09,47.01,56.39,0.0,58.89,15.79,41.9,0.0,69.93,5.29,86.38,98.15,60.57,69.23,63.63,72.73,60.26,37.08,100.0,42.11,41.07,38.86,22.08,44.33,0.0,100.0,6.06,67.82,100.0,23.51,65.87,80.0,47.5,63.26
25,200065647,CA Pays de Montbéliard Agglomération,,,60.0,,,0.0,50.0,48.04,46.63,100.0,100.0,0.0,42.44,56.18,19.44,87.36,88.57,47.85,42.86,30.61,71.29,1.4,67.23,32.64,33.8,46.67,100.0,48.43,40.78,51.48,49.39,29.06,87.57,0.0,0.0,24.41,19.26,27.35,0.0,73.2,32.31,38.09,38.72,36.39,100.0,70.82,0.0,14.7,0.0,19.2,12.67,0.0,81.29,51.14,53.85,62.49,32.2,41.06,20.35,17.0,27.06,42.86,11.35,100.0,69.29,48.31,10.17,52.69,63.22,50.0,18.46,0.0,48.0,47.5,40.97
25,200068070,CC Loue-Lison,,,64.0,,,0.0,75.0,42.86,51.97,79.33,18.9,0.0,58.14,52.0,58.46,25.76,0.0,52.45,45.71,85.71,60.4,1.3,18.69,28.72,25.75,73.33,0.0,31.01,19.47,30.0,33.5,29.06,100.0,50.0,100.0,74.96,39.62,32.21,15.06,72.55,44.64,38.09,55.36,54.72,50.0,59.05,0.0,61.9,0.0,87.44,10.48,53.93,90.06,64.43,76.92,68.57,67.8,67.22,49.4,96.33,62.28,53.57,67.67,38.55,32.24,27.19,0.0,16.91,67.82,100.0,20.85,42.61,46.0,47.5,52.52
25,200068294,CC des Deux Vallées Vertes,,,57.0,,,0.0,75.0,45.0,40.45,100.0,20.55,0.0,32.56,45.82,55.18,20.87,0.0,43.56,41.43,0.0,63.7,0.9,3.56,24.78,33.52,60.0,0.0,41.0,29.06,1.85,0.0,29.06,81.22,100.0,0.0,68.3,37.84,38.97,0.0,73.2,59.06,38.09,48.64,91.11,0.0,40.74,15.79,64.1,0.0,95.56,11.63,55.47,84.15,50.0,61.54,67.81,52.27,49.67,42.57,25.0,50.83,53.57,38.45,36.9,46.38,2.97,0.0,12.65,65.52,100.0,15.27,11.2,22.0,47.5,51.16
25,200069565,CC des Lacs et Montagnes du Haut-Doubs,,,54.0,,,0.0,50.0,53.68,63.76,0.0,5.55,100.0,63.95,63.27,58.59,36.67,0.0,45.71,34.86,38.78,63.94,1.6,21.59,34.27,17.37,0.0,0.0,22.18,2.88,27.41,39.07,29.06,100.0,100.0,100.0,69.25,40.35,56.18,39.1,97.39,58.48,38.09,62.86,0.0,0.0,52.66,100.0,36.4,11.89,66.81,10.72,22.68,99.68,100.0,69.23,68.57,81.06,72.52,43.51,100.0,56.68,42.86,38.45,0.0,1.33,42.63,100.0,26.15,64.37,100.0,52.99,75.76,100.0,47.5,64.68
25,242500320,CC Entre Doubs et Loue,,,61.0,,,92.46,75.0,45.59,64.61,92.0,1.45,0.0,61.05,56.36,52.78,0.0,0.0,54.91,30.86,0.0,63.37,1.8,20.19,32.75,73.4,0.0,0.0,0.0,0.0,57.78,19.08,29.06,73.28,100.0,0.0,58.08,19.34,41.32,17.63,89.54,64.22,38.09,64.08,33.89,0.0,48.6,28.07,56.1,0.0,67.88,8.54,100.0,99.74,48.0,76.92,80.15,79.92,82.12,50.2,100.0,38.37,44.64,23.9,0.0,32.52,58.33,100.0,11.09,64.37,100.0,29.61,76.41,100.0,47.5,65.52
25,242500338,CC du Grand Pontarlier,,,58.0,,,0.0,25.0,51.47,59.27,100.0,53.05,100.0,62.79,62.18,27.53,85.94,86.87,40.8,58.29,34.69,63.37,1.9,11.66,40.37,29.05,93.33,91.07,56.1,12.41,76.67,100.0,29.06,72.22,50.0,49.26,32.68,47.01,56.03,50.64,89.54,39.09,38.09,50.65,63.89,100.0,38.01,0.0,17.9,9.42,61.2,2.51,50.5,99.74,91.86,76.92,54.51,64.77,53.64,19.01,45.0,48.94,37.5,0.0,100.0,73.33,85.42,100.0,38.01,63.22,100.0,38.91,74.57,80.0,47.5,52.77
25,242500361,CU Grand Besançon Métropole,,,57.0,,,3.96,25.0,45.22,62.08,100.0,95.7,56.92,51.74,64.18,26.01,90.04,90.45,49.08,88.86,100.0,57.43,2.0,100.0,40.3,37.6,100.0,96.43,37.98,40.35,81.11,91.48,29.06,75.93,50.0,5.87,0.0,29.44,56.03,57.05,84.97,41.4,38.09,52.74,20.0,100.0,74.88,7.02,19.7,0.0,21.8,9.11,26.88,71.35,50.14,61.54,45.01,39.77,59.6,22.22,74.67,46.86,39.29,65.46,100.0,57.62,66.12,42.66,24.87,,0.0,30.15,0.65,76.0,47.5,34.13
25,242504116,CC du Val de Morteau,,,58.0,,,0.0,75.0,50.0,56.46,100.0,26.3,100.0,51.16,60.55,22.6,52.21,88.08,48.47,44.0,77.55,63.37,1.4,9.24,41.64,10.07,86.67,0.0,44.02,0.0,95.19,59.71,29.06,74.87,100.0,0.0,41.3,26.28,42.94,41.35,92.81,31.27,38.09,54.71,6.39,100.0,51.03,5.26,20.7,0.0,66.34,,94.83,99.76,65.0,69.23,63.44,78.79,62.25,22.36,90.67,43.19,37.5,22.19,35.09,73.19,23.18,100.0,44.33,64.37,100.0,37.32,71.96,96.0,47.5,63.74
25,242504181,CC des Portes du Haut-Doubs,,,64.0,,,100.0,75.0,39.71,55.06,100.0,16.8,73.85,55.81,62.55,55.68,33.15,6.07,47.85,52.86,26.53,60.4,1.0,7.24,29.16,4.82,93.33,35.71,44.48,28.84,65.93,78.21,29.06,68.78,100.0,0.0,63.51,34.53,41.18,41.67,85.62,48.81,38.09,58.03,18.33,100.0,48.08,0.0,49.8,0.0,85.23,1.86,100.0,95.74,38.0,69.23,71.42,71.59,73.84,41.37,100.0,40.26,48.21,21.39,58.65,40.14,3.65,100.0,64.7,65.52,100.0,38.11,77.93,100.0,47.5,44.84
25,242504355,CC du Plateau de Russey,,,61.0,,,100.0,75.0,44.85,57.3,100.0,10.35,0.0,51.74,57.64,51.14,21.12,25.22,49.69,36.29,100.0,63.37,1.6,23.79,33.55,0.47,0.0,100.0,32.87,13.67,100.0,33.99,29.06,71.16,100.0,32.96,56.85,19.65,49.56,39.74,90.2,73.65,38.09,59.59,6.39,0.0,61.29,15.79,66.4,0.0,66.94,7.01,100.0,99.59,59.86,69.23,82.81,81.06,68.87,52.07,97.33,43.25,44.64,36.75,2.97,33.62,0.0,100.0,5.28,67.82,100.0,38.65,71.3,100.0,47.5,70.35
25,242504371,CC du Pays de Sancey-Belleherbe,,,64.0,,,32.62,100.0,40.81,43.26,87.33,5.75,100.0,37.79,47.64,61.36,0.0,0.0,46.01,49.71,48.98,64.03,0.4,0.0,20.32,0.0,0.0,0.0,50.75,35.58,0.0,0.0,29.06,76.72,100.0,0.0,75.46,48.03,37.35,53.53,67.97,87.67,38.09,52.93,100.0,0.0,60.79,61.4,69.8,49.32,90.69,2.59,100.0,92.79,38.14,76.92,69.14,59.85,74.83,54.22,69.67,69.76,48.21,0.0,22.08,15.0,0.0,0.0,0.36,67.82,100.0,15.27,57.93,36.0,47.5,53.61
25,242504447,CC du Doubs Baumois,,,59.0,,,0.0,75.0,44.41,48.6,100.0,32.05,100.0,41.86,50.18,50.88,19.35,0.0,48.47,43.43,38.78,57.43,1.3,3.44,27.68,49.56,100.0,0.0,38.68,29.06,0.0,79.69,29.06,82.8,100.0,15.09,68.33,38.32,35.59,15.71,74.51,59.87,38.09,50.7,52.78,0.0,57.86,35.09,69.8,0.0,95.28,10.34,91.95,79.56,30.57,69.23,70.09,63.26,63.91,35.88,100.0,45.07,53.57,62.55,54.2,40.71,18.7,0.0,16.2,65.52,100.0,28.29,30.22,54.0,47.5,56.87
25,242504488,CC Altitude 800,,,64.0,,,100.0,75.0,45.59,51.69,100.0,20.75,100.0,53.49,55.27,57.58,18.62,0.0,46.63,48.29,63.27,63.37,1.0,4.16,29.41,2.11,66.67,91.07,36.35,11.8,57.04,18.92,29.06,91.01,100.0,0.0,67.83,27.93,41.32,47.76,79.74,100.0,38.09,59.99,50.0,0.0,30.29,17.54,68.6,0.0,74.48,6.74,99.13,98.09,71.71,92.31,75.59,74.24,60.26,51.0,100.0,31.48,51.79,47.49,31.47,18.0,38.65,0.0,8.26,62.07,100.0,30.41,85.87,100.0,47.5,57.32
25,242504496,CC du Plateau de Frasne et du Val de Drugeon,,,63.0,,,0.0,75.0,51.47,54.21,97.33,7.1,0.0,54.65,53.09,49.37,31.92,0.0,48.16,34.57,0.0,63.37,1.5,34.96,31.49,15.06,0.0,100.0,3.14,0.74,30.0,18.92,29.06,67.99,100.0,100.0,63.31,21.11,30.74,0.0,91.5,100.0,38.09,59.01,54.17,0.0,56.25,100.0,68.7,99.39,69.05,,100.0,99.62,91.71,84.62,77.11,78.41,64.57,45.11,100.0,52.62,48.21,11.55,9.23,19.05,55.21,100.0,5.99,64.37,100.0,45.29,77.5,100.0,47.5,61.52
26,200040459,CA Montélimar Agglomération,,,54.0,,,0.0,25.0,53.43,61.8,100.0,64.95,100.0,50.58,57.27,45.08,87.36,82.19,53.68,47.14,75.51,43.07,2.2,100.0,38.98,30.1,20.0,0.0,27.53,87.73,48.89,83.62,29.49,48.15,100.0,0.0,0.0,48.67,47.79,37.82,77.78,16.33,39.83,47.14,23.33,100.0,56.15,0.0,27.8,0.0,40.21,15.03,50.82,0.0,13.29,53.85,62.3,40.91,42.05,25.03,18.33,55.38,42.86,22.29,100.0,41.95,67.6,20.48,28.29,64.37,100.0,24.04,1.3,60.0,56.07,50.94
26,200040491,CC Porte de Dromardèche,,,72.0,,,0.0,50.0,51.47,52.81,100.0,49.1,0.0,48.84,52.36,41.41,64.13,61.83,43.87,39.71,44.9,57.43,1.2,100.0,29.63,20.83,0.0,14.29,24.74,35.41,52.59,46.11,29.49,30.16,0.0,0.0,10.12,31.27,24.71,21.15,75.82,24.84,39.83,45.83,24.44,0.0,71.56,0.0,36.6,0.0,64.8,15.35,92.86,0.0,17.57,46.15,70.47,46.21,50.33,28.25,34.33,53.46,50.0,24.0,72.82,64.43,66.9,88.28,100.0,64.37,0.0,27.22,0.0,70.0,56.07,46.58
26,200040509,CC du Crestois et de Pays de Saillans Coeur de Drôme,,,56.0,,,100.0,50.0,55.15,51.69,69.33,57.45,36.15,46.51,41.45,44.07,79.31,54.87,47.55,89.71,100.0,59.9,1.2,86.17,29.78,36.5,53.33,0.0,38.68,65.32,66.3,33.66,29.49,100.0,100.0,16.4,62.87,58.3,57.65,52.24,68.63,85.76,39.83,40.53,18.33,100.0,62.3,0.0,37.2,0.0,43.23,51.55,0.0,0.0,100.0,61.54,57.93,40.15,34.11,39.22,74.67,100.0,46.43,75.0,100.0,24.14,58.52,100.0,31.13,64.37,100.0,32.01,45.43,14.0,56.07,31.65
26,200042901,CC Drôme Sud Provence,,,48.0,,,5.65,50.0,55.64,57.58,99.33,66.9,100.0,44.77,56.55,59.85,86.81,95.09,54.6,33.43,38.78,47.69,2.0,61.84,35.09,34.1,0.0,91.07,20.56,62.31,72.22,49.39,29.49,20.63,100.0,0.0,0.0,34.49,18.38,46.47,75.82,6.72,39.83,48.21,5.28,100.0,66.9,0.0,27.8,0.0,33.81,21.13,62.02,0.0,0.0,46.15,71.23,43.18,38.74,29.05,29.0,56.88,44.64,0.0,100.0,71.1,56.67,65.54,28.37,67.82,0.0,37.58,25.22,70.0,56.07,54.87
26,200067767,CC du Royans-Vercors,,,45.0,,,0.0,50.0,48.53,48.03,0.0,43.6,30.38,62.79,48.0,58.59,42.86,0.0,46.32,59.71,100.0,59.74,1.0,100.0,29.51,3.63,33.33,0.0,62.14,55.96,7.04,18.92,29.49,100.0,100.0,100.0,87.63,61.03,55.74,54.81,75.82,100.0,39.83,41.07,100.0,50.0,39.07,35.09,48.4,0.0,91.03,31.94,0.0,91.91,100.0,53.85,63.06,53.03,45.36,49.13,69.0,100.0,51.79,74.7,64.74,0.0,16.09,100.0,8.19,,100.0,26.96,81.09,0.0,56.07,40.74
26,200068229,CC des Baronnies en Drôme Provençale,,,44.0,,,0.0,50.0,56.09,47.19,0.0,24.2,7.69,56.4,47.82,58.08,19.78,1.12,45.09,77.71,69.39,46.53,0.8,100.0,30.38,76.42,20.0,0.0,56.1,46.75,13.7,21.21,29.49,100.0,100.0,100.0,89.86,76.66,50.15,66.35,52.29,84.08,39.83,31.13,100.0,0.0,50.25,0.0,49.7,0.0,57.3,42.55,0.0,0.0,100.0,61.54,52.04,20.83,32.45,41.1,47.67,100.0,37.5,43.27,99.34,0.0,12.58,0.0,5.42,74.71,100.0,8.63,62.5,0.0,56.07,26.77
26,200068781,CA Valence Romans Agglo,,,60.0,,,0.0,25.0,50.42,64.33,100.0,84.5,100.0,49.42,57.64,25.63,84.57,89.73,57.67,63.43,100.0,59.82,1.9,100.0,37.9,37.76,60.0,44.64,35.89,74.31,85.56,77.56,29.49,23.81,0.0,0.0,0.0,40.35,45.0,44.23,78.43,39.32,39.83,51.32,24.72,100.0,69.31,0.0,19.1,0.0,41.08,19.12,97.02,24.53,9.14,46.15,57.74,43.18,48.68,21.82,56.67,55.74,44.64,36.85,100.0,63.48,68.91,37.71,47.47,,0.0,33.86,38.37,54.0,56.07,46.58
26,242600252,CC du Val de Drôme en Biovallée,,,56.0,,,0.0,50.0,49.41,61.8,80.0,34.15,100.0,60.47,48.36,51.14,64.35,68.04,53.37,41.43,73.47,51.49,1.6,100.0,30.98,17.96,26.67,0.0,11.5,58.81,83.7,48.08,29.49,100.0,0.0,100.0,61.53,33.71,30.88,15.38,77.12,43.78,39.83,57.45,65.0,50.0,56.47,7.02,50.3,0.0,74.94,30.26,32.52,0.0,88.14,46.15,75.59,57.2,44.04,27.71,67.33,84.36,50.0,49.5,52.22,42.71,60.39,45.48,26.25,62.07,0.0,37.05,43.37,70.0,56.07,47.81
26,242600492,CC Dieulefit-Bourdeaux,,,54.0,,,0.0,50.0,52.21,52.53,0.0,32.5,100.0,52.91,52.55,59.85,18.99,0.0,52.45,68.86,100.0,43.07,1.4,100.0,31.22,11.68,20.0,0.0,63.53,24.51,82.22,37.26,29.49,100.0,100.0,85.14,76.87,66.42,66.91,80.13,56.21,100.0,39.83,42.69,82.5,50.0,49.15,0.0,42.4,23.85,100.0,69.85,0.0,69.74,100.0,61.54,59.26,37.5,54.3,50.87,33.0,100.0,41.07,55.92,69.19,38.57,36.02,0.0,2.33,68.97,100.0,24.83,49.89,0.0,56.07,46.52
26,242600534,CC du Diois,,,56.0,,,0.0,50.0,56.25,40.17,0.0,24.7,100.0,55.23,39.27,64.65,0.0,0.0,43.87,100.0,95.92,53.22,1.0,100.0,25.43,8.52,26.67,0.0,43.55,40.95,49.26,72.97,29.49,100.0,100.0,100.0,95.09,87.72,51.91,70.19,66.67,100.0,39.83,31.85,100.0,100.0,48.66,0.0,59.4,18.83,94.33,68.19,0.0,13.76,100.0,61.54,49.76,14.02,38.74,57.83,64.33,100.0,39.29,100.0,98.85,0.0,33.39,100.0,1.42,,100.0,24.83,79.02,0.0,56.07,24.1
27,200065787,CC de Pont-Audemer / Val de Risle,,,3.0,,,36.34,50.0,51.1,44.1,92.0,87.0,4.62,49.42,42.73,50.76,50.04,68.04,43.87,41.71,55.1,54.24,1.3,44.36,33.0,6.52,6.67,0.0,37.98,28.79,12.96,7.29,0.0,22.22,50.0,100.0,0.0,30.58,53.38,55.77,75.82,48.12,36.05,44.44,26.39,50.0,41.3,0.0,48.3,0.0,92.51,4.51,88.15,7.94,52.29,61.54,65.15,49.62,39.07,27.58,38.33,33.27,50.0,22.99,69.03,47.48,67.53,100.0,23.6,63.22,100.0,34.93,46.2,64.0,55.71,48.35
27,200066017,CC Lieuvin Pays d'Auge,,,0.0,,,0.0,50.0,52.35,48.6,19.33,30.55,100.0,58.72,42.91,66.67,38.12,46.92,48.16,36.57,30.61,50.25,0.8,9.57,28.03,0.14,0.0,83.93,35.19,20.3,36.67,12.37,0.0,0.0,100.0,0.0,9.35,35.8,48.24,58.33,73.2,40.19,36.05,50.68,7.78,0.0,26.18,0.0,63.7,0.0,97.59,2.61,100.0,23.0,0.0,76.92,75.02,56.06,54.97,36.41,42.0,50.37,51.79,38.35,7.25,30.52,62.01,100.0,2.85,66.67,100.0,18.46,60.33,56.0,55.71,53.03
27,200066405,CC Roumois Seine,,,2.0,,,0.0,75.0,51.96,67.7,100.0,31.8,100.0,68.6,52.36,51.89,64.49,68.75,61.96,23.14,59.18,57.51,1.4,36.57,33.86,1.35,33.33,0.0,16.61,18.93,17.78,23.18,0.0,3.7,100.0,100.0,0.0,18.85,54.26,33.97,78.43,0.0,36.05,69.95,59.72,0.0,52.15,0.0,46.0,0.0,71.21,0.5,100.0,0.0,0.0,61.54,87.94,76.89,60.26,28.11,43.0,25.3,55.36,54.92,7.91,57.14,59.17,100.0,100.0,60.92,100.0,26.69,25.43,88.0,55.71,61.97
27,200066413,CC Intercom Bernay Terres de Normandie,,,6.0,,,0.0,50.0,51.26,45.79,66.0,56.05,13.85,51.74,41.45,47.85,36.23,52.01,47.85,49.43,69.39,49.89,1.3,24.55,31.08,15.32,0.0,0.0,18.0,13.83,37.04,5.49,0.0,17.46,50.0,0.0,42.97,28.08,46.03,46.15,70.59,30.4,36.05,40.44,99.72,100.0,40.76,0.0,58.3,0.0,97.76,3.52,100.0,29.38,0.0,61.54,65.91,50.0,42.05,28.92,33.33,44.03,50.0,39.66,70.35,37.1,58.23,100.0,9.06,65.52,0.0,19.26,57.39,14.0,55.71,46.71
27,200066462,CC Interco Normandie Sud Eure,,,34.0,,,0.0,50.0,50.59,36.52,37.33,64.2,0.0,43.02,43.27,45.2,23.22,35.36,39.88,40.57,14.29,48.43,1.1,34.72,27.57,12.11,0.0,44.64,22.18,5.94,0.0,36.77,0.0,20.9,0.0,0.0,64.33,29.26,45.59,21.79,71.9,45.51,36.05,38.86,18.33,0.0,35.61,0.0,53.9,0.0,79.52,1.39,100.0,5.18,0.0,61.54,64.2,47.35,40.4,23.83,4.33,32.39,50.0,41.87,62.27,49.14,66.72,100.0,13.75,68.97,0.0,12.35,66.52,26.0,55.71,48.74
27,200070142,CC Lyons Andelle,,,0.0,,,0.0,50.0,53.31,48.03,81.33,36.95,0.0,59.88,40.91,49.87,59.38,37.19,49.69,30.86,28.57,52.72,1.2,44.51,29.93,1.84,46.67,0.0,34.26,25.72,24.44,3.85,0.0,62.43,100.0,0.0,50.82,28.68,28.24,10.58,78.43,0.0,36.05,52.39,47.5,0.0,58.7,0.0,52.9,0.0,74.99,4.8,100.0,0.0,0.0,69.23,75.02,64.77,50.66,29.05,56.67,28.26,55.36,45.98,28.83,27.14,32.11,100.0,98.88,63.22,100.0,12.35,55.0,66.0,55.71,52.48
27,200071454,CA Evreux Portes de Normandie,,,12.0,,,0.0,0.0,47.48,56.74,100.0,100.0,0.0,54.07,55.09,37.63,79.09,91.07,57.06,56.0,59.18,46.2,1.9,60.86,51.28,16.01,0.0,98.21,12.2,13.23,20.37,69.86,0.0,21.96,100.0,0.0,31.64,26.33,57.35,66.35,82.35,50.9,36.05,44.64,31.11,100.0,59.58,0.0,36.8,0.0,40.17,6.18,100.0,0.0,0.0,69.23,63.44,38.64,32.45,21.02,35.33,40.0,44.64,60.94,100.0,65.43,65.47,0.0,50.96,,100.0,20.58,40.76,94.0,55.71,41.71
27,200071843,CC du Vexin Normand,,,0.0,,,53.75,25.0,53.24,54.49,100.0,85.8,48.08,62.21,46.36,42.8,52.46,44.82,54.29,56.57,20.41,43.23,1.2,27.63,29.01,9.34,0.0,94.64,1.74,22.76,21.48,6.31,0.0,0.0,100.0,0.0,63.43,28.11,50.59,27.88,81.05,9.67,36.05,38.6,0.0,0.0,44.84,0.0,50.5,5.43,62.26,4.3,100.0,0.0,0.0,61.54,74.64,53.79,35.1,35.07,41.67,22.34,51.79,43.88,41.85,41.14,60.26,0.0,25.89,60.92,50.0,14.21,56.96,90.0,55.71,56.87
27,200072312,CA Seine Normandie Agglomération,,,0.0,,,0.0,25.0,52.1,56.18,100.0,79.75,0.0,51.16,45.82,38.26,60.22,66.43,56.44,68.86,51.02,51.1,1.6,76.66,34.3,15.7,0.0,0.0,22.65,0.0,11.11,27.6,0.0,32.28,0.0,0.0,35.51,28.67,45.29,38.78,77.78,17.31,36.05,44.78,40.28,100.0,52.23,22.81,40.3,0.0,51.53,2.7,100.0,0.0,0.0,61.54,68.76,51.14,45.03,22.49,24.33,31.28,44.64,39.46,60.3,65.19,57.81,34.04,42.08,58.62,0.0,24.3,49.46,70.0,55.71,51.84
27,200089456,CA Seine-Eure,,,10.0,,,24.72,25.0,58.82,56.46,100.0,100.0,0.0,60.47,51.82,38.64,76.81,93.08,54.6,43.71,34.69,51.1,1.6,89.63,34.89,20.08,26.67,94.64,25.44,24.73,28.89,24.0,0.0,51.85,0.0,22.39,0.0,18.65,19.12,19.23,83.66,0.0,36.05,44.76,63.89,100.0,43.07,0.0,29.5,0.0,38.08,5.32,41.1,0.0,0.0,61.54,72.74,46.97,35.43,25.84,45.67,28.16,46.43,56.22,100.0,66.1,72.58,100.0,100.0,60.92,0.0,21.38,35.76,100.0,55.71,46.13
27,242700276,CC du Pays de Conches,,,30.0,,,35.96,50.0,58.09,50.84,92.0,63.6,0.0,61.05,44.18,52.65,44.17,64.46,49.39,31.43,28.57,47.77,1.2,24.5,30.66,14.73,0.0,100.0,4.99,1.78,14.44,0.57,0.0,52.12,100.0,0.0,57.92,24.31,53.82,68.91,77.78,0.0,36.05,42.39,100.0,0.0,53.01,0.0,50.4,0.0,52.68,3.0,100.0,0.0,0.0,69.23,74.45,62.5,45.7,28.25,17.67,30.47,53.57,55.42,0.0,62.48,50.0,100.0,17.29,62.07,100.0,26.16,62.17,68.0,55.71,54.81
27,242700607,CC du Pays du Neubourg,,,9.0,,,58.15,75.0,61.03,60.11,100.0,25.85,64.62,67.44,44.73,55.93,46.34,73.57,57.06,27.14,18.37,52.59,1.6,20.95,30.45,19.95,0.0,100.0,0.0,3.75,12.59,24.98,0.0,2.65,100.0,0.0,35.96,24.66,25.88,12.82,81.7,4.34,36.05,62.22,0.0,50.0,41.34,0.0,78.2,30.1,54.57,2.76,100.0,0.0,0.0,69.23,80.91,73.11,57.62,32.93,67.0,29.72,55.36,43.57,42.34,59.71,57.19,62.71,31.16,63.22,100.0,17.66,42.5,86.0,55.71,51.35
28,200006971,CC du Perche,,,78.0,,,0.0,50.0,52.94,32.02,62.67,75.2,0.0,37.79,38.73,37.25,59.28,57.72,47.55,80.29,100.0,47.61,0.9,89.65,27.22,2.64,0.0,0.0,44.25,10.05,17.78,23.51,27.35,0.0,50.0,100.0,58.87,37.73,39.85,36.54,62.09,25.19,29.83,39.21,28.61,100.0,45.19,0.0,33.1,0.0,96.83,1.94,100.0,29.26,0.0,53.85,55.65,43.94,48.34,34.54,16.67,91.71,50.0,56.12,100.0,48.1,66.54,0.0,6.26,73.56,50.0,38.38,62.72,0.0,50.36,41.58
28,200033181,CA Chartres Métropole,,,80.0,,,6.51,25.0,46.24,62.92,100.0,100.0,41.92,54.65,55.64,36.99,85.14,83.26,61.04,76.29,63.27,51.16,1.8,100.0,40.2,26.58,0.0,98.21,24.27,13.34,27.04,50.86,27.35,0.0,0.0,0.0,41.77,25.17,48.97,53.21,80.39,31.91,29.83,52.01,5.28,100.0,65.7,15.79,24.3,26.42,33.73,1.6,100.0,0.0,0.0,53.85,59.83,56.06,50.66,22.62,53.67,70.8,46.43,44.28,100.0,56.43,67.76,0.0,29.27,59.77,50.0,38.65,61.85,66.0,50.36,55.06
28,200040277,CA Agglo du Pays de Dreux,,,19.0,,,0.0,0.0,47.69,53.37,100.0,92.85,72.31,56.98,49.82,33.08,87.86,84.15,56.13,50.29,26.53,44.31,1.6,100.0,30.43,7.59,0.0,100.0,20.56,18.65,13.7,33.82,27.35,12.96,0.0,0.0,66.25,28.01,47.06,47.44,77.78,13.43,29.83,42.55,7.22,100.0,61.37,0.0,32.3,0.0,38.71,5.28,100.0,4.91,0.0,61.54,72.55,42.05,40.4,19.41,15.67,46.21,46.43,28.71,59.31,56.95,63.57,24.29,47.73,59.77,50.0,20.58,60.11,96.0,50.36,53.32
28,200058360,CC Entre Beauce et Perche,,,80.0,,,0.0,50.0,51.84,48.31,86.0,38.05,71.15,51.74,43.82,50.13,22.32,15.76,51.53,45.71,55.1,51.16,1.2,32.81,30.3,13.01,0.0,94.64,10.57,0.0,16.3,0.0,27.35,2.91,50.0,8.02,61.37,21.17,47.65,54.17,79.74,3.59,29.83,53.45,6.11,0.0,46.89,7.02,70.8,0.0,44.45,1.43,100.0,0.0,0.0,61.54,77.68,70.08,55.96,26.51,95.0,60.39,55.36,71.89,17.63,22.81,36.25,0.0,7.76,65.52,100.0,32.01,76.2,82.0,50.36,58.48
28,200069912,CC des Forêts du Perche,,,36.0,,,0.0,75.0,50.0,32.3,30.0,58.2,67.69,39.53,29.45,50.63,21.92,0.0,38.65,36.86,0.0,44.31,1.3,43.29,26.1,0.93,0.0,78.57,27.06,0.0,48.89,10.73,27.35,65.34,100.0,100.0,74.84,33.93,39.12,79.81,66.67,82.28,29.83,38.84,38.89,0.0,34.36,0.0,56.6,0.0,79.27,6.97,99.5,3.79,0.0,61.54,64.58,53.79,44.04,23.96,28.67,79.87,53.57,32.53,56.01,30.14,53.83,0.0,2.52,68.97,100.0,13.94,84.24,0.0,50.36,53.06
28,200069953,CC des Portes Euréliennes d'Ile de France,,,73.0,,,0.0,50.0,49.02,63.48,100.0,54.8,100.0,59.3,50.55,48.36,86.88,74.55,57.06,74.29,30.61,47.85,1.6,61.03,36.29,7.94,0.0,87.5,19.16,3.92,8.52,10.89,27.35,0.0,50.0,0.0,53.3,22.16,24.41,0.0,83.66,0.0,29.83,58.95,0.0,0.0,58.36,0.0,40.9,0.0,36.72,2.18,100.0,0.0,0.0,53.85,74.26,73.48,55.96,23.16,84.0,57.37,53.57,48.59,26.36,68.24,48.98,0.0,25.18,52.87,50.0,29.35,48.04,88.0,50.36,65.58
28,200069961,CC du Grand Châteaudun,,,69.0,,,0.0,50.0,50.49,36.8,80.0,73.55,100.0,31.98,44.91,37.5,46.45,55.45,46.93,49.71,34.69,51.16,0.9,21.67,26.47,9.85,0.0,0.0,36.82,9.01,0.0,14.5,27.35,0.0,50.0,62.91,72.52,29.64,45.88,41.99,63.4,25.83,29.83,36.82,29.72,100.0,40.33,0.0,40.3,0.0,51.52,1.23,100.0,0.0,0.0,53.85,60.02,44.7,29.47,25.7,11.0,40.0,50.0,59.54,89.13,60.05,65.23,0.0,33.01,68.97,50.0,21.12,72.17,0.0,50.36,46.81
28,200070159,CC Coeur de Beauce,,,30.0,,,0.0,75.0,50.16,47.19,86.0,40.7,100.0,41.86,32.36,48.74,20.25,0.0,46.93,46.29,0.0,54.18,1.3,31.87,26.08,0.6,0.0,0.0,14.29,4.63,7.78,0.0,27.35,0.0,50.0,100.0,68.32,28.41,11.76,0.0,79.74,18.36,29.83,48.67,35.0,0.0,36.26,17.54,64.7,0.0,45.14,2.79,100.0,0.0,0.0,53.85,72.74,64.39,54.64,32.93,38.0,60.62,51.79,32.03,50.08,9.71,30.65,57.91,21.79,65.52,0.0,29.35,84.02,82.0,50.36,59.32
28,200070167,CC Terres de Perche,,,81.0,,,0.0,25.0,52.21,33.99,34.67,55.65,0.0,45.93,38.36,52.53,20.22,0.0,42.94,61.71,83.67,48.79,1.1,3.94,24.62,3.6,0.0,26.79,0.0,5.89,46.3,13.51,27.35,15.87,100.0,100.0,75.61,28.35,49.41,48.72,64.71,100.0,29.83,34.76,45.28,0.0,49.89,31.58,65.9,0.0,99.07,1.4,100.0,25.0,0.0,61.54,63.82,46.97,46.36,31.59,30.0,75.87,51.79,61.75,49.42,54.52,40.47,0.0,2.69,64.37,100.0,19.26,76.3,30.0,50.36,51.61
28,242852465,CC du Bonnevalais,,,75.0,,,31.11,75.0,47.79,42.42,75.33,37.85,88.08,34.3,33.82,48.48,18.91,19.96,46.63,42.57,10.2,51.16,1.0,18.21,27.15,1.97,0.0,94.64,23.81,3.48,0.0,19.41,27.35,0.0,100.0,50.38,82.22,21.3,42.5,19.23,73.2,36.65,29.83,48.02,12.22,0.0,61.98,0.0,57.6,0.0,45.86,2.65,100.0,0.0,0.0,61.54,69.52,65.91,48.01,29.18,67.67,42.89,55.36,44.78,44.98,60.67,47.5,0.0,11.33,67.82,50.0,20.85,80.43,50.0,50.36,56.58
29,200066868,CC Presqu'île de Crozon-Aulne maritime,,,22.0,,,35.1,75.0,30.39,41.01,0.0,34.1,100.0,53.49,46.55,60.23,44.86,45.04,43.87,53.71,79.59,48.35,1.2,29.49,31.36,23.04,100.0,0.0,38.68,67.35,100.0,29.4,43.8,42.86,0.0,100.0,43.96,46.42,60.88,30.45,64.05,20.9,51.52,53.23,89.44,100.0,58.82,49.12,35.5,0.0,88.85,12.37,42.33,75.0,100.0,61.54,53.56,60.23,57.62,35.07,92.0,100.0,51.79,23.49,100.0,42.86,3.39,100.0,11.07,72.41,0.0,24.3,70.43,0.0,25.71,34.39
29,200067072,CC Haut-Léon Communauté,,,22.0,,,100.0,75.0,28.68,44.1,0.0,30.55,0.0,50.0,50.36,50.13,75.36,77.37,46.01,47.71,61.22,48.43,1.2,27.16,30.66,14.12,66.67,100.0,25.2,70.42,21.48,44.64,43.8,0.0,0.0,0.0,0.0,29.66,36.03,68.59,64.71,100.0,51.52,54.33,0.0,0.0,60.44,0.0,40.0,0.0,59.83,15.57,100.0,0.0,0.0,69.23,58.12,60.23,57.62,34.4,100.0,92.42,51.79,75.6,98.35,58.86,31.54,0.0,8.35,67.82,100.0,40.77,45.65,0.0,25.71,41.32
29,200067197,CC Monts d'Arrée Communauté,,,22.0,,,0.0,50.0,36.76,32.58,0.0,19.05,0.0,44.19,36.55,59.97,0.0,0.0,37.42,53.71,71.43,49.67,0.7,14.31,23.01,33.12,0.0,0.0,0.0,62.2,0.0,0.0,43.8,48.41,0.0,100.0,87.18,37.67,42.06,77.88,60.78,81.64,51.52,37.94,73.89,50.0,62.4,0.0,82.4,0.0,96.11,15.51,61.44,76.91,100.0,53.85,50.14,20.45,45.03,41.9,0.0,100.0,42.86,68.27,43.82,0.0,29.69,100.0,7.83,71.26,50.0,3.85,79.24,0.0,25.71,34.94
29,200067247,CC Pleyben-Châteaulin-Porzay,,,22.0,,,0.0,75.0,35.66,48.03,26.67,50.85,0.0,47.09,47.64,52.4,29.57,39.51,41.41,50.57,0.0,46.7,1.1,29.16,28.21,8.05,86.67,5.36,27.53,80.55,40.0,5.49,43.8,0.0,0.0,100.0,53.79,31.96,47.06,23.72,79.74,52.69,51.52,55.77,0.0,0.0,61.37,0.0,49.3,0.0,99.12,9.85,100.0,59.82,3.57,69.23,57.55,56.82,63.91,40.16,80.0,100.0,53.57,61.85,83.69,49.86,31.54,100.0,18.84,66.67,100.0,20.58,65.54,30.0,25.71,48.87
29,200068120,CA Quimper Bretagne Occidentale,,,22.0,,,48.72,50.0,41.18,63.48,100.0,81.15,100.0,55.23,54.91,30.56,79.28,92.5,46.32,49.71,89.8,42.08,1.7,100.0,38.87,31.01,100.0,82.14,39.14,66.97,84.81,87.39,43.8,0.0,0.0,0.0,0.44,37.15,52.79,60.58,81.7,53.04,51.52,59.83,0.0,100.0,62.74,0.0,17.8,0.0,65.44,12.13,100.0,64.5,70.29,61.54,46.53,56.82,54.3,23.96,94.0,57.2,50.0,57.63,100.0,40.81,66.9,68.79,22.58,,50.0,32.01,75.0,50.0,25.71,47.58
29,242900074,CC du Pays d'Iroise,,,22.0,,,98.03,100.0,30.51,65.17,11.33,29.45,100.0,78.49,55.27,57.7,78.8,46.61,59.51,34.0,63.27,48.35,1.6,34.43,38.05,27.25,93.33,100.0,31.71,75.51,45.19,47.58,43.8,0.0,0.0,0.0,0.0,22.42,57.94,72.12,68.63,84.13,51.52,70.43,55.56,0.0,66.07,1.75,45.9,0.0,81.57,3.97,100.0,45.79,36.0,76.92,73.88,77.27,67.55,34.14,100.0,58.47,55.36,70.68,21.25,51.86,38.46,56.5,15.94,67.82,100.0,63.88,55.33,38.0,25.71,59.06
29,242900314,Brest Métropole,,,22.0,,,100.0,50.0,37.5,62.64,100.0,92.25,100.0,66.86,57.09,28.16,96.2,98.66,45.4,84.29,100.0,48.35,1.7,71.98,43.96,30.76,100.0,80.36,26.6,62.8,76.67,83.78,43.8,0.0,0.0,0.0,0.0,20.65,58.53,74.68,89.54,66.53,51.52,60.77,0.0,100.0,77.45,1.75,3.2,0.0,10.89,8.6,22.27,24.09,42.86,61.54,40.84,46.97,57.62,18.74,99.33,71.54,44.64,62.35,100.0,96.43,78.18,33.05,30.88,,0.0,45.55,53.15,72.0,25.71,31.71
29,242900553,CC du Pays des Abers,,,22.0,,,100.0,75.0,31.47,61.8,65.33,24.95,100.0,67.44,58.36,53.28,74.6,57.01,55.83,30.0,57.14,48.35,1.3,44.28,33.07,13.02,86.67,100.0,38.44,62.75,39.63,52.33,43.8,0.0,0.0,0.0,0.13,14.58,47.21,46.79,77.12,62.02,51.52,66.53,0.0,0.0,63.87,28.07,58.5,0.0,84.62,5.26,100.0,43.85,30.71,69.23,73.12,74.24,65.89,31.19,100.0,53.33,57.14,67.07,23.06,76.9,46.3,100.0,14.01,65.52,100.0,65.74,67.5,70.0,25.71,54.74
29,242900561,CC de Haute Cornouaille,,,22.0,,,0.0,75.0,34.56,35.96,40.67,33.05,0.0,37.21,37.45,51.52,11.74,0.0,37.73,38.57,44.9,45.87,0.8,24.21,23.02,14.54,26.67,0.0,44.48,68.17,12.59,26.29,43.8,0.0,0.0,0.0,66.41,28.42,23.24,0.0,71.24,58.89,51.52,39.43,78.33,0.0,68.8,0.0,71.9,0.0,100.0,8.59,100.0,69.79,82.57,61.54,55.08,39.39,50.99,42.17,43.0,100.0,51.79,50.5,62.27,52.38,35.36,100.0,4.26,68.97,50.0,15.54,75.0,0.0,25.71,41.68
29,242900629,CC Cap Sizun - Pointe du Raz,,,22.0,,,26.24,75.0,27.94,32.87,0.0,32.1,0.0,65.7,52.73,51.39,59.46,59.29,43.87,46.86,73.47,42.08,1.2,36.28,34.19,12.87,100.0,100.0,57.72,80.22,25.19,4.83,43.8,9.79,0.0,24.57,36.93,46.61,64.41,74.68,39.87,100.0,51.52,51.14,21.11,0.0,83.61,0.0,52.0,0.0,92.19,11.38,100.0,73.41,36.14,69.23,52.8,51.52,50.33,41.77,81.33,70.5,50.0,73.39,60.13,61.9,45.05,0.0,1.89,67.82,100.0,10.49,57.93,0.0,25.71,41.65
29,242900645,CC Douarnenez Communauté,,,22.0,,,0.79,75.0,38.24,43.54,44.67,81.9,0.0,49.42,50.18,24.24,81.09,89.42,51.23,69.14,100.0,42.08,1.0,100.0,34.68,48.74,66.67,100.0,67.48,100.0,81.11,40.21,43.8,0.0,0.0,0.0,45.44,37.47,54.12,14.74,59.48,36.19,51.52,44.55,26.94,50.0,29.8,0.0,20.4,0.0,74.47,12.03,100.0,71.71,74.57,69.23,39.51,51.89,51.99,25.03,93.33,91.9,50.0,84.74,100.0,74.29,85.94,76.69,9.17,74.71,100.0,21.12,61.41,0.0,25.71,41.23
29,242900660,CC du Pays Fouesnantais,,,22.0,,,49.78,75.0,39.71,59.83,0.0,24.85,100.0,69.77,61.45,59.97,78.3,90.76,57.06,28.86,59.18,42.08,1.8,63.58,41.11,31.24,80.0,100.0,30.08,62.48,47.41,63.14,43.8,0.0,100.0,0.0,0.0,35.26,42.35,16.03,56.86,26.06,51.52,67.15,51.94,0.0,50.22,84.21,35.1,0.0,45.45,17.35,50.46,63.88,80.29,76.92,64.39,74.24,59.93,27.58,100.0,40.88,48.21,63.25,65.9,73.48,66.15,48.31,7.15,64.37,100.0,39.97,62.39,0.0,25.71,56.06
29,242900694,CA Quimperlé Communauté,,,22.0,,,2.3,75.0,38.97,48.88,43.33,34.35,100.0,54.65,49.82,49.12,62.1,56.25,47.24,36.0,55.1,48.18,1.0,100.0,30.64,18.83,73.33,91.07,40.07,72.61,53.33,54.79,43.8,12.43,0.0,0.0,37.18,28.1,36.62,20.19,69.28,90.68,51.52,52.68,59.17,100.0,63.53,0.0,44.3,0.0,97.49,10.43,100.0,65.56,67.14,69.23,62.49,63.26,53.64,28.25,90.67,54.8,55.36,57.53,66.23,64.29,73.62,100.0,22.81,65.52,50.0,29.08,79.24,0.0,25.71,49.71
29,242900702,CC du Pays Bigouden Sud,,,22.0,,,0.0,75.0,33.82,45.22,0.0,32.65,100.0,70.35,55.45,57.83,77.75,87.68,48.47,39.14,42.86,42.08,1.3,49.37,39.03,37.12,100.0,0.0,45.64,81.21,35.93,52.83,43.8,0.0,100.0,24.17,0.0,36.86,57.65,61.54,50.98,81.35,51.52,54.05,0.0,0.0,51.22,68.42,30.4,0.0,45.73,14.47,31.32,52.18,78.86,69.23,55.65,65.91,48.68,31.73,100.0,52.26,50.0,77.41,64.25,63.1,79.82,36.86,9.47,64.37,100.0,24.3,57.83,0.0,25.71,50.87
29,242900710,CC du Haut Pays Bigouden,,,22.0,,,57.58,75.0,38.24,53.37,20.0,33.85,100.0,52.91,44.91,58.33,62.39,61.29,50.31,34.29,77.55,42.08,1.1,32.82,30.32,6.02,66.67,100.0,28.92,56.51,57.78,37.59,43.8,0.0,0.0,0.0,12.13,27.72,43.09,23.72,71.24,66.07,51.52,60.18,0.0,0.0,65.44,22.81,44.5,0.0,97.33,11.33,100.0,58.88,38.43,69.23,65.34,63.64,59.27,36.41,100.0,48.91,55.36,75.4,23.56,41.43,65.1,75.85,6.2,68.97,100.0,29.88,74.35,8.0,25.71,54.71
29,242900744,CC Poher Communauté,,,21.0,,,0.0,50.0,42.65,38.76,72.67,43.0,100.0,37.79,40.91,45.33,35.65,36.87,42.33,43.14,32.65,49.67,0.9,28.83,29.25,82.52,53.33,0.0,41.93,66.15,6.67,36.45,43.8,1.59,0.0,16.3,49.33,33.29,35.74,25.0,66.67,44.82,51.52,43.75,100.0,100.0,43.3,12.28,50.2,0.38,99.19,5.05,100.0,48.59,21.57,53.85,48.05,46.59,41.39,40.03,57.33,100.0,51.79,64.76,100.0,64.95,79.64,100.0,8.95,67.82,50.0,20.85,62.28,0.0,25.71,47.39
29,242900751,CC du Pays de Landivisiau,,,22.0,,,26.89,75.0,36.27,57.3,100.0,28.15,14.62,47.67,49.27,52.53,59.28,50.36,47.55,35.14,4.08,48.43,0.9,17.33,26.65,4.16,66.67,85.71,21.95,59.85,49.63,40.05,43.8,0.0,0.0,100.0,20.24,20.95,35.0,15.06,83.66,51.24,51.52,62.5,0.0,50.0,57.9,17.54,51.7,0.0,96.24,7.45,100.0,0.0,39.0,61.54,70.66,61.36,61.59,37.75,100.0,64.23,55.36,36.75,78.42,57.9,48.59,100.0,20.17,63.22,100.0,49.0,62.72,94.0,25.71,44.32
29,242900769,CA Concarneau Cornouaille Agglomération,,,22.0,,,0.0,75.0,38.24,50.56,22.0,58.15,100.0,58.72,55.64,43.06,67.03,78.97,43.56,42.29,83.67,42.08,1.3,100.0,35.73,36.37,93.33,37.5,51.45,65.65,52.59,47.26,43.8,0.0,0.0,0.0,22.26,30.77,46.18,37.5,64.05,49.86,51.52,54.15,36.11,100.0,51.51,10.53,29.6,0.0,81.52,10.13,100.0,63.06,58.0,69.23,54.51,62.5,54.3,19.01,100.0,47.58,51.79,76.1,72.82,74.1,66.72,54.38,13.04,66.67,50.0,36.25,78.7,0.0,25.71,51.87
29,242900793,CC Communauté Lesneven Côte des Légendes,,,22.0,,,0.0,75.0,26.47,53.65,36.67,28.0,100.0,58.72,51.82,50.51,73.26,85.31,50.0,34.57,65.31,48.35,1.0,38.22,30.33,13.95,86.67,87.5,34.03,74.03,23.33,38.9,43.8,0.0,0.0,0.0,0.0,30.04,45.59,32.37,71.24,70.47,51.52,60.05,77.22,0.0,62.81,10.53,46.1,0.0,83.42,6.18,100.0,14.56,22.86,69.23,64.39,67.42,59.6,26.1,100.0,65.46,55.36,63.55,58.65,71.1,44.77,100.0,22.04,65.52,100.0,42.9,52.72,28.0,25.71,47.32
29,242900801,CA du Pays de Landerneau-Daoulas,,,22.0,,,0.0,75.0,38.24,67.98,100.0,41.7,100.0,68.02,53.27,44.82,69.06,76.34,61.04,34.0,69.39,48.35,1.3,71.3,33.62,17.19,100.0,98.21,22.65,61.98,59.26,52.33,43.8,13.23,0.0,100.0,6.24,19.04,45.29,41.35,79.74,70.18,51.52,70.04,0.0,100.0,69.11,0.0,39.9,0.0,84.56,8.83,100.0,0.0,80.71,53.85,70.28,74.24,62.25,27.98,100.0,69.63,55.36,81.22,67.05,54.33,73.49,100.0,32.17,63.22,50.0,55.11,53.15,84.0,25.71,55.48
29,242900835,CA Morlaix Communauté,,,22.0,,,0.0,75.0,36.76,50.0,38.0,49.2,44.23,51.16,46.36,44.7,59.42,61.07,48.77,44.29,59.18,48.51,1.1,86.5,31.65,20.24,66.67,51.79,30.55,72.88,21.11,39.23,43.8,18.78,0.0,100.0,24.93,32.87,55.15,44.23,65.36,53.1,51.52,51.53,43.06,100.0,71.07,0.0,39.7,0.0,93.25,9.36,100.0,54.12,95.0,69.23,54.51,53.41,51.99,30.92,89.0,100.0,50.0,72.99,100.0,37.71,64.45,100.0,13.5,65.52,100.0,35.99,63.91,0.0,25.71,44.68
2A,200038958,CC de la Pieve de l'Ornano et du Taravo,,,20.0,,,62.18,0.0,75.0,63.48,0.0,2.6,0.0,83.72,58.18,90.03,0.0,0.0,57.98,34.86,57.14,17.16,1.9,89.86,42.83,0.74,20.0,0.0,54.01,100.0,0.0,73.63,18.38,100.0,100.0,100.0,72.44,77.41,70.15,70.19,70.59,3.01,8.63,43.95,50.28,50.0,12.44,100.0,42.7,0.0,18.37,20.49,0.0,91.71,100.0,53.85,62.49,48.48,45.36,44.85,6.0,100.0,30.36,12.15,44.65,20.57,0.0,0.0,7.58,,100.0,21.12,84.67,0.0,71.07,55.9
2A,200040764,CC du Sud Corse,,,20.0,,,0.0,0.0,76.47,70.51,0.0,49.4,88.46,79.65,74.55,91.67,3.7,0.0,58.28,33.43,14.29,0.0,1.9,100.0,41.17,0.45,100.0,0.0,30.55,100.0,48.52,100.0,18.38,100.0,100.0,77.46,0.0,100.0,69.41,56.41,89.54,0.0,8.63,34.38,55.83,50.0,2.63,0.0,38.3,18.17,15.87,16.04,0.0,59.71,100.0,53.85,66.1,27.65,31.46,47.66,0.0,96.72,33.93,0.0,100.0,10.9,51.28,0.0,5.56,,100.0,36.79,91.63,54.0,71.07,57.48
2A,200067049,CC Spelunca-Liamone,,,20.0,,,0.0,0.0,82.35,49.72,0.0,10.0,100.0,94.77,46.55,88.26,0.0,0.0,51.23,51.43,28.57,17.16,1.5,49.76,39.9,0.45,100.0,0.0,100.0,100.0,0.0,1.72,18.38,100.0,100.0,100.0,85.22,100.0,67.94,78.21,60.13,61.67,8.63,25.71,73.33,0.0,0.0,0.0,66.9,0.0,28.84,18.89,0.0,95.09,100.0,61.54,54.13,28.79,26.49,54.75,0.0,100.0,33.93,5.72,56.67,0.0,0.0,0.0,1.39,,100.0,5.98,86.41,0.0,71.07,56.87
2A,242000495,CC de l'Alta Rocca,,,20.0,,,0.0,0.0,75.0,57.58,0.0,10.65,0.0,77.33,65.45,91.29,0.0,0.0,53.68,42.0,51.02,0.0,1.9,50.53,35.38,0.13,100.0,0.0,72.36,68.78,48.52,46.76,18.38,100.0,100.0,100.0,71.75,100.0,77.21,74.04,70.59,25.07,8.63,23.38,100.0,0.0,0.26,0.0,57.5,0.0,11.48,11.39,0.0,95.76,100.0,61.54,61.54,28.79,36.42,64.52,0.0,100.0,33.93,0.0,44.81,0.0,0.0,0.0,4.42,,100.0,12.62,83.37,0.0,71.07,57.45
2A,242000503,CC Celavu-Prunelli,,,20.0,,,0.0,25.0,82.35,70.79,0.0,1.95,100.0,90.12,47.82,87.88,0.0,0.0,62.27,22.29,55.1,17.16,1.6,12.02,46.56,0.0,0.0,0.0,0.0,100.0,1.11,0.0,18.38,100.0,100.0,100.0,67.95,54.73,64.85,52.24,86.27,4.69,8.63,47.77,0.0,0.0,42.37,100.0,50.1,0.0,10.46,20.87,0.0,88.79,100.0,53.85,70.28,58.33,54.3,32.4,0.0,100.0,42.86,37.45,0.0,0.0,25.52,0.0,15.17,,100.0,27.49,89.78,0.0,71.07,68.23
2A,242010056,CA du Pays Ajaccien,,,20.0,,,100.0,0.0,82.35,80.06,64.0,67.65,100.0,79.65,54.0,60.61,63.19,79.33,68.1,61.14,30.61,17.16,1.9,45.81,54.6,11.51,20.0,0.0,46.81,100.0,39.63,81.0,18.38,100.0,0.0,3.45,0.0,55.22,70.88,69.23,80.39,10.36,8.63,48.9,0.0,100.0,52.93,100.0,12.7,0.0,3.06,17.17,3.87,62.47,100.0,53.85,80.91,45.83,53.97,15.53,0.0,76.52,39.29,17.67,100.0,50.0,57.03,45.62,7.54,,0.0,17.13,78.04,34.0,71.07,71.1
2A,242010130,CC du Sartenais Valinco Taravo,,,20.0,,,0.0,0.0,75.74,64.61,0.0,33.15,100.0,65.12,54.18,90.91,6.96,0.0,56.44,51.43,24.49,11.39,1.3,26.99,37.15,3.78,0.0,0.0,60.74,100.0,19.63,47.75,18.38,100.0,100.0,26.56,65.59,100.0,71.76,74.04,75.16,20.15,8.63,21.42,11.67,0.0,17.4,0.0,29.3,0.0,30.28,37.41,0.0,38.0,100.0,53.85,59.07,18.56,35.43,61.58,11.67,100.0,37.5,0.0,100.0,26.48,0.0,0.0,2.45,,100.0,24.04,87.61,0.0,71.07,37.32
2B,200015162,CC de l'Oriente,,,19.0,,,0.0,0.0,72.06,63.2,0.0,13.7,0.0,83.14,58.55,88.89,0.0,0.0,56.13,43.14,73.47,15.1,1.7,22.5,37.67,10.25,0.0,0.0,41.93,84.61,0.0,40.54,28.42,100.0,100.0,33.32,74.37,60.16,33.09,70.83,75.82,24.9,23.7,24.14,11.67,0.0,0.0,0.0,67.1,6.28,81.6,17.18,16.27,0.0,100.0,61.54,60.21,0.0,47.02,56.09,0.0,100.0,35.71,0.0,79.74,0.0,0.0,0.0,6.54,,100.0,7.04,63.8,0.0,66.07,51.87
2B,200033827,CC de Fium'Orbu Castellu,,,19.0,,,0.0,0.0,70.59,63.76,0.0,24.6,0.0,77.33,54.91,89.14,8.62,0.0,53.37,37.71,36.73,15.1,1.5,12.55,33.26,4.39,6.67,0.0,36.59,100.0,86.3,40.54,28.42,100.0,100.0,100.0,57.43,68.16,68.24,66.67,81.05,32.54,23.7,22.71,0.0,0.0,0.0,100.0,49.3,0.0,27.13,17.95,0.0,0.0,100.0,61.54,66.29,21.97,23.18,55.69,62.33,89.37,39.29,0.0,89.13,9.52,0.0,0.0,2.93,,100.0,16.07,84.78,0.0,66.07,39.9
2B,200034205,CC de la Costa Verde,,,19.0,,,0.0,0.0,72.06,68.54,0.0,21.85,0.0,88.95,61.82,91.79,26.34,3.53,52.76,38.57,69.39,32.18,1.1,10.16,33.62,0.0,0.0,0.0,30.31,100.0,0.0,37.1,28.42,100.0,100.0,100.0,29.07,73.2,58.97,70.19,66.01,27.62,23.7,20.36,17.5,50.0,6.32,100.0,45.8,2.14,9.47,13.0,7.55,0.0,100.0,69.23,61.35,15.53,35.1,53.68,0.0,80.23,39.29,0.0,54.2,19.24,0.0,0.0,0.45,,100.0,7.57,0.0,0.0,66.07,55.58
2B,200036499,CC de Marana-Golo,,,19.0,,,0.0,0.0,79.41,80.62,27.33,35.7,100.0,61.05,74.55,91.16,54.71,72.19,60.74,23.71,69.39,47.36,10.0,26.17,58.25,1.51,13.33,0.0,30.55,100.0,42.22,25.14,28.42,100.0,0.0,95.86,2.46,79.52,56.91,27.24,92.16,8.34,23.7,43.26,0.0,50.0,6.77,100.0,18.1,21.79,8.44,18.18,14.32,15.09,100.0,53.85,72.55,37.5,48.01,30.12,2.33,63.58,41.07,3.21,98.68,47.14,18.23,0.0,6.2,,0.0,44.75,28.91,82.0,66.07,66.81
2B,200042943,CC du Cap Corse,,,19.0,,,0.0,50.0,80.88,47.75,0.0,7.4,0.0,83.14,36.0,88.01,0.0,0.0,53.07,46.57,63.27,47.36,1.4,21.02,42.38,0.0,0.0,0.0,72.13,100.0,100.0,0.0,28.42,100.0,100.0,16.29,82.84,100.0,75.44,74.68,62.75,0.0,23.7,30.39,8.61,0.0,0.0,0.0,58.8,0.0,7.6,11.63,0.0,74.71,100.0,69.23,56.98,25.76,44.04,68.94,0.0,100.0,33.93,25.0,32.45,0.0,4.38,0.0,0.2,,100.0,8.37,56.41,0.0,66.07,54.32
2B,200073104,CC de l'Ile-Rousse - Balagne,,,17.0,,,0.0,0.0,70.59,63.48,0.0,16.4,0.0,91.28,48.18,93.06,0.0,0.0,61.66,48.57,34.69,22.77,1.2,100.0,38.14,29.65,60.0,0.0,51.22,100.0,74.81,74.94,28.42,100.0,100.0,100.0,62.41,100.0,70.44,66.67,72.55,18.7,23.7,31.11,100.0,100.0,0.0,63.16,34.7,0.0,15.79,13.97,29.84,92.03,100.0,61.54,59.26,22.73,28.15,50.33,23.33,91.64,32.14,0.0,85.67,14.29,0.68,100.0,1.52,,100.0,17.93,87.72,0.0,66.07,59.0
2B,200073120,CC Nebbiu - Conca d'Oro,,,19.0,,,0.0,0.0,74.26,57.02,0.0,19.25,0.0,87.79,48.36,87.75,0.0,0.0,60.43,46.29,36.73,47.36,2.1,14.28,40.23,0.0,100.0,0.0,56.1,100.0,85.56,13.02,28.42,100.0,100.0,70.7,78.83,77.35,62.21,66.67,71.9,17.66,23.7,30.7,100.0,0.0,0.0,100.0,54.3,0.0,15.19,48.74,0.0,0.0,100.0,61.54,65.91,25.76,35.76,55.69,0.0,82.41,35.71,27.51,42.5,34.9,38.02,0.0,1.44,,100.0,14.48,66.74,0.0,66.07,58.03
2B,200073138,CC Pasquale Paoli,,,16.0,,,0.0,25.0,76.47,47.75,0.0,10.85,0.0,88.37,45.09,86.74,0.0,0.0,56.13,36.0,38.78,13.2,1.2,40.87,33.89,0.0,0.0,0.0,80.49,100.0,0.0,0.0,28.42,100.0,100.0,100.0,91.66,88.07,57.35,49.68,62.09,0.0,23.7,29.26,57.5,0.0,0.41,0.0,79.8,0.0,15.02,14.45,0.0,94.82,100.0,38.46,59.07,17.42,54.64,61.98,0.0,100.0,39.29,0.0,40.86,14.38,0.0,0.0,3.67,,50.0,9.69,77.28,0.0,66.07,53.65
2B,200073252,CC de la Castagniccia-Casinca,,,19.0,,,0.0,0.0,75.0,65.73,0.0,40.25,100.0,64.53,52.55,87.25,11.27,0.36,51.84,29.43,48.98,47.36,1.1,6.26,37.38,0.0,100.0,0.0,36.59,100.0,39.63,79.2,28.42,100.0,100.0,100.0,38.6,63.73,60.29,49.68,79.74,19.75,23.7,22.96,50.28,0.0,17.67,100.0,28.1,0.0,13.29,13.3,55.85,0.0,100.0,61.54,65.91,11.36,45.7,44.18,0.0,73.5,39.29,0.0,36.57,5.24,0.0,0.0,1.94,,100.0,12.62,0.0,0.0,66.07,59.19
2B,242000354,CA de Bastia,,,19.0,,,100.0,0.0,80.88,70.22,100.0,100.0,100.0,87.21,58.0,57.45,81.27,99.02,71.78,61.43,36.73,47.36,1.6,66.39,50.72,4.98,60.0,100.0,71.66,100.0,47.78,100.0,28.42,100.0,100.0,0.0,0.0,51.45,71.47,76.6,83.66,30.75,23.7,43.83,51.94,100.0,72.19,100.0,6.0,0.0,0.14,37.9,0.0,0.0,100.0,53.85,81.48,25.0,45.7,28.65,0.0,69.07,32.14,0.0,100.0,97.14,90.1,0.0,3.68,,50.0,15.54,0.0,0.0,66.07,63.97
2B,242020071,CC du Centre Corse,,,16.0,,,0.0,0.0,75.0,24.72,0.0,62.95,100.0,78.49,52.55,85.73,65.51,30.31,7.67,71.43,46.94,13.2,1.3,41.61,40.3,5.18,20.0,0.0,36.35,100.0,0.0,67.9,28.42,100.0,100.0,100.0,92.98,69.54,78.82,83.65,88.24,25.3,23.7,44.79,100.0,50.0,37.04,0.0,24.7,16.48,2.88,17.04,0.0,98.53,100.0,69.23,18.04,23.86,82.78,56.09,23.67,100.0,39.29,3.82,100.0,31.9,0.0,0.0,6.35,,100.0,23.24,94.35,80.0,66.07,32.81
2B,242020105,CC de Calvi Balagne,,,16.0,,,0.0,0.0,72.79,61.24,0.0,53.9,100.0,84.88,52.91,92.17,27.1,0.0,60.12,94.0,87.76,22.77,1.1,43.96,32.99,0.0,86.67,0.0,58.65,100.0,0.0,36.28,28.42,100.0,100.0,100.0,73.16,100.0,75.29,57.69,88.24,8.63,23.7,30.49,100.0,50.0,0.0,89.47,37.7,5.16,18.03,31.57,0.0,58.15,100.0,61.54,59.26,23.86,46.36,53.15,12.67,90.44,37.5,0.0,100.0,23.48,52.37,100.0,5.62,,100.0,21.12,91.74,0.0,66.07,0.0
30,200034379,CC Pays d'Uzès,,,51.0,,,0.0,50.0,58.58,54.21,5.33,23.25,0.0,49.42,59.82,57.7,62.28,55.49,54.91,45.43,12.24,44.61,1.8,54.85,37.38,10.62,40.0,0.0,19.4,100.0,68.52,100.0,27.56,100.0,100.0,100.0,19.7,63.16,58.53,59.62,62.09,21.19,35.95,35.82,29.72,100.0,64.97,0.0,56.2,0.0,32.73,27.85,18.89,0.0,59.43,53.85,68.57,37.88,41.72,37.88,2.0,94.24,37.5,46.29,76.28,51.71,38.62,45.76,11.85,65.52,100.0,24.3,18.26,0.0,55.0,50.65
30,200034411,CC du Piémont Cévenol,,,51.0,,,0.0,50.0,57.56,51.12,42.67,16.85,0.0,40.12,43.64,63.13,38.8,58.08,47.85,47.14,46.94,42.02,1.5,66.58,31.93,67.87,86.67,76.79,28.46,75.29,58.52,52.99,27.56,100.0,100.0,100.0,61.69,48.91,57.06,75.64,71.24,63.93,35.95,35.18,100.0,50.0,62.67,100.0,52.0,0.0,30.99,42.17,6.53,0.0,81.14,53.85,70.28,29.55,33.44,42.84,34.33,100.0,42.86,51.81,39.21,60.9,41.95,62.71,35.23,66.67,100.0,19.26,7.61,0.0,55.0,48.77
30,200034601,CC Causses Aigoual Cévennes,,,33.0,,,0.0,50.0,57.35,25.84,0.0,10.05,0.0,68.02,24.0,66.16,0.0,0.0,30.37,82.57,100.0,42.99,0.6,100.0,27.52,1.13,0.0,0.0,52.85,54.15,7.78,0.0,27.56,100.0,100.0,100.0,94.79,84.84,65.15,67.31,54.9,100.0,35.95,25.51,69.72,0.0,75.97,0.0,86.9,0.0,65.79,14.55,0.0,92.76,100.0,61.54,49.57,0.0,44.37,65.86,0.0,100.0,37.5,100.0,72.82,0.0,5.03,0.0,8.24,73.56,100.0,2.26,70.76,0.0,55.0,33.87
30,200034692,CA du Gard Rhodanien,,,48.0,,,0.0,50.0,56.76,58.99,83.33,62.05,100.0,41.28,53.27,51.01,79.28,74.73,53.07,34.86,12.24,50.33,1.6,100.0,34.09,4.34,0.0,0.0,34.03,67.9,68.15,53.48,27.56,90.48,0.0,86.31,23.38,33.67,40.0,54.17,75.16,12.97,35.95,42.94,0.0,100.0,52.12,0.0,39.1,0.0,5.99,20.12,18.62,0.0,0.0,46.15,65.91,34.85,31.46,32.26,14.0,56.78,42.86,29.52,89.62,50.33,64.84,0.0,30.24,64.37,0.0,23.24,26.2,28.0,55.0,48.97
30,200035129,CC de Cèze Cévennes,,,43.0,,,0.0,25.0,62.5,23.88,0.0,43.5,46.92,20.93,46.36,57.95,55.29,37.1,34.05,46.0,20.41,49.34,1.2,100.0,29.42,6.91,26.67,69.64,39.37,86.36,21.48,0.0,27.56,100.0,100.0,100.0,66.15,56.22,72.35,75.96,52.29,28.89,35.95,23.65,82.78,100.0,73.71,100.0,49.1,47.93,35.36,16.77,0.0,7.03,86.86,53.85,54.89,0.38,10.26,38.69,7.0,100.0,42.86,48.9,62.11,63.14,30.94,100.0,5.0,70.11,100.0,6.24,1.41,0.0,55.0,36.13
30,200066918,CA Alès Agglomération,,,34.0,,,0.0,25.0,59.74,46.07,82.67,82.85,65.38,46.51,54.73,43.94,77.72,72.32,47.85,36.0,51.02,41.75,1.6,100.0,34.82,9.69,20.0,0.0,45.41,100.0,73.7,55.94,27.56,100.0,0.0,100.0,26.44,42.97,61.47,58.65,68.63,55.47,35.95,31.97,20.0,100.0,68.88,38.6,28.5,0.0,8.7,30.7,0.0,0.0,51.14,46.15,59.45,15.53,35.76,25.7,2.67,76.88,42.86,46.99,93.41,53.05,54.3,100.0,20.13,64.37,0.0,20.32,0.0,0.0,55.0,48.03
30,243000270,CC du Pays Viganais,,,39.0,,,0.0,50.0,58.09,30.9,0.0,34.45,91.92,44.19,39.45,53.41,16.52,34.38,37.73,67.71,71.43,42.99,0.7,100.0,28.69,26.75,13.33,0.0,59.35,95.51,62.59,15.32,27.56,100.0,100.0,100.0,89.22,67.66,66.47,82.69,59.48,100.0,35.95,23.45,100.0,0.0,60.56,0.0,54.0,7.33,20.17,20.53,0.0,89.15,100.0,61.54,49.19,1.14,33.77,42.97,58.33,100.0,41.07,100.0,100.0,49.9,40.1,0.0,7.81,66.67,100.0,19.26,61.63,0.0,55.0,35.74
30,243000296,CC du Pays de Sommières,,,52.0,,,25.9,25.0,54.78,64.89,72.67,29.4,100.0,56.4,51.45,71.09,70.0,82.37,56.44,37.14,83.67,37.62,2.0,47.04,36.46,38.31,40.0,100.0,13.59,88.66,99.26,38.9,27.56,76.98,100.0,0.0,2.86,49.29,61.18,53.85,77.78,36.36,35.95,50.97,45.0,50.0,78.26,0.0,34.8,0.0,15.68,29.94,18.57,0.0,100.0,61.54,73.69,48.48,52.98,32.66,56.67,83.61,44.64,60.24,22.73,68.0,50.23,0.0,52.1,63.22,100.0,24.3,0.0,68.0,55.0,56.16
30,243000569,"CC Rhony, Vistre, Vidourle",,,53.0,,,0.0,50.0,62.25,73.03,96.67,30.05,100.0,61.05,50.0,63.89,94.67,98.97,59.82,36.86,71.43,37.62,2.0,36.77,38.55,17.36,100.0,83.93,23.34,100.0,100.0,72.81,27.56,17.99,100.0,32.73,0.0,34.4,28.24,59.94,81.7,7.59,35.95,61.8,0.0,0.0,79.06,0.0,19.5,2.82,7.5,49.55,19.22,0.0,45.86,53.85,79.01,58.33,50.66,29.72,72.0,54.21,48.21,42.37,48.6,82.38,67.19,98.45,95.39,57.47,0.0,32.01,0.0,76.0,55.0,59.71
30,243000585,CC Beaucaire Terre d'Argence,,,41.0,,,0.0,0.0,69.12,60.11,100.0,52.5,57.31,55.81,47.09,58.33,86.09,87.9,50.0,39.43,53.06,34.57,1.3,20.23,29.66,38.29,0.0,58.93,40.3,100.0,45.19,45.29,27.56,0.0,0.0,100.0,31.91,34.25,44.56,56.73,77.78,22.0,35.95,36.47,10.56,50.0,62.8,0.0,7.3,0.0,28.27,25.56,100.0,0.0,67.86,46.15,68.0,14.39,33.44,36.41,0.0,43.58,41.07,0.0,39.21,82.86,59.38,100.0,37.61,66.67,0.0,30.15,62.72,72.0,55.0,47.45
30,243000593,CC de Petite Camargue,,,52.0,,,0.0,25.0,71.08,69.1,100.0,58.4,39.23,63.37,58.0,58.96,90.43,91.79,54.29,34.29,38.78,37.62,1.8,28.5,34.45,45.56,53.33,66.07,32.4,100.0,100.0,65.77,27.56,0.0,0.0,100.0,36.43,32.5,34.41,8.01,80.39,8.74,35.95,47.19,0.0,50.0,64.83,0.0,4.1,0.0,31.13,42.03,82.15,0.0,100.0,46.15,75.59,39.39,43.05,33.6,41.0,50.89,48.21,0.0,54.86,77.14,65.62,0.0,87.39,71.26,50.0,28.55,51.2,76.0,55.0,52.87
30,243000643,CA de Nîmes Métropole,,,52.0,,,99.43,0.0,61.95,66.29,100.0,80.45,100.0,48.26,53.09,49.49,92.36,93.35,52.76,68.86,85.71,37.62,1.9,71.24,37.95,14.81,53.33,92.86,39.37,100.0,97.41,90.5,27.56,42.33,50.0,100.0,0.0,41.85,62.21,68.59,77.78,43.6,35.95,42.1,0.0,100.0,58.04,31.58,10.3,0.0,9.55,27.04,43.7,0.0,27.57,46.15,56.6,11.36,39.74,17.4,0.0,60.62,35.71,17.27,100.0,72.9,60.39,10.73,33.09,,0.0,23.77,22.17,60.0,55.0,43.65
30,243000650,CC Terre de Camargue,,,58.0,,,100.0,0.0,76.47,55.9,0.0,39.95,100.0,87.79,56.55,60.61,86.85,97.28,39.26,60.86,83.67,42.57,1.4,41.26,40.84,49.47,66.67,85.71,55.63,100.0,46.67,56.43,27.56,0.0,100.0,100.0,71.25,92.8,59.85,68.27,58.17,3.65,35.95,35.79,20.0,50.0,28.7,100.0,2.7,0.0,18.68,75.02,42.58,0.0,100.0,53.85,54.89,43.18,32.78,35.61,86.33,69.33,44.64,46.39,88.3,92.05,57.47,0.0,68.67,70.11,100.0,17.66,84.13,0.0,55.0,50.94
30,243000684,CC du Pont du Gard,,,45.0,,,0.0,50.0,56.76,60.11,77.33,20.1,100.0,46.51,51.09,67.55,81.92,80.31,53.07,31.71,48.98,42.45,1.7,43.51,33.85,34.75,33.33,100.0,25.67,100.0,57.04,45.95,27.56,70.37,0.0,100.0,30.5,38.59,25.59,56.41,78.43,0.0,35.95,48.51,72.5,0.0,66.98,0.0,34.0,0.0,9.2,39.07,22.82,0.0,5.86,46.15,73.88,42.8,43.71,46.45,20.0,79.41,46.43,34.74,46.62,64.76,46.17,100.0,23.4,63.22,0.0,27.22,0.0,56.0,55.0,57.23
31,200034957,CC du Frontonnais,,,19.0,,,100.0,50.0,58.82,76.12,100.0,33.1,100.0,60.47,62.73,66.04,94.82,97.68,61.35,31.14,55.1,54.95,2.2,57.96,37.27,9.75,60.0,89.29,7.08,61.82,75.93,66.75,42.74,0.0,100.0,0.0,0.0,40.1,32.21,0.0,88.24,0.0,22.57,62.61,34.17,0.0,45.19,100.0,37.6,0.0,54.32,8.73,86.59,0.0,0.0,69.23,83.95,68.94,63.25,32.53,63.67,39.38,50.0,55.82,58.15,73.33,45.31,98.16,67.6,55.17,100.0,39.44,0.0,100.0,60.36,65.13
31,200066819,CC du Volvestre,,,9.0,,,0.0,50.0,54.66,61.52,100.0,27.85,100.0,53.49,55.45,59.22,60.91,58.66,57.98,38.86,18.37,49.39,1.6,48.69,29.42,18.19,100.0,100.0,19.4,85.1,68.52,87.71,42.74,0.0,100.0,0.0,17.23,48.78,54.85,55.13,80.39,42.21,22.57,50.95,2.78,50.0,70.15,38.6,38.7,18.5,96.16,19.99,100.0,58.44,26.71,69.23,75.78,52.65,49.01,28.65,42.67,70.54,48.21,52.31,36.41,50.0,27.24,100.0,42.87,62.07,0.0,31.21,0.0,72.0,60.36,54.87
31,200068641,CA Le Muretain Agglo,,,14.0,,,0.0,50.0,55.88,78.37,100.0,74.45,100.0,67.44,67.27,45.2,90.36,96.47,60.12,41.14,83.67,54.95,2.0,59.72,39.74,20.8,100.0,98.21,24.04,81.43,65.56,98.69,42.74,0.0,50.0,0.0,0.0,36.41,61.76,54.81,86.93,0.12,22.57,59.27,35.28,100.0,54.7,0.0,14.4,0.0,36.87,12.2,79.77,42.47,0.0,61.54,74.83,58.33,44.37,22.49,43.67,28.16,48.21,68.88,45.96,78.57,69.14,54.66,34.1,57.47,0.0,36.79,0.0,96.0,60.36,58.97
31,200068807,CC du Bassin Auterivain Haut-Garonnais,,,19.0,,,0.0,50.0,58.46,69.66,100.0,26.3,100.0,58.72,56.91,52.78,70.91,83.08,59.2,40.57,48.98,52.97,1.8,42.23,33.45,4.9,86.67,3.57,27.76,49.27,40.37,60.69,42.74,0.0,100.0,0.0,0.0,39.58,54.56,66.03,83.66,10.02,22.57,57.03,31.67,0.0,58.25,0.0,46.8,0.0,73.83,15.09,100.0,35.91,0.0,69.23,78.63,61.36,52.65,32.26,59.67,42.05,51.79,42.87,12.85,68.19,46.28,82.63,26.98,62.07,100.0,38.91,1.3,96.0,60.36,61.45
31,200068815,CC Coeur de Garonne,,,14.0,,,0.0,50.0,49.71,59.27,100.0,24.75,21.15,40.7,54.55,59.09,52.39,49.29,53.37,38.0,73.47,48.6,1.7,44.33,29.56,3.51,33.33,39.29,26.13,64.45,30.37,38.25,42.74,2.91,50.0,0.0,47.06,43.79,51.18,50.64,79.08,64.22,22.57,48.46,53.61,0.0,64.68,15.79,41.8,0.0,97.56,14.33,100.0,63.79,3.57,61.54,75.02,54.55,51.32,40.16,6.0,62.96,50.0,31.93,27.84,53.57,13.91,100.0,15.07,62.07,0.0,28.29,2.93,64.0,60.36,57.45
31,200071298,CC des Terres du Lauragais,,,20.0,,,100.0,75.0,53.31,70.51,100.0,24.6,100.0,59.3,54.36,70.33,52.93,58.21,65.03,36.0,53.06,53.3,2.2,66.49,35.15,19.69,100.0,94.64,16.14,49.49,36.67,60.52,42.74,0.0,100.0,0.0,0.0,36.59,54.12,58.97,86.27,23.1,22.57,70.66,6.11,50.0,56.52,0.0,55.7,6.15,71.73,18.24,100.0,38.85,0.0,69.23,83.57,70.83,62.91,45.11,62.67,61.79,50.0,62.65,16.47,45.71,36.25,100.0,39.31,58.62,100.0,44.75,0.0,100.0,60.36,66.68
31,200071314,CC des Hauts-Tolosans,,,24.0,,,0.0,50.0,61.76,71.35,100.0,36.05,100.0,58.72,54.91,66.29,68.41,59.6,59.51,29.14,40.82,54.95,1.9,40.13,35.41,4.62,53.33,100.0,5.46,50.15,44.81,41.69,42.74,0.0,100.0,0.0,0.0,28.5,48.53,61.22,90.2,16.44,22.57,62.55,0.0,0.0,42.93,0.0,39.6,0.0,75.47,16.68,100.0,50.53,0.0,76.92,78.82,64.77,58.94,26.64,18.33,41.66,50.0,33.73,0.0,42.71,41.98,78.53,45.65,62.07,100.0,41.3,0.0,100.0,60.36,61.84
31,200072635,CC Pyrénées Haut Garonnaises,,,7.0,,,0.0,75.0,48.53,27.25,0.0,11.6,0.0,61.05,50.0,47.73,40.94,0.0,41.72,50.57,42.86,42.24,0.8,100.0,28.32,29.87,46.67,0.0,72.36,62.86,19.26,64.78,42.74,100.0,100.0,100.0,76.36,80.38,74.26,72.44,54.25,16.79,22.57,36.66,20.83,100.0,22.89,0.0,48.7,0.0,81.38,21.42,0.0,90.68,100.0,61.54,54.51,39.39,50.66,58.23,13.33,100.0,48.21,100.0,73.64,44.05,5.39,100.0,23.42,,100.0,39.97,14.57,0.0,60.36,37.19
31,200072643,CC Coeur et Coteaux du Comminges,,,20.0,,,9.88,50.0,44.12,41.01,86.0,26.85,0.0,27.91,49.45,44.07,30.07,23.66,50.31,46.0,55.1,48.73,1.3,52.11,28.11,6.01,0.0,0.0,45.41,44.62,35.56,67.08,42.74,16.93,0.0,0.0,47.41,55.99,62.79,73.72,60.78,46.9,22.57,29.25,54.44,100.0,40.56,0.0,50.6,0.0,95.62,15.9,100.0,79.94,58.86,61.54,58.31,27.27,32.45,43.11,0.0,85.76,44.64,54.42,100.0,21.14,40.42,95.76,7.05,67.82,50.0,30.68,0.0,0.0,60.36,46.9
31,200073146,CC Cagire Garonne Salat,,,10.0,,,0.0,75.0,47.06,40.17,11.33,19.95,0.0,45.93,37.27,56.82,13.88,0.0,46.63,36.29,32.65,42.24,1.3,79.56,28.55,32.78,0.0,0.0,44.95,53.05,35.93,13.68,42.74,100.0,100.0,13.98,66.14,52.41,61.62,56.09,65.36,78.69,22.57,35.99,29.17,0.0,40.56,64.91,67.4,0.0,93.52,14.42,45.59,89.68,100.0,46.15,59.64,35.98,42.38,47.66,0.0,100.0,46.43,54.92,41.68,6.33,46.22,100.0,1.53,66.67,100.0,28.02,5.11,0.0,60.36,45.87
31,243100518,Toulouse Métropole,,,16.0,,,44.06,0.0,75.0,76.4,100.0,91.1,100.0,58.72,65.64,40.91,97.61,99.06,57.67,100.0,100.0,54.95,2.3,46.32,46.34,66.47,100.0,100.0,33.57,67.63,69.63,100.0,42.74,0.0,0.0,0.0,0.0,35.6,38.82,44.23,100.0,17.37,22.57,54.76,0.0,100.0,71.11,0.0,1.7,0.0,4.04,9.0,0.0,0.0,0.0,61.54,41.22,34.47,54.64,19.68,38.0,61.82,30.36,34.94,100.0,92.43,81.69,20.34,77.92,,0.0,30.15,0.0,100.0,60.36,42.87
31,243100567,CC Aux sources du Canal du Midi,,,22.0,,,0.0,50.0,45.59,50.84,80.67,23.55,0.0,48.84,50.18,54.8,39.13,71.38,49.39,43.43,38.78,54.46,1.5,52.33,32.0,25.69,66.67,0.0,20.09,53.55,48.89,49.22,42.74,29.37,50.0,100.0,25.28,44.46,39.26,7.37,67.97,31.27,22.57,40.48,5.0,50.0,43.65,64.91,48.6,0.0,97.9,14.86,100.0,58.56,0.0,53.85,65.91,43.56,36.42,35.21,15.67,81.27,46.43,55.42,78.91,55.29,37.14,100.0,12.05,68.97,100.0,23.24,21.2,0.0,60.36,52.06
31,243100633,CA du Sicoval,,,13.0,,,4.61,50.0,55.15,77.25,100.0,86.35,100.0,69.77,66.91,46.34,90.14,95.22,62.58,66.57,100.0,54.95,3.2,67.32,47.55,43.08,100.0,98.21,19.4,62.48,62.59,97.05,42.74,0.0,100.0,0.0,0.0,28.73,32.5,73.08,86.93,27.56,22.57,67.99,0.0,0.0,72.36,0.0,26.2,0.0,43.32,6.59,100.0,34.59,0.0,61.54,63.06,65.91,64.9,31.33,67.67,60.13,39.29,62.75,91.27,74.86,58.49,50.56,68.02,57.47,0.0,44.22,0.0,88.0,60.36,59.32
31,243100732,CC des Coteaux du Girou,,,18.0,,,100.0,75.0,54.78,78.65,100.0,17.3,100.0,67.44,63.09,62.88,69.6,81.03,72.7,37.71,77.55,54.95,2.9,60.91,41.54,5.47,93.33,100.0,6.62,53.71,75.19,67.73,42.74,0.0,100.0,0.0,0.0,37.46,56.62,67.95,86.93,35.44,22.57,70.08,2.5,0.0,46.72,0.0,40.3,80.65,64.02,9.68,100.0,29.32,0.0,84.62,91.55,77.27,69.54,36.14,60.67,53.79,48.21,71.99,0.0,68.52,67.01,100.0,33.33,59.77,100.0,46.08,0.0,100.0,60.36,72.45
31,243100773,CC Val'Aïgo,,,37.0,,,0.0,75.0,52.94,58.15,100.0,41.2,100.0,45.35,52.0,65.03,75.36,92.01,47.24,32.57,42.86,48.6,1.4,55.52,30.82,37.72,0.0,100.0,41.93,58.86,37.41,49.88,42.74,9.26,50.0,0.0,0.0,38.73,44.85,61.86,82.35,23.39,22.57,49.6,11.67,0.0,48.4,0.0,44.2,0.0,64.14,5.95,100.0,12.71,0.0,84.62,72.36,59.09,50.0,35.74,54.33,55.9,51.79,49.8,37.56,81.48,38.36,100.0,17.01,65.52,100.0,34.13,15.54,92.0,60.36,59.52
31,243100781,CC Le Grand Ouest Toulousain,,,18.0,,,100.0,50.0,63.24,86.24,100.0,71.25,100.0,69.77,72.0,40.03,93.73,98.44,67.79,39.43,100.0,54.95,2.4,39.63,43.32,54.97,60.0,100.0,18.7,58.53,46.67,88.04,42.74,1.32,50.0,0.0,0.0,23.65,56.32,40.06,88.89,32.37,22.57,67.71,0.56,50.0,59.33,0.0,23.0,0.0,34.52,19.23,96.25,57.41,9.71,84.62,78.06,66.67,57.62,25.17,56.0,27.45,46.43,33.53,4.61,77.38,55.39,100.0,46.83,54.02,100.0,52.19,0.0,100.0,60.36,65.87
31,243100815,CC des Coteaux Bellevue,,,15.0,,,100.0,75.0,75.0,83.15,100.0,29.85,100.0,70.35,66.73,44.32,98.88,90.62,73.62,39.14,97.96,54.95,2.6,68.89,45.6,9.11,73.33,100.0,31.94,45.49,47.04,71.33,42.74,2.38,100.0,0.0,0.0,34.05,66.18,70.19,83.66,16.5,22.57,69.66,,0.0,74.92,0.0,9.2,89.74,26.91,4.86,38.91,41.94,0.0,84.62,87.18,79.92,68.54,31.46,100.0,36.36,50.0,68.37,7.58,89.1,82.53,66.1,24.65,55.17,100.0,44.22,0.0,84.0,60.36,67.35
32,200023620,CC de la Gascogne Toulousaine,,,24.0,,,62.65,75.0,56.86,77.81,100.0,33.25,100.0,63.95,61.82,58.33,34.89,76.12,62.27,38.29,55.1,50.74,2.4,8.14,36.13,15.81,6.67,83.93,21.02,52.89,40.37,39.07,5.98,0.0,100.0,0.0,0.0,44.68,36.47,64.74,85.62,16.27,28.15,62.88,0.0,50.0,59.21,0.0,37.8,0.0,81.64,16.48,100.0,50.12,0.0,69.23,74.64,69.32,63.25,30.92,100.0,60.07,50.0,42.97,57.0,63.71,14.87,0.0,74.85,58.62,50.0,65.74,1.3,100.0,32.14,65.68
32,200034726,CC Bastides de Lomagne,,,25.0,,,0.0,75.0,44.71,49.44,60.67,27.4,100.0,46.51,42.73,61.99,0.0,0.0,51.23,41.71,57.14,48.79,1.5,7.36,27.47,0.41,26.67,0.0,28.22,31.69,27.04,47.09,5.98,0.0,50.0,0.0,51.19,52.73,50.44,56.09,68.63,47.25,28.15,47.1,64.72,50.0,27.58,40.35,64.7,0.0,100.0,23.05,100.0,55.88,0.0,69.23,68.95,49.24,53.64,52.07,65.33,98.28,46.43,54.82,41.35,50.05,5.94,100.0,5.7,64.37,100.0,37.58,0.0,0.0,32.14,51.87
32,200035632,CC Armagnac Adour,,,29.0,,,0.0,75.0,37.65,38.48,66.67,20.15,0.0,31.4,43.27,50.0,0.0,0.0,44.48,46.86,0.0,51.98,1.4,21.15,22.75,3.14,0.0,0.0,37.51,25.83,45.56,12.04,5.98,5.56,100.0,0.0,60.53,53.99,25.74,61.54,58.17,100.0,28.15,36.19,93.61,0.0,25.85,0.0,75.8,0.0,100.0,10.97,100.0,0.0,0.0,76.92,61.54,32.2,48.34,51.81,22.67,100.0,46.43,60.34,100.0,6.52,40.21,0.0,0.15,68.97,100.0,31.74,21.63,0.0,32.14,28.0
32,200035756,CC Astarac Arros en Gascogne,,,24.0,,,0.0,75.0,36.4,48.03,64.67,15.4,100.0,55.23,47.27,62.37,0.0,0.0,50.61,43.71,83.67,51.98,1.3,19.37,21.42,0.0,46.67,0.0,0.0,26.27,51.85,33.17,5.98,8.47,100.0,0.0,60.99,33.65,1.62,6.09,60.13,0.0,28.15,43.09,82.78,0.0,15.91,0.0,83.0,0.0,99.57,21.13,100.0,68.35,0.0,69.23,73.88,42.05,54.3,54.75,38.33,86.37,48.21,82.33,30.31,31.38,22.86,0.0,6.86,67.82,100.0,26.16,27.28,0.0,32.14,51.16
32,200042372,CC des Coteaux Arrats Gimone,,,27.0,,,50.35,75.0,48.04,49.72,88.67,19.35,100.0,29.07,43.27,56.94,0.0,0.0,52.76,40.86,0.0,46.53,1.6,12.88,27.65,14.02,33.33,0.0,52.85,30.59,34.07,54.3,5.98,0.0,100.0,6.99,17.02,45.13,24.71,0.0,70.59,0.0,28.15,52.46,18.06,0.0,22.54,7.02,64.7,0.0,99.93,36.17,100.0,64.56,0.0,69.23,72.36,50.0,50.0,52.34,51.0,94.21,50.0,70.68,63.1,41.1,27.6,0.0,16.33,67.82,100.0,37.05,0.0,0.0,32.14,54.61
32,200066926,CA Grand Auch Coeur de Gascogne,,,24.0,,,0.0,50.0,45.59,55.62,100.0,60.3,13.08,49.42,54.0,42.3,46.2,49.11,48.47,51.43,100.0,46.53,1.9,94.24,35.27,13.64,0.0,0.0,43.09,55.57,74.07,87.39,5.98,0.0,100.0,0.0,30.36,53.95,67.35,70.19,70.59,77.82,28.15,47.34,58.06,100.0,41.68,0.0,33.4,0.0,98.39,36.74,100.0,58.79,0.0,69.23,48.81,45.83,45.7,28.65,80.33,100.0,44.64,79.62,100.0,43.29,62.79,0.0,24.56,65.52,100.0,50.6,8.15,0.0,32.14,48.9
32,200072320,CC Val de Gers,,,26.0,,,0.0,75.0,40.44,50.0,72.67,10.1,100.0,43.6,47.09,63.26,0.0,0.0,52.76,38.86,57.14,44.39,1.1,5.68,25.5,0.0,13.33,0.0,14.05,24.84,24.44,40.54,5.98,6.61,100.0,0.0,69.43,48.44,42.65,85.58,63.4,33.01,28.15,48.28,100.0,50.0,20.94,0.0,84.7,0.0,100.0,32.1,100.0,73.09,44.14,61.54,72.93,44.32,63.58,48.46,46.0,96.98,48.21,82.13,26.36,0.0,32.84,0.0,7.47,67.82,100.0,33.33,27.72,0.0,32.14,51.16
32,243200391,CC de la Lomagne Gersoise,,,26.0,,,0.0,75.0,45.0,42.98,62.0,28.4,91.54,42.44,34.91,55.43,0.0,2.1,46.01,50.29,40.82,45.71,1.4,17.26,25.64,2.92,46.67,0.0,50.99,31.09,78.89,53.48,5.98,0.0,50.0,0.0,31.21,46.42,42.79,38.14,59.48,36.71,28.15,31.51,100.0,50.0,24.77,22.81,57.8,0.0,100.0,18.05,100.0,40.35,0.0,69.23,63.63,40.53,43.38,46.72,19.0,92.29,48.21,62.75,77.27,46.86,35.57,0.0,18.36,72.41,100.0,43.69,15.87,0.0,32.14,48.97
32,243200409,CC du Bas Armagnac,,,32.0,,,0.0,75.0,42.35,43.26,88.0,22.25,0.0,34.88,50.55,58.21,0.0,0.0,41.72,46.57,61.22,51.98,1.0,15.94,23.58,0.0,46.67,0.0,46.57,25.01,60.37,30.38,5.98,3.44,100.0,10.13,38.8,51.32,38.24,66.03,60.78,100.0,28.15,39.57,100.0,100.0,37.7,54.39,65.0,0.0,98.66,10.08,100.0,0.0,12.71,69.23,63.06,36.36,45.36,48.59,16.0,88.72,46.43,68.57,100.0,14.48,41.09,0.0,2.45,71.26,50.0,32.8,19.24,0.0,32.14,34.9
32,243200417,CC de la Tenarèze,,,27.0,,,0.0,50.0,37.75,37.92,55.33,39.95,77.31,23.84,35.27,47.85,0.0,32.9,46.01,54.29,75.51,46.53,1.1,7.76,24.63,56.43,53.33,0.0,31.48,21.01,100.0,40.21,5.98,0.0,100.0,0.0,48.89,56.79,40.59,55.45,53.59,35.78,28.15,29.71,100.0,100.0,12.19,54.39,52.2,0.0,99.99,15.69,100.0,0.0,0.0,69.23,60.59,26.89,44.37,45.38,17.0,100.0,42.86,50.6,98.35,50.9,70.44,98.59,5.71,72.41,50.0,36.52,39.67,0.0,32.14,38.35
32,243200425,CC Coeur d'Astarac en Gascogne,,,29.0,,,0.0,75.0,36.4,39.04,78.67,29.4,0.0,20.93,37.82,49.49,17.83,0.0,40.49,59.43,79.59,46.53,1.4,10.79,23.71,5.75,46.67,0.0,86.99,37.99,79.63,27.44,5.98,5.29,100.0,0.0,60.97,66.77,47.5,49.04,56.86,7.06,28.15,30.28,100.0,0.0,7.34,0.0,45.8,0.0,98.31,34.81,100.0,73.74,43.71,61.54,53.18,25.0,39.4,54.48,83.33,100.0,46.43,52.21,100.0,41.33,15.16,100.0,20.11,71.26,50.0,45.29,45.43,0.0,32.14,38.68
32,243200458,CC du Grand Armagnac,,,28.0,,,0.0,75.0,42.06,35.39,0.0,21.1,0.0,38.95,36.73,67.05,0.0,0.0,39.26,59.14,100.0,46.53,0.9,8.27,21.5,34.89,33.33,0.0,87.69,43.58,60.74,47.58,5.98,11.38,100.0,14.68,57.52,57.97,32.94,58.33,53.59,8.86,28.15,32.71,8.06,0.0,38.56,35.09,61.8,0.0,100.0,11.84,100.0,0.0,19.71,84.62,62.49,22.35,42.05,46.99,37.0,91.02,42.86,44.68,92.09,28.19,21.98,100.0,21.46,72.41,100.0,26.96,50.54,0.0,32.14,25.26
32,243200508,CC Bastides et Vallons du Gers,,,27.0,,,100.0,100.0,37.06,34.27,47.33,28.9,78.46,33.14,48.36,61.62,0.0,0.0,39.26,46.86,0.0,51.98,1.0,11.96,22.02,3.19,0.0,80.36,33.33,24.84,42.59,0.0,5.98,0.0,100.0,0.0,67.91,65.51,56.91,66.03,46.41,100.0,28.15,35.0,46.39,0.0,39.66,0.0,73.8,0.0,100.0,27.64,100.0,56.12,0.0,84.62,56.98,31.44,52.32,57.43,22.67,100.0,44.64,66.77,81.55,16.81,7.55,0.0,1.72,70.11,100.0,27.22,21.74,0.0,32.14,35.9
32,243200599,CC du Saves,,,25.0,,,100.0,75.0,45.59,53.09,74.67,19.25,23.08,53.49,45.64,67.05,0.0,8.13,52.76,34.0,79.59,50.74,1.3,36.66,27.3,20.18,93.33,12.5,37.51,40.62,8.52,45.62,5.98,0.0,100.0,0.0,41.73,55.55,49.56,47.76,67.32,9.55,28.15,48.44,0.0,0.0,42.22,0.0,58.0,0.0,99.57,27.59,100.0,63.91,0.0,84.62,69.52,54.17,58.28,46.72,72.67,82.24,50.0,49.7,47.12,56.52,0.0,0.0,16.0,65.52,100.0,45.82,0.0,0.0,32.14,58.0
32,243200607,CC Artagnan de Fezensac,,,38.0,,,100.0,50.0,35.29,31.46,59.33,18.3,31.15,30.23,29.09,60.61,0.0,0.0,41.1,54.86,89.8,46.53,1.0,4.0,21.46,0.0,6.67,0.0,66.78,18.1,62.22,0.25,5.98,0.0,100.0,0.0,76.21,51.54,42.06,43.27,56.86,65.72,28.15,37.3,46.67,0.0,47.22,0.0,53.5,0.0,100.0,35.96,100.0,42.38,17.14,61.54,61.16,28.41,50.33,59.04,59.33,100.0,42.86,42.07,59.47,42.29,18.85,0.0,6.13,66.67,100.0,38.11,25.65,0.0,32.14,49.68
33,200023794,CC de Blaye,,,29.0,,,16.86,25.0,50.98,42.42,99.33,21.1,100.0,34.3,42.0,64.14,80.47,70.49,44.48,36.29,2.04,54.13,1.9,66.53,28.81,10.23,26.67,92.86,23.34,76.5,12.96,36.94,50.85,7.14,100.0,100.0,39.22,35.61,54.56,78.21,76.47,26.11,32.02,43.54,34.44,50.0,64.14,0.0,44.8,0.0,22.43,32.99,11.32,0.0,0.0,53.85,66.48,40.91,29.47,31.59,53.33,61.56,46.43,32.43,61.94,59.52,77.6,69.07,4.03,63.22,0.0,19.52,0.0,22.0,60.71,49.68
33,200035533,CC du Grand Saint Emilionnais,,,39.0,,,0.0,75.0,49.63,47.19,82.0,16.15,100.0,22.67,34.55,47.85,57.14,69.11,52.45,50.0,0.0,50.99,1.8,100.0,31.61,3.15,46.67,60.71,66.09,82.96,39.63,39.39,50.85,0.0,100.0,100.0,68.26,51.99,6.03,88.78,77.12,35.84,32.02,44.85,26.11,0.0,52.06,0.0,53.7,0.0,29.15,21.15,100.0,0.0,0.0,61.54,75.21,53.41,50.99,36.41,42.0,73.72,44.64,45.98,100.0,56.9,59.04,0.0,3.55,63.22,100.0,32.01,0.0,14.0,60.71,51.29
33,200043974,CC du Sud Gironde,,,26.0,,,66.43,50.0,50.0,50.84,100.0,31.25,100.0,54.07,52.91,58.59,53.62,36.21,46.63,43.14,61.22,50.5,1.5,23.05,33.53,44.01,100.0,0.0,36.82,83.95,41.11,49.22,50.85,100.0,50.0,100.0,42.88,54.13,58.38,59.62,76.47,35.32,32.02,44.11,0.0,100.0,63.45,0.0,45.9,0.0,39.15,13.78,0.0,0.0,0.0,69.23,67.81,50.38,39.4,36.55,56.0,85.72,50.0,45.38,78.09,41.95,61.35,71.05,10.23,60.92,50.0,28.82,37.61,50.0,60.71,50.45
33,200043982,CC du Bazadais,,,19.0,,,0.0,75.0,48.04,34.55,92.67,23.5,100.0,44.19,46.18,58.96,30.54,22.32,45.4,39.14,65.31,46.86,1.3,43.66,29.27,51.46,86.67,0.0,39.61,84.72,29.26,29.57,50.85,100.0,100.0,100.0,61.02,49.58,47.79,43.91,66.67,39.78,32.02,37.22,36.39,0.0,35.14,0.0,56.6,0.0,98.45,14.49,0.0,59.41,100.0,69.23,65.91,41.67,44.04,51.94,22.33,82.8,50.0,44.78,74.14,46.52,37.92,0.0,3.56,65.52,100.0,24.04,36.09,0.0,60.71,50.16
33,200044394,CC du Réolais en Sud Gironde,,,33.0,,,0.0,50.0,50.0,41.57,100.0,19.45,100.0,43.6,44.55,54.55,52.03,58.08,47.24,44.29,30.61,48.68,1.2,13.88,28.8,19.13,46.67,73.21,44.02,91.67,37.04,19.25,50.85,20.37,100.0,0.0,30.42,43.25,56.18,72.44,73.86,55.24,32.02,34.61,13.06,0.0,67.34,0.0,58.8,0.0,79.72,16.73,86.77,0.0,0.0,61.54,69.14,28.03,30.46,42.97,3.67,83.15,46.43,42.07,66.06,58.19,53.83,0.0,2.76,64.37,50.0,18.73,0.0,12.0,60.71,38.77
33,200069581,CC Convergence Garonne,,,27.0,,,0.0,50.0,48.53,56.74,100.0,19.1,100.0,45.93,52.18,54.67,77.9,73.93,50.61,44.57,100.0,46.86,1.4,38.98,31.06,1.62,100.0,100.0,37.51,73.38,35.56,47.91,50.85,100.0,100.0,0.0,20.64,34.63,42.5,82.69,83.01,10.77,32.02,49.79,0.56,0.0,54.67,0.0,46.3,0.0,13.14,14.3,6.1,0.0,0.0,69.23,74.83,59.09,49.67,32.4,48.67,59.71,51.79,67.47,35.42,70.19,59.4,43.08,14.32,62.07,50.0,26.96,0.0,68.0,60.71,57.0
33,200069599,CC Rurales de l'Entre-Deux-Mers,,,33.0,,,54.87,75.0,48.95,49.72,91.33,12.95,0.0,43.6,41.45,62.75,5.47,22.63,53.68,38.0,24.49,49.83,1.2,58.51,25.05,41.6,46.67,82.14,36.59,54.09,32.96,44.96,50.85,14.81,100.0,100.0,63.59,41.63,25.74,77.24,77.78,62.48,32.02,44.62,16.94,100.0,46.6,0.0,87.8,0.0,100.0,19.5,100.0,0.0,0.0,76.92,75.21,41.67,53.64,46.05,0.0,70.41,48.21,32.73,34.76,28.1,36.07,0.0,3.8,67.82,100.0,13.15,0.0,24.0,60.71,43.84
33,200069995,CC Médoc Coeur de Presqu'île,,,23.0,,,0.0,25.0,56.62,46.35,94.0,23.35,0.0,33.72,46.91,66.04,57.64,36.87,40.49,38.0,28.57,47.52,1.3,100.0,28.45,2.44,66.67,94.64,34.26,58.86,37.04,41.2,50.85,65.87,50.0,81.75,63.6,44.28,32.79,76.92,73.2,62.77,32.02,31.12,56.67,0.0,45.04,42.11,53.2,0.0,68.26,15.8,31.73,0.0,48.0,53.85,69.14,43.18,30.13,31.73,2.0,51.19,51.79,18.37,100.0,65.86,70.21,0.0,6.11,67.82,50.0,18.46,44.46,28.0,60.71,40.55
33,200070092,CA du Libournais,,,32.0,,,0.0,25.0,54.12,58.43,100.0,48.35,100.0,52.33,50.91,48.86,84.38,87.77,49.08,50.86,87.76,52.56,1.4,74.68,32.75,15.08,66.67,94.64,33.8,84.88,36.67,58.56,50.85,33.6,0.0,100.0,9.22,39.14,51.91,67.63,78.43,26.64,32.02,39.9,0.0,100.0,54.75,0.0,39.7,0.0,35.82,18.55,26.17,0.0,79.86,61.54,65.34,40.91,33.11,32.26,34.67,52.85,46.43,32.23,86.0,57.33,54.64,45.34,21.0,60.92,50.0,22.44,0.0,56.0,60.71,48.45
33,200070720,CC Médoc Atlantique,,,26.0,,,0.0,50.0,55.88,47.47,0.0,17.85,100.0,81.98,59.09,78.16,33.62,0.0,42.94,50.29,100.0,50.83,1.4,100.0,33.08,96.9,100.0,0.0,48.66,44.02,44.44,56.92,50.85,100.0,100.0,100.0,55.95,88.98,66.47,72.44,52.29,13.09,32.02,35.27,55.0,50.0,29.26,100.0,39.4,0.0,91.82,9.76,0.0,0.0,100.0,69.23,60.97,48.86,34.44,45.52,37.33,87.64,44.64,42.97,56.34,57.14,52.76,49.86,7.31,70.11,100.0,40.77,80.0,0.0,60.71,49.0
33,243300316,Bordeaux Métropole,,,15.0,,,61.03,0.0,63.97,74.16,100.0,100.0,100.0,68.02,62.0,35.1,96.41,98.53,58.28,100.0,100.0,54.13,2.2,65.94,46.9,53.06,100.0,98.21,39.84,88.28,70.37,100.0,50.85,31.48,0.0,69.25,0.0,38.66,51.32,61.54,96.73,26.23,32.02,57.18,0.0,100.0,67.92,0.0,3.2,0.0,1.52,27.32,0.0,0.0,100.0,53.85,45.77,45.45,57.62,16.06,66.67,60.0,35.71,49.8,100.0,95.76,79.64,68.64,26.93,,0.0,30.41,0.0,94.0,60.71,44.94
33,243300563,CA Bassin d'Arcachon Sud (COBAS),,,11.0,,,0.0,50.0,64.71,67.7,0.0,66.45,100.0,79.07,57.82,47.98,77.03,92.05,56.44,59.43,89.8,18.65,2.2,94.99,48.61,51.04,100.0,0.0,53.08,100.0,57.78,87.22,50.85,100.0,0.0,100.0,23.84,57.06,68.09,67.31,61.44,15.46,32.02,51.04,0.0,100.0,46.19,0.0,3.3,0.0,1.99,2.19,0.0,0.0,4.71,69.23,55.08,62.5,49.67,22.62,84.67,56.07,41.07,52.01,100.0,100.0,83.07,40.4,12.3,62.07,50.0,45.29,82.07,0.0,60.71,54.39
33,243300811,CC de l'Estuaire,,,11.0,,,0.0,50.0,45.59,44.1,99.33,18.35,0.0,30.23,47.27,79.04,60.98,58.35,43.25,32.57,36.73,54.13,1.6,100.0,23.67,13.99,0.0,3.57,67.71,64.67,32.59,34.97,50.85,1.59,50.0,100.0,56.88,32.78,18.24,84.29,71.9,31.85,32.02,35.19,1.11,0.0,41.15,100.0,78.5,0.0,100.0,20.86,56.5,0.0,72.57,61.54,69.9,30.3,31.46,27.18,0.0,46.47,48.21,5.22,100.0,43.19,62.06,87.71,6.69,68.97,50.0,11.82,8.15,28.0,60.71,37.23
33,243301165,CC Jalle-Eau-Bourde,,,19.0,,,0.0,75.0,73.53,82.58,100.0,80.7,100.0,84.3,72.55,31.06,88.48,94.33,67.79,40.86,79.59,54.13,2.4,80.85,45.24,33.7,53.33,98.21,31.48,52.4,68.89,42.51,50.85,100.0,50.0,0.0,0.0,40.9,12.35,34.62,77.78,0.0,32.02,63.56,,0.0,42.44,0.0,13.2,0.0,20.18,1.27,0.0,0.0,0.0,69.23,76.92,78.79,67.88,23.56,86.0,29.79,50.0,64.46,100.0,92.05,69.61,100.0,35.14,55.17,50.0,44.22,72.5,32.0,60.71,67.39
33,243301181,CC Latitude Nord Gironde,,,38.0,,,100.0,50.0,51.47,61.52,100.0,17.95,100.0,56.4,55.27,71.72,68.26,72.5,50.92,38.0,71.43,52.56,1.3,69.35,26.81,1.06,46.67,58.93,31.01,68.72,40.0,31.86,50.85,80.69,100.0,100.0,4.59,35.41,62.79,67.95,86.93,57.56,32.02,47.71,0.0,0.0,49.25,0.0,55.0,0.0,37.82,16.99,0.0,0.0,100.0,69.23,84.52,49.62,36.09,33.2,45.0,30.28,53.57,8.23,0.99,73.0,34.9,65.25,22.27,57.47,100.0,17.13,20.65,100.0,60.71,55.84
33,243301215,CC du Créonnais,,,30.0,,,0.0,50.0,51.96,73.03,100.0,31.2,100.0,68.02,63.82,66.04,85.14,87.37,59.2,33.14,44.9,50.66,1.6,100.0,36.18,35.57,40.0,100.0,17.54,64.61,31.85,48.08,50.85,44.97,100.0,100.0,0.0,43.69,58.24,72.76,83.66,47.54,32.02,60.94,0.0,0.0,66.88,100.0,57.6,0.0,23.6,17.3,25.25,0.0,0.0,76.92,83.95,69.32,64.24,35.61,54.33,49.82,55.36,81.83,12.03,74.9,48.62,77.4,9.46,60.92,100.0,35.72,0.0,100.0,60.71,63.58
33,243301223,CC du Grand Cubzaguais,,,41.0,,,0.0,50.0,50.0,66.01,100.0,32.05,100.0,59.88,53.64,64.27,95.11,95.4,50.31,40.0,91.84,54.13,1.6,100.0,31.05,11.25,86.67,78.57,22.42,74.75,54.81,47.09,50.85,0.0,100.0,100.0,0.0,46.93,55.0,56.41,86.27,0.0,32.02,53.69,0.0,50.0,62.71,0.0,36.8,0.0,14.9,19.79,38.25,0.0,0.0,69.23,76.54,56.44,45.36,26.64,43.0,33.14,53.57,30.32,25.04,61.9,53.44,100.0,28.18,56.32,100.0,26.16,0.0,100.0,60.71,58.81
33,243301249,CC Les Rives de la Laurence,,,34.0,,,0.0,75.0,63.24,76.12,100.0,60.25,100.0,72.67,63.45,48.23,90.47,96.38,60.43,40.0,100.0,52.56,2.1,64.46,39.35,14.71,100.0,100.0,22.88,75.4,71.11,62.82,50.85,0.0,50.0,100.0,0.0,50.81,31.91,19.55,81.7,0.69,32.02,61.23,14.72,0.0,77.07,0.0,18.0,0.0,12.35,11.94,45.5,0.0,28.14,69.23,84.9,67.05,55.96,20.62,73.67,27.93,50.0,45.18,100.0,78.57,69.61,0.0,17.54,55.17,0.0,35.46,0.0,80.0,60.71,63.26
33,243301264,CC de Montesquieu,,,12.0,,,0.0,75.0,56.37,80.62,100.0,40.7,100.0,72.67,65.27,51.77,90.25,76.96,65.03,36.29,100.0,54.13,2.0,48.77,39.46,21.76,26.67,57.14,30.55,43.08,44.07,23.34,50.85,100.0,100.0,12.96,0.0,36.03,34.41,49.04,85.62,9.38,32.02,65.36,0.0,50.0,62.68,0.0,36.0,0.0,16.81,25.93,0.0,0.0,7.43,69.23,87.56,77.65,62.91,26.1,85.33,39.71,53.57,62.05,37.56,77.29,61.54,29.94,16.05,58.62,100.0,58.3,11.41,100.0,60.71,68.16
33,243301355,CC les Coteaux Bordelais,,,31.0,,,29.15,75.0,63.24,82.3,100.0,57.7,100.0,71.51,67.45,44.95,94.17,97.41,69.94,35.71,63.27,54.13,2.5,98.15,43.78,14.45,86.67,100.0,19.4,71.02,62.59,63.96,50.85,21.16,100.0,100.0,0.0,38.92,33.82,29.81,80.39,40.88,32.02,64.58,42.22,0.0,88.67,0.0,27.1,0.0,13.5,14.23,11.77,0.0,65.0,76.92,83.76,71.97,62.58,38.15,100.0,41.2,50.0,57.73,42.17,78.57,72.66,0.0,13.27,57.47,100.0,46.88,0.0,68.0,60.71,68.61
33,243301371,CC du Pays Foyen,,,45.0,,,0.0,25.0,44.12,36.24,96.67,39.85,76.54,18.6,46.36,38.01,50.91,56.12,43.25,49.43,91.84,50.99,1.3,3.36,28.9,1.71,26.67,0.0,36.82,51.96,31.48,0.0,50.85,4.76,100.0,100.0,58.47,38.71,47.65,75.32,54.9,23.1,32.02,26.15,33.89,50.0,48.46,0.0,43.9,0.0,56.61,22.78,100.0,0.0,0.0,61.54,61.92,10.98,31.13,36.14,22.67,59.67,41.07,42.47,100.0,56.43,74.35,0.0,2.06,66.67,100.0,16.87,0.0,0.0,60.71,20.9
33,243301389,CC Médullienne,,,13.0,,,27.3,50.0,59.31,76.69,61.33,16.6,100.0,65.12,69.82,62.37,61.45,22.63,62.27,29.71,85.71,50.83,1.4,76.6,31.58,55.2,100.0,0.0,28.69,83.89,72.96,44.31,50.85,100.0,100.0,0.0,38.99,43.18,41.76,25.96,88.24,0.0,32.02,57.23,65.56,0.0,33.87,0.0,53.0,0.0,22.08,16.4,0.0,0.0,11.57,61.54,88.89,69.32,57.95,35.34,82.0,39.41,55.36,51.71,5.93,58.57,24.48,100.0,21.79,64.37,50.0,39.71,81.09,100.0,60.71,67.39
33,243301397,CC du Fronsadais,,,34.0,,,100.0,50.0,53.68,66.85,100.0,7.85,0.0,58.72,53.64,56.19,73.84,82.72,59.2,34.57,48.98,50.99,1.7,100.0,31.9,0.5,26.67,0.0,19.16,63.19,37.41,48.73,50.85,0.0,100.0,100.0,6.57,30.2,37.35,63.78,80.39,0.0,32.02,57.32,0.0,0.0,80.39,64.91,56.1,0.0,34.2,10.77,100.0,0.0,0.0,69.23,84.52,63.26,53.31,34.4,61.33,42.86,51.79,35.54,5.27,58.71,66.59,0.0,8.39,63.22,100.0,24.57,0.0,72.0,60.71,60.03
33,243301405,CC du Val de l'Eyre,,,22.0,,,1.94,75.0,52.94,72.19,100.0,36.6,30.0,61.63,63.09,66.54,47.21,19.02,58.28,28.29,71.43,36.39,1.5,43.37,31.3,29.72,40.0,87.5,8.01,69.71,35.93,2.38,50.85,100.0,100.0,100.0,37.67,31.91,29.85,56.73,88.24,0.0,32.02,54.54,28.61,0.0,47.22,0.0,59.5,17.65,26.24,,0.0,53.5,0.0,69.23,84.9,73.86,61.26,40.83,83.33,43.54,55.36,50.9,27.84,69.52,4.69,62.99,19.55,64.37,50.0,47.14,90.43,100.0,60.71,66.61
33,243301439,CC des Portes de l'Entre-Deux-Mers,,,20.0,,,0.0,75.0,58.82,68.54,100.0,22.4,100.0,63.95,51.09,44.32,91.27,86.92,64.72,40.29,83.67,50.5,2.4,100.0,40.84,23.62,93.33,96.43,49.59,77.7,55.56,62.65,50.85,7.67,50.0,3.79,0.0,40.65,47.06,65.38,81.05,39.09,32.02,59.72,0.0,0.0,74.2,0.0,44.4,17.89,10.82,24.73,0.0,0.0,0.0,76.92,82.43,72.35,63.58,30.79,98.0,66.63,46.43,75.7,32.29,85.29,64.48,0.0,14.44,56.32,100.0,47.68,0.0,64.0,60.71,63.74
33,243301447,CC Médoc Estuaire,,,29.0,,,49.03,75.0,64.71,75.0,100.0,20.35,100.0,68.02,60.73,49.24,86.49,64.02,62.58,33.14,79.59,50.83,1.7,93.34,36.78,3.74,93.33,100.0,19.63,69.93,27.78,28.09,50.85,51.59,100.0,42.7,0.0,30.61,37.79,73.4,84.31,2.95,32.02,63.76,0.0,0.0,66.19,0.0,33.2,0.0,22.78,25.16,27.22,0.0,30.0,61.54,88.89,72.73,53.97,23.16,66.67,21.82,55.36,47.89,11.04,60.48,26.3,46.05,9.83,62.07,100.0,40.77,11.74,100.0,60.71,67.13
33,243301454,CC Castillon/Pujols,,,32.0,,,0.0,50.0,49.26,37.92,93.33,20.8,0.0,29.07,40.18,53.91,55.91,35.0,46.63,45.14,85.71,50.99,1.5,43.75,28.67,7.52,53.33,73.21,52.15,82.58,37.41,32.84,50.85,0.0,100.0,100.0,55.42,46.29,33.68,67.31,71.9,38.91,32.02,34.91,68.89,0.0,48.07,0.0,50.8,0.0,40.47,18.0,100.0,0.0,0.0,61.54,67.05,26.89,36.75,38.55,20.67,64.49,42.86,29.62,61.45,52.67,49.27,0.0,3.54,64.37,100.0,22.18,0.0,0.0,60.71,34.23
33,243301504,CA du Bassin d'Arcachon Nord (COBAN),,,18.0,,,0.0,50.0,55.51,67.7,0.0,38.15,100.0,75.58,58.36,58.21,82.21,84.87,54.6,44.86,87.76,36.39,1.9,69.92,39.54,55.53,100.0,0.0,27.29,97.92,65.56,78.38,50.85,100.0,0.0,100.0,0.0,56.78,65.44,70.19,69.28,42.15,32.02,52.21,0.0,100.0,34.59,0.0,13.4,0.0,13.86,3.33,0.0,35.47,16.14,69.23,70.09,70.83,52.98,25.44,96.0,46.86,50.0,46.89,45.63,88.67,65.49,97.18,15.02,63.22,100.0,49.0,78.26,0.0,60.71,64.26
34,200017341,CC Lodévois et Larzac,,,41.0,,,0.0,25.0,60.29,46.07,34.0,38.3,0.0,40.12,47.82,67.8,27.36,15.49,46.32,56.86,0.0,41.34,1.0,100.0,27.32,0.97,0.0,0.0,29.38,67.52,30.0,41.03,53.63,100.0,100.0,100.0,68.11,66.12,69.41,72.12,68.63,36.02,63.17,33.18,100.0,100.0,63.9,0.0,47.9,0.0,41.47,25.37,40.35,56.47,100.0,53.85,52.23,7.58,29.47,48.46,20.33,100.0,41.07,41.27,81.55,37.1,0.0,95.34,38.21,83.91,100.0,12.08,55.33,0.0,54.29,38.1
34,200022986,CC du Grand Pic Saint-Loup,,,40.0,,,0.0,75.0,59.41,79.21,100.0,22.8,100.0,73.84,63.64,62.12,68.73,57.19,70.86,41.71,83.67,42.57,2.6,69.96,44.2,19.55,86.67,0.0,30.08,69.76,59.26,64.78,53.63,100.0,100.0,100.0,25.64,43.31,55.44,84.94,74.51,8.51,63.17,66.54,69.72,0.0,58.86,100.0,24.3,0.0,8.4,27.83,4.15,0.0,100.0,61.54,84.14,73.11,62.58,39.49,36.33,81.2,41.07,70.78,29.82,54.76,50.73,100.0,100.0,71.26,100.0,43.43,19.46,50.0,54.29,62.97
34,200042646,CC Grand Orb Communauté de Communes en Languedoc,,,63.0,,,0.0,50.0,57.35,28.09,0.0,24.1,100.0,25.58,47.27,62.5,44.42,29.33,33.44,58.0,100.0,43.98,0.9,100.0,27.8,18.5,33.33,0.0,83.04,94.36,36.67,49.88,53.63,100.0,100.0,100.0,79.9,59.89,68.68,62.82,56.21,16.1,63.17,25.31,22.22,0.0,59.21,17.54,31.5,0.0,24.67,27.63,0.0,18.41,100.0,53.85,49.57,16.29,16.23,39.89,0.0,100.0,44.64,62.45,100.0,48.05,65.7,100.0,21.63,70.11,100.0,13.15,40.65,0.0,54.29,35.87
34,200042653,CC Sud-Hérault,,,60.0,,,0.0,75.0,61.03,50.0,26.0,12.1,100.0,36.63,40.0,73.36,70.36,46.79,51.23,46.86,14.29,45.38,0.9,72.59,30.21,69.65,20.0,100.0,42.62,100.0,44.81,18.76,53.63,57.94,100.0,100.0,58.07,49.65,56.91,84.62,64.71,78.23,63.17,34.39,100.0,0.0,63.31,0.0,30.0,0.0,10.81,19.09,29.61,0.0,0.0,53.85,68.19,28.79,35.1,42.03,0.0,65.27,44.64,44.88,37.73,9.52,36.28,0.0,19.32,72.41,100.0,16.87,33.7,0.0,54.29,41.26
34,200066348,CC du Minervois au Caroux,,,47.0,,,0.0,75.0,56.37,38.48,0.0,12.35,0.0,28.49,31.82,72.6,15.18,0.0,40.49,63.71,95.92,45.75,0.9,100.0,25.75,79.22,0.0,0.0,31.24,36.46,41.85,0.0,53.63,100.0,100.0,100.0,87.6,73.42,51.47,73.4,54.25,56.98,63.17,26.38,100.0,100.0,61.37,0.0,64.6,0.0,27.19,51.47,0.0,0.0,67.0,53.85,56.22,0.0,28.48,49.53,0.0,100.0,39.29,73.49,73.81,20.9,18.62,0.0,1.38,68.97,100.0,8.1,51.63,0.0,54.29,34.58
34,200066355,CA Sète Agglopôle Méditerranée,,,36.0,,,100.0,0.0,75.0,67.98,0.0,66.15,100.0,75.0,53.45,55.18,93.51,96.83,53.07,68.86,100.0,39.33,1.5,21.16,39.6,45.08,100.0,96.43,54.24,100.0,58.52,60.36,53.63,23.02,0.0,100.0,34.82,49.88,59.26,52.88,66.67,25.48,63.17,39.92,15.83,100.0,60.47,0.0,2.3,0.0,2.61,22.43,0.0,0.0,34.43,53.85,56.79,31.44,34.44,33.6,1.0,55.22,42.86,48.59,72.98,88.76,66.15,54.38,62.39,80.46,0.0,26.69,40.0,0.0,54.29,50.94
34,200071058,CC Les Avant-Monts,,,56.0,,,53.18,50.0,59.41,59.27,26.0,14.05,100.0,52.33,44.36,77.02,78.01,49.69,53.99,34.29,0.0,39.85,1.1,69.52,32.68,2.52,13.33,0.0,24.74,87.67,45.19,9.75,53.63,73.54,100.0,100.0,36.39,46.62,51.47,74.68,68.63,31.79,63.17,41.39,0.0,50.0,70.21,0.0,46.0,0.0,7.48,30.42,39.35,0.0,0.0,53.85,76.54,39.39,37.09,41.63,3.0,58.99,46.43,55.82,18.62,52.0,61.88,50.56,23.52,68.97,100.0,16.6,11.74,6.0,54.29,50.87
34,243400017,Montpellier Méditerranée Métropole,,,34.0,,,100.0,0.0,64.71,76.4,100.0,84.9,100.0,62.21,61.45,51.52,95.8,99.24,56.75,100.0,100.0,42.57,2.1,40.0,45.99,48.02,100.0,94.64,34.03,91.45,84.07,100.0,53.63,29.89,0.0,63.88,0.0,47.24,53.09,74.04,95.42,38.22,63.17,51.35,1.11,100.0,67.06,0.0,1.1,0.0,2.14,33.35,0.0,0.0,99.86,61.54,43.68,24.62,47.35,18.61,13.67,81.79,30.36,45.48,100.0,89.86,78.15,2.68,100.0,,50.0,20.58,0.0,92.0,54.29,34.84
34,243400355,CC du Clermontais,,,37.0,,,0.0,25.0,59.93,60.39,82.0,42.15,100.0,45.93,46.91,70.2,84.2,88.26,49.69,39.43,53.06,42.57,1.3,40.28,30.29,12.65,66.67,41.07,30.78,100.0,62.22,78.38,53.63,88.36,100.0,100.0,11.04,56.79,57.35,59.29,73.86,58.02,63.17,37.75,62.5,0.0,71.79,100.0,22.3,0.0,6.43,27.72,23.16,0.0,49.0,53.85,66.48,29.92,34.11,32.26,17.0,67.61,44.64,49.2,71.0,63.05,47.16,100.0,95.33,86.21,50.0,26.43,20.54,54.0,54.29,49.19
34,243400470,CA du Pays de l'Or,,,28.0,,,79.69,0.0,75.0,66.57,0.0,31.85,100.0,79.65,19.45,64.52,96.3,98.35,47.55,53.43,73.47,42.57,2.1,100.0,45.88,58.21,100.0,100.0,48.2,98.96,82.22,89.19,53.63,0.0,100.0,100.0,0.0,82.9,49.41,61.22,67.97,7.76,63.17,52.83,58.06,50.0,71.2,100.0,5.3,0.0,8.22,22.01,89.5,0.0,51.0,69.23,50.52,55.3,57.95,28.65,100.0,88.68,41.07,57.03,100.0,83.9,71.35,100.0,100.0,79.31,100.0,34.13,41.74,0.0,54.29,54.32
34,243400488,CC la Domitienne,,,58.0,,,0.0,50.0,66.91,64.89,50.0,26.7,100.0,52.91,51.64,68.94,88.99,88.35,54.91,32.86,59.18,45.38,1.2,49.43,34.41,36.86,60.0,83.93,38.21,100.0,72.96,77.07,53.63,0.0,100.0,100.0,0.0,45.22,54.41,57.69,71.24,16.85,63.17,42.35,52.22,0.0,79.14,0.0,1.6,31.76,11.85,12.59,98.42,0.0,60.43,53.85,75.4,41.29,35.1,33.87,1.67,43.45,48.21,58.23,39.87,72.0,69.71,0.0,26.61,71.26,100.0,23.24,33.91,30.0,54.29,55.77
34,243400520,CA Lunel Agglo,,,50.0,,,0.0,0.0,62.5,72.19,100.0,54.15,100.0,62.21,53.64,61.11,95.54,98.66,56.75,45.14,34.69,42.57,1.5,19.8,35.82,42.05,100.0,94.64,29.38,100.0,100.0,80.34,53.63,0.0,100.0,71.06,11.92,51.76,53.68,50.0,80.39,30.17,63.17,41.53,30.83,50.0,69.74,100.0,20.1,0.0,12.62,32.72,84.9,0.0,69.0,69.23,74.26,29.55,39.07,29.72,0.0,52.16,42.86,26.61,48.6,76.52,75.62,27.26,100.0,72.41,100.0,20.32,0.0,58.0,54.29,49.29
34,243400694,CC Vallée de l'Hérault,,,38.0,,,8.36,25.0,64.12,62.08,92.0,21.7,100.0,46.51,52.36,71.84,82.39,76.92,59.82,41.43,67.35,42.57,1.5,45.24,31.4,8.73,80.0,92.86,11.27,89.32,66.67,63.14,53.63,100.0,100.0,100.0,29.96,46.4,56.47,68.27,79.08,47.71,63.17,48.37,0.0,50.0,72.93,0.0,35.1,0.0,4.08,31.07,0.0,0.0,0.0,53.85,79.39,45.83,45.03,36.55,28.0,76.1,46.43,62.15,13.84,59.86,28.39,100.0,100.0,70.11,100.0,29.08,32.07,94.0,54.29,55.61
34,243400736,CC des Cévennes Gangeoises et Suménoises,,,39.0,,,0.0,25.0,60.29,43.26,16.0,22.35,0.0,38.95,46.73,60.1,72.64,68.17,40.49,46.29,65.31,44.22,0.8,65.48,28.37,38.49,100.0,0.0,57.96,79.68,60.74,18.1,53.63,100.0,100.0,100.0,71.09,71.27,66.32,74.36,64.71,81.59,63.17,27.9,10.28,0.0,58.29,100.0,19.2,40.06,5.98,20.82,0.0,46.71,100.0,61.54,53.37,21.59,31.79,37.35,15.67,100.0,42.86,66.97,48.93,65.95,80.36,100.0,75.6,65.52,100.0,16.33,40.22,0.0,54.29,41.23
34,243400769,CA de Béziers-Méditerranée,,,60.0,,,33.89,0.0,62.65,64.04,44.67,72.65,100.0,31.98,53.82,50.88,94.96,97.46,51.53,54.57,59.18,45.38,1.5,82.24,35.86,24.04,33.33,100.0,55.17,100.0,70.0,90.99,53.63,0.0,0.0,0.0,0.0,54.47,60.15,58.97,67.97,11.58,63.17,33.05,0.0,100.0,60.74,0.0,9.6,0.0,5.89,16.34,81.82,0.0,0.0,46.15,54.89,0.0,13.91,31.46,0.0,53.46,35.71,29.62,100.0,72.0,76.25,75.28,34.14,,0.0,12.08,2.07,10.0,54.29,42.58
34,243400819,CA Hérault-Méditerranée,,,42.0,,,0.0,0.0,65.97,62.92,0.0,45.3,100.0,74.42,59.09,74.75,90.0,96.43,48.16,52.86,67.35,40.76,1.3,45.39,35.7,28.9,46.67,91.07,45.88,100.0,76.67,56.59,53.63,0.0,50.0,68.61,0.0,71.04,65.74,66.67,60.78,40.3,63.17,31.32,78.33,100.0,50.44,100.0,9.7,0.0,7.17,10.27,100.0,0.0,0.0,53.85,59.45,21.97,20.86,33.47,2.33,63.15,41.07,41.67,84.35,75.0,75.39,34.46,38.96,73.56,100.0,20.32,8.59,0.0,54.29,45.55
35,200038990,CC de Saint-Méen Montauban,,,20.0,,,0.0,75.0,40.0,61.52,100.0,26.95,100.0,54.65,49.27,62.25,42.39,45.62,48.77,44.57,32.65,56.11,0.8,19.3,23.89,5.2,80.0,92.86,26.13,19.75,6.67,59.05,40.6,0.0,0.0,0.0,19.95,18.61,27.21,0.0,80.39,43.49,47.72,64.16,0.0,50.0,75.04,35.09,41.3,0.0,96.08,4.08,100.0,68.82,0.0,53.85,75.78,66.29,63.25,34.94,57.0,42.41,57.14,52.01,49.42,65.81,16.2,100.0,16.36,64.37,50.0,42.1,77.07,100.0,43.93,50.81
35,200039022,CA Vitré Communauté,,,36.0,,,0.0,75.0,42.02,67.13,100.0,49.3,100.0,66.28,58.18,50.25,52.9,55.31,54.6,50.0,75.51,60.73,1.3,45.87,27.16,32.2,33.33,0.0,19.86,14.6,33.7,40.05,40.6,0.0,0.0,0.0,10.85,18.66,15.29,0.0,83.66,33.76,47.72,64.92,0.28,100.0,64.42,0.0,50.5,0.0,94.35,11.38,100.0,70.68,0.0,46.15,73.5,71.21,67.88,29.45,74.0,35.51,57.14,51.1,94.4,58.57,62.14,100.0,100.0,64.37,0.0,50.07,69.67,100.0,43.93,53.26
35,200043990,CC Vallons de Haute-Bretagne Communauté,,,31.0,,,100.0,75.0,44.71,63.76,98.67,26.9,100.0,54.07,47.82,65.15,36.09,50.09,53.37,42.29,34.69,53.08,1.0,22.81,25.42,54.91,20.0,100.0,18.23,31.53,27.78,35.3,40.6,0.0,0.0,0.0,0.0,13.78,45.59,22.76,86.27,33.87,47.72,65.97,0.0,100.0,64.57,0.0,54.0,0.0,95.29,7.65,100.0,63.79,0.0,53.85,77.11,71.97,65.23,31.99,58.0,46.83,57.14,61.75,9.72,55.57,20.0,100.0,17.65,64.37,100.0,59.36,61.85,100.0,43.93,57.13
35,200070662,CC Bretagne Porte de Loire Communauté,,,34.0,,,4.6,75.0,42.65,62.08,100.0,21.35,100.0,50.58,48.55,63.01,29.57,31.29,50.92,41.71,69.39,56.11,1.1,11.86,23.49,23.45,13.33,30.36,16.14,46.75,38.52,16.63,40.6,0.0,50.0,0.0,7.96,20.27,38.97,12.82,86.27,74.75,47.72,63.76,51.39,0.0,70.84,0.0,60.6,0.0,95.05,12.28,100.0,69.74,1.29,61.54,76.73,67.05,64.57,23.83,100.0,45.3,57.14,56.02,33.94,52.86,26.04,100.0,22.19,64.37,0.0,38.38,73.26,100.0,43.93,57.29
35,200070670,CC du Pays de Dol et de la Baie du Mont Saint-Michel,,,25.0,,,100.0,50.0,49.02,43.26,51.33,44.35,100.0,55.81,42.73,68.94,41.45,56.12,41.72,49.71,32.65,39.6,0.9,12.78,25.15,17.75,13.33,98.21,5.46,39.3,48.89,11.88,40.6,0.0,100.0,40.6,32.7,28.92,54.12,42.31,65.36,74.29,47.72,51.47,59.72,0.0,63.57,0.0,56.5,0.0,99.99,6.71,100.0,45.29,0.0,61.54,65.15,56.44,52.32,30.52,93.0,47.06,53.57,55.52,61.12,53.9,17.76,100.0,8.35,68.97,100.0,30.68,69.57,20.0,43.93,44.61
35,200070688,CC Couesnon Marches de Bretagne,,,36.0,,,0.0,75.0,47.79,48.31,90.0,36.65,100.0,33.72,41.45,65.91,16.12,23.39,46.01,39.43,32.65,55.28,0.8,16.45,22.73,61.33,40.0,50.0,30.08,22.32,31.85,47.75,40.6,0.0,0.0,0.0,51.21,15.11,27.94,0.0,73.86,14.71,47.72,55.34,100.0,50.0,51.67,0.0,56.9,0.0,95.87,11.46,100.0,74.32,0.0,53.85,71.6,57.2,63.91,41.23,32.67,34.24,55.36,56.63,55.02,47.0,37.84,100.0,10.53,68.97,100.0,29.88,74.24,46.0,43.93,49.58
35,200072452,CA Fougères Agglomération,,,36.0,,,0.0,75.0,44.12,53.93,100.0,76.95,95.77,55.23,49.27,38.26,55.0,64.51,51.53,52.0,100.0,55.28,1.1,51.87,27.75,41.8,0.0,96.43,45.18,21.34,18.89,69.7,40.6,0.0,0.0,0.0,31.55,22.48,36.32,44.87,75.16,63.06,47.72,52.13,6.11,100.0,71.58,0.0,43.6,0.0,88.32,10.55,100.0,78.0,15.86,61.54,62.68,57.2,49.34,23.83,30.33,44.39,55.36,57.33,97.03,51.86,70.7,100.0,61.43,64.37,0.0,42.63,72.39,38.0,43.93,48.94
35,243500139,Rennes Métropole,,,29.0,,,100.0,25.0,45.99,73.31,100.0,100.0,100.0,68.02,68.18,32.07,93.95,98.26,54.6,100.0,100.0,56.11,2.0,53.39,41.61,62.84,100.0,100.0,23.58,33.22,83.33,98.53,40.6,0.0,0.0,0.0,0.0,21.7,48.09,64.74,95.42,38.39,47.72,63.03,0.0,100.0,46.44,0.0,7.2,0.0,28.39,15.11,100.0,66.59,0.0,46.15,47.48,47.35,62.25,21.15,78.67,65.24,37.5,51.31,100.0,78.52,65.1,56.64,47.7,,0.0,43.43,53.48,100.0,43.93,37.84
35,243500550,CC Montfort Communauté,,,20.0,,,100.0,75.0,39.71,73.6,100.0,41.8,100.0,68.02,62.55,51.64,76.67,81.03,58.9,54.57,81.63,56.11,1.2,18.92,29.37,29.96,60.0,100.0,19.4,18.1,39.26,41.36,40.6,0.0,50.0,0.0,0.0,14.39,42.35,15.06,84.31,71.28,47.72,64.29,0.0,50.0,62.43,0.0,18.2,0.0,86.63,9.22,100.0,77.76,0.0,46.15,79.39,76.52,66.23,24.77,99.67,41.5,57.14,69.58,36.41,79.14,30.34,100.0,14.33,63.22,50.0,49.54,64.67,100.0,43.93,61.77
35,243500618,CC Brocéliande Communauté,,,20.0,,,0.0,50.0,41.18,67.98,98.67,30.3,100.0,58.14,48.18,63.51,36.63,58.44,55.83,46.86,97.96,54.21,1.3,32.19,26.94,20.24,46.67,0.0,3.37,41.66,51.11,24.49,40.6,60.05,0.0,0.0,32.49,19.42,40.0,14.1,84.31,75.8,47.72,63.97,0.0,0.0,75.65,26.32,54.6,0.0,94.29,11.21,89.96,69.21,1.14,61.54,76.92,70.83,69.21,17.67,65.67,66.02,57.14,68.67,19.77,39.29,26.09,100.0,26.92,63.22,100.0,45.29,78.04,100.0,43.93,56.61
35,243500634,CC Roche aux Fées Communauté,,,34.0,,,81.03,75.0,42.28,57.58,100.0,23.95,100.0,54.65,44.18,62.12,45.07,62.28,49.69,42.86,6.12,58.42,1.1,10.28,24.69,7.3,33.33,100.0,26.83,28.68,27.41,29.57,40.6,0.0,0.0,0.0,23.23,18.96,34.41,11.86,79.74,49.57,47.72,61.48,0.0,0.0,55.52,0.0,40.0,0.0,96.4,6.27,100.0,60.26,0.0,53.85,75.02,67.42,64.57,27.71,62.33,35.12,57.14,54.72,42.34,53.86,33.91,100.0,35.03,65.52,50.0,38.11,75.33,96.0,43.93,54.32
35,243500659,CC Pays de Châteaugiron Communauté,,,36.0,,,100.0,75.0,41.54,78.37,100.0,39.3,100.0,74.42,63.27,39.65,86.01,95.62,64.72,36.0,51.02,56.11,1.7,24.81,35.98,40.72,93.33,100.0,24.74,25.5,65.19,97.38,40.6,0.0,50.0,0.0,0.0,13.0,16.32,0.0,90.85,55.94,47.72,73.74,0.0,0.0,71.9,0.0,16.9,0.0,73.92,19.92,100.0,63.5,0.0,61.54,80.91,81.06,75.17,26.51,100.0,26.28,57.14,53.31,70.18,82.86,61.46,100.0,100.0,59.77,50.0,73.71,66.41,100.0,43.93,65.06
35,243500667,CC Val d'Ille-Aubigné,,,26.0,,,100.0,75.0,48.9,75.56,100.0,38.75,100.0,70.35,58.73,56.06,70.8,60.09,62.58,44.29,61.22,56.11,1.8,27.09,32.17,38.1,53.33,71.43,14.29,21.34,51.85,42.51,40.6,0.0,100.0,0.0,0.7,19.13,44.26,59.94,88.89,40.07,47.72,71.49,0.0,0.0,77.05,5.26,41.2,0.0,89.23,9.09,100.0,69.0,0.0,53.85,83.0,77.27,71.19,36.14,89.33,42.18,57.14,67.87,20.59,51.14,48.75,100.0,27.85,60.92,100.0,58.03,62.28,100.0,43.93,62.58
35,243500725,CC Côte d'Emeraude,,,19.0,,,0.0,75.0,39.71,51.69,0.0,67.8,100.0,75.0,52.18,40.4,92.68,98.39,57.06,59.71,100.0,39.6,1.8,37.62,42.82,29.11,100.0,100.0,63.53,46.81,66.67,92.14,40.6,0.0,100.0,13.6,0.0,43.5,58.68,43.59,43.79,35.26,47.72,54.77,0.0,50.0,79.56,0.0,6.5,0.0,30.07,15.08,3.03,51.41,0.0,46.15,51.47,64.02,53.97,35.48,100.0,66.28,41.07,62.95,98.19,77.38,61.25,98.02,18.03,64.37,0.0,74.77,47.93,0.0,43.93,45.61
35,243500733,CC Bretagne Romantique,,,26.0,,,100.0,75.0,45.1,59.27,96.0,36.3,100.0,54.65,48.18,66.79,48.08,57.95,50.31,42.57,67.35,47.85,1.3,16.74,24.96,33.02,73.33,87.5,23.81,40.45,40.74,33.99,40.6,0.0,50.0,0.0,37.21,19.53,38.82,62.5,80.39,52.98,47.72,63.66,4.72,50.0,65.19,33.33,63.7,0.0,94.59,4.8,100.0,71.35,0.0,61.54,75.02,64.77,63.91,38.96,92.0,44.85,55.36,83.63,38.71,66.67,36.77,100.0,27.39,63.22,100.0,37.58,71.3,100.0,43.93,51.81
35,243500741,CA Redon Agglomération,,,44.0,,,23.98,75.0,44.67,47.75,90.67,27.75,30.0,38.95,46.36,63.38,34.67,43.26,41.1,41.71,38.78,53.63,0.9,100.0,24.8,33.18,0.0,0.0,28.92,33.06,42.96,15.81,40.6,0.0,0.0,14.93,28.47,23.86,45.0,45.51,71.9,72.09,47.72,50.74,100.0,50.0,68.3,0.0,53.5,0.0,96.73,22.44,100.0,69.76,23.57,53.85,63.82,50.76,50.99,28.92,63.0,88.46,53.57,49.7,70.02,47.14,60.94,100.0,22.79,65.52,0.0,37.85,68.48,32.0,43.93,45.42
35,243500774,CC Liffré-Cormier Communauté,,,36.0,,,100.0,75.0,42.16,75.56,100.0,48.65,100.0,64.53,50.73,60.73,75.65,75.13,59.51,44.86,89.8,57.37,1.6,27.54,30.22,23.74,66.67,100.0,15.91,21.17,55.19,58.39,40.6,39.95,100.0,2.24,0.0,13.13,46.47,56.09,86.93,39.72,47.72,67.28,15.83,0.0,69.34,0.0,35.2,0.0,85.96,13.91,89.04,81.53,59.57,46.15,83.19,78.79,70.86,29.72,100.0,38.18,58.93,68.88,40.03,74.62,49.38,100.0,100.0,62.07,100.0,63.88,80.43,100.0,43.93,53.74
35,243500782,CA du Pays de Saint Malo Agglomération,,,20.0,,,67.91,75.0,47.55,57.58,0.0,95.15,86.54,70.93,59.09,34.85,90.98,92.63,46.93,65.14,100.0,39.6,1.7,96.36,40.29,35.07,100.0,100.0,47.27,61.93,63.33,90.17,40.6,0.0,50.0,37.61,0.0,40.69,55.74,51.28,65.36,31.27,47.72,55.69,0.0,100.0,77.65,0.0,16.6,0.0,42.84,16.26,100.0,62.35,14.0,61.54,51.28,60.61,54.64,29.18,90.33,51.77,46.43,78.31,100.0,45.24,62.4,100.0,29.86,71.26,50.0,41.3,58.15,0.0,43.93,47.55
36,200007052,CC de la Marche Berrichonne,,,59.0,,,85.22,75.0,47.06,19.1,0.0,28.55,0.0,0.0,35.45,59.6,0.0,0.0,34.66,44.86,0.0,56.11,0.5,10.09,19.96,36.68,0.0,0.0,100.0,19.31,0.0,0.0,32.05,0.0,100.0,0.0,78.46,46.76,47.79,64.74,44.44,56.75,42.6,31.22,17.22,0.0,49.45,0.0,63.4,0.0,97.14,6.55,100.0,88.53,44.0,76.92,53.56,22.35,54.64,46.05,56.33,100.0,50.0,76.51,66.89,1.57,0.0,0.0,0.0,73.56,100.0,11.82,79.89,0.0,28.57,48.87
36,200018521,CC du Val de Bouzanne,,,59.0,,,0.0,75.0,48.53,39.04,56.67,30.45,0.0,0.0,37.09,62.75,0.0,0.0,37.73,44.57,51.02,56.11,0.7,9.31,16.47,0.18,100.0,0.0,44.48,18.54,27.78,3.85,32.05,0.0,100.0,0.0,69.16,36.89,42.79,69.55,66.01,40.76,42.6,37.28,59.72,0.0,41.82,7.02,55.8,0.0,96.24,7.35,100.0,82.21,27.14,69.23,60.78,47.73,50.0,52.07,92.33,100.0,53.57,57.23,26.52,20.24,20.36,0.0,10.7,68.97,100.0,24.57,58.04,0.0,28.57,51.16
36,200035137,CC Marche Occitane - Val d'Anglin,,,60.0,,,0.0,75.0,45.59,19.66,0.0,27.65,0.0,16.86,29.27,61.74,0.0,0.0,34.36,53.71,0.0,56.11,0.6,72.46,19.39,0.0,0.0,0.0,73.52,7.7,0.0,0.0,32.05,11.38,100.0,100.0,72.49,44.78,46.18,36.54,49.02,40.71,42.6,30.23,51.94,0.0,43.88,0.0,74.9,0.0,98.72,11.16,100.0,84.44,100.0,76.92,57.74,27.27,52.32,51.0,73.0,100.0,48.21,34.44,58.15,0.0,10.08,0.0,0.0,71.26,100.0,12.88,65.43,0.0,28.57,48.65
36,200035848,CC du Châtillonnais en Berry,,,58.0,,,0.0,75.0,45.59,22.75,30.67,43.65,0.0,20.35,35.82,51.89,21.92,0.0,35.89,57.43,65.31,52.72,0.7,34.49,20.71,2.57,60.0,0.0,90.24,9.5,22.59,0.0,32.05,0.0,100.0,0.0,81.32,30.69,52.06,42.63,39.22,52.58,42.6,28.5,15.83,0.0,55.71,43.86,44.6,0.0,97.28,2.49,100.0,39.24,0.0,69.23,51.85,41.29,51.32,46.85,91.33,99.32,50.0,25.3,93.41,7.62,25.26,0.0,0.85,74.71,100.0,10.49,58.91,0.0,28.57,42.87
36,200040558,CC Écueillé-Valençay,,,57.0,,,0.0,50.0,50.0,21.63,38.0,46.25,0.0,18.6,39.09,58.59,15.47,0.0,34.66,52.0,0.0,52.04,0.6,25.41,19.16,0.0,0.0,0.0,94.19,5.45,0.0,0.0,32.05,17.99,50.0,0.0,76.33,35.21,48.82,72.44,43.14,100.0,42.6,32.36,93.61,0.0,52.23,0.0,48.9,0.0,98.95,3.48,100.0,22.03,0.0,76.92,53.18,44.32,50.0,45.52,31.67,99.93,51.79,46.79,86.66,20.9,14.64,0.0,4.58,72.41,100.0,6.24,55.43,0.0,28.57,45.97
36,200068872,CC Éguzon - Argenton - Vallée de la Creuse,,,60.0,,,28.98,50.0,51.96,31.46,23.33,66.7,0.0,31.98,44.55,44.32,32.9,27.32,36.81,44.0,51.02,56.11,0.8,12.95,23.96,9.03,0.0,39.29,62.83,8.96,6.67,28.91,32.05,16.14,100.0,23.92,42.1,33.43,43.97,10.9,59.48,9.21,42.6,33.18,53.06,0.0,45.52,24.56,56.6,0.0,95.5,4.54,100.0,77.59,55.29,61.54,53.37,41.29,33.77,45.38,76.0,81.24,50.0,67.67,77.76,51.24,6.61,0.0,8.9,67.82,100.0,24.57,36.52,0.0,28.57,53.94
36,200068880,CC Champagne Boischauts,,,52.0,,,0.0,50.0,52.21,41.85,64.67,28.25,0.0,25.58,35.82,62.88,0.0,0.0,41.1,37.14,40.82,50.28,0.6,14.33,19.67,0.22,0.0,0.0,14.52,0.0,0.0,2.05,32.05,1.85,100.0,0.0,78.9,20.78,36.32,79.49,75.82,0.06,42.6,44.64,23.89,0.0,19.46,52.63,64.3,0.0,98.23,2.66,100.0,29.41,0.0,69.23,67.81,59.09,52.65,49.4,87.67,84.13,53.57,57.93,27.02,2.38,47.66,0.0,20.53,65.52,100.0,20.58,64.46,16.0,28.57,56.19
36,243600202,CC Chabris - Pays de Bazelle,,,58.0,,,0.0,50.0,52.94,25.28,41.33,30.55,0.0,11.05,36.0,53.28,3.73,0.0,32.82,41.14,0.0,47.36,0.8,17.96,22.21,0.0,0.0,0.0,41.7,6.82,0.0,9.09,32.05,0.0,100.0,100.0,74.35,26.93,9.12,0.0,57.52,16.1,42.6,35.44,56.39,0.0,51.29,0.0,53.8,0.0,97.44,6.45,100.0,34.09,0.0,76.92,57.17,47.35,26.49,33.73,29.33,68.68,53.57,36.35,75.95,11.43,41.67,0.0,4.09,74.71,100.0,5.98,31.41,0.0,28.57,51.97
36,243600236,CC du Pays d'Issoudun,,,55.0,,,0.0,75.0,50.0,32.3,100.0,100.0,0.0,10.47,36.55,36.49,55.72,36.25,35.89,45.43,0.0,52.92,0.7,90.24,25.12,7.19,0.0,83.93,77.93,16.13,0.0,40.05,32.05,2.12,100.0,0.0,56.88,26.15,31.76,0.0,67.97,1.91,42.6,38.87,11.11,100.0,56.49,0.0,28.8,0.0,49.72,2.91,100.0,24.44,0.0,61.54,53.56,46.21,42.72,30.12,100.0,70.24,51.79,88.25,100.0,49.19,72.01,0.0,33.52,71.26,100.0,17.4,68.15,0.0,28.57,49.35
36,243600293,CC Levroux Boischaut Champagne,,,61.0,,,0.0,50.0,51.47,28.93,81.33,48.85,41.54,12.79,34.55,59.22,0.0,0.0,34.05,43.43,59.18,56.11,0.7,13.52,21.12,0.0,0.0,48.21,42.16,4.85,18.52,6.14,32.05,0.0,100.0,0.0,73.68,24.42,37.35,66.99,66.01,29.18,42.6,40.41,100.0,0.0,46.63,0.0,61.6,0.0,98.35,3.6,100.0,18.24,0.0,76.92,61.35,58.33,66.89,51.41,64.0,100.0,55.36,74.9,25.7,0.0,36.98,0.0,7.27,70.11,100.0,27.22,72.61,0.0,28.57,60.87
36,243600301,CC Val de l'Indre - Brenne,,,57.0,,,53.39,75.0,53.68,35.39,87.33,58.8,31.54,30.23,40.55,46.46,49.53,30.22,37.42,36.86,61.22,56.11,0.6,29.37,23.15,2.21,0.0,87.5,54.47,16.41,28.89,0.0,32.05,42.59,50.0,100.0,73.91,26.8,32.21,60.9,70.59,14.07,42.6,33.55,29.72,0.0,56.54,0.0,43.5,0.0,97.72,1.57,100.0,27.09,13.57,69.23,61.16,57.2,48.01,32.93,66.33,69.07,57.14,61.24,45.8,50.0,42.06,0.0,3.27,72.41,100.0,21.65,74.67,0.0,28.57,57.13
36,243600319,CC Brenne - Val de Creuse,,,58.0,,,0.0,50.0,52.45,35.11,24.67,51.15,100.0,25.0,49.27,51.39,0.0,0.0,41.1,52.0,6.12,56.11,0.8,17.4,23.53,86.12,6.67,0.0,32.87,10.82,39.26,25.47,32.05,25.4,100.0,100.0,80.81,35.86,58.68,62.18,60.78,83.73,42.6,32.84,61.67,100.0,35.26,19.3,63.3,4.87,96.69,8.14,100.0,71.62,68.14,53.85,57.55,41.67,42.38,43.24,75.0,82.76,51.79,58.94,98.35,39.95,51.07,0.0,7.06,72.41,50.0,17.13,59.02,0.0,28.57,46.9
36,243600327,CA Châteauroux Métropole,,,59.0,,,0.0,50.0,58.82,51.12,100.0,100.0,0.0,35.47,56.55,25.76,83.08,85.98,53.68,57.43,55.1,56.11,1.2,100.0,33.67,29.39,0.0,87.5,37.05,42.15,77.41,40.54,32.05,27.51,50.0,3.61,0.0,28.05,50.59,43.91,71.9,37.0,42.6,39.08,58.61,100.0,68.08,8.77,17.4,0.0,50.2,4.83,100.0,33.41,0.0,61.54,52.42,36.36,39.4,23.56,63.33,85.3,46.43,76.51,100.0,49.33,71.54,0.0,16.32,64.37,0.0,30.15,66.74,14.0,28.57,47.0
36,243600343,CC Coeur de Brenne,,,55.0,,,0.0,75.0,48.53,23.03,0.0,28.65,0.0,25.0,32.55,61.24,0.0,0.0,30.67,62.86,71.43,52.72,0.4,23.85,17.28,0.0,20.0,0.0,66.32,10.33,19.63,0.0,32.05,23.28,50.0,100.0,88.12,41.12,32.35,45.51,44.44,57.38,42.6,34.49,26.39,0.0,33.18,0.0,67.9,0.0,97.8,5.38,72.77,65.65,100.0,76.92,54.51,43.18,62.25,47.26,51.67,100.0,53.57,69.68,53.05,0.86,29.69,0.0,2.05,73.56,100.0,14.48,75.65,0.0,28.57,50.42
36,243600350,CC de la Châtre et Sainte-Sévère,,,56.0,,,0.0,50.0,51.47,30.62,45.33,64.55,0.0,8.14,35.27,53.54,3.19,20.4,35.89,48.57,36.73,56.11,0.8,10.33,22.53,7.46,0.0,0.0,53.08,12.57,53.33,41.69,32.05,0.0,100.0,0.0,67.59,38.43,49.56,63.78,56.86,27.91,42.6,36.21,18.33,50.0,51.98,0.0,56.1,0.0,97.97,4.44,100.0,71.76,7.0,69.23,53.75,38.64,44.04,44.85,36.0,100.0,48.21,64.36,86.49,43.95,0.0,0.0,3.04,67.82,100.0,21.12,55.76,0.0,28.57,47.29
37,200043065,CC du Val d'Amboise,,,39.0,,,0.0,50.0,54.9,59.55,81.33,89.25,100.0,54.07,52.91,36.36,65.04,83.17,53.68,52.86,71.43,54.13,1.5,46.67,35.43,19.19,80.0,73.21,31.71,10.71,32.96,41.2,46.58,45.5,50.0,0.0,38.12,32.9,40.0,47.44,71.24,11.87,30.23,53.32,0.0,100.0,54.8,54.39,43.1,6.19,49.34,9.26,88.5,0.0,0.0,69.23,68.19,57.58,42.72,25.3,52.67,62.86,50.0,45.18,92.09,73.14,79.35,0.0,32.3,59.77,50.0,30.41,58.04,32.0,57.86,49.55
37,200043081,"CC Chinon, Vienne et Loire",,,45.0,,,0.0,75.0,45.22,49.44,77.33,84.1,100.0,29.07,44.36,54.55,48.3,75.85,46.32,47.43,32.65,53.14,2.1,55.01,32.04,21.93,80.0,0.0,44.95,26.32,66.67,31.7,46.58,47.09,0.0,100.0,49.26,38.47,34.71,75.0,68.63,24.78,30.23,49.72,1.67,50.0,58.64,0.0,47.8,7.17,83.41,14.87,79.06,0.0,13.43,69.23,62.87,50.0,35.43,32.13,98.0,71.77,48.21,46.18,100.0,62.14,60.65,100.0,39.15,65.52,100.0,33.33,57.07,0.0,57.86,45.29
37,200071587,CC Loches Sud Touraine,,,46.0,,,0.0,75.0,47.71,37.08,64.0,51.35,34.62,36.63,38.0,51.52,18.91,0.0,42.33,50.29,61.22,51.73,1.2,29.51,26.77,62.57,33.33,0.0,53.54,9.23,6.3,28.75,46.58,20.9,0.0,0.0,73.33,36.79,42.35,54.49,64.71,65.49,30.23,43.13,15.83,100.0,53.88,0.0,61.4,0.0,97.4,5.98,100.0,31.41,0.0,69.23,61.73,50.76,44.7,35.88,58.67,100.0,50.0,76.51,73.15,20.76,50.34,83.33,25.74,66.67,100.0,17.66,68.59,0.0,57.86,50.94
37,200072650,CC Touraine Vallée de l'Indre,,,48.0,,,31.01,75.0,47.48,67.7,100.0,47.3,100.0,65.7,55.27,52.9,78.88,78.88,60.43,35.71,75.51,53.63,1.8,39.14,35.0,15.37,46.67,62.5,30.31,5.72,43.33,6.63,46.58,42.33,100.0,100.0,0.0,24.15,39.71,57.05,81.05,19.8,30.23,70.44,0.0,0.0,54.62,0.0,35.0,0.0,60.38,6.33,81.55,13.97,0.0,69.23,83.0,76.14,57.95,23.43,100.0,42.02,55.36,69.68,27.18,71.0,62.47,25.85,46.69,62.07,100.0,46.88,45.76,88.0,57.86,62.35
37,200072668,CC Touraine Val de Vienne,,,62.0,,,8.44,75.0,46.57,37.92,61.33,50.25,0.0,40.7,38.0,50.76,15.8,0.0,41.72,49.14,87.76,53.63,0.9,41.64,23.48,19.68,33.33,0.0,32.64,10.93,18.15,36.45,46.58,15.34,50.0,100.0,32.24,31.76,46.91,51.6,60.78,28.49,30.23,44.74,11.67,0.0,45.43,0.0,63.8,0.0,99.68,7.59,100.0,30.76,0.0,76.92,64.96,48.11,48.68,45.25,79.0,73.14,51.79,54.72,49.59,24.52,27.47,0.0,22.67,67.82,100.0,13.41,68.7,0.0,57.86,51.39
37,200072981,CC Touraine Ouest Val de Loire,,,49.0,,,9.88,50.0,51.1,46.91,87.33,57.75,32.31,42.44,36.91,58.96,57.86,37.05,47.24,40.86,34.69,53.63,1.5,48.4,26.98,13.21,60.0,60.71,36.35,11.97,29.26,7.13,46.58,76.46,50.0,100.0,66.02,34.43,41.18,44.55,75.16,40.53,30.23,50.52,25.0,0.0,42.15,0.0,55.3,0.0,98.01,8.64,31.02,1.24,57.14,69.23,73.12,55.3,48.34,34.4,96.33,62.02,51.79,56.33,36.24,34.19,32.84,42.37,19.56,65.52,100.0,30.94,78.04,44.0,57.86,51.16
37,200073161,CC Touraine-Est Vallées,,,42.0,,,33.75,75.0,64.71,70.51,100.0,63.2,100.0,69.19,56.18,39.77,87.61,89.64,64.11,40.0,34.69,54.13,1.8,83.68,39.29,43.84,46.67,92.86,28.69,1.62,57.41,37.92,46.58,14.29,100.0,0.0,0.0,19.22,44.71,58.01,77.12,29.7,30.23,71.59,0.0,50.0,73.46,49.12,38.2,0.0,39.45,11.59,100.0,0.0,0.0,61.54,82.62,73.48,64.24,20.62,100.0,48.36,53.57,72.19,33.77,73.33,67.45,0.0,41.93,60.92,100.0,44.22,32.17,66.0,57.86,63.48
37,200073237,CC de Gâtine-Racan,,,46.0,,,18.48,75.0,54.9,62.08,100.0,33.4,100.0,59.88,47.45,65.78,46.38,37.32,56.75,30.57,61.22,54.13,1.8,48.27,31.74,15.82,33.33,69.64,18.47,11.64,20.37,4.83,46.58,26.46,0.0,0.0,46.85,23.66,47.79,70.83,83.01,77.01,30.23,64.31,16.11,0.0,60.74,0.0,83.4,0.0,95.02,3.85,100.0,5.47,0.0,76.92,84.33,72.35,64.24,38.15,69.33,70.7,55.36,68.57,2.31,24.57,53.8,0.0,22.83,62.07,50.0,50.33,70.76,100.0,57.86,56.74
37,243700499,CC du Castelrenaudais,,,36.0,,,53.84,50.0,52.94,53.37,100.0,71.7,0.0,42.44,47.27,50.13,28.3,17.32,50.31,39.14,69.39,54.13,1.2,29.49,24.85,7.43,80.0,0.0,53.77,12.35,38.89,0.0,46.58,30.42,100.0,0.0,65.5,24.13,32.35,47.76,77.12,38.85,30.23,48.01,0.0,0.0,48.96,1.75,54.2,0.0,64.82,1.98,100.0,17.06,0.0,84.62,71.42,59.09,50.99,29.85,68.33,66.41,53.57,66.47,57.17,50.9,35.7,88.28,37.23,63.22,50.0,21.65,75.76,52.0,57.86,55.68
37,243700754,Tours Métropole Val de Loire,,,47.0,,,0.0,25.0,53.92,60.67,100.0,100.0,100.0,52.91,61.09,33.33,94.78,97.1,57.36,100.0,100.0,54.13,2.1,67.16,43.38,51.11,100.0,41.07,41.23,18.27,68.89,77.89,46.58,13.23,0.0,12.07,0.0,27.35,55.88,59.62,83.66,37.64,30.23,54.22,0.0,100.0,62.06,15.79,4.5,0.0,10.57,4.15,26.94,0.0,0.0,61.54,40.65,38.64,57.28,18.07,76.33,78.31,37.5,57.43,100.0,77.05,77.16,4.66,53.49,,0.0,28.29,0.0,52.0,57.86,38.35
37,243700820,CC Autour de Chenonceaux Bléré-Val de Cher,,,36.0,,,16.88,75.0,43.63,57.02,94.0,32.75,100.0,53.49,47.64,51.01,64.86,70.13,54.29,40.29,26.53,54.13,1.5,26.58,32.76,32.48,86.67,75.0,30.08,7.09,25.56,32.02,46.58,29.63,100.0,63.06,24.31,26.84,51.47,50.0,75.82,48.12,30.23,60.55,0.0,0.0,51.93,29.82,37.0,0.0,53.72,1.35,100.0,0.0,0.0,69.23,79.01,73.86,59.6,29.85,65.67,55.28,55.36,76.51,14.99,64.14,57.63,64.41,28.81,59.77,0.0,35.19,57.17,40.0,57.86,60.77
38,200018166,CC Le Grésivaudan,,,30.0,,,0.0,50.0,54.71,71.91,41.33,57.85,100.0,66.86,63.09,40.78,79.24,71.7,66.87,54.86,83.67,68.81,2.5,100.0,44.58,40.97,73.33,0.0,36.35,30.43,52.22,40.05,23.29,100.0,0.0,93.61,35.12,34.69,32.21,70.83,79.74,0.93,30.42,70.44,0.0,100.0,68.05,50.88,21.1,0.0,26.85,14.26,0.0,57.41,100.0,38.46,77.68,78.79,66.23,28.38,100.0,55.35,46.43,70.78,71.66,61.9,40.96,0.0,100.0,57.47,0.0,55.91,66.3,78.0,54.29,60.42
38,200030658,CC du Trièves,,,28.0,,,0.0,75.0,52.21,55.9,0.0,26.05,64.23,65.12,45.09,65.53,0.0,0.0,55.21,55.71,0.0,68.81,1.5,100.0,33.65,74.88,0.0,0.0,11.5,1.18,0.0,0.0,23.29,100.0,100.0,100.0,84.8,75.66,63.97,60.9,69.28,78.92,30.42,52.4,20.28,50.0,66.91,54.39,60.8,0.0,91.34,40.42,0.0,95.91,100.0,46.15,66.86,58.71,65.89,56.36,49.0,100.0,50.0,69.58,40.36,0.0,21.3,0.0,16.19,65.52,100.0,33.33,86.74,8.0,54.29,40.39
38,200040111,CC Coeur de Chartreuse,,,50.0,,,0.0,75.0,58.09,52.53,13.33,46.1,0.0,59.88,54.36,53.54,50.91,2.68,51.53,45.43,63.27,57.01,1.4,100.0,33.85,50.06,73.33,0.0,47.97,31.25,39.63,30.88,23.29,100.0,100.0,100.0,78.67,46.54,54.26,39.74,78.43,45.11,30.42,55.06,80.0,50.0,58.49,89.47,40.8,0.0,73.54,10.53,0.0,96.24,100.0,53.85,69.9,67.05,64.9,29.99,78.33,79.97,53.57,61.65,30.31,49.86,53.28,0.0,39.61,65.52,50.0,35.72,78.59,60.0,54.29,49.97
38,200040657,CC de la Matheysine,,,27.0,,,0.0,50.0,53.92,41.29,0.0,78.0,0.0,58.14,34.73,62.75,29.06,6.52,44.79,43.71,89.8,68.81,1.0,100.0,35.51,19.61,73.33,0.0,27.76,33.5,35.19,0.0,23.29,100.0,100.0,100.0,86.98,50.75,59.12,66.03,71.24,62.42,30.42,46.35,39.72,0.0,51.9,52.63,49.5,0.0,87.41,20.01,0.0,97.06,100.0,53.85,60.59,53.79,55.3,37.75,78.0,88.65,51.79,65.16,44.48,32.57,62.4,0.0,7.52,66.67,100.0,32.27,80.54,10.0,54.29,45.26
38,200040715,Grenoble-Alpes-Métropole,,,35.0,,,0.0,0.0,61.4,68.82,100.0,100.0,100.0,45.35,61.09,38.64,95.25,95.98,61.96,100.0,100.0,68.81,2.0,53.58,46.02,60.09,100.0,73.21,41.7,55.46,74.81,64.78,23.29,100.0,0.0,100.0,11.24,33.52,44.71,74.36,90.2,28.89,30.42,58.06,16.11,100.0,81.66,0.0,5.7,0.0,3.92,18.78,0.0,81.85,100.0,38.46,49.19,43.18,62.58,22.62,65.67,60.39,37.5,46.29,100.0,81.24,70.78,9.46,50.52,,0.0,32.54,59.35,84.0,54.29,37.48
38,200059392,CC Bièvre Isère,,,57.0,,,0.0,75.0,50.18,57.58,100.0,40.2,100.0,54.07,53.64,55.05,65.83,62.5,53.68,34.29,53.06,55.45,1.2,100.0,31.97,1.76,13.33,50.0,24.51,44.51,37.04,20.72,23.29,43.39,50.0,0.0,28.6,39.49,46.91,45.19,76.47,41.05,30.42,60.32,0.0,0.0,60.16,0.0,55.5,0.0,98.49,4.89,100.0,60.44,15.57,46.15,76.35,62.12,54.97,27.44,100.0,62.76,51.79,36.65,35.58,63.14,29.37,0.0,36.14,64.37,100.0,34.4,22.83,76.0,54.29,54.03
38,200068542,CC Les Balcons du Dauphiné,,,38.0,,,0.0,75.0,54.9,62.36,100.0,29.35,100.0,60.47,50.91,61.99,66.2,77.1,56.75,27.43,36.73,59.57,1.6,100.0,34.16,18.61,0.0,0.0,11.03,35.74,37.78,23.83,23.29,30.16,0.0,87.66,9.36,31.83,41.62,32.37,82.35,0.0,30.42,62.18,0.0,100.0,72.4,14.04,47.1,0.0,73.24,12.83,85.21,71.88,35.29,38.46,80.72,73.11,59.6,24.1,93.33,52.39,53.57,38.96,20.59,72.52,47.86,100.0,68.54,60.92,100.0,26.43,28.91,98.0,54.29,60.52
38,200068567,CC Les Vals du Dauphiné,,,44.0,,,73.52,50.0,47.79,58.43,100.0,59.55,63.08,56.98,55.09,49.37,77.43,80.71,52.15,41.71,46.94,53.3,1.4,100.0,34.02,3.33,33.33,28.57,20.79,52.01,57.04,31.04,23.29,7.94,0.0,0.0,0.0,35.05,40.44,40.06,80.39,47.19,30.42,57.35,1.11,50.0,72.63,0.0,26.4,20.59,69.44,4.39,100.0,78.59,21.86,61.54,75.78,60.98,55.3,20.88,32.67,55.41,51.79,35.24,44.98,66.14,64.04,21.89,33.03,64.37,100.0,34.93,0.0,88.0,54.29,55.61
38,200070431,CC Saint-Marcellin Vercors Isère Communauté,,,50.0,,,0.0,75.0,53.68,52.53,100.0,46.5,100.0,51.74,49.64,61.62,45.62,63.17,52.15,54.57,83.67,55.61,1.2,100.0,32.73,28.23,0.0,0.0,18.23,51.19,37.41,35.63,23.29,81.48,50.0,100.0,54.41,36.81,40.88,36.86,74.51,29.36,30.42,55.31,53.06,100.0,58.94,0.0,58.0,0.0,81.41,11.48,53.22,54.41,30.57,38.46,70.66,58.71,55.63,29.18,84.67,63.84,50.0,52.71,53.87,57.14,20.76,0.0,16.32,62.07,100.0,30.15,59.13,34.0,54.29,50.94
38,200077014,CA Vienne Condrieu,,,60.0,,,0.0,25.0,59.71,65.73,100.0,94.9,67.69,56.4,57.09,34.85,70.98,83.84,59.2,57.14,91.84,62.71,2.1,100.0,40.95,14.92,33.33,82.14,27.99,50.97,51.85,74.77,23.29,38.36,0.0,100.0,0.0,44.03,47.35,52.56,81.7,29.76,30.42,57.35,0.0,100.0,69.86,0.0,28.5,0.0,49.44,18.07,75.08,33.97,25.86,30.77,67.62,53.41,54.97,22.76,57.67,52.59,42.86,30.62,71.83,68.71,75.6,100.0,100.0,56.32,0.0,38.91,0.0,80.0,54.29,58.74
38,200085751,CC Entre Bièvre et Rhône,,,53.0,,,3.15,50.0,53.43,57.58,100.0,60.2,100.0,48.26,54.36,52.65,75.94,77.14,49.69,39.71,48.98,57.43,1.5,100.0,33.08,9.48,0.0,16.07,16.38,50.75,52.96,47.91,23.29,21.69,0.0,0.0,0.0,40.73,42.06,41.35,77.78,12.45,30.42,49.48,0.0,0.0,67.38,45.61,27.5,0.0,53.82,10.52,99.92,0.0,4.71,46.15,77.11,50.76,48.34,17.67,67.67,44.33,48.21,0.0,63.1,64.48,67.27,20.2,60.0,58.62,0.0,21.91,0.0,76.0,54.29,51.97
38,243800604,CA Porte de l'Isère (CAPI),,,47.0,,,0.0,0.0,62.25,72.47,100.0,100.0,8.85,65.7,62.18,47.22,88.12,94.87,56.75,56.57,63.27,53.3,2.0,98.2,39.08,34.55,100.0,100.0,22.88,49.66,84.07,64.62,23.29,8.47,50.0,0.0,0.0,37.59,33.38,25.0,86.93,17.72,30.42,53.43,1.67,100.0,68.55,0.0,12.2,25.64,29.63,9.83,88.1,64.88,0.0,53.85,69.9,43.56,45.36,14.99,15.33,42.24,44.64,19.58,100.0,71.67,76.2,63.42,100.0,62.07,0.0,29.88,2.5,100.0,54.29,49.03
38,243800745,CC de l'Oisans,,,27.0,,,0.0,25.0,61.03,52.25,0.0,58.1,100.0,82.56,61.45,66.67,18.26,0.0,45.4,100.0,100.0,68.81,1.6,100.0,37.5,100.0,100.0,0.0,100.0,44.07,13.33,23.34,23.29,100.0,50.0,100.0,92.61,100.0,80.44,14.42,87.58,0.0,30.42,54.73,21.39,100.0,49.89,98.25,49.0,42.93,69.52,,0.0,98.91,100.0,46.15,56.03,46.59,67.55,49.0,100.0,100.0,44.64,58.43,100.0,0.0,0.0,0.0,13.12,66.67,100.0,54.58,91.96,30.0,54.29,0.0
38,243800935,CC Lyon-Saint-Exupéry en Dauphiné,,,68.0,,,0.0,25.0,61.76,75.0,100.0,64.9,40.38,72.09,61.45,40.78,98.66,98.93,61.04,36.57,53.06,67.99,1.6,45.46,34.76,13.73,0.0,100.0,13.12,35.14,19.26,24.82,23.29,2.38,100.0,0.0,0.0,23.03,32.65,42.31,83.66,38.45,30.42,59.97,,0.0,86.9,0.0,17.2,13.99,27.81,,100.0,44.15,0.0,53.85,87.56,61.36,53.97,21.69,19.0,20.0,50.0,18.27,22.24,81.76,27.94,47.18,100.0,58.62,100.0,21.38,10.54,100.0,54.29,59.39
38,243800984,CA du Pays Voironnais,,,48.0,,,0.0,50.0,51.23,68.26,100.0,76.75,100.0,51.16,57.27,39.77,85.29,80.94,60.12,68.0,95.92,62.21,1.9,100.0,41.43,27.05,66.67,96.43,34.03,56.51,60.74,55.45,23.29,50.0,0.0,100.0,0.0,39.41,44.12,50.0,77.78,33.24,30.42,58.81,0.0,100.0,60.4,0.0,25.8,0.0,39.11,9.56,53.11,79.71,57.14,46.15,69.14,64.02,56.95,22.49,100.0,48.29,46.43,50.8,73.81,78.19,76.98,29.24,80.5,57.47,0.0,45.82,40.87,60.0,54.29,56.9
38,243801024,CC du Massif du Vercors,,,38.0,,,0.0,25.0,64.71,62.64,0.0,34.45,100.0,84.3,64.18,66.04,47.93,0.0,60.74,74.29,100.0,68.81,2.5,100.0,43.81,18.22,100.0,0.0,44.02,75.08,98.52,60.36,23.29,100.0,100.0,100.0,64.37,74.16,74.26,45.19,73.86,83.67,30.42,60.54,100.0,50.0,66.79,100.0,28.1,0.0,73.11,39.74,0.0,99.21,100.0,53.85,65.34,67.8,73.84,44.71,100.0,100.0,46.43,69.28,51.4,56.33,24.04,0.0,61.59,68.97,100.0,77.16,85.54,46.0,54.29,40.16
38,243801073,CC de Bièvre Est,,,49.0,,,0.0,75.0,47.55,60.67,100.0,47.65,98.08,65.12,51.27,55.43,82.9,75.54,57.98,44.57,97.96,55.61,1.4,100.0,36.43,3.58,40.0,33.93,17.07,50.97,48.89,19.74,23.29,35.45,100.0,0.0,0.0,32.47,33.09,39.42,81.05,4.75,30.42,58.14,0.0,50.0,74.42,0.0,50.4,0.0,71.4,3.53,100.0,68.68,14.0,53.85,82.81,68.94,61.59,27.58,89.67,46.15,53.57,40.96,31.3,61.57,53.12,0.0,18.25,58.62,100.0,34.13,35.76,96.0,54.29,57.48
38,243801255,CC Collines Isère Nord Communauté,,,70.0,,,54.53,75.0,56.62,70.79,100.0,29.95,100.0,69.19,57.82,54.67,90.14,82.54,61.96,26.57,59.18,67.99,2.0,100.0,38.81,5.9,13.33,100.0,21.49,27.14,37.41,17.94,23.29,8.99,100.0,0.0,0.0,34.71,37.06,14.1,85.62,0.0,30.42,69.41,0.0,0.0,81.98,0.0,29.7,0.0,54.59,8.73,93.46,62.62,0.0,61.54,86.42,80.3,67.22,17.0,100.0,53.53,53.57,65.66,20.26,70.0,57.55,0.0,32.32,59.77,0.0,39.44,0.0,98.0,54.29,66.13
39,200010650,CA du Grand Dole,,,62.0,,,0.54,50.0,44.71,50.28,100.0,78.25,26.92,53.49,57.45,26.26,87.07,94.06,46.93,54.0,73.47,57.92,1.4,100.0,35.6,20.03,100.0,78.57,38.91,33.66,55.93,62.82,20.51,59.52,0.0,91.55,34.57,37.36,44.71,27.24,71.9,12.1,40.89,45.24,22.5,100.0,58.26,0.0,30.9,0.0,57.36,10.26,72.88,48.29,10.43,61.54,57.55,48.11,47.35,24.23,91.33,100.0,48.21,47.59,100.0,56.95,72.29,100.0,10.92,63.22,0.0,36.79,0.0,28.0,53.93,47.84
39,200026573,CC Haut-Jura Saint-Claude,,,62.0,,,57.59,50.0,58.82,47.75,64.0,100.0,0.0,8.14,54.0,23.86,47.72,31.16,47.24,53.14,38.78,64.52,1.2,38.6,35.97,2.39,40.0,0.0,38.44,10.05,17.04,34.64,20.51,100.0,50.0,100.0,84.59,47.52,33.24,0.0,75.82,27.04,40.89,42.41,100.0,50.0,50.26,100.0,32.5,93.65,66.92,62.88,0.0,99.41,100.0,61.54,60.4,46.97,42.72,34.54,45.0,67.41,44.64,31.33,93.41,43.52,69.11,72.74,7.53,66.67,100.0,28.29,70.76,4.0,53.93,43.35
39,200069615,CC Bresse Haute Seille,,,62.0,,,0.0,75.0,45.22,45.51,66.0,18.55,23.85,53.49,50.36,52.65,44.78,31.12,48.77,29.71,36.73,58.99,1.0,31.91,30.13,24.51,66.67,0.0,51.68,13.34,21.85,14.33,20.51,59.26,100.0,50.14,59.54,34.17,36.18,9.62,69.93,86.97,40.89,59.02,68.33,0.0,42.27,73.68,60.7,84.37,96.8,12.87,79.79,56.68,71.71,61.54,68.0,64.77,66.89,46.99,100.0,81.82,53.57,63.05,35.09,25.38,51.98,0.0,9.83,67.82,50.0,26.16,0.0,0.0,53.93,55.55
39,200069623,CC Champagnole Nozeroy Jura,,,62.0,,,0.0,75.0,42.28,43.54,61.33,55.4,88.08,48.26,48.55,40.28,37.43,37.86,42.94,44.86,2.04,62.65,1.3,18.17,31.18,21.89,20.0,91.07,37.51,14.49,26.67,54.14,20.51,97.62,100.0,74.23,64.55,38.08,42.65,42.63,71.9,43.83,40.89,48.09,51.39,50.0,35.69,100.0,45.5,0.0,75.57,7.55,76.31,96.53,83.29,76.92,58.31,58.71,59.6,41.1,100.0,84.49,46.43,47.99,63.59,40.86,7.92,100.0,6.24,65.52,100.0,36.52,60.43,0.0,53.93,58.06
39,200071116,CA ECLA  (Espace Communautaire Lons Agglomération),,,62.0,,,98.99,50.0,51.47,48.03,98.67,93.7,0.0,45.93,61.64,23.36,84.02,96.74,52.45,66.57,67.35,60.07,2.0,64.96,40.64,45.96,73.33,98.21,61.67,13.34,47.04,85.26,20.51,56.88,100.0,0.0,0.8,52.92,57.65,46.79,71.24,60.28,40.89,47.79,56.11,100.0,62.13,0.0,22.3,0.0,56.85,21.99,37.85,80.03,62.57,53.85,45.2,45.83,46.69,31.19,35.0,98.8,44.64,69.98,100.0,67.1,82.01,100.0,19.36,65.52,50.0,45.29,0.0,0.0,53.93,37.52
39,200071595,"CC Arbois, Poligny, Salins, Coeur du Jura",,,62.0,,,87.04,75.0,44.12,33.43,75.33,31.65,0.0,33.14,45.64,42.42,37.86,67.19,36.81,59.43,89.8,58.99,1.2,32.41,30.32,7.58,80.0,78.57,42.62,21.01,17.41,49.71,20.51,88.36,100.0,0.0,63.38,42.74,38.68,40.06,66.67,77.82,40.89,48.07,96.39,0.0,30.18,0.0,49.3,0.0,94.81,12.63,70.31,52.76,55.57,53.85,54.13,56.06,62.58,52.74,100.0,97.5,50.0,63.55,100.0,55.95,12.97,100.0,11.65,67.82,100.0,29.88,25.98,0.0,53.93,40.0
39,200072056,CC Porte du Jura,,,62.0,,,0.0,75.0,49.26,32.02,60.67,23.35,0.0,44.19,47.64,47.35,44.09,16.87,33.44,40.0,0.0,60.07,1.2,60.73,29.59,1.9,0.0,0.0,32.87,1.89,24.44,20.39,20.51,70.9,50.0,0.0,75.06,30.31,22.65,0.0,67.97,0.0,40.89,44.61,72.22,0.0,40.97,28.07,53.7,0.0,91.8,11.83,88.2,76.82,61.43,69.23,60.78,53.03,54.97,45.25,24.67,67.12,51.79,42.97,64.58,0.0,37.63,0.0,3.56,67.82,0.0,13.94,2.28,0.0,53.93,47.61
39,200090579,CC Terre d'Émeraude Communauté,,,62.0,,,0.0,75.0,48.71,43.82,4.0,27.75,50.38,47.09,47.09,55.81,0.0,0.0,46.01,36.57,61.22,62.29,1.1,32.01,29.21,7.26,26.67,0.0,43.09,4.35,39.63,22.03,20.51,100.0,100.0,100.0,82.87,42.29,20.0,0.0,73.86,26.69,40.89,50.24,58.06,0.0,32.76,50.88,61.6,0.0,85.57,19.92,30.78,94.24,95.43,61.54,64.39,60.23,58.94,52.88,70.0,82.99,53.57,56.53,47.78,0.0,38.67,100.0,6.39,68.97,100.0,26.43,52.61,0.0,53.93,51.97
39,243900354,CC de la Station des Rousses-Haut Jura,,,62.0,,,0.0,25.0,55.88,64.04,0.0,40.85,57.31,69.19,55.45,47.98,55.58,12.63,46.63,36.0,51.02,64.52,1.5,68.49,44.04,3.64,20.0,0.0,62.14,12.85,72.22,29.89,20.51,100.0,100.0,100.0,55.75,49.46,69.12,45.83,100.0,13.32,40.89,59.78,4.72,0.0,51.04,100.0,59.7,0.0,66.83,22.99,0.0,99.21,100.0,84.62,61.73,79.17,66.89,32.8,100.0,69.14,33.93,49.3,8.57,36.9,25.78,100.0,54.55,66.67,100.0,67.6,86.74,100.0,53.93,54.32
39,243900420,CC du Val d'Amour,,,62.0,,,0.0,75.0,46.32,40.17,84.0,19.4,0.0,52.33,45.64,57.07,46.74,23.12,42.33,38.57,51.02,58.99,1.1,61.36,27.59,28.67,100.0,98.21,18.0,39.09,27.04,33.82,20.51,100.0,100.0,100.0,71.11,36.29,55.0,53.53,69.28,89.52,40.89,47.34,100.0,0.0,27.5,24.56,95.1,26.02,96.55,11.67,41.03,45.5,18.86,76.92,65.15,60.61,61.92,51.81,100.0,94.18,53.57,100.0,32.13,27.95,39.66,0.0,0.53,67.82,100.0,30.94,15.98,26.0,53.93,49.13
39,243900479,CC Haut-Jura Arcade Communauté,,,62.0,,,0.0,25.0,55.15,41.01,52.67,99.2,100.0,10.47,58.18,28.54,39.28,45.09,28.53,33.71,0.0,64.52,1.2,27.48,34.24,16.82,0.0,0.0,68.87,2.66,100.0,87.39,20.51,100.0,100.0,100.0,78.3,30.03,30.15,32.05,86.27,14.3,40.89,39.31,100.0,0.0,52.47,0.0,43.0,100.0,66.98,,0.0,99.97,100.0,76.92,55.65,57.58,58.94,3.21,66.33,48.52,33.93,28.51,51.24,70.24,34.24,100.0,12.18,63.22,100.0,33.6,83.91,88.0,53.93,42.52
39,243900560,CC Jura Nord,,,62.0,,,37.81,75.0,41.91,48.88,100.0,21.1,0.0,50.0,53.64,53.41,54.02,21.79,46.93,28.29,0.0,57.67,0.9,4.71,27.09,14.1,100.0,51.79,45.41,17.39,41.48,0.0,20.51,90.74,100.0,100.0,52.6,23.23,50.74,24.68,82.35,0.0,40.89,52.08,13.61,0.0,29.63,15.79,88.4,0.0,96.78,17.61,70.25,67.62,5.57,61.54,75.97,67.8,62.25,36.81,80.0,100.0,55.36,52.91,0.0,38.67,41.07,100.0,15.66,60.92,100.0,19.79,0.0,86.0,53.93,57.52
39,243900610,CC la Grandvallière,,,62.0,,,0.0,75.0,43.38,50.0,12.67,30.2,100.0,56.98,54.73,41.41,1.67,0.0,44.79,38.57,24.49,64.52,1.1,25.69,32.32,1.61,0.0,33.93,9.64,0.0,75.19,81.16,20.51,100.0,100.0,100.0,67.41,47.34,58.24,60.58,82.35,33.24,40.89,48.79,,0.0,13.1,100.0,50.4,0.0,67.0,0.93,59.33,99.94,100.0,84.62,71.23,70.45,53.97,30.66,73.33,56.91,44.64,56.02,18.45,26.19,20.89,100.0,8.88,64.37,100.0,34.66,75.11,52.0,53.93,55.71
39,243901089,CC de la Plaine Jurassienne,,,62.0,,,0.0,75.0,46.08,42.42,92.67,9.2,0.0,51.74,50.73,56.44,32.79,16.03,44.17,36.29,44.9,57.92,0.6,42.84,23.49,19.43,0.0,100.0,43.55,35.91,32.59,12.37,20.51,28.31,100.0,66.74,73.17,23.57,61.18,73.72,67.32,30.11,40.89,50.44,0.0,0.0,24.29,54.39,65.9,0.0,99.02,2.64,100.0,40.88,0.0,69.23,70.09,56.82,46.36,41.23,74.67,89.92,53.57,34.64,0.0,14.52,45.31,0.0,2.17,66.67,50.0,18.73,5.76,0.0,53.93,53.23
40,200030435,CC d'Aire-sur-l'Adour,,,18.0,,,100.0,50.0,35.29,46.91,64.67,32.45,0.0,46.51,58.36,47.22,8.62,30.31,43.56,33.71,0.0,52.56,1.3,19.35,28.62,6.27,0.0,69.64,38.68,45.22,58.52,62.82,10.47,23.54,50.0,0.0,38.38,47.9,50.88,44.55,62.75,76.09,54.21,38.42,9.72,0.0,30.18,0.0,45.9,0.0,100.0,3.28,100.0,2.85,0.0,53.85,60.59,46.97,40.73,49.4,53.0,73.37,48.21,72.29,100.0,56.29,71.59,100.0,7.96,65.52,100.0,45.02,49.24,0.0,60.71,43.39
40,200035541,CC des Landes d'Armagnac,,,15.0,,,0.0,75.0,41.54,37.08,54.0,7.55,0.0,37.79,39.09,71.72,0.0,0.0,46.93,44.29,65.31,50.17,0.6,23.27,24.75,8.41,0.0,0.0,53.08,36.78,0.0,19.74,10.47,100.0,50.0,70.17,53.11,35.7,25.59,0.0,60.13,0.0,54.21,39.77,100.0,50.0,41.24,0.0,59.8,0.0,96.3,6.14,0.0,2.88,0.0,61.54,66.29,42.42,49.67,45.38,38.0,83.22,51.79,54.12,79.41,0.0,10.6,0.0,2.23,67.82,100.0,22.71,82.93,0.0,60.71,41.97
40,200069417,CC Pays d'Orthe et Arrigans,,,14.0,,,0.0,75.0,42.65,53.93,94.0,15.85,46.92,50.0,54.91,70.71,36.63,27.14,53.99,28.29,40.82,38.45,1.1,1.14,29.48,1.87,73.33,55.36,42.86,51.3,72.22,35.3,10.47,31.48,100.0,0.0,0.0,37.95,37.35,25.32,73.2,18.41,54.21,47.46,46.39,0.0,54.8,0.0,57.9,0.0,85.17,2.5,98.91,52.03,0.0,69.23,76.73,54.55,47.35,44.04,46.0,68.52,51.79,38.45,38.39,52.95,44.01,0.0,25.05,64.37,100.0,39.18,31.2,16.0,60.71,43.48
40,200069631,CC Terres de Chalosse,,,16.0,,,100.0,75.0,40.88,56.46,90.0,8.6,0.0,54.65,57.45,74.37,10.47,23.75,57.06,34.0,40.82,43.07,0.8,7.6,27.83,49.28,33.33,64.29,17.54,31.85,40.74,31.04,10.47,16.67,100.0,0.0,2.67,29.6,41.76,34.94,70.59,17.95,54.21,49.17,12.22,50.0,56.29,0.0,68.3,0.0,80.18,1.34,100.0,47.47,0.0,69.23,81.29,57.58,49.67,49.93,62.0,73.79,53.57,49.6,15.65,33.9,38.8,0.0,5.81,66.67,100.0,37.85,21.09,12.0,60.71,44.68
40,200069649,CC Chalosse Tursan,,,17.0,,,0.0,75.0,36.55,50.0,99.33,14.25,100.0,51.16,49.82,67.42,0.0,29.29,51.53,31.71,32.65,47.69,1.0,7.43,27.94,8.79,40.0,0.0,19.86,27.31,55.19,43.98,10.47,25.4,0.0,0.0,42.08,31.95,27.21,14.42,69.28,58.43,54.21,45.03,72.78,50.0,48.74,0.0,61.0,0.0,100.0,3.24,100.0,45.32,0.0,53.85,72.74,58.71,49.34,57.43,49.0,76.52,53.57,47.29,79.57,49.43,41.77,0.0,5.09,67.82,100.0,53.52,38.15,0.0,60.71,50.13
40,200069656,CC Coeur Haute Lande,,,10.0,,,0.0,75.0,48.53,44.38,37.33,32.55,0.0,53.49,44.36,78.79,0.0,0.0,42.64,40.86,100.0,40.15,1.1,3.41,23.47,40.03,6.67,0.0,37.98,31.09,48.89,15.48,10.47,100.0,50.0,100.0,62.81,44.6,30.0,62.5,73.2,63.23,54.21,30.93,100.0,0.0,35.64,100.0,89.5,0.0,45.21,14.67,0.0,0.0,0.0,53.85,69.14,43.56,43.71,46.05,18.0,81.76,50.0,30.02,64.09,0.0,0.0,86.58,4.16,68.97,100.0,34.66,91.52,0.0,60.71,34.45
40,244000543,CC de Mimizan,,,4.0,,,0.0,75.0,50.0,47.75,0.0,33.65,100.0,80.81,65.27,76.14,62.54,53.75,45.09,42.57,91.84,18.65,1.0,15.04,33.02,74.65,66.67,37.5,38.44,59.85,62.22,35.46,10.47,100.0,50.0,3.6,51.16,68.69,53.82,82.37,59.48,0.0,54.21,30.37,31.11,0.0,29.05,100.0,51.2,0.0,25.38,29.56,0.0,55.59,0.0,69.23,56.98,51.52,33.77,45.38,69.33,69.56,50.0,29.92,91.27,65.1,0.0,0.0,9.26,74.71,100.0,40.5,87.61,0.0,60.71,44.48
40,244000659,CC du Seignanx,,,0.0,,,100.0,50.0,63.24,76.97,86.0,71.4,100.0,69.19,66.36,44.32,76.88,82.63,58.28,36.86,100.0,36.14,1.3,71.18,40.18,67.21,100.0,80.36,21.49,60.45,81.48,74.12,10.47,100.0,50.0,100.0,0.0,32.37,36.18,0.0,81.05,54.02,54.21,52.36,41.67,50.0,65.17,0.0,18.2,0.0,31.73,1.53,0.0,56.97,75.86,53.85,70.66,64.77,57.62,28.65,52.0,41.24,51.79,68.47,55.85,71.43,59.3,47.6,52.54,64.37,0.0,44.49,33.26,42.0,60.71,52.87
40,244000675,CA du Grand Dax,,,10.0,,,0.0,50.0,57.35,55.06,56.0,68.0,100.0,55.81,58.73,50.25,80.4,89.02,48.47,45.43,61.22,38.45,1.3,72.75,39.16,24.07,100.0,100.0,46.81,55.68,100.0,100.0,10.47,100.0,50.0,65.65,0.0,51.32,64.85,57.05,72.55,32.25,54.21,35.02,86.39,100.0,52.41,0.0,25.9,0.0,35.9,3.73,0.0,36.88,76.86,46.15,47.29,46.59,42.38,31.33,70.0,66.57,48.21,59.74,100.0,74.52,80.08,100.0,23.81,63.22,100.0,41.04,43.59,0.0,60.71,41.68
40,244000691,CC du Pays Morcenais,,,12.0,,,8.79,75.0,43.38,41.01,75.33,49.05,100.0,50.0,43.45,62.88,39.13,0.0,43.87,42.29,77.55,43.07,0.9,26.5,26.63,18.04,26.67,0.0,65.16,35.03,47.04,29.07,10.47,100.0,100.0,0.0,22.46,43.86,51.32,61.54,55.56,74.17,54.21,25.21,100.0,0.0,58.23,100.0,47.4,0.0,40.9,12.35,0.0,44.47,0.0,61.54,65.53,53.03,43.71,44.71,32.0,60.42,51.79,32.63,78.75,34.14,3.2,0.0,4.57,73.56,50.0,35.46,91.96,0.0,60.71,42.13
40,244000766,CC du Pays Tarusate,,,13.0,,,0.0,75.0,43.01,51.4,100.0,19.0,0.0,54.65,51.64,72.35,8.55,0.0,48.47,24.57,26.53,43.07,1.1,6.15,29.36,9.28,33.33,0.0,31.01,40.24,49.63,35.63,10.47,100.0,0.0,0.0,13.43,27.01,41.91,47.12,70.59,15.0,54.21,39.79,100.0,50.0,46.27,0.0,62.9,0.0,56.11,6.99,0.0,44.56,0.0,53.85,74.64,56.82,48.68,44.85,54.67,62.57,53.57,46.08,56.51,55.19,28.46,100.0,35.22,70.11,0.0,46.08,82.83,0.0,60.71,49.84
40,244000774,CC du Pays de Villeneuve en Armagnac Landais,,,52.0,,,0.0,75.0,44.85,48.03,98.67,5.9,100.0,44.77,50.0,69.07,0.0,0.0,51.84,24.57,0.0,47.69,0.7,13.34,26.33,53.72,26.67,0.0,3.83,23.8,15.56,14.82,10.47,74.6,100.0,3.21,61.96,26.24,46.03,78.53,69.28,22.58,54.21,41.04,100.0,0.0,34.79,0.0,63.7,0.0,99.99,5.88,69.85,0.0,48.57,61.54,71.23,53.03,58.61,41.9,55.0,65.53,53.57,76.81,8.24,7.95,49.87,0.0,3.14,70.11,100.0,40.5,66.63,0.0,60.71,52.68
40,244000808,CA Mont de Marsan Agglomération,,,24.0,,,0.0,50.0,44.12,64.33,100.0,58.15,100.0,59.88,61.82,47.47,68.7,82.32,53.37,50.57,100.0,47.69,1.6,65.43,39.42,29.27,100.0,39.29,45.41,72.39,55.93,77.23,10.47,100.0,100.0,0.0,19.92,28.26,69.85,64.74,82.35,42.73,54.21,47.24,85.56,100.0,16.21,17.54,26.7,0.0,30.87,4.56,0.0,43.35,0.0,53.85,55.65,51.52,42.38,23.96,81.33,64.78,48.21,78.92,100.0,53.43,72.81,25.14,26.34,64.37,50.0,47.68,72.5,48.0,60.71,40.26
40,244000824,CC du Pays Grenadois,,,35.0,,,100.0,50.0,44.85,58.99,100.0,2.95,0.0,48.84,49.82,59.97,22.39,49.78,54.6,29.14,73.47,47.69,1.3,10.8,27.67,0.0,20.0,94.64,0.0,36.67,46.3,44.14,10.47,35.71,100.0,0.0,53.75,23.48,43.09,0.0,71.9,23.51,54.21,49.7,38.61,0.0,41.32,24.56,53.6,0.0,86.21,4.81,87.09,55.12,0.0,53.85,77.87,68.94,46.69,47.26,66.0,76.29,57.14,66.97,24.71,67.1,66.15,0.0,7.69,66.67,50.0,48.21,55.87,22.0,60.71,53.45
40,244000857,CC Côte Landes Nature,,,2.0,,,0.0,75.0,49.02,55.06,0.0,17.35,100.0,73.84,61.64,78.79,41.23,0.0,50.31,42.86,10.2,38.45,1.4,74.53,34.19,99.87,73.33,48.21,58.42,67.08,77.04,6.63,10.47,100.0,0.0,0.0,1.48,63.78,30.88,0.0,63.4,6.95,54.21,35.62,100.0,0.0,39.82,100.0,43.9,0.0,33.98,7.52,0.0,6.41,41.57,53.85,65.15,60.23,45.36,46.59,92.67,86.76,50.0,61.65,100.0,0.0,0.0,0.0,17.36,70.11,0.0,56.71,91.96,0.0,60.71,51.26
40,244000865,CC Maremne Adour Côte Sud,,,0.0,,,0.0,75.0,54.41,62.92,0.0,35.55,100.0,78.49,59.27,67.68,78.62,68.53,53.68,36.29,48.98,37.29,1.6,45.96,38.83,51.99,100.0,91.07,41.7,67.24,100.0,83.62,10.47,100.0,0.0,35.27,0.0,70.79,50.15,27.24,75.82,8.45,54.21,50.75,36.67,100.0,61.11,0.0,18.8,0.0,33.76,3.13,0.0,3.82,10.0,53.85,64.2,59.85,46.69,32.13,100.0,77.69,46.43,39.26,75.95,67.1,34.32,99.01,46.99,65.52,100.0,60.96,67.07,0.0,60.71,48.58
40,244000873,CC des Grands Lacs,,,8.0,,,0.0,50.0,50.0,65.73,0.0,29.6,100.0,74.42,61.45,70.71,71.45,56.61,51.53,42.86,38.78,18.65,1.4,21.97,36.47,57.64,100.0,17.86,23.11,63.68,80.0,80.51,10.47,100.0,50.0,33.97,18.67,50.09,64.56,58.01,66.67,14.36,54.21,47.11,59.72,50.0,44.86,100.0,20.0,45.58,32.15,4.45,0.0,0.0,0.0,61.54,68.57,65.91,45.03,30.92,75.67,60.26,51.79,28.41,59.8,59.86,0.0,0.0,9.75,71.26,50.0,53.25,92.93,0.0,60.71,46.42
40,244000881,CC Coteaux et Vallées des Luys,,,17.0,,,0.0,75.0,36.76,46.07,100.0,3.7,100.0,44.77,44.55,72.35,5.47,0.0,52.76,32.29,4.08,47.19,0.8,29.06,25.53,0.0,33.33,33.93,27.53,26.21,51.11,13.84,10.47,26.46,100.0,0.0,39.3,36.69,42.35,46.47,62.09,53.21,54.21,39.05,100.0,0.0,50.25,0.0,67.7,0.0,96.71,4.94,100.0,56.0,0.0,76.92,74.07,57.2,51.66,48.86,0.0,75.54,51.79,39.26,34.6,29.14,53.12,0.0,9.82,68.97,100.0,34.66,34.24,0.0,60.71,43.84
41,200000800,CC Coeur de Sologne,,,55.0,,,0.0,50.0,47.06,39.61,0.0,87.9,0.0,38.37,52.55,38.13,65.18,20.49,45.09,58.0,34.69,50.66,1.0,19.01,28.11,30.07,0.0,0.0,12.2,15.48,14.81,34.48,27.35,100.0,100.0,100.0,86.9,34.4,58.53,50.96,68.63,59.29,29.17,37.95,21.11,0.0,73.59,0.0,22.8,0.0,48.88,18.99,0.0,61.15,100.0,61.54,60.59,60.61,51.99,38.69,77.67,68.72,51.79,65.56,87.48,57.95,0.0,0.0,8.57,67.82,100.0,22.71,90.11,0.0,43.57,57.16
41,200018406,CC du Romorantinais et du Monestois,,,34.0,,,1.93,50.0,53.92,44.1,95.33,66.0,0.0,31.98,49.64,38.64,75.58,70.58,46.63,42.29,63.27,50.66,1.0,27.02,28.18,9.77,0.0,76.79,35.19,9.01,16.67,25.47,27.35,78.57,100.0,100.0,32.05,28.6,52.94,38.14,67.32,3.71,29.17,36.58,7.5,100.0,17.4,0.0,21.6,0.0,60.58,6.48,0.0,14.35,100.0,53.85,64.58,37.88,31.46,31.59,47.0,42.6,48.21,45.68,95.06,48.19,69.4,0.0,11.52,71.26,100.0,21.91,66.63,0.0,43.57,50.58
41,200030385,CA de Blois ''Agglopolys'',,,56.0,,,0.0,25.0,49.02,54.78,100.0,100.0,20.77,43.6,54.91,35.1,78.77,79.46,52.76,58.29,87.76,53.38,1.7,100.0,35.9,38.74,6.67,42.86,23.34,17.39,47.04,70.35,27.35,38.89,0.0,100.0,24.56,32.53,51.18,50.32,74.51,38.85,29.17,50.32,44.72,100.0,62.76,0.0,24.4,0.0,40.71,5.74,97.09,0.0,0.0,53.85,56.79,41.67,52.65,21.69,39.67,61.17,42.86,57.13,100.0,45.62,65.55,13.28,29.64,,0.0,29.88,52.5,50.0,43.57,46.42
41,200040772,CC du Perche et Haut Vendômois,,,42.0,,,0.0,50.0,50.49,31.74,16.67,22.15,0.0,37.79,39.27,51.52,0.0,0.0,40.8,41.43,0.0,48.68,0.6,42.48,21.51,12.98,0.0,0.0,42.86,0.0,10.0,22.52,27.35,20.37,100.0,0.0,74.58,22.8,18.82,0.0,67.32,4.86,29.17,46.8,57.78,50.0,45.69,0.0,88.3,0.0,81.96,1.96,100.0,17.59,0.0,61.54,67.05,55.68,38.74,36.55,18.0,46.24,53.57,36.85,36.9,12.43,51.87,0.0,35.62,68.97,100.0,14.74,71.3,0.0,43.57,55.1
41,200055481,CC Beauce Val de Loire,,,28.0,,,0.0,50.0,47.06,44.94,88.67,45.05,100.0,36.63,39.27,43.69,32.97,5.76,48.47,40.86,24.49,55.67,1.1,55.11,27.05,18.82,0.0,0.0,25.67,2.6,17.78,0.0,27.35,0.0,100.0,100.0,75.46,22.33,37.06,45.51,75.16,24.96,29.17,43.58,0.0,0.0,50.59,36.84,50.2,0.0,45.05,5.59,100.0,0.0,0.0,46.15,71.98,59.09,46.03,33.6,36.0,52.68,51.79,41.16,49.75,18.43,31.51,0.0,15.65,66.67,100.0,30.94,71.41,50.0,43.57,51.77
41,200072064,CC Val-de-Cher-Controis,,,42.0,,,19.15,50.0,49.12,35.67,60.67,41.45,100.0,37.21,40.91,48.48,50.47,56.79,42.64,38.86,44.9,55.61,1.1,34.89,26.24,5.53,0.0,0.0,60.51,11.15,20.74,16.13,27.35,41.27,0.0,45.62,0.0,33.39,41.47,36.86,64.05,25.3,29.17,40.39,20.0,0.0,53.83,0.0,47.1,0.0,64.11,5.9,66.04,0.0,14.0,53.85,63.06,53.41,36.09,37.08,39.0,49.95,53.57,48.19,78.25,70.29,30.94,0.0,19.08,66.67,0.0,18.46,53.7,0.0,43.57,46.29
41,200072072,CA Territoires Vendômois,,,42.0,,,0.0,50.0,48.82,43.82,82.0,75.9,0.0,36.63,41.09,40.15,31.01,35.94,49.08,56.86,79.59,53.38,1.0,67.13,26.64,8.69,0.0,42.86,33.57,0.0,65.19,30.38,27.35,0.53,100.0,3.8,66.39,27.8,37.35,29.81,66.67,28.08,29.17,48.67,0.0,100.0,49.17,0.0,45.9,0.0,70.07,2.88,100.0,19.5,0.0,53.85,58.69,53.79,49.01,34.54,60.67,63.15,50.0,51.81,97.53,53.62,62.19,0.0,52.79,65.52,50.0,26.96,59.57,0.0,43.57,48.42
41,244100293,CC des Collines du Perche,,,57.0,,,0.0,50.0,48.53,23.31,11.33,38.75,0.0,23.84,36.73,49.62,0.0,0.0,34.97,84.57,100.0,48.68,0.9,18.88,18.78,0.0,0.0,0.0,6.16,0.0,0.0,6.63,27.35,0.0,50.0,0.0,78.32,36.82,33.24,47.12,57.52,60.16,29.17,44.65,100.0,0.0,51.48,26.32,47.4,0.0,98.7,3.67,100.0,36.62,0.0,61.54,58.31,42.42,62.91,35.21,65.67,100.0,50.0,61.75,81.05,9.9,48.36,0.0,15.31,72.41,50.0,10.76,77.39,0.0,43.57,44.45
41,244100780,CC de la Sologne des Etangs,,,56.0,,,51.55,50.0,48.53,38.48,18.67,32.4,0.0,45.35,45.82,60.1,1.81,0.0,44.79,44.57,6.12,57.15,1.3,22.48,26.0,5.28,0.0,0.0,47.27,3.53,5.19,0.0,27.35,100.0,50.0,100.0,85.48,35.6,50.44,68.27,67.32,22.52,29.17,45.68,0.0,0.0,47.61,0.0,45.4,0.0,89.29,1.96,0.0,22.56,100.0,53.85,68.0,60.23,60.26,42.03,95.67,84.72,51.79,84.64,19.11,15.48,38.59,0.0,2.36,66.67,100.0,23.24,88.91,0.0,43.57,54.03
41,244100798,CC du Grand Chambord,,,62.0,,,0.0,75.0,48.04,55.62,84.0,29.55,100.0,53.49,50.36,55.43,60.76,49.42,52.15,29.71,55.1,60.56,1.7,59.22,32.61,46.75,0.0,94.64,22.88,8.63,35.19,32.02,27.35,100.0,100.0,100.0,57.79,21.28,28.97,62.18,73.2,0.0,29.17,59.92,0.0,0.0,66.8,0.0,47.6,0.0,66.62,11.93,0.0,0.0,73.57,46.15,74.83,72.73,55.96,23.83,38.0,43.25,53.57,63.15,41.19,26.48,51.48,0.0,12.85,66.67,100.0,35.46,75.98,20.0,43.57,60.48
41,244100806,CC de la Sologne des Rivières,,,15.0,,,0.0,75.0,50.98,27.25,66.0,85.3,0.0,1.74,46.18,41.54,57.54,12.37,39.26,59.71,28.57,47.36,0.9,16.02,27.99,10.5,0.0,0.0,55.87,6.87,19.26,15.15,27.35,100.0,50.0,100.0,76.14,36.58,40.44,6.41,53.59,25.48,29.17,32.39,0.0,0.0,58.26,0.0,36.4,0.0,54.59,,0.0,91.38,100.0,53.85,58.12,53.41,40.07,40.96,46.0,79.19,51.79,83.13,75.95,54.43,41.22,0.0,7.58,70.11,0.0,23.24,87.83,0.0,43.57,54.87
42,200035202,CC Charlieu-Belmont,,,48.0,,,60.62,75.0,44.49,45.22,84.0,30.6,0.0,44.77,46.73,34.09,61.85,66.92,43.25,39.71,61.22,60.23,0.9,45.11,27.33,35.08,0.0,98.21,46.11,30.43,62.59,22.52,47.65,13.76,100.0,0.0,37.24,31.35,40.44,51.6,67.32,33.12,24.21,57.32,2.22,0.0,63.84,0.0,48.6,0.0,86.68,2.41,100.0,95.35,84.57,53.85,68.19,60.98,59.6,26.37,86.33,100.0,55.36,52.91,51.73,62.67,40.94,60.31,9.25,65.52,100.0,29.88,16.96,14.0,58.21,55.0
42,200035731,CA Roannais Agglomération,,,48.0,,,0.0,50.0,50.49,49.72,100.0,76.15,0.0,43.02,53.64,20.96,79.38,77.54,51.53,54.57,73.47,65.68,1.5,92.18,34.8,28.03,20.0,69.64,35.19,45.33,90.0,72.15,47.65,18.25,0.0,0.0,26.01,31.88,47.06,40.38,68.63,33.47,24.21,46.52,10.28,50.0,71.33,17.54,27.6,0.0,80.5,6.9,100.0,92.41,79.0,38.46,52.8,42.42,47.35,21.55,45.0,100.0,48.21,54.32,100.0,40.95,61.98,27.68,17.7,,100.0,28.55,37.72,0.0,58.21,51.52
42,200065886,CA Loire Forez Agglomération (LFA),,,44.0,,,35.92,75.0,48.04,60.11,82.0,43.2,100.0,52.33,58.91,34.34,58.19,57.32,55.21,36.0,57.14,57.21,1.3,47.01,32.1,9.39,66.67,0.0,16.38,68.06,28.52,61.51,47.65,70.9,0.0,100.0,39.54,31.73,47.65,44.55,75.82,30.86,24.21,64.08,35.83,0.0,71.38,0.0,33.7,0.0,87.86,11.65,77.21,89.85,79.29,23.08,71.04,62.12,58.94,24.23,63.67,52.55,51.79,44.18,44.15,42.86,52.16,100.0,9.1,62.07,0.0,33.6,51.41,50.0,58.21,53.32
42,200065894,CC de Forez-Est,,,47.0,,,100.0,75.0,51.31,53.93,100.0,39.65,100.0,51.16,50.73,34.97,69.17,63.21,51.84,40.0,16.33,60.67,1.3,32.65,33.2,4.72,46.67,87.5,27.76,56.34,38.15,44.8,47.65,6.35,0.0,90.49,3.7,36.2,37.79,17.63,71.9,41.34,24.21,63.12,22.5,50.0,68.46,0.0,36.6,0.0,88.5,8.63,100.0,87.47,20.86,38.46,70.28,65.91,64.9,21.29,100.0,55.8,53.57,48.9,64.74,55.0,67.81,100.0,22.36,64.37,50.0,40.5,30.65,30.0,58.21,55.32
42,244200614,CC des Vals d'Aix et Isable,,,45.0,,,100.0,75.0,49.02,37.36,56.67,20.8,0.0,9.3,37.09,58.21,0.0,0.0,42.02,44.0,0.0,55.78,0.9,74.78,21.44,1.08,0.0,0.0,5.69,49.16,12.96,16.79,47.65,21.96,100.0,46.98,62.23,37.85,36.32,16.03,67.97,33.99,24.21,56.78,100.0,0.0,69.19,0.0,65.5,1.8,87.45,3.89,100.0,94.15,73.57,46.15,68.38,48.11,62.58,38.96,43.0,100.0,50.0,51.81,53.54,14.29,29.9,0.0,3.61,68.97,100.0,27.49,45.0,4.0,58.21,53.52
42,244200622,CC des Monts du Pilat,,,42.0,,,0.0,75.0,61.03,52.81,34.67,37.3,32.31,47.67,42.18,42.55,9.89,15.22,50.61,41.71,57.14,58.99,1.3,100.0,31.21,18.19,6.67,0.0,26.83,24.9,17.04,19.25,47.65,100.0,100.0,100.0,75.18,33.6,51.18,57.37,71.9,100.0,24.21,61.85,20.56,50.0,72.67,0.0,34.4,0.0,86.28,34.18,36.37,97.09,100.0,38.46,72.36,62.5,71.52,31.46,44.33,100.0,51.79,65.86,21.09,16.95,54.58,100.0,5.58,67.82,100.0,36.52,67.39,28.0,58.21,55.61
42,244200630,CC du Pays Entre Loire et Rhône,,,48.0,,,100.0,75.0,53.43,45.51,93.33,25.15,0.0,32.56,39.82,48.86,26.38,6.38,44.48,42.57,61.22,60.23,1.2,21.66,26.39,16.26,13.33,78.57,32.64,18.93,53.7,15.81,47.65,0.26,100.0,47.83,32.74,25.25,35.44,37.5,73.86,30.75,24.21,57.05,100.0,0.0,78.35,0.0,65.6,0.0,86.12,13.88,100.0,96.24,68.86,46.15,76.54,61.36,73.51,33.6,61.0,100.0,55.36,56.53,27.51,36.62,54.92,0.0,12.44,66.67,100.0,25.9,50.54,62.0,58.21,53.84
42,244200770,Saint-Étienne Métropole,,,46.0,,,100.0,0.0,56.07,55.06,100.0,100.0,0.0,38.95,62.18,13.01,92.61,95.04,53.07,74.86,83.67,60.56,1.5,82.51,36.36,12.91,73.33,78.57,32.87,82.36,55.93,61.83,47.65,43.92,0.0,100.0,0.0,30.48,49.26,49.04,77.12,46.96,24.21,45.59,21.94,100.0,74.01,0.0,5.4,0.0,16.34,19.86,42.25,83.88,63.71,23.08,53.94,24.24,48.01,13.39,5.67,45.79,41.07,27.91,100.0,69.1,72.68,51.98,30.56,,0.0,22.44,24.24,64.0,58.21,39.29
42,244200820,CC du Pays d'Urfé,,,45.0,,,0.0,75.0,50.98,31.74,12.67,22.5,0.0,29.07,45.64,57.83,0.0,0.0,39.26,52.29,36.73,58.91,0.9,48.98,22.11,0.0,0.0,0.0,12.2,50.81,0.0,15.32,47.65,89.68,100.0,0.0,70.95,50.13,36.47,64.74,64.05,91.14,24.21,52.6,100.0,0.0,69.84,75.44,80.2,0.0,86.57,12.22,67.89,96.5,100.0,53.85,63.63,44.32,73.84,51.41,52.33,100.0,50.0,56.53,64.25,0.0,26.85,0.0,2.99,72.41,100.0,13.94,72.72,0.0,58.21,53.0
42,244200895,CC du Pilat Rhodanien,,,46.0,,,0.0,50.0,55.39,54.21,93.33,33.1,0.0,41.28,43.64,61.36,45.25,48.12,50.31,39.43,28.57,57.43,1.6,63.9,33.81,22.87,13.33,96.43,21.49,20.24,34.81,29.57,47.65,66.14,100.0,100.0,38.14,34.66,33.09,27.88,81.05,27.79,24.21,63.36,15.83,50.0,73.57,66.67,27.6,17.95,52.39,10.11,13.83,0.0,59.57,23.08,74.26,71.97,63.58,20.88,79.0,87.9,53.57,74.4,28.34,40.48,54.97,100.0,43.01,59.77,100.0,32.27,9.57,56.0,58.21,57.26
43,200073393,CC des Rives du Haut Allier,,,41.0,,,0.0,75.0,44.36,32.87,0.0,21.1,100.0,2.33,35.09,52.78,0.0,0.0,38.96,63.14,44.9,66.5,0.7,69.38,20.21,2.73,0.0,0.0,51.45,51.63,98.52,16.13,21.58,100.0,50.0,100.0,86.24,54.85,34.26,31.41,60.78,75.22,47.18,43.71,100.0,0.0,58.8,47.37,61.6,0.0,95.4,12.13,80.4,94.44,100.0,30.77,53.94,34.85,61.92,55.56,93.0,100.0,50.0,66.87,82.37,17.29,22.58,0.0,1.56,70.11,0.0,15.8,76.2,0.0,49.64,34.77
43,200073401,CC Mézenc-Loire-Meygal,,,47.0,,,0.0,75.0,48.16,48.88,0.0,15.7,0.0,29.07,43.64,46.09,7.9,0.0,46.63,47.14,26.53,60.31,0.9,38.89,24.79,13.94,0.0,0.0,47.97,16.3,27.04,8.93,21.58,53.7,100.0,100.0,68.26,46.58,56.03,60.58,69.28,100.0,47.18,57.02,100.0,100.0,61.54,14.04,52.6,0.0,91.04,21.91,100.0,98.47,77.14,46.15,67.24,49.62,65.56,40.03,65.67,100.0,53.57,80.12,35.42,2.14,33.46,0.0,4.68,70.11,100.0,44.22,58.04,0.0,49.64,49.35
43,200073419,CA du Puy-en-Velay,,,43.0,,,0.0,75.0,48.71,49.16,59.33,48.2,100.0,31.4,53.82,32.2,57.72,45.49,50.0,56.29,75.51,66.5,1.3,100.0,32.74,25.51,66.67,0.0,50.75,57.6,39.63,71.33,21.58,65.34,50.0,100.0,53.85,43.63,57.79,55.45,70.59,85.93,47.18,54.27,70.56,100.0,78.29,0.0,37.5,0.0,93.17,12.69,94.39,89.03,90.14,30.77,53.75,50.38,60.6,35.21,100.0,100.0,50.0,58.43,100.0,12.48,48.59,0.0,13.87,66.67,50.0,33.07,56.74,0.0,49.64,46.52
43,200073427,CC Marches du Velay-Rochebaron,,,40.0,,,98.37,75.0,56.18,56.18,61.33,31.5,0.0,44.19,45.64,39.39,51.85,59.6,52.15,30.57,22.45,54.13,1.1,29.25,28.93,0.0,60.0,0.0,25.9,53.0,64.44,55.61,21.58,83.33,0.0,100.0,27.62,31.59,28.38,0.0,77.12,49.57,47.18,64.89,2.22,100.0,70.16,35.09,37.8,12.2,75.7,14.26,52.28,93.24,100.0,38.46,74.26,69.32,66.89,29.99,100.0,88.59,55.36,50.9,63.92,32.33,22.63,100.0,22.57,62.07,100.0,43.16,72.5,64.0,49.64,51.77
43,200085728,CC Brioude Sud Auvergne,,,48.0,,,16.87,75.0,49.02,42.98,58.67,41.95,0.0,11.63,49.64,43.31,33.01,68.93,41.1,46.86,71.43,54.79,1.0,59.86,26.73,3.81,46.67,0.0,50.06,44.73,0.0,67.24,21.58,75.13,100.0,48.6,72.09,42.81,46.76,42.31,71.24,59.35,47.18,44.5,100.0,100.0,66.45,0.0,54.3,0.0,94.38,14.89,93.1,87.44,100.0,38.46,56.98,42.05,43.38,45.38,81.67,100.0,50.0,60.34,100.0,47.1,68.57,0.0,5.33,64.37,100.0,31.74,60.54,0.0,49.64,43.74
43,244300307,CC Haut Pays du Velay,,,42.0,,,41.46,75.0,52.94,48.03,37.33,24.75,0.0,17.44,51.64,44.57,49.57,52.23,46.32,34.57,0.0,54.13,1.0,79.61,29.01,96.34,100.0,8.93,53.54,74.8,3.7,38.74,21.58,100.0,100.0,0.0,45.54,44.81,25.59,0.0,72.55,14.82,47.18,59.22,100.0,0.0,80.45,0.0,38.3,0.0,89.58,19.86,24.92,95.65,100.0,61.54,69.33,59.09,66.89,45.92,100.0,100.0,53.57,43.88,84.02,0.0,26.74,100.0,8.69,68.97,100.0,28.82,72.93,10.0,49.64,47.9
43,244301016,CC des Sucs,,,42.0,,,0.0,75.0,56.37,44.94,24.67,40.65,78.46,33.72,41.64,38.38,42.83,54.82,41.72,36.29,51.02,54.13,0.9,56.06,29.51,51.81,46.67,7.14,17.31,59.79,87.78,40.38,21.58,74.87,100.0,100.0,35.88,46.0,43.53,17.95,73.2,44.88,47.18,59.21,12.22,50.0,53.59,0.0,34.2,0.0,90.08,11.12,60.21,93.82,100.0,38.46,66.1,60.61,65.23,36.81,100.0,100.0,55.36,41.47,69.69,59.81,21.3,100.0,33.52,70.11,100.0,31.74,72.72,36.0,49.64,48.39
43,244301099,CC Auzon Communauté,,,48.0,,,100.0,75.0,52.21,35.11,62.0,40.3,53.46,12.79,36.73,39.9,71.16,58.35,36.2,38.86,73.47,54.79,0.7,80.23,26.23,0.07,86.67,0.0,90.94,59.02,0.0,69.21,21.58,100.0,100.0,100.0,54.43,26.94,23.53,0.0,69.93,72.79,47.18,40.67,100.0,0.0,77.5,0.0,26.7,49.97,83.46,9.04,34.34,87.47,99.14,38.46,56.98,47.35,44.04,29.85,28.33,100.0,55.36,23.09,52.55,50.38,55.08,0.0,14.29,66.67,100.0,24.3,36.74,0.0,49.64,49.77
43,244301107,CC du Haut Lignon,,,43.0,,,0.0,75.0,44.85,37.08,0.0,30.75,0.0,48.26,53.09,43.43,61.34,54.06,43.87,52.86,69.39,54.13,1.4,57.93,31.75,0.2,100.0,100.0,52.15,72.17,20.37,33.82,21.58,80.95,100.0,0.0,43.4,60.8,52.06,53.85,58.82,100.0,47.18,54.94,68.89,0.0,72.1,0.0,47.8,0.0,90.21,18.84,46.24,95.44,100.0,53.85,58.12,42.8,68.21,42.3,100.0,100.0,48.21,39.66,79.24,10.33,0.0,100.0,1.56,68.97,100.0,24.04,81.2,0.0,49.64,44.16
43,244301123,CC des Pays de Cayres et de Pradelles,,,42.0,,,0.0,75.0,51.47,39.61,0.0,7.25,0.0,40.12,44.55,47.1,0.0,0.0,46.93,69.43,0.0,66.5,0.7,86.33,22.51,42.72,0.0,0.0,100.0,60.34,21.85,42.83,21.58,53.17,100.0,100.0,84.92,53.67,47.21,79.49,60.13,100.0,47.18,52.87,100.0,0.0,77.69,0.0,66.2,0.0,97.35,8.83,100.0,87.88,81.86,46.15,57.17,30.68,69.21,68.14,3.33,100.0,50.0,62.85,53.21,0.0,24.09,0.0,7.75,72.41,100.0,19.26,70.33,0.0,49.64,43.94
43,244301131,CC Loire et Semène,,,41.0,,,100.0,75.0,75.0,58.43,97.33,55.6,0.0,45.35,58.36,23.99,76.16,85.71,54.91,29.71,48.98,60.56,0.9,51.62,31.38,0.85,53.33,100.0,34.73,51.52,53.33,38.9,21.58,79.63,100.0,17.41,14.9,22.43,28.38,27.56,77.12,28.26,47.18,65.62,34.72,0.0,80.23,54.39,13.2,0.0,37.51,10.72,61.61,94.24,100.0,46.15,75.97,70.83,65.23,23.69,100.0,77.98,55.36,67.27,21.91,51.71,68.75,100.0,23.87,63.22,100.0,44.49,44.67,78.0,49.64,54.32
44,200000438,CC du Pays de Pontchâteau St-Gildas-des-Bois,,,58.0,,,34.94,75.0,47.06,64.04,100.0,19.35,0.0,60.47,55.64,64.39,58.44,65.85,48.47,31.71,40.82,48.51,1.0,45.46,27.34,5.68,40.0,100.0,30.08,19.25,45.56,20.39,29.91,0.0,100.0,100.0,0.0,13.65,47.65,57.37,77.78,99.13,42.32,64.08,72.78,0.0,69.12,0.0,68.7,0.0,85.97,36.01,100.0,86.18,100.0,76.92,74.83,70.08,60.93,9.64,87.67,27.97,58.93,50.3,28.67,56.1,37.21,100.0,100.0,65.52,100.0,46.08,84.78,96.0,49.29,52.52
44,200067346,CA Pornic Agglo Pays de Retz,,,79.0,,,100.0,75.0,52.94,65.17,0.0,20.55,100.0,77.91,61.64,67.93,72.9,83.48,54.29,44.29,83.67,51.24,1.6,18.85,35.31,21.6,20.0,100.0,27.06,13.45,59.26,64.46,29.91,0.0,100.0,23.91,0.0,31.51,58.82,53.53,66.67,56.69,42.32,62.79,99.17,100.0,55.58,14.04,37.6,0.0,94.46,17.95,100.0,72.41,51.14,53.85,71.23,72.73,60.26,23.83,76.0,39.02,53.57,48.69,41.68,65.71,21.69,40.82,88.37,63.22,100.0,49.0,70.22,0.0,49.29,53.9
44,200067635,CA Clisson Sèvre et Maine Agglo,,,70.0,,,100.0,75.0,52.57,73.6,100.0,25.75,100.0,75.0,59.27,52.53,88.26,85.36,60.74,49.43,87.76,56.44,1.5,18.95,34.84,20.82,46.67,96.43,15.45,5.72,38.52,55.77,29.91,0.0,0.0,0.0,0.0,20.87,31.62,40.06,84.31,66.47,42.32,70.97,25.0,100.0,61.85,0.0,47.4,0.0,92.37,20.42,100.0,0.0,0.0,53.85,82.62,77.65,71.19,26.37,96.0,42.5,57.14,69.38,47.94,62.48,59.3,24.72,100.0,60.92,50.0,52.46,53.48,100.0,49.29,58.61
44,200067866,CC Sèvre et Loire,,,57.0,,,100.0,75.0,48.53,72.47,100.0,34.25,100.0,76.16,57.45,56.57,70.72,96.61,57.67,39.43,67.35,56.44,1.5,18.91,33.26,40.97,60.0,100.0,22.42,0.0,44.07,48.89,29.91,0.0,100.0,0.0,0.0,21.29,34.12,37.5,87.58,46.44,42.32,71.34,33.33,0.0,64.88,0.0,35.7,0.0,89.09,19.03,100.0,0.0,10.14,69.23,81.29,76.89,69.21,22.09,98.33,37.66,58.93,64.06,35.58,74.48,34.66,84.89,97.55,62.07,100.0,50.07,65.87,100.0,49.29,59.55
44,200071546,CC Sud Retz Atlantique,,,94.0,,,100.0,75.0,51.1,60.39,100.0,19.95,0.0,56.98,49.27,66.41,42.21,46.29,47.85,40.86,63.27,54.04,1.2,13.02,23.81,16.17,6.67,100.0,39.14,12.08,47.04,57.58,29.91,0.0,50.0,12.94,0.0,23.61,30.59,43.91,78.43,100.0,42.32,58.31,53.33,0.0,48.64,36.84,53.7,0.0,100.0,19.89,100.0,2.79,11.71,76.92,75.97,64.39,60.26,24.63,74.0,34.99,57.14,45.98,66.56,70.81,44.01,0.0,100.0,66.67,100.0,37.85,79.13,92.0,49.29,47.1
44,200072726,CC Châteaubriant-Derval,,,67.0,,,100.0,75.0,48.04,45.79,100.0,41.6,0.0,40.12,46.0,58.96,34.93,32.99,42.64,43.71,0.0,52.15,1.0,11.81,21.89,25.04,6.67,0.0,49.83,22.49,31.11,11.38,29.91,0.0,0.0,0.0,62.24,27.33,34.85,26.6,73.86,40.94,42.32,45.4,100.0,100.0,66.18,0.0,55.9,0.0,96.99,13.35,100.0,70.21,5.71,53.85,66.48,46.59,53.64,27.71,30.33,44.94,55.36,40.16,85.5,50.38,61.43,31.64,57.14,68.97,100.0,29.88,84.57,66.0,49.29,46.77
44,200072734,CC Estuaire et Sillon,,,50.0,,,0.0,75.0,39.71,73.88,100.0,37.35,100.0,66.28,57.82,60.73,69.75,80.89,61.04,42.29,69.39,52.48,1.6,32.44,34.04,15.44,33.33,73.21,28.92,1.73,37.41,31.04,29.91,0.0,0.0,100.0,12.67,17.94,37.06,14.74,83.66,63.06,42.32,66.85,88.33,0.0,54.62,68.42,56.9,0.0,83.68,25.07,100.0,91.03,100.0,69.23,87.37,78.41,68.21,24.23,100.0,31.15,57.14,65.56,42.83,69.71,25.65,68.79,100.0,59.77,50.0,59.1,83.7,100.0,49.29,61.29
44,244400404,Nantes Métropole,,,59.0,,,0.0,25.0,62.5,74.44,100.0,100.0,100.0,69.77,66.55,31.82,96.92,98.17,57.67,100.0,100.0,56.44,1.9,51.5,44.36,57.1,100.0,91.07,23.34,8.68,71.11,92.3,29.91,0.0,0.0,38.86,0.0,22.62,43.53,59.29,94.12,34.74,42.32,57.87,7.78,100.0,65.29,40.35,2.5,0.0,8.47,27.48,0.0,0.0,84.29,61.54,47.29,51.52,60.93,18.34,86.0,55.19,39.29,57.03,100.0,94.86,66.15,90.82,100.0,,0.0,43.96,57.28,100.0,49.29,44.35
44,244400438,CC Grand Lieu Communauté,,,93.0,,,100.0,75.0,55.39,76.97,100.0,24.85,100.0,72.09,60.18,58.59,76.92,83.12,59.2,34.86,100.0,56.44,1.6,56.17,32.75,15.35,26.67,100.0,21.95,6.77,57.78,46.27,29.91,0.0,100.0,64.34,0.0,23.34,24.26,33.97,86.93,44.35,42.32,70.81,19.44,50.0,56.11,0.0,35.3,0.0,94.04,35.6,100.0,0.0,40.29,76.92,85.85,78.41,66.89,17.4,100.0,29.63,58.93,58.53,43.16,69.33,41.25,67.23,100.0,62.07,100.0,54.85,83.7,100.0,49.29,61.45
44,244400453,CC du Pays de Blain,,,67.0,,,100.0,75.0,47.06,64.33,100.0,38.65,89.62,61.05,48.55,62.63,32.21,88.62,51.23,37.43,20.41,56.44,1.2,26.36,26.14,34.34,20.0,100.0,21.72,17.28,30.37,52.33,29.91,31.48,100.0,80.1,48.78,21.18,60.59,46.15,82.35,61.67,42.32,56.55,100.0,0.0,23.91,0.0,55.6,0.0,95.45,34.07,97.51,79.68,25.29,69.23,74.64,66.29,58.94,22.49,100.0,41.89,57.14,27.61,53.21,72.62,5.6,0.0,85.78,64.37,100.0,45.02,90.33,100.0,49.29,53.84
44,244400503,CC d'Erdre et Gesvres,,,57.0,,,48.92,75.0,47.69,79.21,100.0,31.85,100.0,68.02,59.45,59.22,64.31,73.39,66.56,39.43,91.84,56.44,1.7,39.57,34.28,40.75,33.33,35.71,14.52,13.06,46.67,53.15,29.91,0.0,100.0,0.0,0.0,19.13,41.18,50.0,85.62,36.65,42.32,73.6,60.56,100.0,55.31,12.28,41.1,0.0,92.02,22.42,100.0,74.29,49.43,69.23,89.65,79.55,70.53,19.95,100.0,36.46,55.36,62.25,20.1,74.19,39.66,20.76,91.41,63.22,100.0,64.14,84.89,100.0,49.29,63.32
44,244400537,CC de Nozay,,,67.0,,,0.0,50.0,52.94,59.83,100.0,22.45,0.0,57.56,47.45,72.6,25.33,50.31,45.4,42.0,73.47,54.29,1.0,16.93,21.68,29.38,33.33,58.93,9.18,24.08,40.37,48.73,29.91,0.0,50.0,0.0,38.04,23.26,48.38,42.31,84.31,89.75,42.32,63.65,100.0,50.0,60.47,0.0,61.4,0.0,96.23,26.68,100.0,75.38,8.14,61.54,76.16,61.36,65.23,18.74,100.0,40.2,57.14,55.72,24.55,38.76,19.27,0.0,100.0,63.22,100.0,40.5,84.24,100.0,49.29,54.23
44,244400552,CC du Pays d'Ancenis,,,58.0,,,0.0,50.0,49.58,63.2,100.0,39.85,100.0,60.47,50.0,59.47,53.7,49.46,52.76,45.43,63.27,54.21,1.3,19.94,25.46,31.93,0.0,75.0,20.09,17.06,11.48,27.76,29.91,0.0,0.0,0.0,39.14,25.32,26.91,37.18,79.74,57.04,42.32,64.88,100.0,100.0,48.46,28.07,51.5,0.0,98.05,13.71,100.0,58.88,11.71,53.85,77.87,67.05,61.59,28.11,74.0,43.93,57.14,43.67,79.24,44.29,58.85,100.0,100.0,65.52,0.0,44.75,72.72,100.0,49.29,52.84
44,244400586,CC du Sud Estuaire,,,78.0,,,100.0,75.0,52.94,64.04,0.0,27.7,100.0,73.26,62.0,57.58,80.47,58.66,52.15,34.29,61.22,46.04,1.2,62.47,34.03,44.47,26.67,0.0,41.23,12.19,65.56,46.76,29.91,0.0,100.0,100.0,26.32,21.24,46.76,19.87,71.9,30.75,42.32,58.48,29.17,0.0,35.88,0.0,52.2,0.0,87.17,20.39,100.0,83.71,100.0,69.23,67.05,70.08,54.64,17.67,100.0,27.77,55.36,64.36,53.05,46.05,45.31,45.34,100.0,64.37,50.0,39.97,83.37,22.0,49.29,53.48
44,244400610,CA de la Presqu'île de Guérande Atlantique (Cap Atlantique),,,52.0,,,0.0,75.0,42.65,55.62,0.0,43.5,100.0,77.33,56.73,51.39,75.47,74.15,54.6,48.29,93.88,47.28,2.0,81.88,44.33,38.17,86.67,100.0,56.33,20.3,67.41,78.87,29.91,0.0,100.0,100.0,0.0,49.2,59.56,56.09,51.63,29.01,42.32,61.7,56.11,100.0,54.57,42.11,27.4,0.0,74.55,21.73,58.13,79.68,54.29,53.85,62.11,67.8,57.62,30.12,100.0,49.01,44.64,60.84,77.92,68.9,25.52,36.3,81.94,64.37,50.0,61.75,78.37,0.0,49.29,53.03
44,244400644,CA de la Région Nazairienne et de l'Estuaire (CARENE),,,48.0,,,100.0,25.0,50.49,65.73,50.67,100.0,100.0,62.21,63.09,29.42,87.86,91.12,47.55,60.29,100.0,48.51,1.6,100.0,40.81,29.69,66.67,100.0,35.66,23.2,73.33,74.12,29.91,0.0,0.0,100.0,0.0,21.15,30.74,0.0,75.82,32.25,42.32,48.53,53.33,100.0,62.95,33.33,23.8,43.15,35.98,14.99,18.98,88.65,100.0,53.85,52.99,50.0,47.68,17.67,75.33,31.58,48.21,47.29,100.0,74.29,64.84,32.2,100.0,62.07,0.0,51.39,81.09,32.0,49.29,43.9
45,200005932,CC des Portes de Sologne,,,70.0,,,11.14,50.0,50.0,59.55,92.67,51.95,71.92,55.81,48.36,51.77,60.47,42.5,57.67,38.86,32.65,60.23,1.3,3.55,34.34,7.33,0.0,67.86,40.77,24.84,32.96,23.18,37.61,100.0,100.0,100.0,60.44,24.44,28.53,4.17,76.47,13.03,30.47,56.98,0.0,0.0,61.64,0.0,27.1,23.08,35.56,,0.0,26.47,100.0,53.85,74.83,73.86,61.92,36.01,38.0,82.8,51.79,67.47,35.58,53.76,32.66,0.0,30.09,65.52,50.0,43.43,84.13,50.0,53.93,63.94
45,200035764,CC de la Beauce Loirétaine,,,4.0,,,41.95,50.0,48.16,59.27,100.0,47.1,100.0,53.49,48.0,48.36,17.46,12.95,54.6,47.43,91.84,60.23,1.3,9.81,31.96,13.5,0.0,37.5,7.78,0.0,4.81,4.67,37.61,0.0,50.0,6.62,50.91,17.22,33.68,16.67,86.93,46.73,30.47,59.04,0.0,50.0,44.34,0.0,65.0,0.0,37.38,1.33,100.0,5.21,0.0,69.23,81.48,70.08,53.97,37.22,100.0,52.78,57.14,39.26,100.0,59.86,52.89,0.0,73.39,66.67,0.0,29.08,65.98,100.0,53.93,50.03
45,200066280,CC du Pithiverais,,,4.0,,,16.2,25.0,47.06,48.88,90.0,80.65,0.0,51.74,47.09,45.83,52.39,50.98,46.32,48.57,59.18,39.6,1.1,12.41,28.36,12.22,0.0,100.0,22.65,8.13,0.0,0.0,37.61,2.12,0.0,9.05,39.39,22.88,31.76,13.78,79.08,42.85,30.47,42.5,14.44,100.0,54.29,70.18,61.5,0.0,39.69,1.89,100.0,82.91,0.0,69.23,69.52,51.52,42.05,27.44,23.33,61.33,51.79,18.78,85.83,51.76,72.6,48.59,36.77,64.37,0.0,19.79,77.28,78.0,53.93,54.84
45,200067668,"CC de la Cléry, du Betz et de l'Ouanne",,,48.0,,,0.0,50.0,52.57,33.99,43.33,37.85,0.0,31.98,46.36,62.63,0.0,0.0,39.57,41.71,34.69,46.12,0.9,0.0,24.81,0.82,0.0,0.0,13.12,20.3,23.33,0.0,37.61,8.47,100.0,0.0,74.93,25.54,32.35,7.69,66.67,4.81,30.47,32.72,0.0,50.0,45.72,0.0,62.0,0.0,72.48,5.03,100.0,32.56,0.0,69.23,63.63,48.48,33.77,32.4,8.67,74.73,50.0,35.54,28.5,43.67,51.09,0.0,8.04,67.82,50.0,5.18,57.28,0.0,53.93,54.77
45,200067676,CC Canaux et Forêts en Gâtinais,,,72.0,,,0.0,50.0,53.68,34.83,54.67,49.75,0.0,37.79,41.64,61.87,18.44,0.0,39.88,40.0,30.61,43.15,0.9,7.11,27.03,49.36,0.0,42.86,17.54,7.26,19.63,0.0,37.61,26.98,0.0,3.96,67.98,22.6,39.26,29.81,67.97,46.38,30.47,41.05,0.0,50.0,44.24,61.4,53.2,0.0,91.5,3.55,100.0,36.09,0.0,61.54,64.96,50.0,44.37,34.0,23.0,74.54,50.0,51.0,36.24,36.33,40.78,0.0,7.67,65.52,100.0,12.08,59.35,10.0,53.93,52.84
45,200068278,CC Berry Loire Puisaye,,,79.0,,,0.0,50.0,52.94,32.3,46.67,71.6,0.0,25.58,42.91,43.56,35.83,33.93,37.42,43.71,75.51,55.61,1.0,6.34,25.52,51.04,0.0,0.0,32.87,15.91,31.48,25.47,37.61,38.89,50.0,0.0,71.15,25.72,41.76,45.19,60.78,29.47,30.47,30.85,14.17,0.0,61.27,0.0,37.2,0.0,98.45,6.62,97.12,43.62,0.0,53.85,59.26,41.29,43.38,25.97,9.0,75.02,46.43,34.74,45.14,32.86,44.53,0.0,9.39,66.67,50.0,15.01,74.13,0.0,53.93,51.42
45,200070100,CC du Val de Sully,,,61.0,,,3.17,50.0,50.98,47.75,74.0,51.05,0.0,30.81,52.73,55.3,52.14,56.61,48.16,35.14,0.0,57.92,1.4,16.15,27.52,32.64,0.0,0.0,24.51,12.24,14.07,0.0,37.61,77.51,0.0,100.0,56.08,24.57,12.5,56.09,75.16,0.0,30.47,47.11,1.39,0.0,54.4,0.0,51.7,0.0,76.43,6.48,6.75,42.56,86.43,61.54,70.85,55.3,40.07,27.58,29.67,68.36,50.0,35.44,84.68,56.14,32.29,58.62,31.65,64.37,50.0,28.55,84.57,46.0,53.93,57.94
45,200070183,CC des Terres du Val de Loire,,,24.0,,,23.83,50.0,46.32,56.18,100.0,39.05,100.0,56.98,51.82,38.38,70.14,59.87,56.13,43.14,57.14,60.23,1.5,13.87,32.76,18.23,0.0,32.14,13.12,4.46,22.96,0.0,37.61,2.38,100.0,2.28,29.9,23.56,42.79,55.45,78.43,18.76,30.47,60.56,5.56,50.0,58.24,17.54,47.2,0.0,40.26,2.01,100.0,5.06,0.0,46.15,77.3,70.83,60.93,20.75,60.0,59.87,53.57,64.76,28.83,55.81,33.44,0.0,30.13,62.07,0.0,40.77,67.07,70.0,53.93,57.52
45,200071850,CC du Pithiverais-Gâtinais,,,35.0,,,0.0,25.0,47.06,44.66,71.33,46.25,0.0,47.67,42.91,54.17,57.14,2.81,46.63,49.71,20.41,43.15,0.9,15.2,27.02,6.73,0.0,96.43,2.9,8.41,0.0,0.0,37.61,0.0,100.0,0.0,40.76,19.24,26.32,47.12,75.16,0.0,30.47,40.35,31.94,0.0,40.07,7.02,60.3,0.0,43.93,2.97,100.0,48.0,0.0,61.54,71.04,53.41,49.01,28.92,29.0,61.63,51.79,35.64,46.13,43.95,52.86,55.23,13.94,63.22,0.0,18.73,46.85,56.0,53.93,53.87
45,244500203,CA Montargoise et Rives du Loing (AME),,,69.0,,,5.67,0.0,58.09,46.35,100.0,100.0,12.69,43.02,55.27,31.44,86.7,98.12,52.45,64.29,100.0,46.7,1.4,100.0,33.22,39.05,0.0,100.0,29.38,40.35,13.33,41.03,37.61,33.6,0.0,0.0,0.0,29.58,52.06,48.4,69.93,29.13,30.47,35.44,1.94,100.0,61.64,0.0,16.1,0.0,28.65,6.37,40.79,42.82,0.0,61.54,56.98,18.56,22.19,15.26,4.33,58.15,41.07,26.51,100.0,75.86,76.9,22.46,16.4,63.22,100.0,14.21,39.78,46.0,53.93,48.68
45,244500211,CC Giennoises,,,64.0,,,0.0,25.0,54.41,43.82,92.0,88.15,0.0,20.93,47.27,40.03,53.22,62.01,46.63,47.14,81.63,51.16,1.2,12.66,27.85,21.72,0.0,0.0,24.27,18.32,0.0,29.73,37.61,71.43,100.0,13.15,34.12,28.14,38.97,67.31,69.28,20.79,30.47,32.81,12.78,100.0,56.95,0.0,35.7,0.0,60.54,1.73,22.83,51.12,11.0,61.54,63.82,32.95,30.79,28.78,15.33,82.24,44.64,7.63,100.0,48.48,72.06,0.0,19.73,65.52,100.0,31.47,79.35,24.0,53.93,52.52
45,244500419,CC des Quatre Vallées,,,52.0,,,23.93,50.0,52.7,48.31,60.67,24.7,0.0,50.0,47.45,57.95,48.7,30.85,50.92,47.43,0.0,43.15,0.9,12.87,27.3,11.6,0.0,0.0,20.56,20.68,8.89,6.63,37.61,6.88,100.0,0.0,45.63,22.88,38.68,23.4,70.59,70.82,30.47,39.96,0.0,0.0,56.99,22.81,48.5,0.0,42.98,0.21,100.0,19.71,0.0,69.23,72.36,60.61,39.74,23.43,1.33,65.14,51.79,42.97,17.13,59.29,49.09,0.0,14.44,62.07,100.0,9.16,62.39,40.0,53.93,60.16
45,244500427,CC des Loges,,,47.0,,,0.0,50.0,50.0,61.52,100.0,44.7,100.0,57.56,53.45,51.52,77.57,75.54,57.98,30.86,38.78,57.92,1.4,12.2,31.42,28.38,0.0,91.07,31.01,18.21,25.56,8.6,37.61,89.42,50.0,100.0,0.0,18.89,27.79,4.81,79.08,4.86,30.47,61.62,0.0,50.0,52.75,0.0,28.7,31.23,64.14,5.63,23.08,38.53,23.43,61.54,78.06,69.7,60.93,26.51,64.0,59.15,53.57,57.43,27.35,59.76,30.86,65.25,29.51,62.07,100.0,45.82,73.7,82.0,53.93,63.1
45,244500468,Orléans Métropole,,,35.0,,,20.49,0.0,63.24,67.13,100.0,100.0,100.0,55.81,61.09,32.2,95.83,99.2,60.12,93.14,100.0,60.23,1.9,64.89,40.4,63.1,13.33,75.0,26.83,12.63,48.52,70.02,37.61,27.25,0.0,15.54,0.0,20.8,47.35,56.09,84.31,29.24,30.47,55.53,13.06,100.0,75.12,0.0,3.6,0.0,6.21,6.38,0.0,0.0,0.0,61.54,53.75,40.15,50.99,15.93,33.33,80.36,39.29,59.84,100.0,89.81,81.07,14.41,48.23,,0.0,36.25,18.91,94.0,53.93,43.06
45,244500484,CC de la Forêt,,,6.0,,,31.96,75.0,38.24,72.19,100.0,41.8,0.0,68.6,52.55,47.73,50.51,41.61,62.27,29.43,57.14,49.92,1.2,23.67,31.9,5.71,0.0,100.0,19.4,0.0,18.15,5.49,37.61,49.47,100.0,8.05,0.0,15.67,41.76,30.77,83.01,7.64,30.47,63.72,0.0,0.0,66.73,0.0,58.3,0.0,37.89,2.08,100.0,23.68,0.0,69.23,86.61,75.76,63.25,30.39,84.33,40.94,57.14,71.08,5.93,67.62,50.52,0.0,21.66,65.52,0.0,56.18,65.0,100.0,53.93,64.52
45,244500542,CC de la Plaine du Nord Loiret,,,0.0,,,12.13,50.0,46.69,52.53,98.0,21.25,0.0,43.6,46.36,49.24,0.0,0.0,53.68,31.14,0.0,49.92,1.0,4.13,25.4,0.0,0.0,100.0,35.89,3.2,4.81,6.47,37.61,0.0,0.0,0.0,82.79,22.74,30.59,33.65,84.31,17.6,30.47,46.33,8.06,0.0,49.14,0.0,98.9,0.0,40.6,3.2,100.0,18.29,0.0,69.23,77.68,71.59,44.04,34.94,0.0,56.68,57.14,50.4,0.0,26.05,50.34,0.0,13.95,63.22,0.0,19.79,76.96,86.0,53.93,61.16
46,200023737,CA du Grand Cahors,,,74.0,,,0.0,50.0,49.02,51.12,70.0,65.3,100.0,40.7,53.64,36.36,38.88,46.12,51.23,64.29,100.0,40.1,1.6,100.0,34.09,13.48,33.33,0.0,38.44,62.15,30.37,87.06,16.88,100.0,100.0,100.0,57.4,55.02,67.35,77.24,67.32,61.49,33.32,38.69,85.56,100.0,57.3,56.14,50.4,0.0,53.35,26.57,0.0,23.21,100.0,53.85,52.8,43.94,40.4,35.61,25.0,100.0,46.43,100.0,100.0,21.29,56.95,33.62,5.97,65.52,100.0,41.83,43.91,0.0,33.21,45.35
46,200035327,CC Cazals-Salviac,,,74.0,,,9.28,75.0,47.06,39.89,0.0,7.0,0.0,43.6,39.82,60.98,0.0,0.0,49.08,45.43,89.8,40.1,1.0,5.11,26.83,4.75,0.0,0.0,52.15,34.54,0.0,2.87,16.88,100.0,50.0,100.0,89.63,68.02,47.79,48.08,44.44,2.49,33.32,39.2,100.0,0.0,44.99,40.35,70.5,41.16,89.03,17.73,5.6,90.44,100.0,53.85,66.48,24.24,41.39,60.78,0.0,100.0,41.07,53.41,39.37,2.24,43.41,0.0,0.6,70.11,100.0,8.63,48.48,0.0,33.21,52.23
46,200039519,CC du Quercy Blanc,,,82.0,,,83.09,50.0,47.55,42.42,0.0,11.65,0.0,45.35,42.36,51.64,0.0,0.0,47.85,51.14,0.0,40.1,1.0,39.66,23.18,0.0,0.0,0.0,27.06,42.43,0.0,0.0,16.88,41.01,100.0,0.0,82.4,52.0,41.03,72.76,56.21,95.48,33.32,43.72,100.0,50.0,51.96,0.0,73.7,0.0,100.0,20.28,100.0,33.59,7.57,61.54,67.81,30.3,52.65,44.44,61.0,100.0,42.86,66.47,44.48,0.0,34.9,0.0,3.05,68.97,100.0,27.49,37.93,0.0,33.21,41.13
46,200066371,CC Causses et Vallée de la Dordogne,,,58.0,,,0.0,50.0,48.95,40.45,0.0,21.85,48.46,36.05,45.45,55.18,24.17,14.37,45.71,48.57,67.35,54.13,1.3,34.32,26.93,0.96,40.0,0.0,58.89,41.17,6.67,47.42,16.88,92.33,100.0,100.0,71.16,58.37,36.32,4.81,60.78,43.78,33.32,41.05,76.94,100.0,56.86,0.0,47.7,0.0,89.16,10.73,80.04,89.62,100.0,46.15,59.64,43.94,44.7,50.47,62.33,100.0,48.21,60.64,100.0,36.86,54.37,0.0,4.25,68.97,50.0,30.94,39.24,0.0,33.21,47.74
46,200067361,CC Grand-Figeac,,,63.0,,,0.0,75.0,50.65,42.98,24.0,27.45,100.0,33.72,45.82,45.2,0.0,0.0,45.4,50.0,75.51,51.1,1.2,82.85,27.4,6.84,0.0,0.0,35.42,45.88,70.74,31.2,16.88,90.48,100.0,100.0,74.59,51.26,41.47,4.81,66.01,65.66,33.32,50.27,99.44,50.0,67.8,0.0,60.7,0.0,87.52,9.91,96.96,93.94,100.0,53.85,57.36,43.94,53.64,42.97,54.0,100.0,48.21,60.94,100.0,14.81,53.41,32.2,26.49,68.97,50.0,33.07,48.04,0.0,33.21,48.84
46,244600433,CC de la Vallée du Lot et du Vignoble,,,76.0,,,0.0,50.0,48.04,39.04,0.0,18.15,0.0,50.58,49.27,49.37,25.91,6.34,48.16,49.43,67.35,40.1,1.3,38.27,27.21,28.42,0.0,94.64,14.75,61.11,9.26,7.45,16.88,89.42,100.0,0.0,73.54,52.7,48.82,55.77,44.44,73.07,33.32,34.06,100.0,0.0,58.16,0.0,73.1,0.0,97.56,29.94,10.4,0.0,79.71,53.85,59.26,39.77,41.72,47.79,7.33,100.0,46.43,71.69,79.9,14.48,22.16,0.0,0.88,70.11,100.0,21.38,31.63,0.0,33.21,41.74
46,244600482,CC Quercy - Bouriane,,,80.0,,,97.91,75.0,50.0,41.85,3.33,19.35,0.0,35.47,48.55,53.28,0.0,13.66,47.24,48.29,100.0,47.11,1.1,2.71,27.49,4.18,80.0,0.0,80.02,61.44,0.0,11.06,16.88,94.18,100.0,100.0,69.55,62.34,63.09,52.24,49.67,31.91,33.32,37.32,48.06,50.0,54.99,0.0,53.7,0.0,87.96,9.28,33.0,90.03,100.0,53.85,57.93,39.77,44.37,45.11,97.33,100.0,46.43,79.42,100.0,42.62,68.62,0.0,1.3,66.67,100.0,26.96,46.74,0.0,33.21,49.0
46,244600532,CC du Pays de Lalbenque-Limogne,,,77.0,,,0.0,75.0,53.43,55.34,0.0,4.45,0.0,58.72,48.18,60.86,0.0,0.0,53.07,43.14,0.0,49.59,1.2,62.52,25.08,0.13,26.67,0.0,18.93,55.14,0.0,9.58,16.88,100.0,100.0,100.0,79.74,55.18,48.53,69.23,60.13,41.17,33.32,46.07,91.67,0.0,52.11,100.0,80.3,0.0,100.0,9.02,74.94,80.41,100.0,53.85,66.1,41.67,50.66,53.41,34.33,100.0,46.43,56.83,20.59,0.0,33.54,0.0,1.58,67.82,100.0,30.94,71.3,0.0,33.21,49.16
46,244600573,CC du Causse de Labastide Murat,,,67.0,,,100.0,25.0,50.29,37.36,0.0,16.4,0.0,57.56,45.64,50.25,0.0,0.0,46.32,49.43,0.0,51.1,1.1,0.0,22.73,2.2,0.0,0.0,25.9,14.93,0.0,0.0,16.88,100.0,100.0,100.0,88.67,60.56,58.24,84.29,52.94,100.0,33.32,44.56,100.0,0.0,50.79,0.0,86.5,25.8,87.93,19.59,100.0,94.82,100.0,53.85,58.31,37.5,52.65,59.3,0.0,100.0,44.64,28.41,59.64,0.0,30.44,0.0,31.19,72.41,100.0,0.0,60.54,0.0,33.21,47.06
47,200023307,CA du Grand Villeneuvois,,,70.0,,,19.69,50.0,55.15,45.79,100.0,27.9,100.0,26.16,51.09,41.79,64.17,80.76,50.0,34.29,38.78,55.03,1.4,62.05,30.24,23.85,6.67,91.07,44.25,73.92,69.26,47.42,38.03,0.0,0.0,0.0,0.0,37.43,48.68,56.41,65.36,43.31,34.52,33.19,7.22,100.0,55.19,0.0,30.1,3.27,64.12,11.34,94.83,0.0,0.0,53.85,58.88,25.0,29.8,26.91,42.0,62.6,44.64,63.86,100.0,41.1,67.79,100.0,22.02,64.37,50.0,35.99,0.22,0.0,42.86,38.97
47,200030674,CA Val de Garonne Agglomération,,,66.0,,,0.0,50.0,49.51,43.82,100.0,27.85,100.0,40.12,48.0,44.95,57.97,72.81,45.09,46.57,55.1,50.5,1.1,54.01,28.34,24.98,6.67,16.07,47.04,58.81,23.7,35.3,38.03,0.0,0.0,0.0,12.32,39.74,40.44,39.42,67.32,48.52,34.52,34.91,44.44,100.0,51.46,0.0,43.2,0.0,57.01,5.72,100.0,0.0,0.0,53.85,61.16,31.06,40.07,32.93,47.33,53.11,46.43,24.5,100.0,57.38,66.02,46.61,9.9,65.52,0.0,32.27,4.78,0.0,42.86,41.29
47,200036523,CC des Bastides en Haut Agenais Périgord,,,66.0,,,38.03,75.0,45.0,38.2,18.0,4.8,0.0,33.14,36.55,61.36,0.0,0.0,45.4,46.57,2.04,54.46,1.1,8.16,22.95,1.79,0.0,0.0,21.25,23.64,15.19,0.0,38.03,0.0,100.0,0.0,60.51,52.53,38.09,55.77,57.52,67.34,34.52,34.67,64.72,50.0,47.56,15.79,69.2,0.0,100.0,19.82,100.0,21.88,0.0,61.54,67.43,29.55,45.7,47.26,20.0,73.5,46.43,39.36,60.46,0.0,32.97,83.05,1.68,68.97,50.0,27.49,20.87,0.0,42.86,32.81
47,200068922,CC du Confluent et des Coteaux de Prayssas,,,65.0,,,0.0,50.0,50.59,46.91,94.0,7.8,31.92,19.19,38.73,56.44,7.21,0.0,50.0,34.57,0.0,53.52,1.3,4.69,22.76,22.51,6.67,0.0,45.18,42.21,51.48,4.83,38.03,0.0,100.0,0.0,44.42,35.55,25.44,59.29,69.28,66.01,34.52,36.21,44.72,0.0,53.43,0.0,59.7,0.0,100.0,12.77,100.0,0.0,0.0,46.15,73.31,25.76,41.06,42.03,0.0,79.77,42.86,7.23,65.57,46.0,36.33,100.0,4.82,66.67,100.0,28.29,0.0,2.0,42.86,25.35
47,200068930,CC Fumel Vallée du Lot,,,63.0,,,100.0,75.0,52.45,33.71,69.33,18.35,0.0,33.14,43.64,44.44,30.07,46.29,43.87,33.71,34.69,55.03,1.0,21.45,23.15,7.07,0.0,0.0,70.5,35.2,32.96,11.22,38.03,49.74,100.0,0.0,40.39,48.28,51.47,38.78,50.98,33.76,34.52,24.9,23.06,0.0,48.39,0.0,44.7,0.0,100.0,17.92,66.68,13.03,17.0,46.15,64.01,27.65,39.74,35.88,59.33,62.24,48.21,54.22,65.73,34.76,35.29,100.0,2.48,65.52,50.0,17.93,9.02,0.0,42.86,35.16
47,200068948,CC Albret Communauté,,,37.0,,,0.0,75.0,45.59,38.2,72.67,9.4,100.0,18.6,39.45,49.37,12.61,6.96,46.01,40.57,14.29,55.61,1.2,21.48,26.06,23.88,26.67,0.0,74.45,40.84,60.37,4.67,38.03,41.27,100.0,0.0,62.0,38.05,37.06,65.71,58.82,52.63,34.52,36.31,0.0,100.0,65.42,0.0,45.8,0.0,88.84,11.33,100.0,0.0,0.0,46.15,64.39,37.12,50.0,40.96,62.33,97.43,46.43,52.81,64.42,40.38,42.24,54.66,11.5,66.67,100.0,30.15,22.39,0.0,42.86,35.68
47,200096956,CA Agglomération d'Agen,,,58.0,,,0.0,50.0,52.21,45.79,100.0,76.05,100.0,38.95,55.45,37.12,66.01,77.37,48.47,52.86,69.39,55.61,2.0,100.0,37.34,40.85,33.33,0.0,35.19,70.69,84.44,65.77,38.03,0.0,50.0,0.0,0.0,39.59,53.09,54.81,79.08,43.49,34.52,,40.28,100.0,,0.0,25.1,0.0,56.56,14.4,100.0,30.29,0.0,53.85,54.13,40.15,47.02,25.44,54.0,66.8,44.64,49.1,100.0,41.43,63.18,41.67,35.78,,0.0,35.99,0.0,36.0,42.86,44.84
47,244700449,CC du Pays de Duras,,,65.0,,,0.0,75.0,44.85,40.17,10.0,1.9,0.0,39.53,43.27,60.23,0.0,0.0,47.85,54.86,0.0,50.74,1.5,0.0,23.16,2.04,0.0,42.86,7.32,31.25,17.41,20.72,38.03,2.12,100.0,9.33,59.12,60.83,25.74,87.18,56.86,0.0,34.52,36.76,63.61,0.0,33.98,43.86,81.7,0.0,100.0,16.71,100.0,0.0,0.0,69.23,67.24,22.35,39.74,45.52,23.33,99.48,41.07,43.37,61.45,20.71,45.94,100.0,0.46,70.11,100.0,20.05,10.0,0.0,42.86,18.0
47,244700464,CC du Pays de Lauzun,,,66.0,,,0.0,50.0,40.69,25.0,68.67,11.4,0.0,26.74,44.18,51.89,18.08,0.0,37.12,48.57,26.53,50.5,1.0,5.36,25.78,0.7,0.0,87.5,78.86,28.07,15.93,48.4,38.03,0.0,100.0,0.0,51.86,43.63,44.26,69.23,45.1,83.79,34.52,27.12,47.22,0.0,55.96,28.07,43.7,0.0,100.0,14.05,100.0,18.68,0.0,69.23,62.87,27.65,29.14,48.73,32.0,65.2,48.21,19.58,65.9,66.67,36.46,100.0,2.04,68.97,100.0,18.73,0.0,0.0,42.86,38.13
47,244701355,CC des Coteaux et Landes de Gascogne,,,44.0,,,0.0,50.0,47.79,39.33,60.67,26.0,0.0,38.37,52.55,58.08,0.0,40.49,44.17,36.29,100.0,53.05,1.4,15.44,27.09,37.63,26.67,0.0,40.53,40.78,1.85,35.3,38.03,100.0,0.0,0.0,64.09,37.36,46.76,60.58,57.52,51.94,34.52,33.96,32.78,50.0,59.19,0.0,66.5,0.0,77.25,6.75,0.0,0.0,0.0,61.54,64.01,37.5,43.05,53.68,35.0,83.93,46.43,61.24,64.74,49.05,29.51,100.0,8.04,72.41,100.0,23.51,54.57,0.0,42.86,51.26
47,244701405,CC Lot et Tolzac,,,67.0,,,0.0,75.0,50.49,41.57,72.67,9.15,0.0,26.16,43.27,58.21,0.0,0.0,45.09,47.14,85.71,52.48,0.9,11.22,22.49,32.76,0.0,0.0,60.51,36.67,39.63,0.0,38.03,0.0,100.0,0.0,43.79,40.53,36.76,55.77,60.13,79.15,34.52,34.26,41.39,0.0,70.11,19.3,70.7,0.0,100.0,17.26,100.0,0.0,0.0,61.54,67.05,30.68,44.37,38.42,0.0,73.07,44.64,30.92,48.11,22.86,41.67,100.0,6.15,67.82,100.0,27.76,4.89,0.0,42.86,32.77
48,200006930,CC du Haut Allier Margeride,,,36.0,,,0.0,75.0,47.06,23.6,0.0,41.35,0.0,42.44,30.91,36.87,0.0,0.0,30.06,77.14,93.88,50.0,1.1,64.51,25.08,21.84,0.0,0.0,100.0,30.27,76.67,48.24,30.34,100.0,100.0,38.1,85.83,75.45,66.91,66.03,57.52,100.0,99.83,44.22,20.56,0.0,54.89,100.0,43.2,0.0,91.64,13.12,62.85,99.32,100.0,53.85,46.34,37.88,38.08,59.3,46.33,95.67,48.21,85.94,100.0,46.19,0.0,0.0,8.26,73.56,100.0,45.02,72.72,0.0,37.86,39.52
48,200069102,CC Randon - Margeride,,,41.0,,,0.0,100.0,50.37,50.84,0.0,12.65,0.0,52.33,51.64,52.65,0.0,0.0,48.47,55.14,0.0,50.0,0.7,26.7,19.78,1.51,0.0,0.0,56.1,65.93,25.56,4.83,30.34,100.0,100.0,10.78,88.22,50.57,42.5,63.78,75.16,100.0,99.83,49.39,100.0,0.0,47.8,0.0,72.6,0.0,92.09,17.71,100.0,99.32,100.0,53.85,65.15,46.59,46.69,73.63,50.0,82.96,51.79,98.8,41.52,0.0,17.89,100.0,9.96,67.82,100.0,45.82,86.41,0.0,37.86,58.03
48,200069128,CC Mont Lozère,,,38.0,,,0.0,50.0,57.35,45.51,0.0,18.9,100.0,72.67,46.55,60.61,0.0,0.0,40.49,42.0,0.0,47.94,0.8,100.0,23.91,17.85,0.0,0.0,100.0,36.02,30.74,0.0,30.34,100.0,100.0,100.0,90.71,84.5,63.82,76.6,66.67,86.16,99.83,45.11,61.94,0.0,43.11,100.0,78.2,0.0,93.22,20.45,39.22,99.35,100.0,53.85,59.45,33.71,53.31,63.72,0.0,100.0,50.0,96.18,48.6,0.0,7.99,100.0,21.63,70.11,100.0,43.43,72.28,0.0,37.86,49.26
48,200069136,CC des Cévennes au Mont Lozère,,,41.0,,,0.0,25.0,56.37,42.98,0.0,12.9,100.0,68.02,47.64,71.84,0.0,0.0,41.41,79.71,100.0,47.94,0.7,49.01,23.29,0.57,13.33,0.0,57.72,40.02,0.0,0.0,30.34,100.0,100.0,100.0,92.09,98.04,48.09,72.76,56.86,85.29,99.83,28.65,100.0,50.0,63.01,100.0,76.8,3.54,45.0,40.56,0.0,99.71,100.0,61.54,50.52,0.0,27.15,58.77,34.67,100.0,32.14,65.36,71.5,0.0,0.0,100.0,0.7,73.56,100.0,9.69,58.59,0.0,37.86,27.29
48,200069144,CC des Hautes Terres de l'Aubrac,,,39.0,,,0.0,100.0,44.12,40.45,0.0,18.75,100.0,23.26,50.73,51.14,0.0,0.0,38.04,80.86,57.14,50.0,0.6,39.1,19.64,0.64,33.33,0.0,60.05,35.09,43.7,0.0,30.34,100.0,50.0,100.0,85.23,58.99,26.91,45.51,61.44,74.87,99.83,45.71,22.5,50.0,35.25,0.0,63.5,0.0,90.3,3.16,100.0,99.15,100.0,61.54,60.4,31.06,68.87,58.9,0.0,66.08,46.43,45.38,69.69,0.0,0.0,0.0,4.33,70.11,100.0,23.51,79.89,0.0,37.86,42.16
48,200069151,CC Gorges Causses Cévennes,,,36.0,,,0.0,75.0,55.88,41.85,0.0,35.5,100.0,59.88,52.18,56.94,0.0,0.0,41.1,81.71,24.49,50.0,0.7,76.18,22.64,16.16,0.0,0.0,100.0,52.34,73.7,0.0,30.34,100.0,100.0,100.0,95.15,100.0,58.53,74.04,69.28,76.61,99.83,32.5,46.94,50.0,38.17,0.0,42.2,10.41,92.94,23.32,57.29,98.76,100.0,61.54,49.76,26.89,46.36,58.1,6.0,100.0,44.64,97.69,100.0,0.0,0.0,100.0,17.07,71.26,100.0,59.63,86.09,0.0,37.86,38.16
48,200069185,CC des Terres d'Apcher-Margeride-Aubrac,,,40.0,,,0.0,50.0,48.53,42.42,0.0,37.1,100.0,36.05,45.09,44.95,0.0,0.0,37.42,56.86,42.86,50.0,0.7,10.6,21.18,1.72,6.67,0.0,77.47,65.0,65.56,34.97,30.34,100.0,100.0,97.46,77.36,46.46,54.41,57.05,67.32,93.51,99.83,48.03,72.78,50.0,40.33,0.0,38.0,0.0,91.3,6.19,100.0,99.53,100.0,61.54,53.18,47.35,66.89,58.77,71.67,62.83,50.0,62.05,100.0,0.0,1.56,100.0,15.37,70.11,100.0,43.43,80.0,0.0,37.86,51.68
48,200069268,CC Aubrac Lot Causses Tarn,,,38.0,,,0.0,75.0,54.9,51.12,0.0,22.35,75.38,44.77,48.36,52.9,0.0,0.0,42.33,49.71,20.41,50.0,0.6,63.42,19.67,0.47,0.0,0.0,55.17,45.38,48.52,1.39,30.34,100.0,100.0,100.0,83.1,65.52,34.41,13.78,73.86,100.0,99.83,50.12,37.22,0.0,42.03,0.0,56.5,9.4,91.78,34.99,100.0,97.88,100.0,53.85,60.97,50.76,56.29,58.37,34.67,75.15,51.79,97.89,78.09,0.0,0.0,100.0,29.74,65.52,100.0,75.83,80.54,10.0,37.86,56.74
48,244800405,CC Coeur de Lozère,,,37.0,,,100.0,50.0,55.88,58.99,69.33,91.0,100.0,61.63,55.45,52.27,63.19,77.95,52.76,53.14,22.45,50.0,1.2,100.0,30.7,8.85,53.33,10.71,41.0,84.5,98.52,86.57,30.34,100.0,100.0,100.0,58.79,52.06,73.68,83.33,83.01,78.23,99.83,52.21,37.78,100.0,56.23,0.0,22.6,0.0,34.73,26.74,44.88,98.29,100.0,61.54,45.96,56.06,55.3,41.9,96.67,100.0,50.0,73.29,100.0,56.48,76.2,100.0,45.06,71.26,100.0,66.53,79.67,64.0,37.86,57.55
48,244800470,CC du Gévaudan,,,41.0,,,0.0,50.0,50.0,49.72,33.33,38.45,100.0,4.65,49.09,47.22,21.34,31.16,47.24,62.29,51.02,50.0,0.8,46.02,22.89,0.83,0.0,0.0,14.75,29.5,44.07,39.72,30.34,100.0,100.0,100.0,69.19,40.4,71.32,66.67,69.93,100.0,99.83,45.05,0.0,0.0,52.07,0.0,35.5,21.04,91.1,21.21,100.0,98.56,100.0,53.85,55.08,50.38,47.68,48.86,45.67,81.14,51.79,69.58,100.0,63.48,33.39,100.0,44.81,65.52,100.0,66.53,75.0,0.0,37.86,44.81
49,200060010,CA Mauges Communauté,,,76.0,,,0.0,75.0,42.06,66.01,100.0,50.8,50.38,65.7,50.36,55.43,55.25,64.51,53.68,40.0,24.49,52.56,1.2,16.12,25.49,18.78,20.0,57.14,19.86,7.09,51.48,42.67,40.17,0.0,0.0,0.0,36.16,16.4,30.44,42.95,79.74,85.41,43.9,66.4,9.72,0.0,47.74,0.0,62.5,0.0,100.0,12.01,100.0,72.97,0.0,61.54,78.44,70.45,68.87,20.88,44.67,45.07,58.93,53.11,55.85,90.48,43.23,100.0,100.0,68.97,50.0,48.47,0.0,92.0,44.64,52.06
49,200068955,CC Anjou Loir et Sarthe,,,38.0,,,0.0,75.0,41.91,59.27,100.0,53.7,0.0,56.98,46.91,56.44,54.53,28.17,53.68,37.43,53.06,52.48,1.0,25.56,24.03,4.03,33.33,57.14,24.27,10.93,35.93,14.99,40.17,19.84,100.0,0.0,34.2,24.07,20.44,0.0,78.43,12.51,43.9,60.93,45.28,50.0,58.41,0.0,51.3,0.0,100.0,16.15,100.0,47.15,40.86,61.54,78.44,67.42,60.6,26.64,85.33,73.01,57.14,49.4,51.24,50.43,35.65,50.0,100.0,64.37,100.0,34.13,52.61,90.0,44.64,51.45
49,200071553,CC Loire Layon Aubance,,,73.0,,,0.0,75.0,43.38,64.33,100.0,39.6,0.0,64.53,47.27,64.9,71.38,78.39,59.82,40.0,55.1,53.69,1.5,44.7,28.62,12.31,100.0,0.0,23.58,12.85,44.44,39.72,40.17,0.0,100.0,69.44,35.01,24.49,37.35,58.65,77.12,58.14,43.9,70.25,39.44,0.0,57.47,0.0,72.2,0.0,98.79,16.39,100.0,37.62,14.0,61.54,83.0,75.0,69.21,16.06,83.67,64.72,55.36,68.78,36.08,62.67,37.79,100.0,100.0,64.37,100.0,46.08,0.0,82.0,44.64,54.84
49,200071678,CA Cholet Agglomération,,,63.0,,,58.01,50.0,41.54,62.36,100.0,74.9,23.85,68.6,60.0,31.44,79.57,81.38,49.08,49.71,73.47,53.14,1.7,70.03,32.69,23.19,46.67,60.71,28.69,7.31,88.89,59.05,40.17,0.0,0.0,0.0,28.23,25.23,28.82,18.59,75.82,33.53,43.9,56.86,0.0,100.0,65.44,0.0,26.2,0.0,97.11,12.34,100.0,70.5,7.86,46.15,64.39,59.85,57.95,19.14,82.0,60.29,53.57,22.99,100.0,57.33,53.93,40.54,100.0,70.11,0.0,39.18,62.93,60.0,44.64,45.35
49,200071868,CC des Vallées du Haut-Anjou,,,60.0,,,30.09,75.0,45.83,62.36,100.0,60.05,33.85,65.7,50.18,67.17,52.72,34.73,55.21,37.14,2.04,56.27,1.2,26.66,23.51,14.14,53.33,67.86,17.54,14.32,21.85,20.88,40.17,0.0,50.0,0.0,35.63,20.23,40.59,35.58,79.74,68.09,43.9,63.18,27.5,0.0,55.81,15.79,59.9,2.06,100.0,12.75,100.0,47.88,0.14,61.54,80.91,65.91,56.29,19.81,50.0,35.25,57.14,46.69,21.91,54.29,39.4,100.0,100.0,65.52,50.0,47.68,58.15,100.0,44.64,47.77
49,200071876,CA Saumur Val de Loire,,,48.0,,,0.0,75.0,44.75,46.63,92.0,77.15,32.31,47.67,45.09,49.24,58.33,65.04,45.71,52.0,53.06,55.28,1.1,100.0,27.03,20.51,26.67,92.86,44.72,22.6,46.3,46.11,40.17,29.63,0.0,100.0,61.74,28.36,42.79,44.23,69.93,44.7,43.9,40.77,6.39,100.0,41.99,8.77,47.0,0.0,82.49,10.74,100.0,0.0,0.0,38.46,64.58,47.73,42.38,26.24,64.67,85.2,51.79,34.94,94.23,58.29,58.57,71.89,71.25,66.67,50.0,28.02,3.59,30.0,44.64,36.87
49,244900015,CU Angers Loire Métropole,,,54.0,,,0.0,50.0,40.88,65.45,100.0,100.0,5.38,68.6,62.73,35.35,95.98,92.19,50.92,90.86,100.0,55.94,1.9,89.95,39.68,53.92,100.0,98.21,32.87,22.16,63.7,75.43,40.17,0.0,0.0,100.0,0.0,24.16,53.53,61.22,83.01,61.26,43.9,55.15,0.83,100.0,71.85,17.54,14.6,0.0,43.23,17.78,94.75,29.03,23.0,53.85,49.38,47.35,59.27,18.47,64.33,100.0,42.86,49.5,100.0,74.24,65.6,41.1,100.0,,0.0,37.58,7.5,84.0,44.64,34.81
49,244900809,CC Anjou Bleu Communauté,,,69.0,,,84.02,75.0,44.12,43.82,100.0,72.65,0.0,52.33,40.18,55.93,43.84,42.46,45.4,43.71,34.69,51.65,1.1,35.4,22.34,42.21,26.67,64.29,27.29,14.27,24.44,24.82,40.17,0.0,0.0,0.0,4.19,27.59,28.53,27.24,71.9,49.39,43.9,49.13,79.17,50.0,57.86,0.0,61.8,0.0,100.0,16.6,100.0,60.32,0.0,61.54,67.24,50.76,57.28,22.76,41.0,48.91,55.36,54.42,84.02,68.38,31.59,100.0,100.0,71.26,50.0,45.55,56.63,56.0,44.64,39.77
49,244900882,CC Baugeois Vallée,,,74.0,,,19.35,75.0,41.67,48.31,92.0,56.0,0.0,54.07,40.91,55.3,43.37,51.65,47.24,41.43,40.82,48.1,1.0,30.5,24.24,24.6,40.0,87.5,13.59,3.26,27.41,16.63,40.17,25.66,50.0,100.0,68.71,25.41,37.21,42.31,71.24,53.21,43.9,50.14,0.0,50.0,54.97,0.0,50.8,0.0,100.0,9.72,100.0,26.09,0.0,46.15,73.31,56.06,53.97,17.14,63.67,81.4,55.36,41.16,53.54,61.24,25.96,100.0,100.0,66.67,50.0,28.55,1.41,48.0,44.64,43.65
50,200042604,"CC de Granville, Terre et Mer",,,11.0,,,46.8,75.0,42.65,45.79,0.0,51.8,91.54,65.12,51.09,48.48,82.1,74.37,50.0,51.14,100.0,58.42,1.8,61.69,36.21,12.34,100.0,100.0,38.21,51.52,46.3,65.27,33.12,0.0,50.0,0.0,0.0,37.29,56.18,47.12,49.67,15.69,37.92,52.34,21.67,50.0,51.3,0.0,25.1,0.0,73.86,13.21,100.0,76.41,29.14,69.23,54.89,62.12,57.28,29.32,100.0,82.37,48.21,61.65,98.19,53.14,69.56,31.07,12.62,65.52,100.0,43.96,23.04,0.0,21.43,45.13
50,200042729,CC de la Baie du Cotentin,,,14.0,,,0.0,75.0,44.12,36.8,64.67,84.75,28.08,52.33,40.36,52.53,21.88,34.29,39.26,46.86,44.9,40.35,1.2,4.84,23.11,16.66,0.0,37.5,27.29,20.73,21.48,5.32,33.12,0.0,50.0,100.0,32.5,25.83,36.32,8.33,69.28,68.91,37.92,41.81,63.33,0.0,42.5,42.11,53.4,0.0,77.37,12.24,100.0,80.29,67.57,69.23,61.54,50.76,52.65,27.04,67.67,40.59,53.57,48.49,95.55,41.62,1.61,100.0,24.89,70.11,100.0,20.58,23.37,0.0,21.43,41.58
50,200043354,CC de Villedieu Intercom,,,11.0,,,0.0,75.0,45.88,36.24,69.33,51.05,0.0,33.14,38.18,58.71,30.22,57.81,43.25,42.29,20.41,53.47,1.0,14.18,20.32,1.02,0.0,94.64,25.9,30.38,15.93,10.89,33.12,0.0,100.0,0.0,30.96,32.37,35.29,25.64,67.97,0.0,37.92,44.79,19.72,100.0,37.77,0.0,59.9,0.88,78.94,7.75,100.0,80.35,15.14,61.54,66.1,46.59,53.64,34.54,100.0,63.35,53.57,51.91,65.9,50.62,38.85,100.0,19.47,67.82,100.0,22.97,56.2,0.0,21.43,44.55
50,200066389,CA Saint-Lô Agglo,,,16.0,,,58.19,75.0,43.82,52.25,100.0,88.3,24.23,54.65,51.64,48.74,60.33,62.63,47.24,41.43,87.76,46.04,1.8,31.88,30.61,31.23,26.67,62.5,39.37,40.02,41.48,8.76,33.12,0.0,0.0,77.76,4.77,23.18,50.15,61.86,74.51,80.08,37.92,53.85,39.17,100.0,47.76,0.0,35.4,0.0,77.1,7.97,100.0,83.85,17.43,61.54,61.35,56.06,54.97,24.9,87.0,73.63,53.57,54.12,100.0,41.86,67.6,100.0,34.18,65.52,0.0,38.65,39.89,44.0,21.43,48.35
50,200067023,CC Coutances Mer et Bocage,,,11.0,,,24.66,75.0,39.95,38.76,0.0,56.15,77.31,54.07,42.91,54.42,56.59,64.02,43.25,44.29,46.94,53.67,1.3,24.43,27.94,22.64,33.33,94.64,39.61,37.5,45.93,38.41,33.12,0.0,100.0,13.25,31.09,31.16,50.0,54.17,62.75,47.42,37.92,48.93,48.06,50.0,26.82,0.0,40.0,0.0,76.43,12.56,100.0,79.62,25.71,69.23,60.97,52.65,55.63,34.67,93.33,70.67,50.0,77.81,83.36,50.57,68.8,100.0,16.5,66.67,50.0,31.74,35.11,0.0,21.43,41.29
50,200067031,CC Côte Ouest Centre Manche,,,13.0,,,0.0,75.0,40.07,34.55,0.0,49.5,100.0,53.49,43.64,63.26,18.55,25.49,38.65,43.71,57.14,53.3,1.1,6.26,23.3,62.42,0.0,100.0,8.48,26.38,21.11,15.64,33.12,0.0,0.0,100.0,36.49,28.27,34.41,27.24,64.05,14.65,37.92,42.38,16.67,0.0,48.89,0.0,53.5,0.0,86.06,8.53,100.0,0.0,38.14,76.92,63.82,47.35,53.97,29.59,79.0,58.7,53.57,47.49,78.75,2.24,34.38,100.0,9.54,71.26,100.0,22.71,29.24,0.0,21.43,37.45
50,200067205,CA du Cotentin,,,12.0,,,3.55,75.0,44.49,50.28,44.67,100.0,8.46,63.37,48.0,54.29,60.18,62.46,48.77,57.71,91.84,34.65,1.7,53.32,32.8,19.88,13.33,100.0,25.2,47.9,43.7,27.27,33.12,0.0,0.0,59.06,16.47,17.79,43.09,52.24,79.08,34.34,37.92,54.23,13.33,100.0,54.41,0.0,33.5,0.0,77.94,9.84,100.0,74.24,42.0,61.54,59.07,58.33,55.63,22.09,100.0,47.93,50.0,54.32,100.0,25.38,32.34,100.0,22.17,,100.0,31.21,32.93,30.0,21.43,49.48
50,200069425,CA Mont-Saint-Michel-Normandie,,,13.0,,,0.0,75.0,45.86,43.26,58.67,48.6,58.85,38.95,44.73,57.07,34.38,53.04,42.94,46.29,20.41,56.02,1.0,13.67,24.59,42.96,0.0,96.43,19.86,25.45,31.11,44.8,33.12,0.0,0.0,36.76,35.71,30.26,43.68,46.15,64.05,39.84,37.92,49.42,100.0,100.0,39.72,0.0,51.9,0.0,85.48,5.11,100.0,65.88,0.0,61.54,62.68,52.27,58.94,36.68,94.67,61.63,53.57,63.35,100.0,42.57,64.4,100.0,14.75,68.97,100.0,24.04,61.52,0.0,21.43,50.16
51,200034718,"CC de Vitry, Champagne et Der",,,17.0,,,0.0,50.0,43.38,32.58,100.0,100.0,0.0,32.56,39.27,39.14,60.91,51.79,52.45,48.57,0.0,55.69,1.2,7.12,29.27,24.83,13.33,0.0,46.11,21.61,34.81,62.0,52.78,5.82,0.0,6.13,73.71,32.38,42.79,25.0,70.59,37.98,23.2,31.84,0.0,0.0,61.28,0.0,43.2,0.0,69.16,1.58,100.0,2.5,0.0,61.54,59.83,33.33,31.79,33.6,29.67,32.23,46.43,11.14,100.0,39.05,66.59,0.0,16.96,66.67,100.0,15.01,75.22,14.0,52.14,45.16
51,200042620,CC de la Région de Suippes,,,39.0,,,0.0,75.0,47.06,46.91,100.0,72.3,0.0,48.26,43.82,47.35,0.0,0.0,42.02,76.29,24.49,53.14,1.3,17.89,28.64,5.67,0.0,5.36,0.0,14.65,40.37,14.17,52.78,46.03,0.0,27.62,87.67,11.62,63.53,15.71,86.93,59.64,23.2,55.04,73.89,0.0,54.33,21.05,100.0,1.87,99.99,3.71,100.0,4.26,0.0,76.92,78.63,54.92,64.9,36.95,0.0,55.45,51.79,0.0,88.63,0.0,28.23,0.0,25.98,66.67,100.0,22.71,90.76,100.0,52.14,12.48
51,200042703,CC de l'Argonne Champenoise,,,37.0,,,0.0,100.0,39.95,30.9,94.0,52.35,0.0,18.6,44.91,44.7,0.0,0.0,42.33,45.71,42.86,53.14,0.7,61.9,24.6,3.0,0.0,0.0,46.34,6.11,2.22,26.95,52.78,44.97,0.0,100.0,84.54,41.94,34.56,19.87,64.71,61.55,23.2,34.31,14.17,0.0,27.01,64.91,61.7,0.0,97.21,2.82,100.0,25.32,0.0,69.23,62.68,47.35,36.42,39.89,10.0,69.53,50.0,35.44,88.14,30.24,0.0,0.0,9.68,71.26,100.0,17.66,73.15,0.0,52.14,49.52
51,200042992,CC Perthois-Bocage et Der,,,24.0,,,0.0,100.0,44.61,43.26,34.0,12.15,0.0,59.3,43.64,57.7,0.0,0.0,47.85,41.71,100.0,58.25,1.0,15.04,28.49,68.62,0.0,0.0,50.52,13.67,45.19,15.81,52.78,22.49,100.0,100.0,76.86,37.16,30.44,0.0,66.01,1.39,23.2,54.6,66.94,0.0,27.76,0.0,99.3,40.08,98.33,2.99,90.61,18.91,0.0,69.23,73.69,60.98,50.33,51.27,0.0,42.96,53.57,30.72,40.03,28.38,59.38,0.0,5.04,67.82,100.0,5.71,46.63,0.0,52.14,58.58
51,200043438,CC de la Moivre à la Coole,,,23.0,,,0.0,75.0,48.53,62.36,100.0,12.95,0.0,65.7,54.36,57.07,13.62,0.0,66.26,28.86,18.37,53.14,1.2,29.63,32.99,14.73,0.0,64.29,16.14,0.3,30.37,15.32,52.78,0.0,0.0,0.0,72.67,21.61,18.24,30.13,77.12,16.56,23.2,66.26,0.0,0.0,17.11,0.0,68.2,0.0,100.0,3.08,100.0,6.03,0.0,61.54,88.89,81.06,59.93,32.26,0.0,43.67,57.14,54.52,10.71,22.81,57.79,0.0,6.7,62.07,0.0,46.61,78.8,64.0,52.14,68.9
51,200066835,CC de Sézanne-Sud Ouest Marnais,,,13.0,,,0.0,75.0,50.0,39.89,83.33,45.95,0.0,26.74,41.45,46.09,19.93,22.68,44.17,44.57,34.69,42.08,0.8,15.94,26.31,16.3,0.0,0.0,0.0,18.65,74.07,26.78,52.78,21.69,100.0,0.0,84.34,26.68,31.32,62.18,70.59,33.24,23.2,43.81,86.11,0.0,32.04,0.0,68.9,0.0,98.72,2.06,100.0,0.0,0.0,61.54,66.86,53.03,37.75,41.77,7.0,50.76,46.43,35.84,55.35,43.1,42.58,0.0,10.63,70.11,50.0,16.33,69.02,4.0,52.14,52.03
51,200066850,CC des Paysages de la Champagne,,,14.0,,,0.0,75.0,47.35,37.36,92.67,18.0,23.08,23.84,36.91,56.69,33.26,0.0,46.32,45.14,8.16,52.56,1.7,5.36,34.31,5.38,0.0,85.71,56.33,20.46,13.33,52.17,52.78,57.94,100.0,87.43,86.92,29.99,9.12,83.33,77.12,28.2,23.2,50.25,20.28,0.0,27.46,0.0,72.4,0.0,93.77,3.12,100.0,0.0,0.0,61.54,71.79,62.12,52.32,33.6,26.0,46.24,44.64,51.41,52.06,10.38,43.46,0.0,7.48,67.82,100.0,7.57,63.48,24.0,52.14,50.39
51,200066876,CA de Châlons-en-Champagne,,,26.0,,,0.0,50.0,45.59,53.37,100.0,100.0,0.0,59.3,66.18,24.12,77.14,62.77,53.37,69.14,71.43,52.75,1.6,87.98,38.6,21.03,73.33,0.0,40.77,38.1,57.78,63.96,52.78,0.0,0.0,0.0,56.38,22.93,59.26,53.53,83.01,40.42,23.2,44.59,12.78,100.0,49.82,10.53,18.5,0.0,62.0,1.64,100.0,0.0,0.0,53.85,54.32,40.15,43.05,16.73,38.67,36.68,46.43,46.18,100.0,23.38,58.05,0.0,47.03,62.07,0.0,24.57,81.96,68.0,52.14,40.68
51,200067213,CU du Grand Reims,,,35.0,,,42.63,25.0,45.88,60.67,100.0,100.0,0.0,51.16,62.55,29.92,89.31,77.37,53.07,78.29,67.35,56.27,2.1,41.74,43.16,32.29,100.0,94.64,40.07,45.38,58.15,82.8,52.78,14.29,0.0,68.9,33.96,29.56,50.88,58.97,86.93,37.06,23.2,52.87,0.0,100.0,70.97,29.82,19.4,0.0,42.56,4.4,100.0,0.0,0.0,61.54,51.47,37.12,53.97,17.0,34.33,35.15,35.71,47.99,100.0,36.62,57.08,0.0,44.41,,0.0,20.05,63.04,88.0,52.14,46.52
51,200067379,CC Côtes de Champagne et Val de Saulx,,,26.0,,,20.17,75.0,39.71,40.73,100.0,42.6,0.0,35.47,43.27,47.98,4.86,0.0,48.47,29.71,6.12,55.69,0.8,29.28,24.49,1.6,66.67,92.86,27.99,24.4,11.85,15.97,52.78,23.54,100.0,100.0,81.71,25.75,32.65,49.36,74.51,16.27,23.2,43.85,100.0,0.0,29.26,1.75,69.5,0.0,98.25,3.61,100.0,22.59,0.0,69.23,70.47,55.68,30.13,40.7,0.0,39.51,53.57,0.0,2.97,17.62,55.08,0.0,2.45,67.82,100.0,21.12,48.26,34.0,52.14,49.0
51,200067684,"CA Epernay, Coteaux et Plaine de Champagne",,,14.0,,,0.0,50.0,42.28,41.85,100.0,100.0,42.69,43.02,54.73,35.61,69.67,65.36,50.61,65.14,87.76,63.04,2.0,58.17,39.76,9.44,73.33,69.64,50.99,33.44,15.19,62.82,52.78,12.96,0.0,0.0,59.33,33.95,31.18,64.1,79.74,38.74,23.2,46.26,0.0,100.0,51.74,17.54,34.8,0.0,63.47,2.31,100.0,0.0,0.0,53.85,56.22,49.62,41.72,17.27,69.33,40.33,42.86,48.9,100.0,28.57,61.22,0.0,34.73,65.52,0.0,24.83,69.24,20.0,52.14,49.9
51,245100615,CC de la Grande Vallée de la Marne,,,29.0,,,0.0,75.0,44.85,46.63,100.0,61.75,0.0,47.67,52.73,38.89,68.3,66.03,53.07,41.71,24.49,63.04,2.6,27.44,43.17,45.06,40.0,50.0,48.66,33.0,20.74,60.69,52.78,77.51,50.0,100.0,74.78,33.81,15.88,63.46,78.43,24.49,23.2,63.18,0.0,0.0,58.6,85.96,37.8,0.0,47.48,9.43,60.44,0.0,0.0,61.54,70.85,77.27,63.25,27.18,47.0,43.32,48.21,52.91,78.58,49.0,72.11,0.0,10.41,68.97,100.0,22.18,50.43,4.0,52.14,57.71
51,245100888,CC de la Brie Champenoise,,,12.0,,,0.0,50.0,41.67,42.42,72.0,46.9,0.0,41.86,36.18,63.38,0.0,0.0,46.63,37.71,0.0,42.08,0.9,14.75,24.33,8.26,60.0,48.21,28.22,0.74,40.74,75.76,52.78,16.93,100.0,0.0,83.41,26.71,17.94,71.15,71.9,3.07,23.2,37.58,3.61,0.0,13.45,0.0,55.9,0.0,97.26,2.17,100.0,0.0,0.0,76.92,69.52,47.35,48.68,27.31,10.33,41.37,48.21,19.48,85.5,55.24,17.19,0.0,8.95,71.26,50.0,14.74,73.59,30.0,52.14,50.16
51,245100979,CC du Sud Marnais,,,33.0,,,0.0,50.0,43.38,34.27,100.0,78.4,56.15,33.72,35.64,50.38,2.14,0.0,42.64,53.14,79.59,42.08,0.5,9.52,24.19,0.59,20.0,0.0,86.06,9.12,50.37,74.28,52.78,0.0,50.0,0.0,78.68,21.16,10.29,0.0,72.55,100.0,23.2,35.97,100.0,0.0,29.11,1.75,70.6,0.0,100.0,2.2,100.0,0.0,0.0,69.23,66.29,44.32,26.49,34.81,25.33,48.07,46.43,0.0,66.56,4.43,18.91,100.0,12.64,70.11,50.0,7.04,90.43,46.0,52.14,43.06
52,200027308,CC d'Auberive Vingeanne et Montsaugeonnais,,,35.0,,,0.0,75.0,38.97,34.27,40.67,29.25,88.85,24.42,43.09,62.75,0.0,0.0,39.57,49.14,85.71,51.98,0.7,17.15,22.84,8.85,0.0,0.0,24.04,14.49,13.33,31.86,44.02,75.13,100.0,0.0,87.94,49.76,27.35,0.96,68.63,68.67,19.2,52.69,100.0,0.0,48.61,28.07,84.4,0.0,97.87,12.78,100.0,57.47,5.86,69.23,64.77,60.23,58.28,60.24,40.33,100.0,53.57,21.99,39.87,0.0,33.36,0.0,0.61,67.82,100.0,2.79,78.37,0.0,33.93,52.61
52,200044253,CC du Bassin de Joinville en Champagne,,,35.0,,,0.0,50.0,42.65,25.84,84.67,67.0,5.0,2.33,31.27,37.75,3.37,0.0,39.88,53.71,0.0,55.12,0.8,38.72,21.38,22.51,33.33,0.0,42.86,21.94,59.26,35.3,44.02,74.87,0.0,18.96,87.87,37.42,33.97,0.0,66.01,19.75,19.2,31.98,100.0,50.0,50.33,15.79,68.8,0.0,95.92,1.92,100.0,37.53,0.0,69.23,61.35,26.52,26.82,46.72,0.0,72.78,48.21,3.92,70.18,33.9,7.27,0.0,3.46,67.82,50.0,3.59,53.26,0.0,33.93,37.97
52,200068658,CA de Chaumont,,,35.0,,,0.0,75.0,45.96,37.92,100.0,100.0,0.0,47.67,47.45,35.73,49.17,53.39,40.8,68.0,67.35,51.98,1.2,73.79,33.5,9.3,26.67,0.0,46.57,17.56,47.41,50.04,44.02,71.43,100.0,25.59,80.56,33.12,56.47,41.99,77.78,40.53,19.2,48.16,36.67,100.0,51.11,100.0,41.2,0.0,97.1,16.52,99.94,37.88,0.0,53.85,50.14,48.11,52.98,22.62,95.67,100.0,50.0,39.56,100.0,17.62,51.8,0.0,14.08,65.52,100.0,25.63,67.72,0.0,33.93,42.71
52,200068666,CA du Grand Saint-Dizier Der et Vallées,,,32.0,,,23.74,50.0,42.94,40.73,100.0,100.0,0.0,33.14,48.55,37.37,65.58,38.71,47.55,50.29,73.47,58.25,1.0,48.96,29.85,51.25,0.0,92.86,37.75,36.89,59.26,24.98,44.02,78.31,0.0,100.0,83.09,25.77,51.76,17.63,73.2,28.49,19.2,37.08,36.67,100.0,48.26,100.0,43.2,0.0,95.85,3.13,85.14,47.12,0.0,61.54,58.12,32.58,36.09,23.03,41.0,39.97,50.0,1.51,100.0,54.67,54.61,0.0,8.99,65.52,0.0,19.79,46.3,22.0,33.93,35.19
52,200069664,CC Meuse Rognon,,,35.0,,,0.0,75.0,43.53,25.0,58.0,48.2,0.0,29.65,35.82,53.66,0.0,0.0,38.34,41.71,12.24,51.98,0.5,40.25,21.08,0.0,26.67,0.0,56.33,11.37,8.89,10.57,44.02,83.6,100.0,100.0,91.62,37.88,30.0,8.33,66.01,60.05,19.2,42.18,47.22,0.0,48.36,0.0,100.0,0.0,97.12,9.39,100.0,55.12,0.0,69.23,62.49,47.73,51.32,59.97,33.0,82.28,53.57,29.72,59.31,0.0,32.11,0.0,0.75,68.97,50.0,14.74,67.28,0.0,33.93,52.32
52,200070332,CC des Savoir-Faire,,,36.0,,,36.01,75.0,35.29,19.94,0.0,35.7,44.62,16.86,38.36,47.98,0.0,0.0,37.12,51.14,0.0,57.18,0.6,20.3,24.29,0.04,0.0,94.64,43.79,12.52,17.78,18.92,44.02,65.87,50.0,58.51,87.15,36.83,56.03,27.88,57.52,21.31,19.2,40.47,21.94,0.0,47.95,100.0,59.5,0.0,95.89,6.81,88.64,68.71,32.86,69.23,57.74,43.56,42.38,52.61,79.33,95.64,51.79,55.02,65.73,0.0,20.34,0.0,0.15,70.11,100.0,1.46,69.02,0.0,33.93,50.77
52,200072999,CC du Grand Langres,,,35.0,,,0.0,75.0,42.28,30.62,88.0,100.0,36.54,34.88,42.91,39.02,24.02,14.29,41.72,53.43,61.22,51.98,0.9,67.09,28.39,11.07,0.0,0.0,56.33,17.56,85.19,58.89,44.02,25.13,50.0,75.91,79.36,46.69,30.44,0.0,76.47,21.25,19.2,45.06,73.89,0.0,65.16,0.0,49.7,0.0,95.31,10.78,100.0,59.5,13.0,69.23,57.55,49.62,37.75,42.57,100.0,100.0,50.0,54.82,100.0,5.48,54.95,0.0,11.14,66.67,50.0,17.13,72.39,0.0,33.93,51.26
52,245200597,CC des Trois Forêts,,,35.0,,,0.0,75.0,44.12,33.99,25.33,26.0,0.0,35.47,39.09,52.65,0.0,0.0,47.85,39.71,0.0,51.98,0.6,26.65,22.09,0.0,6.67,0.0,30.31,6.87,9.26,0.0,44.02,100.0,100.0,64.3,92.76,40.52,52.79,66.35,65.36,0.0,19.2,39.36,80.83,0.0,35.66,77.19,75.5,0.0,97.9,11.47,75.33,30.5,0.0,92.31,67.05,54.17,49.01,54.08,96.67,100.0,51.79,47.79,26.69,0.0,35.34,0.0,2.16,68.97,100.0,9.16,83.8,0.0,33.93,52.48
53,200033298,CC des Coëvrons,,,59.0,,,0.0,75.0,47.43,44.94,84.0,40.35,83.08,28.49,37.82,53.91,20.25,0.0,44.17,52.57,59.18,61.83,0.8,25.96,22.77,22.57,0.0,0.0,36.12,0.85,38.15,0.0,23.29,0.0,50.0,75.3,59.53,25.16,25.15,0.0,69.93,17.54,43.38,49.72,60.0,0.0,50.54,0.0,60.7,0.0,97.4,10.83,100.0,70.26,2.57,53.85,67.43,50.76,65.89,19.14,84.33,41.82,53.57,52.41,77.43,40.57,24.48,100.0,89.73,71.26,50.0,42.63,82.28,36.0,48.57,43.19
53,200042182,CC du Mont des Avaloirs,,,49.0,,,0.0,75.0,50.0,33.71,45.33,34.05,0.0,9.88,32.91,55.18,0.0,0.0,34.36,47.71,26.53,57.67,0.8,30.41,20.62,88.2,0.0,41.07,26.6,1.4,19.63,0.0,23.29,0.0,0.0,100.0,55.81,29.98,19.26,39.1,61.44,14.77,43.38,49.08,73.89,0.0,54.92,0.0,57.9,0.0,99.16,8.52,100.0,69.62,0.0,61.54,62.49,45.08,56.29,34.54,42.67,75.97,51.79,38.25,74.46,43.05,39.4,0.0,39.84,71.26,50.0,35.72,85.76,0.0,48.57,48.55
53,200048551,CC du Pays de Craon,,,60.0,,,100.0,75.0,40.93,49.44,100.0,33.4,0.0,46.51,41.09,58.08,26.52,0.0,48.47,56.0,40.82,56.88,0.9,54.4,19.41,43.76,13.33,0.0,31.71,6.55,2.22,0.0,23.29,0.0,0.0,0.0,48.15,24.77,24.71,22.44,70.59,39.66,43.38,60.51,5.56,0.0,59.96,0.0,60.3,0.0,99.99,10.37,100.0,61.71,0.0,61.54,73.31,56.06,60.6,31.19,99.67,72.42,57.14,47.09,65.07,52.52,37.79,98.73,100.0,68.97,100.0,42.1,71.96,56.0,48.57,45.03
53,200055887,CC Mayenne Communauté,,,48.0,,,0.0,75.0,48.9,53.93,96.0,46.95,100.0,40.12,50.55,48.36,46.09,56.52,47.24,42.57,30.61,60.56,1.2,88.77,27.59,75.26,0.0,53.57,17.54,16.84,57.78,36.12,23.29,0.0,0.0,54.56,10.71,26.16,33.24,32.05,73.2,23.1,43.38,59.16,4.72,100.0,49.9,0.0,60.0,0.0,96.93,5.44,100.0,67.53,0.0,46.15,63.82,61.36,62.58,31.99,88.67,54.6,55.36,41.47,100.0,44.71,67.4,77.12,100.0,65.52,50.0,55.38,78.37,48.0,48.57,48.32
53,200083392,CA Laval Agglomération,,,48.0,,,0.0,50.0,43.63,58.99,100.0,92.25,100.0,60.47,57.64,34.47,77.86,84.51,50.92,56.86,100.0,63.7,1.8,100.0,36.02,52.32,40.0,94.64,31.48,15.15,41.85,55.94,23.29,0.0,0.0,0.0,0.0,22.68,39.56,48.08,77.78,49.74,43.38,61.34,20.0,100.0,61.69,0.0,27.3,0.0,94.51,10.43,100.0,66.35,0.0,46.15,58.69,56.82,60.93,19.01,90.0,49.66,50.0,69.98,100.0,37.38,65.31,100.0,100.0,,0.0,52.72,66.52,70.0,48.57,43.71
53,245300223,CC du Pays de Meslay-Grez,,,68.0,,,0.0,75.0,47.79,51.12,92.67,34.05,0.0,49.42,37.82,62.88,0.0,0.0,49.08,42.57,0.0,60.07,0.9,50.21,20.68,3.12,6.67,35.71,0.35,15.31,24.44,5.49,23.29,0.0,0.0,0.0,34.27,25.03,21.62,15.38,79.08,30.63,43.38,60.62,6.94,0.0,56.6,0.0,68.3,0.0,98.86,9.08,100.0,60.26,0.0,53.85,76.54,63.64,62.91,33.07,84.33,71.77,57.14,57.53,33.28,17.95,36.33,100.0,73.41,65.52,0.0,41.57,78.26,88.0,48.57,46.74
53,245300355,CC de l'Ernée,,,45.0,,,24.49,75.0,47.06,48.6,98.67,31.6,0.0,38.37,28.73,62.5,29.46,0.18,47.24,44.86,53.06,63.7,1.0,32.77,21.6,5.96,0.0,14.29,23.81,8.96,6.67,10.89,23.29,0.0,100.0,0.0,53.05,30.13,30.59,12.18,71.9,24.84,43.38,60.11,35.0,0.0,63.49,0.0,65.6,0.0,97.63,3.56,100.0,69.62,0.0,69.23,70.66,59.47,70.53,33.6,88.67,45.79,57.14,36.75,49.59,49.86,48.96,0.0,100.0,68.97,100.0,51.66,79.57,56.0,48.57,52.26
53,245300389,CC du Bocage Mayennais,,,53.0,,,0.0,75.0,44.12,39.04,48.0,27.5,0.0,29.07,32.36,59.47,0.14,0.0,46.01,60.86,0.0,62.13,0.8,42.6,20.8,20.46,0.0,3.57,43.09,8.9,0.74,4.34,23.29,0.0,100.0,6.21,34.53,29.17,29.12,23.4,56.86,75.16,43.38,51.17,27.5,0.0,47.43,0.0,65.2,0.0,97.29,5.23,100.0,71.88,0.0,84.62,67.43,45.08,61.26,35.74,58.67,61.63,53.57,38.96,86.49,20.62,48.78,77.4,100.0,72.41,100.0,41.83,81.09,0.0,48.57,46.13
53,245300447,CC du Pays de Château-Gontier,,,59.0,,,0.0,75.0,48.04,56.74,100.0,53.65,0.0,59.3,48.18,43.43,42.79,55.13,53.68,52.29,83.67,60.07,1.3,39.9,27.55,72.97,33.33,67.86,21.02,8.74,28.52,14.5,23.29,0.0,0.0,0.0,24.49,25.88,35.15,32.37,70.59,21.13,43.38,56.15,0.0,100.0,37.17,1.75,44.6,0.0,99.21,13.51,100.0,57.88,0.0,53.85,67.81,62.5,62.58,21.95,100.0,65.95,55.36,61.35,90.77,53.57,72.01,100.0,100.0,71.26,100.0,45.29,74.57,46.0,48.57,47.1
54,200035772,CC du Pays du Saintois,,,36.0,,,0.0,75.0,34.93,49.16,100.0,15.25,0.0,40.12,46.73,50.88,27.79,0.0,54.6,26.29,48.98,59.9,1.4,100.0,27.74,23.78,46.67,100.0,15.68,23.09,34.81,48.08,60.9,11.11,100.0,0.0,83.56,34.08,52.06,75.96,81.05,100.0,34.52,58.04,25.28,0.0,49.92,15.79,89.1,0.0,98.75,8.98,100.0,64.03,0.0,69.23,76.54,71.21,64.24,48.86,12.33,52.13,55.36,68.37,0.0,54.05,18.36,0.0,6.67,,100.0,17.4,0.0,66.0,60.36,64.06
54,200041515,CC du Bassin de Pont-à-Mousson,,,36.0,,,24.45,50.0,59.31,50.56,100.0,64.6,0.0,46.51,58.36,18.06,81.05,89.11,57.36,59.14,28.57,59.9,1.5,89.13,33.1,21.62,93.33,98.21,41.7,45.71,33.7,44.96,60.9,58.73,0.0,100.0,15.86,29.16,41.32,15.38,81.7,16.91,34.52,47.56,0.0,100.0,56.95,38.6,18.4,0.0,68.24,4.33,71.79,55.44,0.0,53.85,69.71,52.65,54.64,19.81,47.33,34.86,50.0,22.19,59.8,64.19,77.16,35.17,58.58,59.77,50.0,34.66,3.48,70.0,60.36,57.39
54,200043693,CC Terre Lorraine du Longuyonnais,,,31.0,,,0.0,75.0,44.61,34.27,100.0,15.9,0.0,36.63,43.64,21.97,20.33,27.14,48.47,29.71,0.0,60.64,0.7,100.0,30.87,2.08,6.67,100.0,12.2,31.74,3.7,18.26,60.9,41.53,100.0,0.0,81.71,5.67,61.47,61.54,83.66,0.0,34.52,34.99,0.0,0.0,30.22,66.67,66.4,0.0,96.3,2.56,100.0,45.18,0.0,61.54,73.31,44.7,51.99,38.82,0.0,25.63,37.5,27.31,0.0,50.29,43.57,0.0,0.77,67.82,100.0,8.37,34.46,58.0,60.36,63.45
54,200067643,CC Meurthe Mortagne Moselle,,,36.0,,,0.0,75.0,40.0,50.28,100.0,57.05,29.23,55.23,46.36,32.45,50.11,19.2,57.06,39.71,0.0,59.9,1.2,100.0,29.11,8.13,0.0,92.86,37.28,18.65,55.19,37.59,60.9,33.6,100.0,0.0,65.28,24.46,63.24,41.03,79.74,64.91,34.52,53.24,17.22,0.0,57.1,35.09,44.4,0.0,98.63,11.85,100.0,59.18,0.0,61.54,75.97,64.77,49.01,39.09,64.0,48.88,55.36,49.5,0.0,30.0,49.74,0.0,7.84,59.77,100.0,28.29,0.0,72.0,60.36,63.1
54,200069433,CC de Vezouze en Piémont,,,36.0,,,0.0,75.0,38.24,21.63,68.0,20.2,0.0,18.02,33.45,51.39,10.18,0.0,41.41,48.0,55.1,54.13,0.6,100.0,22.83,3.11,20.0,0.0,27.29,32.51,32.22,0.0,60.9,100.0,100.0,0.0,75.8,28.55,44.56,64.42,67.97,55.88,34.52,33.96,63.33,0.0,41.77,64.91,81.7,0.0,95.28,17.37,64.7,75.35,2.57,61.54,66.29,34.85,37.09,50.87,0.0,58.7,50.0,39.26,30.64,3.38,27.34,0.0,2.66,67.82,100.0,0.0,15.22,12.0,60.36,48.94
54,200070290,CC Coeur du Pays Haut,,,34.0,,,81.5,50.0,49.02,33.71,100.0,22.4,0.0,33.14,38.55,20.71,76.56,52.54,47.24,26.0,30.61,61.06,1.0,68.01,32.22,4.82,0.0,100.0,46.57,35.14,37.04,13.51,60.9,13.23,100.0,0.0,70.56,12.56,69.26,55.77,83.01,38.56,34.52,38.13,26.39,0.0,50.13,73.68,84.2,0.0,85.83,8.32,100.0,48.68,0.0,61.54,73.88,35.61,46.03,25.03,0.0,32.03,33.93,16.37,0.0,62.67,52.5,0.0,10.8,63.22,100.0,11.02,27.17,74.0,60.36,59.55
54,200070324,CC du Territoire de Lunéville à Baccarat,,,36.0,,,36.19,50.0,40.44,37.64,100.0,68.55,0.0,37.21,57.27,23.11,70.04,69.6,49.69,62.0,2.04,55.53,1.2,100.0,31.27,17.52,93.33,100.0,64.0,33.17,100.0,77.56,60.9,76.98,100.0,6.66,54.2,33.5,61.47,71.47,75.82,47.65,34.52,39.12,48.89,100.0,47.46,42.11,33.0,0.0,92.92,11.03,67.86,68.68,0.0,53.85,57.93,39.77,42.72,25.57,31.67,42.11,48.21,44.28,84.35,58.05,54.58,69.63,16.48,62.07,100.0,26.43,13.7,22.0,60.36,52.81
54,200070563,CC Terres Touloises,,,36.0,,,11.86,50.0,53.92,53.93,100.0,67.2,100.0,54.65,58.0,31.69,64.31,60.36,55.21,42.57,46.94,59.9,1.3,100.0,33.03,26.4,100.0,98.21,40.07,53.27,50.0,57.74,60.9,71.16,0.0,100.0,74.57,29.38,48.38,23.08,84.31,13.67,34.52,49.92,60.83,100.0,61.0,47.37,41.0,0.0,94.19,22.97,61.49,59.21,1.71,61.54,70.66,51.89,40.4,29.18,43.0,39.41,48.21,57.03,84.51,47.95,71.09,63.84,38.6,62.07,100.0,30.68,21.3,72.0,60.36,50.48
54,200070589,CC de Seille et Grand Couronné,,,36.0,,,10.67,75.0,54.9,61.52,100.0,7.2,100.0,65.7,47.27,46.21,42.1,6.92,66.87,28.29,42.86,59.9,1.8,100.0,34.9,35.24,33.33,100.0,15.68,20.41,34.44,30.06,60.9,16.93,100.0,0.0,1.09,27.1,48.82,59.29,81.05,9.96,34.52,65.97,0.0,0.0,59.53,0.0,88.4,0.0,96.26,14.86,100.0,59.79,0.0,46.15,87.18,77.27,59.93,39.36,73.33,49.69,53.57,64.46,0.0,49.1,55.86,74.58,10.09,63.22,0.0,28.02,0.0,90.0,60.36,65.58
54,200070738,CC Mad et Moselle,,,35.0,,,0.0,75.0,48.82,49.72,100.0,19.35,100.0,52.33,50.36,34.09,42.07,13.53,56.75,39.71,46.94,60.97,1.4,100.0,31.0,9.52,0.0,60.71,3.14,20.24,10.0,14.17,60.9,56.08,100.0,100.0,82.09,35.88,56.32,58.33,84.31,29.88,34.52,54.26,97.22,50.0,49.2,0.0,84.5,48.33,96.8,9.18,100.0,51.0,0.0,53.85,77.3,71.97,60.26,31.86,81.0,51.93,51.79,66.27,19.93,38.38,47.47,0.0,12.71,60.92,0.0,20.58,42.17,48.0,60.36,62.35
54,200070845,CC Orne Lorraine Confluences,,,36.0,,,0.0,50.0,50.0,36.52,100.0,47.95,100.0,40.7,50.36,15.78,85.62,92.68,45.09,31.14,53.06,61.55,1.0,65.7,33.52,13.07,20.0,100.0,41.46,42.1,33.7,35.3,60.9,21.16,50.0,29.63,65.75,22.36,48.09,3.53,79.08,29.13,34.52,39.11,0.0,100.0,54.28,0.0,42.7,0.0,70.24,3.18,100.0,49.29,0.0,53.85,64.96,42.05,45.03,15.53,2.67,29.85,46.43,29.12,46.29,70.48,66.41,0.0,17.9,63.22,50.0,13.41,0.0,44.0,60.36,55.35
54,245400171,CC Moselle et Madon,,,36.0,,,0.0,50.0,35.29,56.46,100.0,31.5,100.0,59.88,50.55,22.22,84.86,96.7,61.35,38.29,59.18,59.9,1.3,99.52,39.24,31.88,40.0,94.64,32.64,27.2,59.63,43.98,60.9,93.92,0.0,0.0,61.8,21.57,52.5,50.64,76.47,84.66,34.52,51.6,15.83,0.0,57.85,100.0,38.9,0.0,66.64,12.52,17.44,70.18,7.86,69.23,74.64,71.97,56.29,28.78,55.67,32.75,53.57,74.5,31.47,72.95,53.96,0.0,18.62,60.92,50.0,40.77,0.0,38.0,60.36,62.58
54,245400189,CC des Pays du Sel et du Vermois,,,36.0,,,47.54,50.0,38.97,46.91,100.0,52.45,100.0,51.74,54.55,25.25,85.8,92.01,52.15,45.71,46.94,59.9,1.2,85.18,36.84,24.52,93.33,100.0,31.48,28.73,90.0,53.81,60.9,3.97,0.0,0.0,41.01,17.78,50.59,30.77,79.08,25.77,34.52,47.69,0.0,50.0,53.63,0.0,26.7,0.0,80.27,9.76,100.0,65.53,4.57,53.85,69.9,60.98,51.32,22.36,79.67,30.8,51.79,62.35,40.2,73.52,61.09,0.0,27.85,62.07,50.0,24.83,0.0,40.0,60.36,64.16
54,245400262,CA Grand Longwy Agglomération,,,32.0,,,0.0,25.0,58.09,42.42,100.0,100.0,0.0,51.74,54.18,1.39,88.7,94.6,53.68,48.57,97.96,61.06,1.1,27.06,36.5,18.26,0.0,100.0,50.52,29.22,0.0,37.43,60.9,51.32,100.0,0.0,13.68,12.24,65.29,44.23,88.89,95.31,34.52,38.2,0.0,100.0,68.9,0.0,25.0,35.9,39.66,3.33,75.28,38.26,0.0,53.85,62.49,20.08,37.09,12.18,0.0,17.2,17.86,36.75,19.44,71.19,72.47,0.0,10.05,,100.0,15.8,20.22,86.0,60.36,61.58
54,245400510,CC du Pays de Colombey et du Sud Toulois,,,37.0,,,0.0,75.0,40.0,50.28,100.0,11.35,0.0,46.51,46.18,54.8,0.0,0.0,59.2,36.29,55.1,59.9,1.0,100.0,26.4,0.0,60.0,0.0,28.69,26.16,14.81,30.06,60.9,88.62,100.0,0.0,89.68,28.88,70.44,47.44,84.97,100.0,34.52,60.95,40.83,0.0,51.47,1.75,78.9,0.0,99.9,11.48,62.08,69.68,0.0,69.23,81.67,64.39,55.63,48.86,94.67,47.41,57.14,40.26,38.71,25.05,40.44,0.0,8.49,62.07,100.0,7.84,44.78,92.0,60.36,48.81
54,245400601,CC du Bassin de Pompey,,,36.0,,,0.0,50.0,69.12,50.0,100.0,79.0,0.0,58.14,65.45,10.23,88.73,93.62,56.13,42.0,6.12,59.9,1.5,98.14,39.23,41.62,100.0,100.0,66.32,43.69,64.81,64.46,60.9,100.0,50.0,56.98,59.0,21.39,36.91,54.49,77.12,12.97,34.52,49.67,43.89,0.0,52.45,36.84,30.8,34.97,27.53,16.89,0.0,41.47,0.0,46.15,71.98,56.82,54.64,21.95,72.0,24.03,50.0,66.47,60.13,70.33,60.34,35.59,32.39,58.62,100.0,25.1,0.0,34.0,60.36,57.1
54,245400676,Métropole du Grand Nancy,,,36.0,,,100.0,0.0,49.26,54.78,100.0,100.0,35.77,45.35,60.73,20.71,98.15,99.73,52.15,100.0,97.96,59.9,2.1,61.21,46.09,53.09,100.0,100.0,54.94,45.88,67.78,100.0,60.9,22.22,0.0,0.0,0.0,28.33,61.32,70.83,90.85,40.53,34.52,49.79,9.72,100.0,65.22,0.0,2.7,18.39,3.73,4.16,0.0,30.53,0.0,53.85,35.14,28.03,59.93,17.94,70.33,66.57,30.36,72.39,100.0,92.14,86.07,0.0,36.55,,0.0,24.3,0.0,74.0,60.36,34.68
54,245400759,CC du Pays du Sanon,,,36.0,,,0.0,75.0,48.16,48.31,100.0,2.0,0.0,54.65,44.36,46.59,0.0,0.0,58.28,41.71,100.0,59.9,1.1,100.0,27.92,63.08,0.0,83.93,6.85,3.97,44.07,33.82,60.9,28.84,50.0,0.0,80.06,24.8,32.5,42.95,79.08,31.5,34.52,58.83,14.72,0.0,35.94,35.09,79.5,0.0,99.6,3.44,100.0,40.21,0.0,61.54,79.96,70.08,56.62,53.28,0.0,42.44,55.36,42.67,0.0,40.29,62.42,0.0,5.05,65.52,100.0,26.96,23.91,50.0,60.36,62.06
55,200033025,CA de Bar-le-Duc - Sud Meuse,,,43.0,,,25.52,75.0,40.44,35.39,100.0,100.0,0.0,30.23,52.36,21.97,81.38,72.46,49.39,62.57,51.02,56.11,1.1,100.0,33.5,33.69,0.0,100.0,63.76,23.42,47.04,57.25,31.62,84.66,100.0,0.0,84.34,30.54,59.71,59.94,69.28,33.82,25.02,42.52,33.06,100.0,44.2,0.0,36.1,0.0,79.76,7.43,66.94,39.94,0.0,53.85,49.76,46.59,38.08,27.44,100.0,75.25,48.21,72.19,100.0,42.71,68.67,0.0,30.58,64.37,100.0,38.91,53.26,0.0,35.0,43.58
55,200034874,CC Côtes de Meuse Woëvre,,,48.0,,,0.0,75.0,42.65,41.85,53.33,3.4,0.0,47.09,48.73,59.85,0.0,0.0,46.93,38.29,42.86,56.93,0.9,100.0,21.15,11.56,33.33,0.0,5.23,16.9,34.07,0.0,31.62,69.84,100.0,100.0,86.93,37.66,12.94,10.9,76.47,85.76,25.02,51.1,12.78,0.0,33.48,100.0,88.3,43.96,100.0,10.21,85.93,48.79,16.86,53.85,69.71,53.41,59.93,53.55,48.0,100.0,50.0,30.32,27.18,29.33,22.6,0.0,6.53,66.67,100.0,21.38,76.41,64.0,35.0,48.42
55,200049187,CA du Grand Verdun,,,44.0,,,0.0,50.0,45.59,40.17,100.0,95.6,86.92,36.63,55.64,20.08,84.35,86.96,47.85,67.43,71.43,53.96,1.6,100.0,37.04,29.24,93.33,0.0,52.38,48.62,100.0,100.0,31.62,89.68,50.0,100.0,76.89,38.71,65.44,62.18,76.47,82.92,25.02,39.15,7.78,100.0,52.3,0.0,17.4,0.0,73.53,6.9,54.49,40.18,0.0,53.85,46.15,35.98,39.07,25.03,96.33,88.78,42.86,54.02,100.0,46.48,70.42,0.0,18.71,,50.0,38.38,56.85,22.0,35.0,39.84
55,200066108,CC des Portes de Meuse,,,43.0,,,0.0,75.0,42.16,37.92,99.33,28.1,0.0,29.07,48.55,47.6,10.4,0.0,46.93,30.57,16.33,57.18,0.9,100.0,25.21,4.66,0.0,75.0,10.1,23.09,28.15,0.0,31.62,73.81,100.0,0.0,93.38,30.25,21.18,0.0,73.2,9.5,25.02,48.2,1.39,0.0,31.71,0.0,64.7,0.0,95.88,3.09,100.0,36.56,0.0,61.54,71.6,56.82,47.68,39.09,100.0,73.95,53.57,19.78,25.37,0.0,38.88,0.0,10.74,66.67,100.0,24.04,65.76,0.0,35.0,50.19
55,200066116,CC Argonne-Meuse,,,43.0,,,0.0,75.0,38.24,30.34,52.0,35.85,0.0,26.74,42.18,50.88,0.0,0.0,50.0,47.43,38.78,57.1,1.1,100.0,23.03,0.58,73.33,0.0,67.94,31.25,57.41,15.97,31.62,66.93,100.0,28.78,94.69,40.56,34.56,47.12,66.67,14.59,25.02,38.6,87.78,0.0,47.41,0.0,100.0,0.0,95.61,5.44,100.0,47.26,0.0,61.54,70.09,40.91,37.75,53.28,25.0,100.0,50.0,34.44,57.5,0.0,21.74,0.0,10.08,70.11,100.0,15.8,61.09,0.0,35.0,46.68
55,200066132,CC du Pays de Stenay et du Val Dunois,,,43.0,,,0.0,75.0,44.61,22.47,59.33,16.55,0.0,5.81,43.64,41.54,0.0,0.0,38.65,48.0,40.82,57.1,0.4,100.0,21.37,0.21,0.0,100.0,15.91,15.42,25.19,12.2,31.62,60.32,0.0,0.89,94.61,31.7,40.0,33.33,62.09,5.39,25.02,29.14,55.0,0.0,41.44,0.0,61.0,0.0,96.25,7.38,100.0,63.44,23.29,61.54,62.3,25.76,33.77,50.47,37.0,88.39,44.64,0.0,70.84,0.0,9.74,0.0,7.97,72.41,100.0,14.48,58.7,0.0,35.0,41.84
55,200066140,CC de l'Aire à l'Argonne,,,43.0,,,0.0,75.0,40.07,39.89,73.33,11.75,0.0,32.56,42.55,54.67,0.0,0.0,50.31,42.86,0.0,55.03,1.2,100.0,22.82,0.0,26.67,0.0,3.14,14.49,25.93,0.0,31.62,48.94,50.0,32.61,94.2,37.0,27.94,41.67,65.36,53.85,25.02,51.25,53.61,0.0,35.42,45.61,96.6,0.0,99.57,4.9,100.0,49.97,0.0,61.54,72.55,59.47,59.6,58.77,21.67,100.0,51.79,42.37,10.54,6.57,39.17,0.0,18.72,66.67,100.0,32.8,71.3,6.0,35.0,56.94
55,200066157,CC de Commercy - Void - Vaucouleurs,,,43.0,,,0.0,75.0,39.12,28.37,100.0,70.7,0.0,36.63,50.73,35.98,40.91,16.38,44.17,49.71,46.94,58.0,0.9,100.0,25.53,8.77,53.33,30.36,40.77,18.05,49.63,73.63,31.62,74.87,0.0,56.59,91.16,28.54,41.03,23.72,73.86,19.86,25.02,34.23,30.0,0.0,35.09,77.19,47.6,0.0,95.96,10.7,100.0,52.53,0.0,61.54,63.82,40.53,38.74,42.7,68.33,89.79,50.0,19.98,74.14,20.62,30.08,0.0,11.01,68.97,100.0,25.1,59.35,34.0,35.0,49.52
55,200066165,CC Val de Meuse - Voie Sacrée,,,44.0,,,0.0,75.0,45.59,48.6,100.0,32.85,0.0,52.33,53.27,43.06,1.2,0.0,57.06,32.0,6.12,53.96,0.8,100.0,28.36,10.52,73.33,0.0,0.0,24.62,50.74,19.74,31.62,79.63,50.0,0.0,89.12,23.35,32.65,14.1,74.51,4.28,25.02,50.46,0.0,0.0,39.1,0.0,99.9,0.0,97.3,3.94,88.97,39.76,0.0,53.85,80.53,57.2,54.97,49.0,51.0,61.85,53.57,20.28,20.43,20.0,55.83,100.0,14.18,65.52,100.0,34.93,66.41,48.0,35.0,50.39
55,200066173,CC de Damvillers Spincourt,,,44.0,,,0.0,75.0,45.1,32.87,88.0,12.45,0.0,34.88,41.27,48.36,0.0,0.0,45.09,32.29,0.0,58.42,0.8,100.0,23.15,0.0,60.0,92.86,24.51,26.92,4.81,5.98,31.62,46.3,0.0,100.0,92.93,23.21,37.79,57.05,81.7,38.22,25.02,39.87,70.28,0.0,25.38,5.26,92.1,0.0,98.64,5.56,100.0,54.79,0.0,53.85,72.74,42.8,54.64,57.16,10.67,82.41,42.86,5.12,1.48,23.24,25.31,0.0,1.18,66.67,100.0,9.16,62.72,86.0,35.0,53.19
55,245500327,CC du Sammiellois,,,44.0,,,0.0,50.0,41.18,31.18,99.33,50.3,0.0,23.84,50.55,28.54,52.72,22.14,44.17,54.0,16.33,53.96,0.8,100.0,27.7,0.68,26.67,100.0,23.11,31.53,100.0,12.69,31.62,98.68,100.0,100.0,90.42,35.15,37.65,24.36,73.2,0.0,25.02,25.47,34.17,0.0,32.9,0.0,32.7,0.0,96.01,15.38,50.46,55.91,26.0,53.85,62.3,38.26,11.26,42.44,100.0,100.0,50.0,95.68,80.4,55.9,23.52,0.0,5.81,67.82,50.0,43.43,54.89,0.0,35.0,42.58
55,245501176,CC du Territoire de Fresnes-en-Woëvre,,,49.0,,,100.0,75.0,41.67,36.8,90.0,2.15,0.0,43.6,44.0,50.88,0.0,0.0,51.84,33.14,0.0,53.96,0.9,100.0,23.65,8.37,46.67,0.0,14.98,37.61,0.0,0.0,31.62,46.56,50.0,100.0,89.71,36.84,51.03,91.67,78.43,100.0,25.02,48.25,24.44,0.0,25.46,0.0,95.4,0.0,100.0,3.82,100.0,35.44,0.0,53.85,73.5,51.52,63.91,58.9,15.33,100.0,50.0,14.26,8.73,13.67,33.75,0.0,2.19,66.67,100.0,16.33,55.98,40.0,35.0,56.74
55,245501184,CC du Pays de Revigny-sur-Ornain,,,43.0,,,0.0,100.0,40.44,40.45,100.0,49.3,0.0,40.12,46.36,40.53,35.54,27.19,49.08,43.43,14.29,56.11,0.7,100.0,25.6,1.22,100.0,100.0,34.73,45.49,14.81,35.3,31.62,41.8,50.0,85.34,93.67,32.58,32.21,0.0,69.93,76.61,25.02,37.86,88.89,0.0,49.49,100.0,57.5,0.0,98.99,3.65,100.0,56.82,0.0,53.85,67.05,53.03,51.66,39.49,100.0,60.1,53.57,7.83,77.76,14.29,52.97,0.0,9.78,70.11,100.0,26.96,44.46,16.0,35.0,50.77
55,245501242,CC du Pays d'Étain,,,49.0,,,100.0,75.0,45.1,32.02,100.0,35.15,0.0,42.44,36.73,36.62,20.76,0.09,46.93,36.0,0.0,53.96,0.5,100.0,24.22,2.99,53.33,100.0,29.15,59.9,11.85,17.61,31.62,26.72,50.0,0.0,87.2,26.49,67.21,33.01,83.01,17.14,25.02,39.31,3.89,0.0,55.69,43.86,53.5,0.0,96.65,4.11,100.0,43.41,0.0,53.85,74.83,39.02,42.72,46.18,0.0,78.96,48.21,0.0,60.13,58.62,50.13,0.0,24.24,64.37,0.0,26.16,40.98,64.0,35.0,33.71
55,245501259,CC du Pays de Montmédy,,,43.0,,,0.0,75.0,35.78,35.96,86.67,35.4,0.0,15.12,47.27,43.43,0.0,0.0,40.49,30.86,79.59,60.23,0.7,100.0,26.89,0.0,0.0,100.0,34.49,45.88,8.52,1.23,31.62,49.21,100.0,0.0,82.74,24.04,51.03,80.77,87.58,66.53,25.02,31.97,7.22,0.0,40.43,0.0,93.3,0.0,96.35,11.37,100.0,68.74,0.0,61.54,64.58,38.64,32.78,51.14,0.0,80.91,41.07,92.47,12.85,0.0,0.0,0.0,2.61,71.26,100.0,4.12,49.02,68.0,35.0,56.58
56,200027027,CC Arc Sud Bretagne,,,14.0,,,91.77,75.0,42.65,59.27,0.0,16.55,100.0,68.02,54.73,66.79,44.82,61.96,48.77,36.29,24.49,48.43,1.1,16.22,30.23,41.16,73.33,78.57,22.42,26.98,52.22,41.69,37.61,0.0,50.0,57.05,5.31,42.92,48.09,47.44,58.17,17.08,66.04,58.96,0.0,0.0,63.79,43.86,61.8,0.0,92.07,8.93,100.0,79.12,29.71,61.54,67.81,65.15,58.61,27.58,100.0,68.65,53.57,53.11,61.94,58.71,24.69,100.0,64.02,70.11,100.0,48.21,73.48,0.0,19.64,49.74
56,200042174,CA Lorient Agglomération,,,14.0,,,13.03,50.0,41.81,59.55,78.67,87.4,100.0,65.7,55.82,29.92,83.15,87.95,50.92,61.14,100.0,49.67,1.4,100.0,37.51,46.37,100.0,37.5,44.72,78.36,87.04,84.77,37.61,32.01,0.0,0.0,12.38,31.84,54.71,48.4,72.55,46.79,66.04,50.71,2.78,100.0,59.38,8.77,15.2,0.0,43.5,12.71,70.0,65.09,11.57,46.15,50.33,51.89,50.33,22.76,83.0,56.39,48.21,67.77,100.0,74.1,58.02,81.5,31.59,,0.0,40.5,72.61,0.0,19.64,44.68
56,200043123,CC Auray Quiberon Terre Atlantique,,,14.0,,,9.92,75.0,37.75,58.99,0.0,38.3,100.0,73.26,62.0,51.39,87.39,86.03,51.53,44.0,77.55,44.55,1.4,43.33,37.8,48.72,100.0,89.29,40.77,73.54,61.11,57.41,37.61,28.04,50.0,96.25,0.0,51.36,56.03,49.04,64.05,41.98,66.04,58.72,15.56,100.0,60.68,33.33,28.4,0.0,56.93,10.79,45.66,72.53,24.0,53.85,60.78,63.64,59.6,27.71,100.0,71.64,50.0,71.39,71.17,35.71,17.97,100.0,42.06,65.52,100.0,52.72,76.09,0.0,19.64,49.77
56,200066777,CC Ploërmel Communauté,,,14.0,,,19.8,75.0,42.4,47.75,65.33,21.9,0.0,35.47,45.45,58.59,28.59,29.64,44.17,38.0,20.41,50.83,0.8,1.95,24.81,55.5,33.33,7.14,37.05,61.22,36.67,20.23,37.61,11.9,0.0,0.0,47.84,30.42,34.85,31.41,67.97,55.18,66.04,49.5,0.0,100.0,64.49,22.81,63.3,0.0,100.0,10.41,100.0,52.97,0.0,53.85,62.68,53.03,57.28,42.57,69.33,62.76,53.57,59.84,96.38,33.19,58.93,100.0,37.78,67.82,100.0,42.63,68.48,0.0,19.64,45.84
56,200066785,CC de l'Oust à Brocéliande,,,14.0,,,0.0,75.0,41.18,51.69,74.67,20.15,0.0,42.44,46.55,60.48,39.31,39.2,46.63,42.57,32.65,49.72,0.9,13.23,25.35,34.27,33.33,89.29,19.16,58.15,36.67,12.37,37.61,24.87,0.0,0.0,40.13,27.32,24.85,35.58,73.2,0.0,66.04,57.08,0.0,100.0,72.36,8.77,57.3,0.0,99.61,11.9,100.0,62.15,0.0,53.85,66.86,60.23,61.26,32.4,88.33,87.51,55.36,66.27,100.0,56.95,51.82,100.0,64.28,67.82,100.0,44.22,62.17,30.0,19.64,47.32
56,200067932,CA Golfe du Morbihan - Vannes Agglomération,,,14.0,,,54.53,50.0,37.58,68.54,0.0,68.85,100.0,68.02,66.55,44.82,79.2,85.36,54.91,55.43,100.0,46.04,1.8,100.0,41.14,37.33,100.0,0.0,29.38,57.11,81.85,88.37,37.61,11.64,0.0,100.0,0.0,39.51,57.5,56.73,69.93,49.45,66.04,60.34,0.0,100.0,68.05,21.05,24.6,0.0,56.55,16.49,75.47,67.09,9.57,53.85,55.27,62.5,60.26,25.7,95.33,79.97,44.64,61.55,100.0,47.76,59.87,100.0,100.0,,100.0,52.72,76.96,0.0,19.64,44.71
56,200096675,CC Baud Communauté,,,14.0,,,0.0,75.0,40.44,49.16,74.0,11.65,0.0,45.35,41.27,53.66,34.64,54.82,45.09,28.0,55.1,59.08,0.9,18.61,26.07,58.38,0.0,98.21,37.51,55.25,60.37,26.13,37.61,21.16,0.0,0.0,44.54,24.37,37.94,24.04,75.82,0.0,66.04,,0.0,0.0,,0.0,50.8,0.0,100.0,4.72,100.0,25.59,0.0,53.85,65.34,62.5,63.91,41.77,85.0,50.83,57.14,55.42,43.82,59.52,30.99,100.0,16.62,,100.0,33.6,68.59,40.0,19.64,51.32
56,200096683,CC Centre Morbihan Communauté,,,14.0,,,100.0,75.0,42.65,49.16,100.0,27.2,0.0,44.19,51.64,54.92,49.53,59.29,45.09,35.14,14.29,52.56,0.8,13.37,25.61,3.03,46.67,100.0,35.42,54.42,52.96,30.71,37.61,2.12,0.0,0.0,23.68,23.56,11.47,0.0,77.78,47.48,66.04,,0.0,50.0,,0.0,48.7,0.0,100.0,6.8,100.0,47.47,0.0,53.85,67.62,59.85,59.93,26.24,73.33,42.76,55.36,39.06,87.15,44.05,32.94,0.0,63.78,,100.0,44.75,79.13,72.0,19.64,49.03
56,245600440,CC Blavet Bellevue Océan,,,14.0,,,100.0,75.0,38.97,69.38,43.33,33.05,100.0,69.19,64.0,58.08,75.69,92.41,60.74,28.57,81.63,49.67,1.1,23.94,33.11,27.2,93.33,100.0,29.15,80.94,84.81,33.01,37.61,42.06,50.0,42.01,0.0,19.77,23.97,0.0,72.55,2.78,66.04,64.32,0.0,0.0,64.57,0.0,46.1,0.0,56.4,8.91,36.57,59.35,56.57,53.85,79.2,73.86,64.24,40.96,100.0,50.37,55.36,70.68,41.35,63.81,57.29,100.0,19.28,70.11,100.0,41.04,84.89,44.0,19.64,55.13
56,245600465,CC de Belle Ile en Mer,,,14.0,,,0.0,50.0,55.88,44.1,0.0,33.45,0.0,87.79,63.45,91.67,14.35,,43.87,90.86,100.0,44.55,3.2,100.0,41.12,6.97,100.0,0.0,8.25,14.98,41.11,68.06,37.61,38.89,100.0,100.0,21.64,100.0,66.03,77.56,65.36,17.31,66.04,37.87,16.39,100.0,57.76,100.0,49.3,0.0,84.58,24.41,48.5,95.56,98.43,61.54,52.99,57.58,42.72,46.45,41.33,100.0,44.64,62.35,94.89,0.0,0.0,0.0,0.0,74.71,100.0,8.9,76.52,0.0,19.64,35.77
56,245614383,CC Questembert Communauté,,,14.0,,,100.0,75.0,42.65,55.9,60.0,19.35,100.0,62.21,61.45,63.51,44.06,48.39,47.24,38.86,32.65,48.43,0.9,9.11,25.73,25.16,46.67,100.0,23.81,46.86,41.11,25.8,37.61,19.84,100.0,7.82,17.92,29.67,40.88,0.0,72.55,28.55,66.04,55.59,35.0,50.0,66.6,0.0,62.8,0.0,96.01,19.83,100.0,73.74,36.14,53.85,71.42,60.23,58.28,35.07,88.0,83.19,55.36,56.43,44.65,48.0,36.51,100.0,32.82,66.67,50.0,41.04,80.22,52.0,19.64,49.39
56,245614417,CC Roi Morvan Communauté,,,14.0,,,0.0,75.0,40.69,27.53,44.0,16.65,0.0,23.26,33.27,53.66,0.0,0.0,36.81,45.14,30.61,51.65,0.8,26.6,23.8,25.08,0.0,66.07,31.48,74.75,4.81,1.72,37.61,13.76,0.0,0.0,69.87,38.15,33.97,0.0,61.44,57.67,66.04,34.83,100.0,50.0,65.57,0.0,67.3,0.0,100.0,11.85,100.0,70.21,15.57,53.85,54.89,32.95,46.03,41.63,54.0,85.53,50.0,48.19,81.71,19.29,23.49,100.0,7.27,72.41,100.0,27.76,77.72,0.0,19.64,37.65
56,245614433,CC Pontivy Communauté,,,14.0,,,0.0,50.0,40.59,49.44,91.33,34.5,0.0,44.77,54.36,45.71,44.38,47.41,45.71,39.71,36.73,59.08,1.0,44.05,28.99,55.71,0.0,82.14,27.29,61.05,44.44,41.69,37.61,0.0,0.0,0.0,35.0,29.29,38.38,15.38,72.55,52.35,66.04,49.6,0.0,100.0,63.79,14.04,53.1,0.0,99.99,6.09,100.0,8.0,0.0,38.46,60.78,54.92,48.68,36.81,44.67,60.26,53.57,50.3,100.0,39.48,59.53,61.3,18.41,65.52,50.0,33.6,73.04,30.0,19.64,47.68
57,200039865,Metz Métropole,,,30.0,,,82.12,25.0,56.37,55.06,100.0,100.0,100.0,45.93,66.55,9.85,95.91,98.97,55.83,92.57,100.0,62.05,2.1,73.57,42.16,44.12,100.0,71.43,28.22,57.87,77.78,99.34,37.61,19.84,0.0,17.15,0.0,33.7,62.21,64.74,88.89,43.66,27.54,47.41,7.78,100.0,68.39,100.0,10.2,52.92,19.66,6.25,100.0,37.21,0.0,53.85,49.57,29.92,50.66,13.92,34.0,53.53,28.57,42.37,100.0,77.62,76.56,0.0,50.91,,50.0,23.51,0.0,66.0,61.79,46.9
57,200039907,CC du Sud Messin,,,30.0,,,100.0,75.0,41.91,64.61,100.0,18.85,100.0,66.28,63.82,24.75,47.72,29.6,67.48,26.0,10.2,62.05,1.4,86.43,35.03,6.08,40.0,94.64,7.55,29.99,41.85,44.31,37.61,5.29,100.0,0.0,46.48,27.13,57.79,50.32,84.97,70.93,27.54,65.44,100.0,0.0,35.7,0.0,70.2,0.0,95.74,4.88,100.0,50.26,0.0,61.54,87.37,78.03,67.22,38.02,100.0,32.52,53.57,69.88,11.7,66.81,55.34,0.0,16.03,62.07,0.0,46.35,0.0,100.0,61.79,71.58
57,200039949,CC Rives de Moselle,,,30.0,,,93.14,50.0,52.45,58.43,100.0,77.9,100.0,62.79,68.36,0.0,92.64,99.69,57.67,47.71,42.86,62.05,1.4,69.55,35.86,49.66,100.0,91.07,19.16,82.74,93.7,100.0,37.61,10.05,0.0,0.0,0.0,30.72,26.91,4.49,86.27,6.31,27.54,52.17,0.0,0.0,75.3,0.0,14.7,0.0,31.17,,73.25,56.41,0.0,53.85,69.14,46.59,50.0,15.93,62.0,22.31,39.29,36.14,100.0,77.14,66.15,0.0,40.68,56.32,0.0,17.4,0.0,68.0,61.79,60.29
57,200067486,CC Bouzonvillois-Trois Frontières,,,30.0,,,85.54,50.0,44.85,52.25,100.0,9.2,0.0,43.02,54.36,37.63,16.16,0.0,57.06,22.29,0.0,58.42,1.1,100.0,30.09,5.5,0.0,83.93,5.23,38.15,11.11,9.09,37.61,40.74,100.0,0.0,59.18,17.09,46.03,3.21,85.62,36.36,27.54,48.28,100.0,50.0,34.91,0.0,62.2,0.0,95.53,10.35,100.0,68.47,3.29,53.85,78.82,47.35,59.6,41.77,0.0,37.07,35.71,0.0,0.0,43.57,29.56,58.47,6.35,62.07,100.0,16.6,5.65,80.0,61.79,66.23
57,200067502,CA Saint-Avold Synergie,,,29.0,,,0.74,50.0,38.53,46.63,100.0,98.4,0.0,31.4,59.64,7.58,75.83,74.96,50.92,32.86,46.94,56.19,1.3,100.0,32.68,2.84,60.0,100.0,29.62,100.0,47.78,54.46,37.61,22.49,0.0,9.31,26.75,37.67,45.15,21.47,77.78,53.27,27.54,35.71,31.11,100.0,52.32,75.44,24.1,40.75,91.49,12.06,100.0,67.15,31.71,53.85,68.95,34.47,38.74,31.86,13.67,53.63,44.64,33.94,90.44,56.67,57.01,0.0,36.83,63.22,0.0,18.46,23.59,28.0,61.79,51.06
57,200067650,CC Houve - Pays Boulageois,,,30.0,,,0.0,75.0,40.59,52.81,100.0,24.15,0.0,55.23,53.82,24.62,45.0,46.7,57.06,22.29,44.9,58.91,1.1,100.0,31.68,1.86,6.67,41.07,7.55,68.72,30.37,6.8,37.61,14.55,100.0,0.0,54.2,21.24,58.97,75.32,83.66,67.05,27.54,41.65,100.0,0.0,44.79,54.39,62.6,0.0,95.05,4.55,100.0,59.15,0.0,61.54,78.82,60.23,57.28,30.12,20.0,31.51,51.79,23.19,0.0,65.52,40.68,0.0,34.47,64.37,100.0,20.85,0.0,58.0,61.79,60.68
57,200067957,CC Haut Chemin - Pays de Pange,,,30.0,,,100.0,75.0,44.12,69.1,100.0,4.95,0.0,73.84,60.91,26.77,52.61,42.99,72.39,27.14,73.47,62.05,1.8,100.0,39.23,22.8,13.33,73.21,2.9,43.3,32.22,28.91,37.61,35.71,100.0,0.0,57.83,20.87,41.03,31.73,81.7,17.08,27.54,66.05,100.0,0.0,43.04,1.75,79.0,0.0,95.62,2.06,100.0,52.94,0.0,69.23,89.65,78.03,69.21,26.37,70.0,36.65,51.79,73.9,0.0,48.48,67.55,0.0,15.58,62.07,50.0,42.36,0.0,78.0,61.79,69.74
57,200068146,CC Sarrebourg Moselle Sud,,,27.0,,,0.0,50.0,29.78,43.26,40.67,19.75,9.62,48.26,52.0,36.87,45.11,33.3,51.53,47.71,6.12,51.32,1.3,100.0,33.36,35.67,20.0,0.0,28.46,85.1,46.67,58.07,37.61,88.36,0.0,100.0,61.34,41.93,54.41,54.49,81.7,27.97,27.54,48.57,89.72,50.0,39.32,0.0,49.0,0.0,96.26,11.7,64.42,77.38,37.0,53.85,66.48,53.41,54.3,39.76,33.33,50.6,50.0,77.41,89.46,41.33,64.11,31.36,19.8,64.37,50.0,24.57,23.59,14.0,61.79,50.84
57,200069441,CC du Pays de Bitche,,,25.0,,,11.59,75.0,30.59,43.26,100.0,10.3,0.0,42.44,52.18,28.28,17.28,0.0,52.45,39.43,38.78,56.6,0.9,96.26,26.2,20.22,0.0,0.0,36.59,79.18,15.56,37.59,37.61,99.74,100.0,100.0,82.14,28.8,61.03,47.12,79.74,25.19,27.54,48.37,16.94,100.0,48.24,43.86,58.9,0.0,93.22,17.87,38.37,76.06,42.86,69.23,75.4,58.33,64.24,48.59,1.0,53.01,51.79,5.82,25.7,52.05,22.89,0.0,33.44,67.82,100.0,20.85,51.74,0.0,61.79,44.87
57,200070746,CA Sarreguemines Confluences,,,26.0,,,0.0,50.0,34.19,46.91,100.0,41.1,0.0,41.28,62.55,8.71,75.47,77.28,51.84,34.57,67.35,57.26,1.3,100.0,32.78,35.92,20.0,100.0,29.15,100.0,28.15,45.78,37.61,28.04,0.0,0.0,34.67,36.58,38.97,5.13,80.39,8.98,27.54,37.78,15.0,100.0,61.93,0.0,53.3,0.0,77.84,15.67,63.18,81.79,37.43,30.77,63.82,43.94,44.37,23.69,5.67,32.62,42.86,35.24,100.0,62.29,67.37,0.0,100.0,66.67,0.0,20.58,0.0,0.0,61.79,55.06
57,245700133,CC du District Urbain de Faulquemont (DUF),,,30.0,,,0.0,75.0,37.06,45.51,100.0,49.15,0.0,56.98,60.55,10.23,71.16,76.03,56.13,34.86,55.1,58.91,1.6,80.89,32.79,2.37,33.33,28.57,5.23,100.0,44.07,52.33,37.61,27.78,100.0,0.0,50.85,28.65,32.21,46.47,81.05,12.04,27.54,48.61,93.89,0.0,49.83,45.61,60.2,33.18,95.22,7.92,100.0,58.21,0.0,61.54,75.78,54.92,54.3,27.84,63.0,38.11,50.0,37.45,59.8,51.38,54.87,0.0,29.62,65.52,100.0,24.57,0.0,50.0,61.79,58.94
57,245700372,CA de Forbach Porte de France,,,26.0,,,100.0,25.0,50.0,44.1,100.0,100.0,0.0,34.3,59.27,7.95,92.32,98.75,54.29,29.14,51.02,57.26,1.0,96.52,30.41,22.27,13.33,100.0,22.18,100.0,39.63,42.18,37.61,42.59,100.0,0.0,0.0,18.67,60.44,58.01,77.12,39.95,27.54,27.96,0.0,100.0,47.7,100.0,30.8,0.0,19.58,23.51,40.1,79.26,14.71,53.85,68.76,17.42,30.13,17.94,0.0,18.31,37.5,17.67,44.98,84.14,81.41,0.0,83.01,63.22,0.0,12.08,0.76,34.0,61.79,49.26
57,245700398,CC de Freyming-Merlebach,,,28.0,,,100.0,25.0,43.14,42.7,100.0,100.0,0.0,30.81,53.27,10.98,85.8,98.04,50.31,30.57,53.06,57.92,0.7,86.8,28.84,11.98,93.33,100.0,33.33,100.0,64.44,90.01,37.61,26.46,0.0,0.0,0.0,26.73,54.85,59.62,71.24,70.3,27.54,23.05,28.61,0.0,40.7,49.12,10.2,0.0,30.84,18.12,61.79,73.68,2.14,61.54,68.38,12.12,26.16,18.34,0.0,52.75,44.64,8.94,61.12,74.48,70.42,0.0,60.74,64.37,100.0,10.49,0.0,38.0,61.79,38.9
57,245700695,CC de Cattenom et Environs,,,30.0,,,0.0,75.0,50.74,67.7,100.0,13.9,0.0,60.47,65.82,27.02,50.62,59.96,63.8,48.86,48.98,61.06,1.8,100.0,43.79,22.19,0.0,0.0,8.71,1.18,8.52,14.5,37.61,31.75,0.0,0.0,33.55,1.74,25.74,83.33,98.04,7.87,27.54,64.19,100.0,0.0,38.1,100.0,54.3,0.0,95.09,2.98,100.0,70.71,0.0,46.15,75.78,64.02,64.24,13.52,0.0,22.57,19.64,43.88,0.49,49.33,60.1,50.99,25.58,59.77,100.0,51.66,0.0,100.0,61.79,76.68
57,245700950,CC du Pays de Phalsbourg,,,25.0,,,0.0,75.0,33.82,49.16,96.67,14.45,0.0,43.6,53.09,39.27,48.55,5.22,53.37,39.71,65.31,51.32,1.3,61.74,33.91,12.42,26.67,0.0,21.02,78.14,41.48,64.78,37.61,100.0,100.0,0.0,32.57,34.49,54.85,50.32,87.58,1.85,27.54,55.48,100.0,50.0,66.83,0.0,62.0,0.0,89.33,8.39,34.07,77.74,5.29,69.23,75.4,64.39,45.36,42.03,48.67,52.26,53.57,33.43,42.83,63.9,64.74,0.0,81.55,62.07,100.0,27.76,18.48,46.0,61.79,54.9
57,245701164,CC du Warndt,,,26.0,,,0.0,50.0,39.71,37.64,100.0,100.0,0.0,38.37,59.45,2.9,95.22,67.23,44.48,22.0,0.0,55.78,1.0,59.17,32.51,8.6,33.33,100.0,33.57,87.95,39.26,29.07,37.61,99.47,100.0,0.0,0.0,28.24,40.44,6.73,75.82,10.31,27.54,28.17,94.72,100.0,48.16,0.0,18.6,20.51,15.42,,0.0,66.91,18.57,61.54,64.39,23.48,31.13,20.88,0.0,38.76,42.86,10.34,78.75,71.43,68.23,0.0,16.34,62.07,100.0,22.97,0.0,4.0,61.79,49.32
57,245701206,CC du Saulnois,,,29.0,,,0.0,75.0,38.05,40.45,100.0,14.05,0.0,31.98,46.0,38.64,0.0,0.0,50.61,39.43,0.0,57.13,1.1,100.0,25.63,9.79,20.0,0.0,16.38,51.41,44.07,34.32,37.61,19.58,50.0,100.0,63.37,40.18,46.03,44.87,75.82,45.74,27.54,46.4,100.0,0.0,33.92,0.0,83.4,0.0,97.04,8.06,100.0,57.09,0.0,53.85,71.04,54.92,51.66,53.01,7.67,55.77,51.79,20.38,38.88,48.19,21.72,0.0,12.46,,50.0,21.65,9.78,44.0,61.79,55.19
57,245701222,CA du Val de Fensch,,,30.0,,,94.87,25.0,57.35,46.91,100.0,91.95,55.0,47.09,58.36,0.88,96.41,100.0,54.29,46.0,57.14,61.06,0.9,74.44,32.54,15.13,53.33,100.0,32.17,50.53,60.74,64.95,37.61,89.95,0.0,0.0,0.0,9.08,40.29,0.0,83.01,46.15,27.54,35.5,33.33,100.0,77.82,0.0,10.4,82.05,4.96,,0.0,63.18,1.71,53.85,66.67,17.42,40.73,13.92,0.0,18.99,32.14,16.87,38.22,90.95,70.83,0.0,20.5,59.77,0.0,14.21,0.0,74.0,61.79,53.16
57,245701271,CC du Pays Orne Moselle,,,30.0,,,100.0,50.0,51.96,46.91,100.0,85.8,100.0,50.58,61.45,0.0,96.12,99.91,53.68,34.57,63.27,62.05,1.0,51.57,33.85,16.28,26.67,100.0,23.81,38.81,44.07,39.39,37.61,82.54,100.0,0.0,0.0,16.06,65.15,40.71,85.62,57.32,27.54,41.23,35.0,50.0,65.83,0.0,25.3,100.0,9.5,,0.0,66.15,0.0,53.85,68.19,39.02,45.7,19.54,36.67,19.64,42.86,25.6,13.84,86.52,63.75,0.0,21.22,58.62,0.0,13.94,0.0,60.0,61.79,56.48
57,245701354,CC de l'Arc Mosellan,,,30.0,,,100.0,75.0,49.63,71.91,100.0,35.25,100.0,69.19,63.64,23.61,79.2,77.72,68.1,34.0,57.14,61.06,1.3,72.91,37.63,28.65,53.33,100.0,5.69,41.39,48.89,54.46,37.61,54.5,100.0,0.0,18.53,5.56,61.91,52.88,87.58,61.67,27.54,62.65,90.83,0.0,62.55,80.7,50.4,27.55,81.81,7.49,100.0,61.74,0.0,46.15,85.28,64.77,61.92,21.42,38.0,10.44,41.07,42.47,0.0,50.0,62.63,0.0,16.18,64.37,100.0,35.99,0.0,98.0,61.79,71.29
57,245701362,CA Portes de France-Thionville,,,30.0,,,100.0,25.0,53.43,62.92,100.0,100.0,100.0,54.65,66.0,2.9,95.69,98.53,56.75,73.14,79.59,61.06,1.9,73.35,41.87,55.58,86.67,100.0,24.51,48.12,55.56,78.05,37.61,45.24,0.0,0.0,0.0,26.33,68.53,66.35,90.85,43.54,27.54,50.03,35.83,100.0,70.51,31.58,18.0,12.56,24.36,2.29,35.21,47.68,0.0,46.15,54.32,37.12,57.28,12.58,5.33,28.75,16.07,41.57,64.58,72.14,74.56,33.47,23.06,,50.0,35.99,3.04,58.0,61.79,63.77
57,245701404,CC du Pays Haut Val d'Alzette,,,31.0,,,0.0,25.0,56.62,41.57,100.0,63.35,100.0,56.4,60.91,0.0,85.07,70.09,43.56,54.29,51.02,61.06,0.8,45.25,37.43,5.09,0.0,100.0,45.41,15.75,1.48,16.46,37.61,60.58,100.0,0.0,18.58,1.64,81.91,76.28,92.81,80.02,27.54,34.17,100.0,0.0,71.59,0.0,25.0,0.0,36.13,,86.78,28.68,0.0,61.54,63.25,28.03,49.34,18.21,0.0,11.48,8.93,19.48,0.0,78.57,43.02,47.88,11.15,62.07,100.0,8.37,38.15,70.0,61.79,63.45
58,200067429,CC Haut Nivernais - Val d'Yonne,,,44.0,,,0.0,50.0,47.06,9.83,4.67,65.7,20.0,0.0,28.73,45.33,14.49,0.0,26.38,52.29,10.2,46.31,0.6,42.21,23.86,33.0,0.0,0.0,64.69,18.0,0.0,0.0,38.25,73.54,100.0,0.0,93.16,41.44,39.56,8.01,52.29,57.56,36.15,23.56,100.0,100.0,47.54,0.0,49.9,0.0,98.44,7.41,89.0,55.88,0.0,53.85,49.0,28.03,22.19,49.13,0.0,97.89,46.43,63.65,100.0,45.1,69.97,100.0,2.25,70.11,50.0,9.43,60.43,0.0,45.36,45.81
58,200067692,CC Tannay-Brinon-Corbigny,,,50.0,,,0.0,50.0,50.88,16.57,0.0,6.0,0.0,17.44,14.55,57.58,0.0,0.0,31.9,51.14,30.61,49.89,0.5,23.66,21.83,56.86,0.0,0.0,40.77,3.26,0.0,6.14,38.25,39.95,50.0,97.8,93.78,48.73,49.85,60.58,45.75,97.05,36.15,29.55,25.83,0.0,33.77,24.56,84.8,0.0,97.18,10.14,100.0,84.12,43.57,61.54,50.14,34.85,32.45,59.84,0.0,100.0,44.64,62.95,71.83,34.0,30.99,0.0,0.38,72.41,100.0,8.37,50.98,0.0,45.36,49.16
58,200067700,CC Sud Nivernais,,,59.0,,,0.0,50.0,56.86,21.91,94.0,46.65,0.0,11.63,34.55,43.43,31.2,14.55,34.36,47.43,26.53,58.75,0.6,61.82,26.33,33.35,0.0,0.0,48.9,23.14,0.0,31.04,38.25,44.18,100.0,100.0,74.44,26.97,43.53,0.0,58.82,51.13,36.15,32.86,93.06,100.0,45.86,0.0,50.7,0.0,96.26,3.82,100.0,85.74,100.0,61.54,51.85,42.8,37.09,35.88,100.0,71.45,53.57,49.4,100.0,48.1,71.61,71.47,2.27,71.26,50.0,27.76,70.0,0.0,45.36,50.65
58,200067882,CC Bazois Loire Morvan,,,54.0,,,0.0,75.0,52.45,16.57,0.0,26.65,0.0,20.35,34.36,56.94,0.0,0.0,33.74,72.29,100.0,53.36,0.6,49.9,21.57,60.87,0.0,0.0,74.91,8.68,6.3,12.2,38.25,45.24,100.0,100.0,92.55,46.9,45.15,43.27,39.87,69.77,36.15,31.09,100.0,50.0,44.99,0.0,61.5,0.0,96.1,2.68,100.0,87.35,75.86,69.23,51.09,28.79,54.3,56.09,0.0,82.63,46.43,36.75,80.23,0.0,12.19,93.93,0.18,73.56,100.0,8.37,73.48,0.0,45.36,43.03
58,200067890,CC Morvan Sommets et Grands Lacs,,,53.0,,,0.0,50.0,48.82,14.61,0.0,27.1,0.0,33.72,29.82,55.93,0.0,0.0,29.45,79.71,89.8,52.15,0.6,30.0,21.74,0.66,0.0,0.0,63.07,10.05,0.0,0.0,38.25,100.0,100.0,100.0,93.03,54.65,57.06,70.19,47.06,64.85,36.15,34.74,100.0,50.0,56.68,5.26,70.3,0.0,88.6,6.52,50.47,94.03,100.0,61.54,49.0,32.58,56.62,51.27,0.0,100.0,46.43,70.68,95.06,30.1,4.71,100.0,3.42,72.41,100.0,11.55,79.89,0.0,45.36,40.13
58,200067908,CC Amognes Coeur du Nivernais,,,51.0,,,1.74,75.0,54.04,36.24,0.0,6.65,0.0,27.33,18.55,61.62,0.0,0.0,38.04,42.29,42.86,58.75,0.7,29.32,22.24,29.31,26.67,0.0,21.25,9.5,0.0,7.78,38.25,53.97,100.0,100.0,86.95,29.7,45.44,68.59,64.05,79.04,36.15,43.34,64.44,0.0,35.09,84.21,92.2,0.0,97.68,4.99,100.0,64.44,29.43,69.23,65.91,45.08,58.28,50.2,33.67,100.0,51.79,58.03,10.71,0.0,33.96,100.0,1.31,68.97,100.0,22.18,68.7,0.0,45.36,50.1
58,200067916,CC Coeur de Loire,,,33.0,,,100.0,75.0,51.47,29.49,32.67,45.3,0.0,20.35,23.64,47.73,20.18,29.06,38.65,50.29,24.49,44.22,1.2,5.51,29.13,3.0,0.0,50.0,40.3,13.5,14.81,15.64,38.25,33.86,100.0,0.0,81.49,36.8,46.03,58.97,56.86,25.94,36.15,37.68,100.0,100.0,22.58,19.3,47.1,0.0,98.54,17.39,100.0,23.21,0.0,53.85,54.51,42.42,31.79,37.62,71.0,45.63,48.21,25.8,94.56,16.19,54.17,56.07,8.85,72.41,50.0,13.41,62.07,0.0,45.36,53.39
58,200068088,CC Les Bertranges,,,44.0,,,0.0,75.0,53.53,30.06,54.0,40.6,0.0,16.28,39.27,49.24,23.7,6.79,38.96,36.86,14.29,51.49,0.8,43.88,28.63,5.07,0.0,46.43,25.9,20.95,18.52,25.14,38.25,89.95,100.0,0.0,84.98,28.78,62.21,75.64,62.09,48.7,36.15,42.27,80.0,0.0,49.63,0.0,53.4,10.26,98.39,7.41,52.09,68.79,16.29,53.85,57.36,51.89,43.38,38.96,53.33,64.1,51.79,78.31,55.85,0.0,26.09,72.03,10.65,70.11,100.0,25.9,55.0,0.0,45.36,57.74
58,245801063,CC Loire et Allier,,,67.0,,,68.73,100.0,58.09,58.43,100.0,18.0,100.0,37.79,54.73,42.42,4.42,0.0,58.28,23.71,18.37,58.75,1.1,16.74,28.51,20.57,0.0,100.0,13.36,27.14,27.41,37.92,38.25,19.84,100.0,74.86,70.23,20.98,23.82,35.9,76.47,73.07,36.15,64.04,78.33,0.0,62.13,87.72,83.1,0.0,98.07,5.01,100.0,72.88,88.57,69.23,78.63,73.11,67.55,40.29,69.33,94.05,57.14,63.65,22.41,28.57,58.85,0.0,5.99,65.52,100.0,30.68,75.11,4.0,45.36,62.0
58,245804406,CA de Nevers,,,58.0,,,4.23,50.0,58.82,41.01,100.0,100.0,0.0,29.07,51.09,27.27,86.56,93.62,47.55,62.86,69.39,58.75,1.3,100.0,37.22,23.45,0.0,0.0,56.33,41.17,65.19,77.23,38.25,8.73,100.0,38.06,28.05,28.0,61.91,51.28,69.28,46.09,36.15,39.63,94.44,100.0,48.47,14.04,17.2,33.59,45.68,3.54,100.0,77.29,95.43,61.54,45.96,35.98,41.39,23.16,57.0,100.0,46.43,66.47,100.0,61.57,78.98,20.9,7.3,,100.0,32.54,41.74,0.0,45.36,43.9
58,245804497,CC du Nivernais Bourbonnais,,,71.0,,,0.0,50.0,55.51,25.0,74.0,23.6,0.0,1.74,39.64,57.83,0.0,0.0,27.61,33.43,24.49,58.75,0.5,16.1,19.53,37.67,0.0,0.0,56.33,14.11,22.22,26.29,38.25,37.04,100.0,41.41,84.05,30.12,51.18,53.21,71.24,57.79,36.15,37.17,73.89,0.0,44.32,0.0,68.6,0.0,98.72,12.3,97.17,88.88,100.0,76.92,62.11,32.95,51.99,33.2,64.67,76.62,50.0,44.78,30.64,4.24,38.96,0.0,7.36,71.26,100.0,20.32,75.87,0.0,45.36,48.84
59,200030633,CA du Caudrésis et du Catésis,,,55.0,,,71.95,50.0,44.33,33.15,100.0,42.2,0.0,39.53,39.27,17.42,78.41,86.61,52.45,47.71,14.29,58.17,0.8,92.64,31.97,13.67,13.33,100.0,54.7,88.17,0.0,27.76,54.49,0.0,50.0,74.63,47.1,18.23,49.71,49.36,77.78,45.11,27.21,37.44,100.0,100.0,62.44,0.0,25.1,0.0,69.89,2.79,100.0,6.62,0.0,61.54,71.42,16.29,14.9,36.81,24.0,69.79,48.21,14.96,51.57,68.0,72.37,0.0,11.55,66.67,100.0,9.69,51.41,84.0,52.14,41.48
59,200040947,CA Coeur de Flandre,,,42.0,,,100.0,75.0,38.24,57.87,100.0,64.0,100.0,66.86,51.64,33.46,86.63,95.85,61.35,56.0,28.57,59.02,1.5,81.52,35.02,33.01,80.0,100.0,36.82,41.61,45.19,53.48,54.49,0.0,0.0,0.0,10.97,24.3,50.59,45.51,80.39,46.27,27.21,59.72,100.0,100.0,63.49,35.09,35.3,0.0,52.98,1.88,100.0,0.0,0.0,53.85,76.16,59.09,52.98,32.53,82.0,49.98,50.0,39.36,54.2,68.1,69.48,13.84,20.95,59.77,100.0,32.27,0.0,68.0,52.14,57.23
59,200040954,CC des Hauts de Flandre,,,49.0,,,100.0,75.0,42.06,62.36,100.0,47.65,68.46,68.02,51.82,35.86,86.74,82.63,63.8,37.14,40.82,55.45,1.5,84.59,32.72,25.95,20.0,94.64,36.12,43.58,20.74,27.76,54.49,0.0,0.0,0.0,2.69,19.15,41.62,47.76,79.08,25.01,27.21,62.7,100.0,0.0,67.77,0.0,50.6,0.0,50.1,1.1,100.0,0.0,0.0,61.54,85.09,60.61,55.63,30.66,98.33,43.28,51.79,26.41,28.67,62.62,50.52,79.1,20.84,64.37,100.0,29.61,0.0,80.0,52.14,56.61
59,200041960,CC Pévèle-Carembault,,,48.0,,,76.26,75.0,42.35,66.57,100.0,55.35,100.0,68.02,60.18,22.73,91.7,92.9,69.02,46.0,55.1,62.76,2.3,75.54,43.89,47.29,100.0,91.07,37.05,60.94,44.44,55.12,54.49,0.0,50.0,71.08,0.0,20.44,43.38,57.37,83.66,30.4,27.21,73.54,98.61,0.0,79.95,0.0,26.5,0.0,39.72,2.02,100.0,3.82,0.0,46.15,82.81,71.97,66.56,27.44,86.67,39.58,46.43,59.54,25.37,77.33,62.11,100.0,21.03,58.62,0.0,41.3,1.74,92.0,52.14,66.42
59,200042190,CA de la Porte du Hainaut,,,54.0,,,24.53,25.0,49.41,46.07,100.0,100.0,22.31,52.91,46.73,8.71,94.6,97.99,60.74,45.14,34.69,59.79,1.0,83.85,31.43,35.24,100.0,98.21,45.88,82.03,38.52,39.72,54.49,14.81,0.0,100.0,0.0,15.18,46.47,23.72,80.39,27.74,27.21,37.56,78.89,50.0,72.97,0.0,14.9,0.0,34.79,3.95,85.27,0.0,0.0,46.15,73.88,12.88,23.84,27.44,9.67,24.52,46.43,0.0,58.81,76.81,69.48,8.9,27.02,58.62,0.0,14.48,44.78,100.0,52.14,43.13
59,200043263,CC Coeur de l'Avesnois,,,55.0,,,0.0,50.0,44.71,30.06,100.0,51.15,32.69,37.21,42.0,27.02,54.89,55.76,46.32,44.29,28.57,59.08,0.8,100.0,29.73,30.63,6.67,100.0,31.01,70.31,25.56,27.93,54.49,4.23,50.0,100.0,59.53,25.51,54.85,58.65,77.78,8.8,27.21,34.2,100.0,50.0,57.9,3.51,50.3,0.0,87.06,15.04,100.0,82.56,22.43,61.54,67.43,24.24,25.83,36.68,9.67,61.63,44.64,18.88,56.67,54.62,54.45,0.0,12.46,65.52,100.0,11.55,47.83,60.0,52.14,43.61
59,200043321,CC du Pays de Mormal,,,58.0,,,0.0,50.0,43.7,47.47,100.0,46.8,100.0,51.16,48.36,20.08,64.93,74.91,57.98,33.43,0.0,59.13,1.1,100.0,33.65,7.08,20.0,100.0,34.26,62.97,13.7,26.78,54.49,27.78,50.0,100.0,50.59,20.84,64.26,63.46,79.74,22.35,27.21,49.63,100.0,0.0,60.27,29.82,61.6,0.0,94.32,3.95,100.0,47.97,4.29,53.85,78.63,46.59,47.35,41.63,18.67,54.08,44.64,34.84,21.91,67.38,60.44,0.0,12.52,62.07,100.0,19.79,50.54,70.0,52.14,52.13
59,200043396,CA Maubeuge Val de Sambre,,,58.0,,,2.01,50.0,47.55,35.11,100.0,100.0,97.31,52.33,51.09,8.08,90.22,95.49,53.37,44.29,36.73,59.08,0.9,25.31,32.24,18.97,0.0,96.43,44.25,100.0,7.41,36.45,54.49,0.0,0.0,100.0,0.0,14.95,48.68,22.44,77.12,41.69,27.21,30.42,97.78,100.0,62.91,0.0,16.4,0.0,50.19,4.62,100.0,51.82,0.0,61.54,65.34,0.0,16.89,24.5,0.0,34.47,42.86,0.0,96.71,74.29,73.18,0.0,45.2,,50.0,13.41,7.07,90.0,52.14,36.48
59,200043404,CC du Sud Avesnois,,,55.0,,,35.13,50.0,43.63,23.03,100.0,100.0,34.62,43.02,48.91,13.89,87.79,81.92,47.24,42.0,0.0,59.08,0.7,72.82,29.45,10.59,0.0,57.14,42.86,48.89,25.93,0.08,54.49,79.89,100.0,100.0,56.95,24.01,64.41,71.47,69.93,85.76,27.21,28.78,100.0,100.0,64.98,49.12,13.4,0.0,79.01,34.58,19.59,86.53,87.14,69.23,59.83,0.0,7.95,25.97,0.0,41.01,44.64,0.0,86.49,55.95,75.7,0.0,15.59,66.67,100.0,13.15,54.46,72.0,52.14,40.65
59,200044618,CA Douaisis Agglo,,,54.0,,,0.0,25.0,45.59,47.19,100.0,100.0,0.0,48.26,56.18,11.62,96.74,98.84,60.74,57.43,53.06,63.61,1.7,76.49,36.09,42.09,73.33,100.0,46.34,71.51,37.78,50.2,54.49,0.0,0.0,69.55,0.0,17.52,45.15,15.71,79.74,31.67,27.21,39.29,91.67,50.0,62.33,92.98,14.8,0.0,24.24,3.53,100.0,0.0,0.0,46.15,65.91,20.45,27.81,21.55,18.67,33.92,44.64,29.22,100.0,72.38,79.4,0.0,48.61,,0.0,11.82,20.33,82.0,52.14,42.29
59,200068500,CA de Cambrai,,,52.0,,,0.0,50.0,45.0,43.26,100.0,63.05,100.0,51.16,46.0,15.03,81.96,87.32,55.83,44.29,26.53,59.79,1.4,100.0,37.56,43.46,20.0,98.21,61.9,100.0,10.37,66.09,54.49,0.0,0.0,0.0,20.96,26.93,49.26,47.44,77.12,67.34,27.21,40.63,100.0,50.0,64.14,0.0,29.1,0.0,42.73,2.19,100.0,0.0,0.0,61.54,60.02,36.36,34.44,27.04,56.33,84.16,46.43,26.61,100.0,54.29,74.77,0.0,24.46,64.37,0.0,17.13,39.02,52.0,52.14,47.0
59,200093201,Métropole Européenne de Lille,,,42.0,,,84.25,0.0,44.12,61.52,100.0,100.0,100.0,62.21,56.55,18.81,98.59,99.64,63.5,98.57,100.0,69.8,2.2,39.55,45.66,58.69,100.0,100.0,41.46,76.55,54.81,80.67,54.49,0.0,0.0,0.0,0.0,23.49,48.82,67.31,91.5,31.85,27.21,48.63,53.61,100.0,68.56,0.0,1.8,0.0,8.67,2.19,71.09,0.0,0.0,53.85,55.46,25.38,52.32,12.45,41.33,59.22,33.93,42.37,100.0,87.95,77.97,9.46,31.83,,0.0,30.94,0.0,100.0,52.14,46.29
59,245900428,CU de Dunkerque,,,29.0,,,100.0,50.0,43.75,54.49,95.33,100.0,26.54,65.7,60.73,9.09,98.77,99.15,58.59,67.43,100.0,50.99,1.4,60.71,36.35,58.82,33.33,100.0,61.9,68.99,26.3,62.33,54.49,0.0,0.0,0.0,0.0,17.85,45.59,30.13,79.08,44.93,27.21,40.6,80.56,100.0,76.25,0.0,4.5,0.0,17.46,0.63,73.83,0.0,0.0,38.46,62.49,26.52,29.47,22.76,28.67,37.01,44.64,27.51,100.0,86.29,77.47,7.34,51.43,,0.0,24.3,29.35,68.0,52.14,42.13
59,245900758,CC Flandre Lys,,,21.0,,,100.0,75.0,41.67,57.02,100.0,68.15,100.0,63.37,55.64,34.22,95.0,93.35,57.06,37.43,28.57,63.86,1.6,94.11,38.27,15.09,100.0,100.0,41.93,54.2,44.07,68.22,54.49,0.0,0.0,0.0,0.0,19.16,24.26,0.0,79.74,21.95,27.21,64.27,100.0,0.0,60.89,0.0,13.1,0.0,36.41,0.59,100.0,0.0,0.0,53.85,82.24,59.09,51.32,24.23,78.33,31.87,50.0,31.63,60.46,83.9,69.71,35.17,23.08,56.32,50.0,38.38,5.87,88.0,52.14,58.16
59,245901038,CC du Pays Solesmois,,,52.0,,,56.87,50.0,46.76,42.13,100.0,20.55,0.0,45.93,43.82,15.91,79.82,88.71,58.59,40.29,59.18,59.16,1.1,95.34,33.09,1.42,6.67,100.0,62.37,70.75,0.0,30.06,54.49,0.0,100.0,0.0,43.9,17.0,53.97,35.58,79.08,19.28,27.21,45.01,100.0,0.0,58.12,57.89,48.3,0.0,72.62,3.19,100.0,14.38,0.0,61.54,78.06,40.91,44.37,32.4,65.0,87.87,48.21,27.91,17.13,69.86,65.29,0.0,8.0,65.52,100.0,17.66,51.2,64.0,52.14,50.9
59,245901152,CA Coeur d'Ostrevent,,,48.0,,,0.0,50.0,43.01,47.75,100.0,100.0,15.77,61.05,48.73,13.89,98.08,99.78,60.43,43.43,20.41,61.06,1.1,59.71,32.17,46.51,66.67,100.0,36.12,71.62,37.04,24.16,54.49,0.0,100.0,100.0,0.0,10.55,65.15,50.32,79.74,53.91,27.21,39.86,97.22,0.0,74.3,89.47,11.5,0.0,30.72,4.97,62.07,18.53,0.0,53.85,75.97,21.97,25.83,29.32,20.0,28.94,48.21,11.55,20.43,82.38,72.14,0.0,24.94,58.62,100.0,14.74,9.46,98.0,52.14,44.29
59,245901160,CA Valenciennes Métropole,,,54.0,,,98.09,25.0,53.68,51.12,100.0,100.0,90.0,46.51,53.64,10.48,96.67,97.14,58.59,57.71,40.82,61.06,1.3,65.14,35.61,33.9,100.0,100.0,34.49,79.9,37.04,71.66,54.49,0.0,0.0,100.0,0.0,19.33,44.26,33.97,83.66,25.48,27.21,37.33,68.06,100.0,71.64,0.0,8.4,0.0,21.04,2.56,78.95,21.06,0.0,46.15,60.78,10.61,30.46,20.08,1.33,32.75,41.07,11.14,100.0,85.05,76.04,0.0,52.82,,0.0,16.87,29.78,98.0,52.14,40.39
60,200066975,CC Senlis Sud Oise,,,8.0,,,13.22,25.0,57.72,66.29,100.0,94.95,100.0,51.74,53.09,27.65,79.64,93.08,62.88,61.14,87.76,48.24,2.3,76.63,47.21,24.74,6.67,92.86,13.12,17.39,31.48,56.59,16.67,88.1,100.0,100.0,74.99,36.07,40.88,17.95,82.35,9.73,29.32,58.56,33.33,0.0,59.79,0.0,34.5,60.53,42.79,2.28,75.16,0.0,0.0,92.31,68.95,70.08,57.95,25.57,46.33,56.39,32.14,34.84,100.0,66.38,79.92,0.0,96.3,57.47,100.0,52.99,65.22,80.0,62.14,66.26
60,200067965,CA de la Région de Compiègne et de la Basse Automne,,,19.0,,,87.04,0.0,55.88,58.99,100.0,100.0,100.0,54.07,57.27,26.01,91.96,94.91,51.53,74.57,77.55,50.5,1.8,94.91,44.14,60.15,46.67,100.0,33.33,18.6,54.07,68.88,16.67,100.0,0.0,100.0,3.01,28.07,43.97,42.31,85.62,29.99,29.32,52.15,100.0,100.0,76.24,100.0,4.2,0.0,25.49,3.03,12.03,5.82,0.0,76.92,55.08,43.18,48.68,23.83,51.33,48.03,37.5,42.47,100.0,74.9,74.56,0.0,43.22,56.32,0.0,27.49,42.39,90.0,62.14,46.71
60,200067973,CC Thelloise,,,8.0,,,0.0,25.0,62.01,65.73,100.0,66.15,100.0,66.28,52.73,41.92,86.85,72.46,57.98,52.86,48.98,49.67,1.4,88.65,34.89,4.59,0.0,100.0,11.73,23.86,21.48,23.67,16.67,24.87,100.0,0.0,0.0,20.97,47.65,35.9,86.27,24.61,29.32,60.86,29.72,0.0,61.23,0.0,39.3,0.0,43.02,,100.0,0.0,0.0,76.92,82.05,72.35,52.65,28.78,24.33,20.81,55.36,55.62,9.72,62.71,66.15,0.0,54.26,57.47,50.0,28.02,29.13,100.0,62.14,64.03
60,200067999,CA du Beauvaisis,,,7.0,,,20.83,0.0,53.31,53.93,100.0,100.0,28.85,51.74,52.73,32.95,83.84,79.96,56.13,60.86,81.63,48.68,2.3,100.0,39.34,34.49,66.67,100.0,31.71,24.95,69.63,100.0,16.67,18.78,0.0,0.0,0.0,30.21,53.97,52.24,84.31,44.01,29.32,39.68,85.0,100.0,71.02,0.0,32.7,0.83,48.46,6.59,100.0,0.0,0.0,76.92,61.73,33.33,39.74,23.96,11.67,47.35,42.86,36.95,100.0,49.24,69.53,0.0,100.0,,0.0,22.71,48.7,96.0,62.14,46.42
60,200068005,CC de l'Oise Picarde,,,14.0,,,38.49,50.0,50.74,52.53,100.0,56.4,0.0,48.26,37.82,51.77,16.74,3.71,52.45,36.57,0.0,49.67,0.7,100.0,24.98,2.65,80.0,100.0,22.18,20.24,29.26,25.8,16.67,0.0,50.0,0.0,63.71,24.9,46.18,49.04,84.31,34.28,29.32,43.55,46.39,0.0,54.13,0.0,77.2,0.0,69.71,2.21,100.0,0.0,0.0,92.31,81.67,51.89,37.42,39.09,15.67,34.86,51.79,25.9,20.1,53.48,39.4,0.0,100.0,65.52,50.0,12.88,58.48,96.0,62.14,51.55
60,200068047,CA Creil Sud Oise,,,10.0,,,100.0,0.0,64.71,60.96,100.0,100.0,100.0,62.79,57.45,36.74,98.12,99.78,60.12,100.0,73.47,50.66,1.3,64.27,28.08,21.25,26.67,100.0,28.69,28.29,18.89,54.79,16.67,44.71,0.0,66.72,0.0,22.53,62.21,34.29,83.66,11.87,29.32,35.02,93.33,100.0,79.15,0.0,2.0,51.28,10.42,21.14,35.9,0.0,0.0,76.92,69.9,0.0,21.52,18.34,0.0,26.99,42.86,0.0,100.0,86.57,82.24,0.0,56.27,,0.0,8.37,0.0,100.0,62.14,36.35
60,246000129,CC du Liancourtois,,,9.0,,,44.6,25.0,64.71,63.76,100.0,85.4,100.0,63.95,50.73,36.36,97.1,98.08,51.84,53.71,69.39,50.66,0.9,58.17,33.73,11.87,6.67,100.0,24.97,27.69,33.33,23.51,16.67,89.15,0.0,0.0,0.0,19.51,52.35,33.65,86.27,15.81,29.32,52.87,100.0,0.0,71.82,0.0,14.9,0.0,19.4,,0.0,4.56,0.0,92.31,75.59,55.3,35.1,27.71,14.33,16.23,51.79,88.86,28.17,86.19,72.4,0.0,45.6,52.87,100.0,18.19,20.11,100.0,62.14,59.26
60,246000376,CC du Clermontois,,,9.0,,,42.99,25.0,52.45,63.2,100.0,90.4,100.0,69.77,52.91,38.26,87.5,85.67,54.91,56.0,100.0,50.66,1.3,81.6,34.7,25.5,0.0,100.0,21.95,17.83,38.15,3.85,16.67,29.1,0.0,0.0,15.03,18.98,58.68,53.21,86.27,12.74,29.32,56.25,100.0,50.0,65.83,19.3,24.0,0.0,40.69,1.49,100.0,0.0,0.0,69.23,71.42,63.64,46.69,31.06,49.67,27.09,53.57,63.45,58.98,70.1,79.45,0.0,56.66,56.32,0.0,20.58,39.78,90.0,62.14,58.39
60,246000566,CC du Plateau Picard,,,26.0,,,37.55,25.0,53.24,53.37,100.0,62.95,0.0,60.47,40.36,47.22,44.2,33.57,54.29,47.14,34.69,49.94,0.8,100.0,26.98,2.85,0.0,100.0,21.49,13.5,10.74,0.0,16.67,0.0,100.0,0.0,76.86,18.4,37.5,57.69,84.97,67.05,29.32,49.65,78.89,50.0,59.49,0.0,66.5,0.0,53.88,4.53,100.0,0.0,0.0,76.92,78.63,61.36,38.74,39.76,21.67,52.55,55.36,25.4,11.37,60.81,62.79,0.0,28.37,62.07,100.0,17.4,58.7,100.0,62.14,54.23
60,246000582,CC des Sablons,,,5.0,,,48.24,0.0,52.94,67.13,100.0,82.55,100.0,63.95,53.09,40.4,83.55,43.93,62.58,58.86,2.04,48.68,1.3,100.0,31.6,4.72,0.0,98.21,14.98,23.64,16.3,16.3,16.67,9.79,100.0,0.0,16.23,20.46,24.56,0.0,84.97,0.0,29.32,54.22,46.11,50.0,65.25,0.0,49.2,0.0,44.88,2.58,100.0,0.0,0.0,84.62,83.19,55.68,45.7,15.53,13.67,28.16,50.0,23.69,40.36,59.29,43.36,0.0,100.0,58.62,50.0,21.38,51.74,100.0,62.14,59.16
60,246000707,CC du Vexin-Thelle,,,0.0,,,57.57,25.0,52.94,62.64,92.67,25.2,0.0,65.7,39.64,52.78,26.59,46.07,61.66,53.14,46.94,48.68,1.3,100.0,32.09,17.09,0.0,100.0,0.0,18.43,1.48,0.0,16.67,4.5,50.0,0.0,44.87,25.1,46.03,45.83,82.35,77.13,29.32,53.12,100.0,0.0,40.02,36.84,81.0,0.0,65.01,1.69,100.0,0.0,0.0,84.62,85.09,74.62,48.34,37.88,21.67,32.94,53.57,50.3,14.33,59.86,70.52,0.0,35.91,58.62,100.0,20.85,48.91,94.0,62.14,64.61
60,246000749,CC des Lisières de l'Oise,,,10.0,,,18.73,50.0,55.15,57.58,96.0,42.45,0.0,54.65,41.82,35.86,61.78,26.61,55.83,41.43,34.69,50.5,1.1,100.0,32.79,32.84,0.0,100.0,24.97,24.84,16.67,6.63,16.67,75.93,0.0,100.0,76.14,21.29,38.53,2.56,79.08,77.82,29.32,48.92,100.0,0.0,61.89,71.93,51.2,0.0,47.34,3.9,88.24,0.0,0.0,76.92,77.3,64.39,49.34,20.35,38.33,41.14,50.0,42.57,36.08,63.1,53.65,0.0,15.33,63.22,0.0,23.51,46.41,56.0,62.14,57.42
60,246000756,CC du Pays Noyonnais,,,46.0,,,0.0,0.0,49.51,45.79,100.0,97.05,0.0,43.6,51.64,33.59,66.38,76.56,55.21,48.57,4.08,50.5,1.0,100.0,25.91,22.25,33.33,100.0,24.97,34.48,0.0,3.52,16.67,34.13,100.0,43.11,59.56,24.21,50.74,33.97,77.78,17.6,29.32,34.73,18.89,100.0,33.06,0.0,50.8,0.0,67.94,2.21,100.0,0.0,0.0,84.62,70.85,26.89,25.5,31.59,7.0,37.37,46.43,0.0,62.77,64.29,78.12,0.0,17.84,64.37,100.0,18.99,20.11,74.0,62.14,46.74
60,246000764,CC de l'Aire Cantilienne,,,8.0,,,100.0,25.0,55.15,66.85,100.0,60.7,39.62,62.79,58.0,28.79,97.17,89.64,63.19,100.0,77.55,50.66,3.2,89.25,62.88,21.1,0.0,100.0,39.14,14.38,14.44,63.96,16.67,100.0,100.0,100.0,44.58,33.23,62.35,71.79,83.66,49.22,29.32,67.01,10.0,0.0,68.34,0.0,13.1,0.0,16.48,,0.0,0.0,0.0,84.62,63.63,75.38,66.23,22.22,81.67,46.83,35.71,50.6,50.25,81.38,70.42,0.0,76.1,51.72,100.0,47.94,46.74,32.0,62.14,69.84
60,246000772,CC des Deux Vallées,,,31.0,,,80.19,50.0,47.06,48.03,100.0,92.2,100.0,59.3,54.55,23.99,90.54,79.15,53.37,35.71,28.57,50.5,1.2,65.23,33.71,12.97,53.33,100.0,48.9,22.65,21.85,27.93,16.67,81.48,50.0,100.0,0.0,15.08,35.29,41.99,79.74,0.0,29.32,44.95,40.56,0.0,63.07,85.96,41.7,0.0,40.61,,42.93,11.65,0.0,76.92,75.21,58.71,39.07,30.79,25.33,28.49,53.57,28.41,42.01,72.33,68.91,0.0,27.21,60.92,0.0,20.32,0.0,60.0,62.14,56.19
60,246000848,CC de la Picardie Verte,,,8.0,,,0.0,50.0,50.21,43.54,98.0,57.1,0.0,48.26,34.91,54.67,28.04,14.91,49.69,46.57,59.18,48.68,1.1,100.0,24.46,0.32,13.33,82.14,17.31,15.09,35.56,12.04,16.67,0.0,0.0,0.0,57.5,24.32,36.76,46.47,79.08,55.94,29.32,43.71,100.0,50.0,43.56,5.26,73.5,0.0,100.0,5.42,100.0,14.65,0.0,76.92,76.35,49.24,36.75,42.3,23.67,37.4,53.57,19.08,38.22,49.19,18.49,0.0,100.0,64.37,0.0,9.16,56.85,78.0,62.14,49.39
60,246000855,CC du Pays des Sources,,,40.0,,,0.0,50.0,50.21,56.18,100.0,24.85,100.0,54.07,50.91,44.95,43.01,39.69,58.28,29.14,44.9,50.5,1.2,100.0,29.69,3.09,13.33,100.0,8.71,20.95,4.44,7.62,16.67,15.08,100.0,0.0,13.13,19.95,29.56,0.0,83.66,0.0,29.32,56.58,41.94,0.0,40.99,35.09,84.0,0.0,73.77,1.48,100.0,0.0,0.0,84.62,84.9,66.29,49.01,43.64,74.0,45.53,51.79,41.57,10.38,45.24,62.5,0.0,11.85,63.22,0.0,21.38,41.41,90.0,62.14,57.71
60,246000871,CC du Pays de Valois,,,8.0,,,19.81,0.0,58.82,67.98,100.0,56.25,100.0,69.19,52.91,42.17,55.4,48.39,61.35,60.29,34.69,47.11,1.3,100.0,35.04,22.2,0.0,46.43,17.07,11.97,8.52,40.87,16.67,27.51,100.0,35.12,57.39,21.21,32.06,17.95,88.24,5.96,29.32,63.04,100.0,50.0,63.25,0.0,59.9,0.0,47.02,2.86,100.0,0.0,0.0,84.62,78.44,71.97,50.0,25.57,37.67,30.67,53.57,60.04,27.68,52.86,34.95,0.0,39.41,57.47,0.0,28.55,57.72,100.0,62.14,64.74
60,246000897,CC de la Plaine d'Estrées,,,27.0,,,0.0,50.0,55.88,59.27,100.0,39.95,52.69,70.93,51.27,28.91,86.81,79.33,61.04,32.57,4.08,50.58,13.1,100.0,44.86,24.97,0.0,92.86,43.32,15.75,31.48,20.88,16.67,0.0,100.0,0.0,0.0,21.83,15.0,0.0,86.27,36.6,29.32,58.74,58.33,0.0,56.99,0.0,57.7,0.0,45.42,1.85,100.0,0.0,0.0,76.92,85.85,75.0,49.01,31.46,84.0,32.2,55.36,43.98,56.51,66.67,59.97,0.0,48.23,59.77,50.0,26.96,50.87,100.0,62.14,62.35
60,246000913,CC du Pays de Bray,,,4.0,,,54.3,25.0,59.31,56.46,99.33,57.25,0.0,59.3,46.73,53.91,32.79,0.0,55.52,40.29,40.82,48.68,1.1,100.0,28.32,24.66,0.0,0.0,30.78,11.59,16.3,0.0,16.67,17.72,50.0,0.0,58.41,16.72,35.0,3.21,80.39,36.77,29.32,46.71,100.0,0.0,50.44,28.07,78.0,0.0,98.19,13.81,100.0,27.79,0.0,84.62,81.67,59.47,39.74,33.73,12.33,30.83,53.57,19.98,0.0,39.95,55.16,0.0,90.63,63.22,100.0,16.07,63.59,92.0,62.14,57.0
60,246000921,CC des Pays d'Oise et d'Halatte,,,12.0,,,39.73,0.0,62.5,63.48,100.0,92.85,100.0,66.28,51.09,30.68,92.14,84.55,58.28,50.29,2.04,50.58,1.2,87.92,36.24,24.92,0.0,78.57,34.03,12.41,25.19,18.76,16.67,59.26,100.0,100.0,0.0,16.94,32.06,56.09,86.93,4.0,29.32,54.95,31.11,0.0,64.31,0.0,20.7,0.0,34.34,,18.06,27.35,0.0,76.92,78.06,60.23,45.36,25.44,48.0,23.22,48.21,36.04,26.19,72.0,66.15,0.0,30.94,55.17,0.0,34.4,31.63,96.0,62.14,61.9
61,200035103,CC de la Vallée de la Haute Sarthe,,,31.0,,,100.0,75.0,50.98,32.02,30.67,47.6,98.46,43.02,35.45,51.26,0.0,0.0,39.26,41.43,0.0,54.79,0.8,22.13,24.28,72.19,20.0,100.0,28.46,16.57,2.96,0.0,35.68,0.0,100.0,100.0,57.92,32.35,42.35,59.29,67.32,38.16,28.29,45.76,,0.0,30.49,21.05,67.7,15.32,93.19,10.97,100.0,77.12,23.86,76.92,66.48,45.45,69.21,42.03,60.67,75.9,50.0,61.85,22.24,28.1,49.51,0.0,8.27,66.67,100.0,20.85,61.74,20.0,46.43,49.9
61,200035111,CC des Sources de l'Orne,,,21.0,,,0.0,75.0,50.74,35.11,88.67,60.15,24.23,31.98,43.09,46.97,19.09,0.0,39.88,45.71,0.0,53.14,0.8,34.84,23.09,0.32,20.0,0.0,24.97,32.07,2.22,0.0,35.68,14.29,100.0,100.0,74.25,29.47,54.12,66.35,70.59,100.0,28.29,42.38,36.39,0.0,49.92,80.7,56.6,0.0,90.55,10.01,100.0,61.06,17.43,84.62,59.83,48.11,54.64,39.89,26.67,69.46,53.57,52.51,57.33,52.81,48.26,100.0,8.94,70.11,100.0,28.82,75.87,30.0,46.43,42.29
61,200035814,CA Flers Agglo,,,22.0,,,82.7,50.0,52.45,40.73,100.0,74.15,39.23,33.72,43.27,42.17,62.93,74.33,43.56,40.29,51.02,56.27,1.0,100.0,26.95,24.63,13.33,0.0,24.27,30.05,10.74,7.78,35.68,0.0,50.0,76.34,9.06,22.48,43.68,20.83,67.32,60.28,28.29,42.34,56.67,100.0,17.53,15.79,44.6,0.0,78.77,7.0,100.0,73.76,1.71,53.85,58.88,43.18,49.67,28.25,7.33,39.74,51.79,42.37,100.0,59.29,74.51,100.0,38.41,67.82,100.0,26.69,66.09,0.0,46.43,43.0
61,200036069,CC du Pays de Mortagne-au-Perche,,,25.0,,,0.0,75.0,49.63,26.12,18.67,76.8,94.62,44.77,34.73,41.92,27.07,58.21,38.65,65.14,100.0,54.46,1.0,41.11,26.55,51.97,13.33,92.86,35.42,12.9,0.0,0.0,35.68,0.0,100.0,100.0,80.45,48.73,45.44,50.96,63.4,84.13,28.29,34.65,90.0,50.0,34.77,0.0,47.9,0.0,88.71,8.97,100.0,58.97,0.0,76.92,59.83,45.08,44.37,31.86,66.33,76.39,46.43,75.6,100.0,55.14,75.47,100.0,6.48,68.97,100.0,21.38,70.87,0.0,46.43,44.13
61,200068435,CC Coeur du Perche,,,12.0,,,0.0,50.0,48.53,37.36,0.0,42.4,0.0,45.35,30.73,52.4,30.51,28.57,42.64,52.57,85.71,44.06,1.0,47.73,23.09,62.0,6.67,100.0,29.62,2.38,0.37,15.15,35.68,9.26,100.0,100.0,83.11,35.22,34.12,27.56,66.01,11.41,28.29,44.93,100.0,0.0,59.9,0.0,69.2,0.0,93.21,12.81,100.0,43.44,0.0,69.23,68.95,54.55,40.4,35.21,0.0,55.19,50.0,61.04,29.65,42.48,64.4,0.0,2.75,66.67,50.0,11.55,67.93,0.0,46.43,45.94
61,200068443,CC Andaine - Passais,,,30.0,,,0.0,75.0,50.74,28.93,0.0,33.2,0.0,45.93,41.27,51.26,21.01,12.5,38.34,46.57,0.0,56.27,0.8,86.56,24.04,37.2,0.0,73.21,57.03,19.69,0.0,21.21,35.68,0.0,50.0,100.0,57.41,29.61,24.26,0.0,51.63,41.05,28.29,42.84,100.0,0.0,28.36,14.04,38.9,0.0,92.27,7.92,100.0,71.65,0.0,69.23,55.46,45.08,49.67,32.26,34.0,52.03,50.0,49.2,100.0,44.86,43.8,0.0,10.85,70.11,50.0,16.87,79.67,0.0,46.43,48.1
61,200068450,CC Terres d'Argentan Interco,,,14.0,,,12.26,75.0,48.53,31.74,96.67,100.0,28.85,43.6,44.36,46.72,32.25,57.72,43.25,54.0,28.57,53.88,0.9,66.59,26.59,9.59,6.67,33.93,43.32,34.59,7.41,29.07,35.68,0.0,100.0,99.72,45.71,25.28,50.74,40.38,66.67,38.68,28.29,40.44,100.0,100.0,43.48,29.82,48.5,0.0,84.97,6.83,100.0,62.15,22.86,61.54,57.55,39.39,41.72,31.73,39.67,48.72,50.0,100.0,100.0,42.95,67.53,100.0,16.94,66.67,50.0,28.02,68.26,0.0,46.43,38.23
61,200068468,CC des Pays de L'Aigle,,,23.0,,,0.0,50.0,50.74,26.69,66.67,81.85,15.77,41.86,40.55,51.14,47.61,33.93,37.42,47.43,53.06,54.13,0.9,48.92,26.74,9.7,0.0,30.36,41.0,17.12,0.0,58.56,35.68,20.37,50.0,0.89,70.81,35.31,47.21,40.38,67.97,63.81,28.29,35.72,33.33,100.0,40.55,3.51,56.4,0.0,85.0,5.52,100.0,46.38,0.0,76.92,58.12,35.98,38.41,26.24,12.33,44.88,48.21,62.85,93.41,46.57,70.78,100.0,8.54,67.82,100.0,27.22,67.5,0.0,46.43,46.16
61,200068856,CC des Hauts du Perche,,,30.0,,,0.0,75.0,51.96,25.84,0.0,52.6,100.0,40.12,34.55,47.22,4.13,0.0,36.2,55.14,73.47,49.09,0.9,45.81,23.54,0.0,0.0,0.0,55.17,6.49,4.81,0.0,35.68,57.67,100.0,100.0,86.35,29.29,29.26,53.85,60.13,77.88,28.29,31.6,100.0,0.0,30.13,100.0,70.9,0.0,88.84,9.86,100.0,58.59,0.0,76.92,61.16,40.53,50.99,42.44,0.0,59.51,48.21,46.69,37.23,24.29,49.48,0.0,1.75,68.97,100.0,4.65,75.43,0.0,46.43,45.68
61,200069458,CC des Vallées d'Auge et du Merlerault,,,14.0,,,0.0,75.0,50.0,25.28,36.0,86.8,0.0,10.47,36.0,45.58,3.8,0.0,35.89,66.0,12.24,51.65,0.7,47.0,21.47,1.76,0.0,76.79,48.66,7.59,0.0,0.0,35.68,0.0,50.0,100.0,71.86,35.85,30.59,0.0,56.86,38.1,28.29,33.43,100.0,0.0,52.58,0.0,52.9,0.0,90.47,12.35,100.0,76.62,79.43,61.54,57.36,29.55,40.4,40.29,69.0,63.64,48.21,63.25,100.0,27.0,30.0,100.0,9.17,73.56,50.0,15.01,66.41,0.0,46.43,40.03
61,200071504,CC des Collines du Perche Normand,,,19.0,,,0.0,75.0,50.37,30.34,23.33,63.8,0.0,36.63,33.64,45.08,40.29,63.35,41.41,54.86,91.84,49.42,0.9,58.39,23.37,0.94,0.0,67.86,44.72,0.0,27.78,28.09,35.68,5.29,50.0,100.0,81.67,36.27,11.03,0.0,64.71,6.6,28.29,44.19,100.0,0.0,47.67,0.0,48.0,0.0,90.22,5.61,100.0,45.97,0.0,76.92,65.53,51.89,48.68,29.99,17.0,47.06,51.79,52.41,100.0,36.9,65.49,100.0,2.12,70.11,100.0,16.6,60.76,0.0,46.43,40.35
61,200071520,CC Domfront Tinchebray Interco,,,23.0,,,0.0,75.0,52.21,34.83,75.33,54.3,88.85,19.77,36.0,48.74,35.33,36.92,38.96,51.43,100.0,56.27,0.7,28.16,21.17,47.27,0.0,57.14,54.94,17.67,3.33,0.0,35.68,0.0,100.0,100.0,33.43,25.73,31.32,0.0,62.09,52.29,28.29,43.38,90.0,100.0,59.39,0.0,52.7,0.0,83.99,6.11,100.0,75.29,0.0,76.92,62.3,45.83,58.61,23.03,5.33,47.87,53.57,50.1,67.87,52.71,55.03,89.55,10.36,72.41,100.0,25.1,77.83,0.0,46.43,48.48
61,200071652,CC du Pays Fertois et du Bocage Carrougien,,,33.0,,,75.8,75.0,52.21,44.66,43.33,6.25,0.0,30.23,34.55,52.4,0.0,0.0,46.01,43.14,38.78,54.18,0.9,40.32,19.98,69.67,0.0,0.0,14.75,11.26,0.0,3.52,35.68,25.4,100.0,100.0,75.19,13.25,20.74,37.18,67.32,0.0,28.29,47.86,81.94,50.0,25.64,0.0,70.3,0.0,91.77,14.46,100.0,71.44,12.86,69.23,74.64,51.14,62.91,35.48,39.33,59.74,53.57,71.39,38.22,30.81,60.81,0.0,1.77,67.82,100.0,13.94,81.96,0.0,46.43,46.0
61,246100390,CC du Val d'Orne,,,17.0,,,100.0,75.0,51.96,42.42,31.33,18.35,0.0,28.49,16.73,56.69,0.0,0.0,44.17,48.57,22.45,53.88,0.9,29.67,22.1,0.12,0.0,0.0,8.01,8.96,7.41,0.57,35.68,0.0,100.0,0.0,70.5,21.97,20.59,0.0,68.63,73.42,28.29,52.44,100.0,0.0,10.77,63.16,81.8,0.0,87.52,15.5,100.0,73.76,0.0,76.92,73.12,46.97,60.93,39.22,5.0,98.63,51.79,68.88,66.56,24.95,58.96,0.0,1.35,66.67,100.0,25.37,76.63,34.0,46.43,44.94
61,246100663,CU d'Alençon,,,33.0,,,0.0,50.0,52.94,44.38,100.0,100.0,45.0,53.49,44.0,36.87,74.06,86.92,50.61,60.86,81.63,54.79,1.6,100.0,35.22,43.54,0.0,89.29,21.25,24.02,31.48,43.82,35.68,20.37,100.0,100.0,44.92,27.73,63.68,62.5,69.28,74.06,28.29,44.21,81.94,100.0,65.95,0.0,22.1,0.0,84.85,7.89,100.0,61.41,17.0,53.85,51.66,37.12,40.4,19.68,71.0,56.42,44.64,79.22,100.0,63.14,75.13,0.0,17.1,,100.0,29.88,53.04,22.0,46.43,41.84
62,200018083,CC de Desvres-Samer,,,32.0,,,0.0,75.0,47.55,56.46,100.0,42.6,100.0,54.07,49.09,51.77,49.67,77.86,63.8,34.86,22.45,60.23,1.0,100.0,27.74,0.0,26.67,60.71,16.84,78.25,30.74,16.95,37.39,0.0,100.0,100.0,47.06,20.96,44.56,14.1,79.08,43.78,43.12,52.58,38.61,0.0,46.8,0.0,50.7,0.0,93.1,4.74,100.0,47.88,0.0,69.23,85.85,45.08,50.33,40.96,57.0,56.75,51.79,7.13,44.15,56.67,46.48,100.0,11.04,64.37,100.0,17.66,0.0,96.0,36.07,52.35
62,200033579,CU d'Arras,,,16.0,,,33.33,50.0,44.61,56.46,100.0,100.0,100.0,54.65,60.18,16.04,93.88,99.51,60.74,68.0,83.67,60.4,2.1,100.0,44.03,36.51,100.0,98.21,51.22,83.51,45.56,82.8,37.39,0.0,0.0,0.0,0.0,26.72,55.44,53.85,83.66,46.09,43.12,52.43,93.06,100.0,74.08,0.0,18.0,0.0,33.66,0.95,100.0,0.0,0.0,61.54,58.12,41.29,43.38,24.63,53.0,52.81,41.07,56.43,100.0,68.71,78.1,0.0,37.19,,0.0,26.96,12.17,74.0,36.07,49.74
62,200035442,CC du Sud Artois,,,16.0,,,45.88,50.0,45.0,44.38,100.0,39.7,0.0,50.0,38.36,30.18,47.1,12.32,55.52,42.86,38.78,57.34,1.0,100.0,30.07,2.08,0.0,42.86,35.66,55.46,22.59,24.16,37.39,0.0,100.0,0.0,71.76,19.87,36.91,56.41,81.05,57.32,43.12,53.46,100.0,0.0,45.5,0.0,65.5,0.0,57.0,1.06,100.0,0.0,0.0,69.23,76.16,49.24,45.36,50.6,52.67,37.89,51.79,64.16,58.81,52.48,45.89,0.0,8.89,65.52,100.0,6.77,40.0,78.0,36.07,44.1
62,200044030,CC des 7 Vallées,,,16.0,,,0.0,50.0,38.24,39.33,72.0,47.55,0.0,48.84,46.18,47.6,25.87,43.35,49.69,42.86,10.2,58.91,0.6,100.0,25.27,1.0,0.0,100.0,45.64,62.09,20.74,7.78,37.39,0.0,100.0,0.0,67.23,26.25,40.88,27.56,69.93,33.87,43.12,43.34,100.0,0.0,48.25,3.51,63.7,0.0,100.0,2.35,100.0,0.0,0.0,61.54,71.79,31.44,34.77,56.22,12.0,79.19,50.0,0.0,59.47,51.71,22.89,48.02,11.23,66.67,100.0,10.76,11.52,20.0,36.07,42.39
62,200044048,CC Osartis Marquion,,,16.0,,,0.0,75.0,45.8,56.46,100.0,32.3,100.0,65.7,48.91,20.96,83.04,79.24,62.88,33.71,26.53,59.78,1.3,100.0,36.01,3.64,33.33,98.21,37.28,64.89,33.33,33.17,37.39,0.0,0.0,0.0,20.95,15.88,31.32,30.77,81.7,0.0,43.12,66.31,100.0,0.0,62.34,3.51,68.0,0.0,43.05,0.59,100.0,0.0,0.0,61.54,84.14,61.74,53.64,35.07,50.33,27.45,51.79,32.73,19.11,54.9,66.41,0.0,22.63,60.92,0.0,17.93,42.72,86.0,36.07,57.32
62,200069029,CA des Deux Baies en Montreuillois,,,19.0,,,0.0,50.0,46.18,44.38,0.0,69.9,100.0,72.67,52.73,34.85,82.46,73.71,57.06,47.43,28.57,57.92,1.5,69.57,40.21,25.43,100.0,100.0,55.87,100.0,17.78,53.81,37.39,4.5,0.0,15.96,34.58,50.73,68.97,54.49,68.63,75.39,43.12,48.75,47.78,0.0,59.04,29.82,25.8,0.0,63.1,2.2,100.0,0.0,0.0,61.54,62.87,48.86,37.42,31.19,72.67,93.82,44.64,40.96,100.0,66.67,63.88,0.0,27.08,63.22,100.0,32.54,0.0,0.0,36.07,53.39
62,200069037,CA du Pays de Saint-Omer,,,26.0,,,0.0,50.0,38.24,51.12,100.0,71.35,71.54,56.98,53.45,30.81,81.12,82.46,56.75,45.14,48.98,56.88,1.3,73.23,33.01,21.75,53.33,0.0,44.72,70.04,16.3,36.61,37.39,0.0,0.0,100.0,0.0,20.74,40.74,64.42,81.7,29.53,43.12,45.47,99.72,50.0,65.98,24.56,27.4,0.0,58.22,1.07,100.0,4.68,0.0,53.85,71.79,35.98,33.77,36.81,59.67,67.61,50.0,8.84,100.0,52.29,64.58,94.77,17.77,62.07,0.0,23.51,0.0,82.0,36.07,47.71
62,200069235,CC du Haut Pays du Montreuillois,,,24.0,,,0.0,75.0,38.45,46.07,78.67,24.2,0.0,50.0,43.45,57.32,0.0,0.0,57.36,46.0,0.0,59.35,0.8,100.0,22.07,0.47,0.0,0.0,11.03,47.9,27.78,0.0,37.39,0.0,100.0,0.0,63.04,25.29,45.29,49.04,77.78,100.0,43.12,51.4,90.28,50.0,31.94,0.0,85.1,0.0,99.99,1.75,100.0,0.0,0.0,69.23,79.96,34.85,48.68,66.8,25.67,96.0,50.0,0.0,63.26,14.38,25.0,0.0,6.68,67.82,100.0,21.91,0.0,76.0,36.07,41.1
62,200069482,CC des Campagnes de l'Artois,,,16.0,,,0.0,75.0,43.87,56.46,100.0,14.55,0.0,58.14,44.0,43.69,41.99,22.46,65.34,34.29,59.18,57.67,1.3,100.0,30.56,5.12,40.0,100.0,15.45,50.1,13.7,15.64,37.39,0.0,100.0,0.0,51.15,23.16,35.74,12.5,79.08,26.69,43.12,70.86,75.28,0.0,52.33,7.02,84.3,0.0,100.0,2.42,100.0,0.0,0.0,69.23,85.09,62.12,58.28,51.0,39.0,44.13,50.0,21.18,18.95,30.19,58.49,42.37,11.28,64.37,100.0,20.05,32.28,70.0,36.07,58.45
62,200069672,CC du Ternois,,,16.0,,,0.0,75.0,39.22,40.17,100.0,38.45,3.08,45.35,38.55,40.15,27.93,30.58,55.21,43.43,0.0,57.85,0.7,100.0,25.48,2.62,20.0,100.0,35.42,34.7,12.59,31.7,37.39,0.0,0.0,0.0,59.96,24.86,40.29,9.62,72.55,45.92,43.12,41.45,78.89,100.0,40.21,0.0,58.1,0.0,100.0,2.66,100.0,5.21,0.0,61.54,74.26,31.44,34.11,53.55,16.67,48.0,48.21,0.0,75.62,48.43,48.26,0.0,11.69,67.82,50.0,9.43,22.07,42.0,36.07,44.65
62,200072460,"CA de Béthune-Bruay, Artois-Lys Romane",,,16.0,,,48.23,50.0,45.29,46.91,100.0,100.0,0.0,54.65,50.73,18.18,93.3,97.95,57.67,39.71,46.94,61.68,1.2,100.0,35.97,22.46,66.67,94.64,41.7,86.91,20.37,40.7,37.39,0.0,0.0,0.0,0.0,15.79,54.56,36.54,81.05,37.7,43.12,46.39,83.61,100.0,67.06,0.0,10.9,0.0,33.76,1.33,100.0,0.0,0.0,46.15,71.42,29.55,32.45,29.72,18.67,34.11,48.21,5.42,58.65,75.67,73.65,51.27,100.0,,0.0,16.87,0.0,86.0,36.07,48.94
62,200072478,CC Pays d'Opale,,,32.0,,,0.0,50.0,39.71,55.34,100.0,40.05,0.0,64.53,56.73,50.0,71.96,66.03,62.88,32.86,34.69,54.7,1.1,100.0,26.88,23.13,0.0,100.0,40.53,61.11,10.74,32.84,37.39,6.61,100.0,100.0,13.54,17.43,60.74,71.47,80.39,100.0,43.12,52.23,76.94,0.0,49.44,0.0,55.0,19.03,72.39,2.41,100.0,0.0,0.0,61.54,84.52,42.8,43.38,39.76,49.0,62.5,51.79,0.0,16.31,35.0,48.15,100.0,14.96,62.07,100.0,27.22,0.0,98.0,36.07,50.84
62,200090751,CA Grand Calais Terres et Mers,,,32.0,,,77.59,50.0,48.53,47.19,100.0,100.0,0.0,50.58,56.18,22.73,93.44,99.82,58.59,58.29,61.22,49.17,1.2,90.43,35.0,34.91,66.67,96.43,46.57,100.0,18.52,54.79,37.39,0.0,0.0,46.76,0.0,19.76,55.59,60.26,83.01,28.14,43.12,39.37,53.61,100.0,57.3,0.0,8.4,0.0,28.35,1.35,100.0,0.0,0.0,61.54,60.02,12.12,13.25,20.75,19.0,77.11,44.64,18.37,100.0,77.19,78.41,14.27,35.42,,0.0,14.21,32.61,86.0,36.07,43.35
62,246200299,CA d'Hénin-Carvin,,,16.0,,,100.0,25.0,54.41,50.0,100.0,100.0,30.0,58.14,56.18,7.7,98.73,99.87,58.59,46.57,46.94,62.21,1.2,64.75,34.38,19.48,100.0,100.0,40.3,95.02,66.3,61.02,37.39,0.0,0.0,0.0,0.0,17.45,50.0,38.14,80.39,20.67,43.12,38.41,39.44,50.0,74.97,0.0,1.7,0.0,10.46,9.25,24.71,0.0,0.0,46.15,72.55,16.29,29.47,21.82,1.67,26.83,50.0,0.0,88.14,91.86,84.01,11.16,100.0,58.62,0.0,15.54,29.78,100.0,36.07,46.81
62,246200364,CA de Lens - Liévin,,,16.0,,,87.16,25.0,46.57,45.51,100.0,100.0,0.0,58.72,54.18,7.95,97.28,99.78,58.28,40.86,46.94,60.4,1.1,59.89,35.73,16.73,100.0,100.0,42.39,100.0,54.44,57.58,37.39,0.0,0.0,0.0,0.0,13.18,58.68,48.08,81.05,40.3,43.12,37.37,59.44,100.0,75.04,0.0,3.9,0.0,13.11,2.19,70.01,0.0,0.0,46.15,69.14,9.85,24.83,19.28,0.0,31.64,48.21,0.0,75.12,84.67,82.14,11.58,100.0,,0.0,11.29,0.0,100.0,36.07,44.48
62,246200380,CC de la Terre des Deux Caps,,,32.0,,,66.29,50.0,44.61,57.87,0.0,65.55,100.0,76.16,44.36,40.78,60.0,89.91,64.11,37.71,28.57,54.7,1.1,100.0,32.76,15.23,66.67,100.0,49.83,76.94,29.63,49.22,37.39,0.0,50.0,100.0,34.36,27.61,45.74,35.9,81.7,27.1,43.12,53.59,100.0,0.0,67.26,0.0,54.6,13.32,94.98,6.89,100.0,30.74,0.0,53.85,83.76,44.7,49.67,41.1,37.33,56.49,48.21,21.69,32.45,68.24,57.21,0.0,16.09,64.37,100.0,23.77,11.09,84.0,36.07,53.97
62,246200729,CA du Boulonnais,,,32.0,,,100.0,25.0,48.04,49.72,55.33,100.0,3.85,60.47,59.45,16.41,97.03,97.95,61.96,61.14,77.55,59.08,1.4,100.0,40.15,37.49,100.0,100.0,65.85,89.54,27.04,68.55,37.39,38.62,50.0,100.0,19.72,22.45,51.91,48.4,77.12,30.4,43.12,41.87,53.06,100.0,76.94,19.3,9.6,0.0,22.7,4.44,41.11,55.24,0.0,61.54,60.97,23.86,30.79,25.84,22.0,67.8,44.64,15.96,100.0,68.19,76.93,12.57,27.89,,50.0,17.13,0.0,52.0,36.07,37.71
62,246200844,CC de la Région d'Audruicq,,,32.0,,,100.0,75.0,40.2,60.96,100.0,43.15,8.08,65.12,56.73,63.89,64.46,82.41,64.72,25.14,0.0,50.08,1.5,100.0,28.31,16.14,6.67,69.64,24.27,60.94,25.93,41.36,37.39,0.0,50.0,31.22,0.0,7.12,63.97,71.79,84.31,71.8,43.12,64.75,100.0,0.0,62.73,0.0,50.7,0.0,48.07,0.49,100.0,0.0,0.0,61.54,88.32,53.41,49.34,33.47,39.33,47.9,50.0,0.0,0.0,72.05,44.09,100.0,31.81,62.07,100.0,28.55,15.54,100.0,36.07,56.03
62,246201016,CC du Pays de Lumbres,,,32.0,,,73.37,75.0,38.53,57.02,100.0,29.4,0.0,64.53,52.0,51.01,38.62,31.83,61.35,29.71,24.49,56.44,1.0,100.0,26.8,25.6,0.0,80.36,0.0,64.61,17.41,3.85,37.39,0.0,0.0,100.0,10.28,12.0,44.71,52.24,82.35,34.51,43.12,64.15,100.0,0.0,63.41,0.0,70.7,0.0,97.15,1.06,100.0,34.35,0.0,61.54,86.8,50.76,54.64,52.61,53.67,60.59,53.57,0.0,20.1,57.81,55.23,58.47,10.81,60.92,50.0,24.04,0.0,100.0,36.07,56.29
63,200067627,CC Billom Communauté,,,40.0,,,0.0,75.0,53.31,60.11,92.67,21.1,100.0,33.72,50.18,46.34,58.88,53.97,50.92,34.29,34.69,64.52,1.3,28.74,31.14,19.36,20.0,50.0,37.98,33.33,33.7,30.22,46.15,23.28,100.0,100.0,23.93,24.94,62.65,56.73,83.66,84.37,33.82,59.48,0.0,50.0,75.39,0.0,76.3,0.0,84.98,6.2,100.0,69.03,1.86,30.77,75.4,65.91,59.93,36.68,67.33,47.54,53.57,75.1,0.0,61.33,37.81,0.0,24.92,64.37,100.0,35.46,0.0,72.0,51.07,62.0
63,200069169,CC Dômes Sancy Artense,,,44.0,,,0.0,75.0,55.51,43.54,0.0,6.3,0.0,29.07,43.27,57.83,0.0,0.0,42.02,51.71,0.0,49.5,1.0,17.65,26.41,0.0,100.0,0.0,95.82,56.29,0.0,75.59,46.15,57.41,100.0,100.0,69.46,56.45,37.21,48.4,73.2,61.73,33.82,57.08,10.83,0.0,67.2,0.0,60.1,0.0,80.16,10.93,100.0,99.29,48.14,38.46,67.05,46.97,71.52,66.53,25.0,100.0,50.0,81.43,40.53,0.0,6.25,100.0,11.32,68.97,100.0,14.48,79.78,2.0,51.07,53.68
63,200069177,CC Mond'Arverne Communauté,,,33.0,,,0.0,75.0,52.65,69.1,100.0,23.3,100.0,48.26,55.82,39.52,75.76,70.85,60.74,29.71,46.94,64.52,1.5,29.11,34.9,14.08,93.33,98.21,23.34,41.06,59.63,61.02,46.15,46.03,100.0,100.0,8.88,26.63,59.71,68.27,79.08,57.9,33.82,68.06,0.0,0.0,80.43,12.28,37.9,0.0,60.56,8.43,100.0,66.68,48.14,46.15,77.87,76.52,67.55,30.66,59.33,45.53,51.79,81.22,0.0,40.76,47.06,68.79,41.41,62.07,100.0,49.0,0.0,50.0,51.07,66.55
63,200070407,CA Agglo Pays d'Issoire,,,38.0,,,78.86,75.0,54.71,48.6,73.33,39.85,100.0,23.84,49.27,37.75,48.44,49.38,46.63,47.71,20.41,59.65,1.4,25.97,30.12,8.56,100.0,0.0,44.48,61.65,25.93,54.79,46.15,76.19,50.0,100.0,67.14,40.56,43.97,0.0,77.78,19.05,33.82,48.2,10.83,0.0,36.3,0.0,47.9,0.0,97.57,6.47,100.0,79.32,27.14,30.77,60.02,51.89,50.99,38.29,56.67,59.15,50.0,32.83,70.68,35.81,59.14,0.0,23.38,64.37,50.0,23.24,11.2,24.0,51.07,47.9
63,200070712,CC Thiers Dore et Montagne,,,40.0,,,9.18,50.0,52.45,38.76,75.33,49.2,71.15,0.0,42.36,36.49,47.5,49.82,44.48,41.14,55.1,55.28,1.0,100.0,27.54,1.28,0.0,0.0,55.17,25.5,21.85,71.33,46.15,100.0,50.0,100.0,66.64,40.53,35.59,3.85,69.93,13.32,33.82,33.6,19.44,100.0,63.72,70.18,38.9,20.51,85.81,8.78,2.12,91.91,98.86,46.15,59.07,32.2,45.7,32.4,22.67,62.73,48.21,26.2,100.0,23.95,58.26,38.42,11.24,68.97,100.0,21.12,65.22,0.0,51.07,45.68
63,200070753,CA Riom Limagne et Volcans,,,35.0,,,0.0,75.0,54.41,65.73,100.0,46.35,100.0,48.26,58.55,29.8,85.0,90.18,55.83,33.14,48.98,64.52,1.5,100.0,36.6,17.48,86.67,96.43,27.76,39.58,71.48,60.2,46.15,21.43,100.0,100.0,0.0,26.19,40.15,52.56,80.39,23.22,33.82,61.43,0.0,0.0,73.72,0.0,33.7,0.0,37.65,6.19,100.0,41.24,0.0,30.77,69.9,68.94,53.64,29.05,55.0,68.49,51.79,89.36,65.4,56.52,72.6,41.38,61.31,63.22,100.0,41.83,17.07,62.0,51.07,62.13
63,200070761,CC Ambert Livradois Forez,,,42.0,,,0.0,75.0,47.94,33.43,0.0,16.7,87.31,20.93,38.73,54.29,0.0,0.0,40.18,61.14,100.0,55.28,0.9,32.21,26.37,10.22,0.0,0.0,42.39,14.76,31.11,30.88,46.15,100.0,50.0,100.0,87.02,52.73,40.15,59.94,64.05,19.98,33.82,45.95,57.22,50.0,61.33,0.0,55.1,0.0,90.6,6.09,4.43,93.85,96.86,46.15,56.03,32.58,44.7,44.71,22.33,100.0,46.43,63.76,90.61,5.19,47.47,51.13,2.65,71.26,50.0,15.54,75.11,0.0,51.07,45.45
63,200071199,CC Plaine Limagne,,,36.0,,,0.0,50.0,51.47,53.93,100.0,16.85,53.08,38.37,50.0,46.09,45.87,18.26,48.47,30.57,36.73,59.74,0.9,18.16,25.1,1.93,0.0,100.0,10.1,27.42,23.7,31.2,46.15,0.0,50.0,7.26,39.68,23.09,53.68,57.37,77.12,0.0,33.82,51.94,5.56,0.0,66.1,0.0,63.1,0.0,61.86,4.78,100.0,52.56,0.0,38.46,77.3,60.23,38.74,43.78,37.33,55.38,53.57,62.25,7.58,32.76,53.33,0.0,19.03,66.67,100.0,29.61,39.57,62.0,51.07,59.77
63,200071215,CC Chavanon Combrailles et Volcans,,,36.0,,,100.0,75.0,44.33,29.49,0.0,17.5,0.0,13.37,29.45,55.3,0.0,0.0,35.28,55.14,0.0,49.5,0.7,28.53,22.65,0.15,80.0,0.0,100.0,55.85,0.0,56.92,46.15,64.81,100.0,100.0,74.22,65.44,45.59,58.01,64.71,0.0,33.82,52.81,100.0,0.0,61.7,0.0,75.4,0.0,90.57,7.7,100.0,96.62,52.57,46.15,58.12,34.09,68.21,56.36,58.67,100.0,50.0,80.12,47.61,0.0,0.0,0.0,12.0,70.11,100.0,16.07,77.93,0.0,51.07,53.26
63,200072080,CC du Pays de Saint-Eloy,,,39.0,,,100.0,75.0,45.29,25.56,2.67,46.8,0.0,7.56,29.82,47.85,0.0,0.0,30.67,47.71,4.08,60.73,0.6,30.54,23.56,1.36,0.0,0.0,41.7,65.0,15.19,0.0,46.15,25.13,0.0,33.75,80.14,37.95,47.06,74.04,57.52,70.47,33.82,35.25,92.5,50.0,45.9,0.0,66.1,0.0,97.53,6.35,100.0,92.5,52.71,30.77,51.47,27.27,49.67,53.95,13.0,100.0,48.21,58.03,82.21,0.0,3.1,0.0,5.78,68.97,50.0,7.3,75.0,0.0,51.07,44.68
63,200072098,CC Combrailles Sioule et Morge,,,27.0,,,100.0,75.0,49.51,51.12,68.67,25.0,0.0,31.98,51.45,45.96,20.25,0.0,48.47,27.14,40.82,64.52,1.1,25.17,27.45,0.12,13.33,0.0,25.2,40.78,25.19,31.7,46.15,50.79,100.0,100.0,23.86,29.55,17.35,0.0,80.39,0.0,33.82,56.65,22.5,50.0,56.31,0.0,72.9,0.0,96.33,7.51,100.0,88.12,44.43,38.46,72.93,63.26,63.58,42.44,56.0,84.88,53.57,60.34,39.21,10.0,39.11,71.05,20.05,64.37,50.0,29.35,52.39,62.0,51.07,58.13
63,246300701,Clermont Auvergne Métropole,,,36.0,,,73.62,25.0,60.29,64.61,100.0,100.0,100.0,50.58,61.82,19.32,98.37,99.38,49.39,89.43,100.0,64.52,1.8,62.08,41.68,31.33,100.0,100.0,46.57,48.95,85.19,90.66,46.15,38.36,0.0,100.0,0.0,31.27,49.56,50.96,86.93,33.58,33.82,54.23,0.0,100.0,68.97,100.0,3.5,0.0,5.2,20.41,5.98,37.94,27.0,30.77,39.32,37.12,59.93,18.61,45.0,55.61,35.71,40.86,100.0,88.9,79.17,4.8,67.57,,0.0,32.01,0.0,56.0,51.07,39.35
63,246300966,CC du Massif du Sancy,,,45.0,,,0.0,50.0,56.62,29.21,0.0,21.55,0.0,54.65,44.36,47.98,0.43,0.0,30.37,83.14,0.0,59.65,0.7,31.91,27.99,3.87,100.0,0.0,100.0,37.44,0.0,88.7,46.15,100.0,100.0,100.0,79.86,100.0,64.26,49.68,69.93,12.1,33.82,47.03,100.0,0.0,40.36,71.93,33.0,0.0,77.98,6.71,100.0,99.56,43.43,46.15,50.9,37.88,60.6,54.22,48.0,100.0,46.43,78.61,100.0,0.0,0.0,0.0,4.23,70.11,100.0,22.18,81.52,0.0,51.07,26.9
63,246301097,CC Entre Dore et Allier,,,40.0,,,92.42,50.0,49.63,60.39,100.0,17.35,0.0,48.84,52.18,51.26,57.5,80.4,53.07,29.71,28.57,59.9,1.0,73.37,29.66,10.51,26.67,96.43,25.67,30.7,53.7,49.88,46.15,13.49,50.0,100.0,3.61,19.96,43.53,27.88,79.74,29.99,33.82,50.12,8.89,0.0,77.27,0.0,60.3,0.0,86.63,4.11,100.0,66.59,17.57,38.46,77.87,65.53,47.02,26.91,64.67,36.39,53.57,52.21,19.93,38.43,53.31,0.0,36.46,64.37,50.0,25.63,39.67,64.0,51.07,61.94
64,200039204,CC de Lacq-Orthez,,,18.0,,,75.89,75.0,41.67,55.34,100.0,59.9,44.62,47.67,56.0,43.31,41.38,53.79,51.84,31.71,22.45,48.13,1.1,17.83,29.19,13.07,66.67,0.0,50.06,38.59,49.26,60.2,39.74,31.75,0.0,8.6,12.79,39.38,37.79,28.21,71.24,21.95,64.39,43.97,19.17,50.0,56.22,0.0,46.7,0.0,99.47,3.85,100.0,36.41,24.14,61.54,67.62,53.79,43.38,42.3,25.33,57.3,50.0,32.63,93.9,52.24,56.77,79.94,24.85,64.37,0.0,34.13,0.0,4.0,64.29,49.26
64,200067106,CA du Pays Basque,,,16.0,,,0.0,25.0,47.79,65.73,0.0,62.95,100.0,69.77,60.18,38.38,68.84,70.94,56.44,58.86,100.0,45.13,1.6,77.18,41.21,27.8,100.0,0.0,49.36,79.73,76.67,100.0,39.74,100.0,50.0,100.0,30.85,64.63,55.0,52.24,77.12,41.57,64.39,50.72,0.0,100.0,51.63,0.0,21.4,0.0,80.49,7.39,59.38,83.18,100.0,38.46,51.85,53.41,56.95,33.87,56.67,76.26,42.86,60.54,100.0,56.71,45.57,73.73,74.92,,100.0,43.43,28.91,0.0,64.29,50.06
64,200067239,CC des Luys en Béarn,,,0.0,,,100.0,75.0,37.25,68.54,100.0,25.75,96.15,56.98,61.64,62.25,27.79,5.71,65.64,32.57,42.86,51.57,1.7,86.25,32.74,9.84,60.0,0.0,22.18,22.87,41.11,19.25,39.74,6.08,0.0,0.0,6.48,47.77,31.91,27.88,77.12,61.67,64.39,64.5,4.44,0.0,62.76,0.0,69.9,0.0,100.0,4.56,100.0,47.5,0.0,69.23,85.09,67.42,60.6,44.58,57.67,66.63,51.79,47.79,72.82,18.05,36.8,100.0,16.12,60.92,50.0,59.63,0.0,70.0,64.29,60.16
64,200067254,CA Pau Béarn Pyrénées,,,47.0,,,39.17,50.0,41.67,67.7,100.0,79.55,100.0,36.63,68.0,21.72,90.65,95.71,55.21,65.71,100.0,55.45,1.6,93.1,40.32,40.66,100.0,98.21,44.72,64.78,56.67,100.0,39.74,26.98,0.0,21.36,0.0,41.11,59.26,68.59,81.7,41.75,64.39,50.15,25.0,100.0,68.95,0.0,9.3,22.82,22.34,5.7,44.94,28.29,37.29,61.54,41.98,42.42,51.32,23.96,34.0,61.11,37.5,50.4,100.0,74.95,76.82,8.47,47.78,,100.0,44.75,0.0,18.0,64.29,45.77
64,200067262,CC du Haut Béarn,,,11.0,,,0.0,75.0,40.07,53.09,21.33,21.65,0.0,52.33,52.91,50.88,42.03,25.27,51.53,47.71,67.35,52.97,1.1,93.64,25.95,8.47,100.0,0.0,53.77,56.51,24.44,47.91,39.74,100.0,100.0,100.0,67.97,55.68,44.56,1.6,71.24,75.33,64.39,44.2,18.61,100.0,45.61,0.0,44.1,0.0,93.41,6.74,0.0,78.24,100.0,53.85,58.88,48.48,51.66,48.46,22.33,87.45,50.0,64.16,100.0,32.24,62.14,100.0,54.75,66.67,50.0,43.43,60.76,0.0,64.29,44.81
64,200067288,CC du Béarn des Gaves,,,49.0,,,0.0,75.0,34.56,42.13,52.0,19.5,75.77,38.37,47.45,58.46,18.04,26.34,45.4,44.57,38.78,48.13,0.9,9.5,24.58,21.96,66.67,73.21,72.59,53.88,62.96,70.84,39.74,34.66,100.0,15.94,56.13,58.9,48.38,51.6,60.78,100.0,64.39,40.91,30.0,0.0,26.98,5.26,53.9,11.1,98.63,4.94,100.0,62.09,45.86,69.23,65.34,41.67,42.05,52.74,0.0,87.51,48.21,38.55,68.86,34.57,51.3,100.0,7.23,67.82,100.0,21.91,0.0,0.0,64.29,51.06
64,200067296,CC du Nord Est Béarn,,,12.0,,,99.36,75.0,41.81,66.85,100.0,12.8,100.0,59.3,62.55,60.98,15.62,33.57,64.72,28.86,18.37,55.45,1.6,39.88,29.82,0.71,46.67,0.0,0.12,38.59,43.7,33.5,39.74,2.65,0.0,0.0,10.73,37.5,45.15,57.37,75.16,55.3,64.39,64.77,38.33,0.0,55.52,0.0,59.3,0.0,98.72,3.56,100.0,48.85,0.0,53.85,83.76,66.29,59.6,39.49,39.33,54.44,50.0,45.98,17.63,44.57,35.08,100.0,25.89,60.92,100.0,54.85,0.0,54.0,64.29,61.03
64,246400337,CC de la Vallée d'Ossau,,,2.0,,,0.0,50.0,40.44,50.84,0.0,8.85,0.0,60.47,28.36,59.47,36.09,0.0,49.69,52.86,44.9,52.97,0.7,57.11,23.05,26.86,100.0,0.0,62.14,26.98,10.74,3.19,39.74,100.0,100.0,100.0,86.98,79.43,47.94,0.0,65.36,36.94,64.39,44.12,52.22,0.0,20.15,28.07,40.5,18.4,83.78,4.72,0.0,84.35,100.0,46.15,62.3,49.24,63.25,57.3,33.0,94.7,51.79,61.14,60.63,62.95,34.61,100.0,15.16,65.52,100.0,44.49,67.61,0.0,64.29,39.77
64,246401756,CC Pays de Nay,,,13.0,,,0.0,75.0,40.69,62.64,96.67,14.15,100.0,55.81,56.91,51.14,71.74,82.05,62.27,31.14,51.02,56.44,1.4,33.67,29.62,11.38,100.0,0.0,31.01,71.73,28.15,47.75,39.74,82.54,50.0,100.0,17.25,38.96,21.62,0.0,73.86,32.31,64.39,58.49,0.0,50.0,48.58,0.0,42.5,0.0,88.55,2.51,58.95,77.24,100.0,53.85,78.63,65.91,59.27,45.11,68.33,54.96,53.57,64.56,59.47,68.62,50.78,48.87,51.19,60.92,100.0,42.1,17.93,40.0,64.29,59.16
65,200069300,CA Tarbes-Lourdes-Pyrénées,,,27.0,,,9.5,50.0,51.84,51.12,100.0,80.75,0.77,36.05,57.45,31.44,88.19,94.87,48.16,46.29,65.31,57.43,1.3,92.73,34.2,19.23,46.67,80.36,48.66,78.91,69.26,91.81,31.2,70.9,100.0,9.14,25.14,42.14,60.74,53.53,73.86,53.97,38.81,45.27,27.5,100.0,63.97,0.0,23.8,0.0,57.25,5.62,52.17,71.0,45.29,46.15,48.81,35.98,47.35,26.24,14.33,62.73,46.43,59.64,100.0,61.9,77.55,66.38,63.56,63.22,50.0,33.6,0.0,0.0,46.79,41.45
65,200070787,CC du Plateau de Lannemezan,,,15.0,,,0.0,75.0,47.06,37.92,26.0,29.5,100.0,48.84,49.45,45.58,18.41,24.33,42.64,39.71,38.78,57.43,0.9,47.15,26.92,0.88,13.33,0.0,45.64,79.29,0.0,17.61,31.2,82.8,0.0,0.0,63.82,48.98,63.38,68.27,64.71,12.51,38.81,38.25,45.28,0.0,45.6,0.0,55.9,0.0,94.89,6.23,59.48,86.06,84.0,46.15,54.32,41.29,42.38,51.41,22.33,88.85,50.0,100.0,100.0,43.1,68.88,0.0,7.15,66.67,0.0,28.02,0.0,0.0,46.79,48.42
65,200070795,CC du Pays de Trie et du Magnoac,,,17.0,,,100.0,50.0,41.67,36.8,42.0,8.5,0.0,34.3,38.73,67.05,0.0,0.0,43.56,61.43,100.0,48.73,1.1,0.0,20.63,0.0,40.0,12.5,35.19,43.63,8.15,71.83,31.2,29.1,100.0,0.0,72.07,65.32,47.21,75.96,52.94,100.0,38.81,35.2,7.78,0.0,37.6,29.82,74.3,0.0,99.92,13.3,100.0,71.68,0.0,76.92,61.73,24.24,53.64,58.63,0.0,100.0,46.43,82.43,71.17,0.0,38.65,100.0,0.33,,100.0,30.94,0.0,0.0,46.79,44.71
65,200070803,CC des Coteaux du Val d'Arros,,,12.0,,,26.91,75.0,50.98,57.58,97.33,4.75,0.0,51.16,51.09,65.91,0.0,0.0,58.59,24.29,32.65,57.43,0.9,19.94,25.86,0.2,0.0,92.86,8.25,38.7,46.3,6.8,31.2,56.35,100.0,0.0,55.17,34.22,56.91,73.72,71.9,100.0,38.81,54.33,0.0,0.0,53.25,0.0,86.1,0.0,95.99,5.81,100.0,74.59,26.71,69.23,79.2,61.74,61.26,55.02,0.0,69.98,53.57,75.7,0.0,39.29,62.5,0.0,11.09,67.82,100.0,43.69,0.0,0.0,46.79,58.29
65,200070811,CC Pyrénées Vallées des Gaves,,,1.0,,,0.0,75.0,49.26,44.38,0.0,36.85,0.0,76.74,60.36,53.66,45.07,21.34,48.77,64.57,89.8,57.43,1.1,99.05,29.3,32.23,66.67,0.0,27.99,53.66,31.11,41.85,31.2,100.0,50.0,100.0,89.15,100.0,70.74,38.46,65.36,42.73,38.81,47.5,100.0,50.0,46.02,0.0,23.3,0.0,62.36,7.87,0.0,97.47,100.0,53.85,56.79,48.11,53.31,55.82,36.33,100.0,48.21,78.01,95.39,48.86,43.28,0.0,55.54,65.52,100.0,39.97,51.85,0.0,46.79,28.06
65,200070829,CC Neste Barousse,,,0.0,,,0.0,75.0,44.85,36.8,0.0,3.5,0.0,41.28,37.45,62.12,21.52,0.0,47.85,31.71,42.86,49.83,0.6,52.88,24.53,5.88,0.0,0.0,29.85,52.56,10.37,42.01,31.2,100.0,100.0,0.0,71.55,49.91,59.26,72.12,50.33,100.0,38.81,40.3,100.0,50.0,40.89,0.0,65.8,0.0,85.59,4.55,0.0,87.56,100.0,46.15,61.35,38.64,45.03,54.62,38.0,100.0,48.21,83.94,34.6,40.52,47.86,0.0,0.27,73.56,100.0,26.69,0.0,0.0,46.79,44.97
65,200072106,CC Adour Madiran,,,17.0,,,78.54,75.0,43.63,43.82,94.67,12.35,0.0,38.95,48.73,57.58,21.63,38.12,47.55,34.86,57.14,56.44,0.9,34.78,24.7,1.3,26.67,0.0,44.25,61.71,48.89,69.53,31.2,17.99,50.0,0.0,62.25,43.44,53.09,33.33,61.44,40.07,38.81,41.19,24.72,0.0,51.69,15.79,64.8,0.0,100.0,9.64,100.0,52.24,0.0,61.54,68.38,43.94,43.05,45.92,21.0,77.01,51.79,69.48,55.19,53.38,37.6,0.0,8.64,67.82,50.0,25.1,9.57,0.0,46.79,44.0
65,246500482,CC de la Haute-Bigorre,,,14.0,,,0.0,75.0,48.53,46.35,0.0,56.45,0.0,49.42,60.73,36.62,44.46,68.26,45.09,53.71,55.1,57.43,1.1,55.52,28.81,1.78,100.0,0.0,79.33,79.68,47.04,25.63,31.2,100.0,100.0,100.0,82.98,64.29,66.18,49.04,57.52,31.44,38.81,42.19,33.89,50.0,51.73,0.0,46.1,6.56,67.29,8.26,0.0,93.32,100.0,53.85,54.13,42.42,48.01,38.15,93.33,99.61,48.21,79.42,93.25,66.48,81.67,0.0,45.25,66.67,100.0,35.99,48.04,0.0,46.79,42.0
65,246500573,CC Aure Louron,,,2.0,,,0.0,25.0,55.88,46.35,0.0,21.45,0.0,81.98,41.45,69.32,31.49,0.0,43.87,82.29,100.0,57.43,1.0,55.87,27.27,7.85,100.0,0.0,100.0,34.54,22.59,47.58,31.2,100.0,100.0,100.0,93.08,100.0,77.94,33.33,79.74,35.21,38.81,49.77,46.39,0.0,23.24,50.88,34.8,65.76,60.87,9.98,0.0,99.38,100.0,46.15,53.94,38.64,72.52,57.97,23.33,100.0,44.64,55.62,100.0,0.0,4.84,0.0,7.03,70.11,100.0,39.18,44.57,0.0,46.79,0.0
66,200027183,CU Perpignan Méditerranée Métropole,,,55.0,,,32.72,0.0,66.6,66.57,20.0,67.55,100.0,45.93,59.09,58.59,96.88,96.61,50.31,53.14,67.35,48.68,1.8,65.27,37.47,44.1,73.33,96.43,47.74,100.0,69.26,100.0,32.69,32.8,0.0,80.37,0.0,50.25,60.0,61.22,72.55,37.93,18.1,35.26,27.5,100.0,66.05,0.0,7.0,0.0,2.93,32.3,0.0,0.0,5.0,46.15,54.13,11.36,19.54,28.78,0.0,60.39,39.29,45.58,100.0,70.76,64.87,45.76,21.81,,0.0,24.83,14.46,14.0,42.86,40.06
66,200043602,"CC des Albères, de la Côte Vermeille et de l'Illibéris",,,52.0,,,50.33,25.0,69.12,60.96,0.0,46.05,100.0,76.16,36.0,77.27,84.02,88.84,51.23,55.14,73.47,48.68,1.4,38.08,35.82,33.4,73.33,100.0,43.32,96.27,32.59,56.92,32.69,82.54,100.0,100.0,0.0,64.76,68.68,64.42,52.94,51.65,18.1,31.13,29.44,50.0,63.93,28.07,6.6,0.0,4.36,35.42,0.0,0.0,96.86,61.54,59.26,36.74,24.17,41.1,14.0,70.83,42.86,57.93,77.92,73.33,43.75,100.0,24.9,67.82,100.0,34.13,7.93,0.0,42.86,42.23
66,200049211,CC Conflent-Canigó,,,21.0,,,0.0,25.0,58.82,40.45,0.0,30.35,100.0,38.95,42.0,75.51,56.81,39.55,43.87,68.57,75.51,48.68,0.8,77.02,27.59,2.75,0.0,0.0,44.48,69.71,61.11,38.25,32.69,100.0,100.0,100.0,81.85,70.82,73.09,78.85,57.52,83.32,18.1,25.07,100.0,100.0,68.62,0.0,34.8,0.0,11.13,19.46,0.0,62.71,100.0,46.15,54.32,12.12,27.48,48.73,0.0,100.0,41.07,75.7,76.28,38.71,64.87,0.0,6.1,67.82,100.0,20.58,34.57,0.0,42.86,26.58
66,200070365,CC Corbières Salanque Méditerranée,,,48.0,,,0.0,0.0,67.16,62.92,14.67,43.8,100.0,66.28,52.55,79.29,76.34,37.1,49.39,35.14,2.04,42.16,1.4,37.49,31.28,27.76,33.33,0.0,21.95,85.43,43.7,70.52,32.69,100.0,100.0,100.0,62.97,48.53,57.06,71.79,75.16,13.43,18.1,33.66,0.0,0.0,54.6,0.0,20.3,0.0,7.08,53.3,0.0,0.0,0.0,53.85,74.26,20.08,27.81,44.18,0.0,59.61,44.64,30.82,37.07,0.0,3.78,100.0,18.67,67.82,100.0,20.05,40.87,54.0,42.86,45.45
66,246600282,CC Sud-Roussillon,,,56.0,,,0.0,25.0,64.71,73.03,0.0,35.3,100.0,90.12,68.55,76.26,99.02,99.55,54.29,41.14,63.27,48.68,1.5,32.83,39.26,83.19,80.0,100.0,21.49,85.7,43.33,96.89,32.69,0.0,100.0,0.0,0.0,40.18,68.82,70.19,56.21,48.06,18.1,38.71,0.0,0.0,72.33,7.02,0.4,0.0,7.23,53.71,58.09,0.0,100.0,69.23,61.73,40.53,28.81,27.04,21.33,46.86,44.64,42.47,30.31,82.52,75.26,100.0,17.19,64.37,100.0,40.5,0.0,0.0,42.86,42.48
66,246600373,CC du Vallespir,,,56.0,,,69.0,50.0,58.82,55.06,44.0,38.45,100.0,34.3,51.64,71.59,80.87,81.74,47.55,48.86,26.53,48.68,1.0,27.11,33.23,37.54,40.0,0.0,57.26,100.0,32.96,59.05,32.69,100.0,100.0,0.0,37.2,63.43,63.68,45.51,51.63,15.06,18.1,29.45,34.44,50.0,68.88,0.0,9.8,0.0,3.26,59.54,0.0,44.38,100.0,61.54,58.31,31.06,35.76,35.21,38.0,100.0,42.86,80.62,84.51,64.76,73.96,100.0,34.93,68.97,100.0,29.08,32.39,0.0,42.86,42.35
66,246600399,CC Pyrénées Cerdagne,,,12.0,,,0.0,50.0,58.82,44.1,0.0,38.25,100.0,68.6,55.09,61.49,75.11,0.0,52.15,58.29,32.65,48.68,0.8,100.0,27.92,1.51,100.0,0.0,73.29,51.57,18.15,72.81,32.69,100.0,100.0,100.0,82.07,94.61,78.68,64.42,81.7,100.0,18.1,36.54,94.17,0.0,47.58,100.0,57.3,14.42,48.87,27.04,0.0,98.91,100.0,46.15,58.5,40.15,46.36,55.15,0.0,99.61,44.64,75.4,73.48,48.38,0.0,0.0,16.12,68.97,100.0,27.76,65.11,32.0,42.86,38.71
66,246600415,CC Roussillon-Conflent,,,44.0,,,0.0,25.0,61.76,48.6,73.33,31.3,100.0,33.72,38.73,78.41,89.13,94.2,45.71,38.57,38.78,48.68,0.9,39.13,27.14,4.23,0.0,0.0,34.73,96.44,68.52,7.78,32.69,100.0,100.0,0.0,26.24,39.24,53.09,75.64,73.2,80.31,18.1,32.05,31.94,0.0,69.54,0.0,23.7,0.0,5.2,33.21,0.0,0.0,18.43,53.85,68.57,23.86,15.56,38.96,0.0,68.23,46.43,32.13,28.83,56.81,42.01,100.0,19.75,66.67,100.0,20.32,22.07,44.0,42.86,42.87
66,246600423,CC Agly Fenouillèdes,,,53.0,,,0.0,25.0,62.25,37.36,0.0,40.45,0.0,0.0,42.91,74.87,4.35,0.0,42.94,84.29,100.0,48.68,0.9,79.57,23.51,100.0,60.0,0.0,100.0,31.74,0.0,0.0,32.69,100.0,100.0,85.53,90.82,100.0,51.03,77.24,53.59,100.0,18.1,25.19,10.83,0.0,69.58,0.0,63.5,0.0,11.73,59.37,0.0,0.0,4.0,53.85,56.6,0.0,33.77,55.15,0.0,100.0,42.86,51.2,84.35,0.0,7.01,100.0,1.36,72.41,100.0,0.0,19.67,0.0,42.86,34.84
66,246600449,CC des Aspres,,,55.0,,,0.0,25.0,62.94,63.48,82.0,54.85,100.0,52.33,51.09,77.02,79.35,83.71,48.16,33.71,8.16,48.68,1.2,36.3,32.38,9.17,0.0,0.0,27.29,82.03,33.7,16.95,32.69,86.24,100.0,0.0,13.31,40.57,62.06,77.88,79.08,25.94,18.1,39.06,99.72,100.0,70.01,0.0,36.6,0.0,6.29,35.57,0.0,0.0,31.14,61.54,69.9,37.88,37.09,44.58,18.33,56.36,46.43,34.64,35.91,57.9,56.02,100.0,14.93,65.52,100.0,38.11,3.48,36.0,42.86,45.45
66,246600464,CC Pyrénées Catalanes,,,16.0,,,0.0,25.0,61.76,39.04,0.0,50.25,0.0,85.47,66.91,71.97,52.43,0.0,32.82,61.43,0.0,48.68,1.4,100.0,32.4,14.93,100.0,0.0,100.0,30.59,30.0,78.21,32.69,100.0,100.0,100.0,63.31,100.0,81.76,16.67,88.24,3.36,18.1,50.46,100.0,0.0,49.79,100.0,19.6,0.0,39.41,23.51,0.0,98.5,100.0,46.15,49.95,39.39,74.5,67.74,55.33,100.0,41.07,64.26,100.0,3.52,0.0,0.0,6.27,67.82,100.0,77.69,58.04,38.0,42.86,0.0
66,246600548,CC du Haut Vallespir,,,31.0,,,0.0,25.0,66.18,30.62,0.0,28.65,0.0,48.84,53.45,63.01,47.75,0.0,32.82,78.29,77.55,48.68,0.8,84.91,29.32,19.08,13.33,0.0,84.9,49.33,0.0,32.02,32.69,100.0,100.0,78.56,95.43,76.93,59.41,78.85,45.1,32.25,18.1,17.22,23.33,0.0,43.91,0.0,16.6,0.0,8.24,50.54,0.0,98.59,100.0,53.85,43.87,4.17,0.33,47.66,0.0,100.0,41.07,74.2,100.0,17.33,35.26,100.0,3.12,70.11,100.0,12.35,61.74,0.0,42.86,22.68
67,200013050,CC Sauer-Pechelbronn,,,30.0,,,54.37,50.0,32.84,51.69,92.0,9.95,0.0,45.93,51.09,41.04,50.07,57.5,60.74,34.29,8.16,62.54,1.4,28.93,34.38,52.11,100.0,96.43,20.33,87.35,27.41,79.03,38.03,100.0,100.0,100.0,64.39,27.55,51.47,38.46,79.08,18.76,28.4,60.83,100.0,0.0,57.77,100.0,56.7,14.42,91.61,14.78,24.86,76.71,69.57,46.15,83.76,75.76,61.92,36.28,57.67,22.18,55.36,13.76,11.04,70.62,59.95,0.0,7.06,65.52,100.0,22.18,25.33,16.0,60.36,60.52
67,200030526,CC du Ried de Marckolsheim,,,31.0,,,34.16,50.0,46.32,62.08,100.0,22.9,100.0,61.63,62.55,38.76,79.82,30.54,58.59,39.43,0.0,56.6,1.3,28.23,31.75,52.04,60.0,100.0,11.73,43.58,30.37,21.7,38.03,25.13,0.0,100.0,50.56,19.35,37.5,19.55,86.93,18.65,28.4,52.95,0.0,0.0,49.44,0.0,47.8,0.0,51.98,3.48,100.0,44.94,0.0,53.85,86.99,71.59,60.93,20.88,30.67,28.52,53.57,38.05,12.36,71.14,63.83,68.36,18.88,63.22,100.0,27.22,46.52,82.0,60.36,57.61
67,200034270,CC du Pays de Barr,,,30.0,,,64.99,50.0,47.79,58.99,90.0,20.8,100.0,48.26,64.91,20.2,80.51,79.6,58.9,52.0,48.98,59.82,1.9,8.14,36.65,9.97,100.0,100.0,24.97,53.16,34.44,87.06,38.03,88.62,100.0,0.0,47.44,31.28,34.56,46.15,84.31,25.19,28.4,59.98,1.67,0.0,64.79,15.79,20.6,0.0,43.15,29.92,41.11,0.0,0.0,53.85,75.02,69.7,61.26,27.31,62.67,51.35,50.0,37.75,31.47,72.86,49.87,0.0,32.88,62.07,100.0,32.01,11.2,40.0,60.36,58.32
67,200034635,CC du Kochersberg,,,30.0,,,17.09,75.0,46.47,71.91,100.0,12.4,100.0,68.6,72.55,33.33,91.67,82.23,73.31,36.86,14.29,63.04,3.4,65.7,50.47,39.75,40.0,100.0,1.51,39.96,34.07,60.69,38.03,0.0,100.0,0.0,0.0,25.52,45.29,60.58,83.01,19.98,28.4,72.07,0.0,50.0,56.72,0.0,68.3,0.0,48.47,0.75,100.0,28.85,0.0,53.85,86.99,81.06,72.52,29.59,54.33,25.27,50.0,61.65,0.0,75.38,54.71,52.97,42.32,60.92,100.0,51.93,0.0,58.0,60.36,71.94
67,200040178,CC de l'Outre-Forêt,,,30.0,,,100.0,50.0,33.82,50.0,100.0,10.55,0.0,49.42,55.27,35.61,79.6,61.03,53.68,34.57,48.98,62.54,1.3,25.73,32.55,42.0,93.33,100.0,9.64,72.17,28.15,58.23,38.03,45.24,50.0,100.0,45.28,22.81,27.21,2.24,84.31,13.26,28.4,52.64,,0.0,71.38,29.82,44.1,51.28,57.93,1.93,100.0,66.91,0.0,53.85,80.53,71.21,57.95,24.77,100.0,27.32,53.57,14.56,23.72,72.14,60.94,0.0,10.76,67.82,100.0,25.37,38.7,42.0,60.36,63.61
67,200041283,CC de la Plaine du Rhin,,,30.0,,,0.0,50.0,37.5,57.87,100.0,20.35,0.0,50.0,62.36,27.53,69.24,21.38,56.44,25.43,10.2,62.54,1.6,15.11,30.39,35.22,0.0,100.0,17.31,64.61,4.07,50.04,38.03,18.25,0.0,100.0,44.18,19.86,21.03,0.0,89.54,0.0,28.4,53.41,0.0,0.0,60.45,0.0,33.6,26.04,51.72,6.31,95.62,53.76,0.0,46.15,75.78,70.08,68.54,35.34,14.33,16.91,44.64,18.27,15.16,58.14,47.92,76.84,16.74,64.37,0.0,20.85,24.35,30.0,60.36,69.23
67,200041325,CC du Pays Rhénan,,,30.0,,,0.0,50.0,47.55,57.87,100.0,16.9,0.0,59.88,60.55,27.53,83.22,88.44,60.12,44.57,75.51,62.79,2.0,15.66,39.35,26.46,60.0,100.0,10.34,60.23,26.67,63.31,38.03,36.77,0.0,100.0,0.0,23.5,47.79,17.95,86.27,0.0,28.4,61.68,0.0,0.0,70.19,0.0,26.4,28.34,36.35,5.78,72.71,57.71,0.14,46.15,84.71,75.38,65.89,23.96,57.67,8.03,51.79,40.76,8.57,74.52,47.45,0.0,41.0,63.22,0.0,33.86,33.15,48.0,60.36,67.03
67,200067783,CC de Hanau-La Petite Pierre,,,30.0,,,34.63,50.0,30.59,46.91,90.0,10.7,82.69,42.44,50.0,38.38,50.94,52.99,58.9,51.43,28.57,56.82,1.6,37.15,33.93,17.66,6.67,92.86,28.69,71.3,21.11,37.76,38.03,100.0,100.0,100.0,74.87,32.18,46.18,58.01,77.78,45.22,28.4,53.77,0.0,0.0,57.11,0.0,45.0,29.23,92.08,18.49,0.0,0.0,51.57,53.85,80.34,65.91,56.62,32.53,100.0,49.92,53.57,45.78,51.24,63.29,38.8,0.0,9.75,63.22,100.0,14.48,47.17,16.0,60.36,55.81
67,200067841,CC de l'Alsace Bossue,,,31.0,,,100.0,75.0,31.37,43.26,100.0,8.8,0.0,28.49,52.18,37.12,50.65,47.5,52.15,39.14,24.49,53.96,1.0,35.93,30.24,22.59,0.0,100.0,24.74,84.88,21.48,23.01,38.03,27.78,100.0,100.0,69.44,36.1,35.59,39.74,78.43,22.06,28.4,46.71,0.0,50.0,48.82,28.07,53.4,0.0,93.69,35.43,100.0,64.21,73.43,38.46,76.35,55.68,55.3,35.07,21.0,61.11,51.79,28.61,67.71,63.19,36.04,0.0,36.09,67.82,100.0,13.15,15.65,8.0,60.36,50.0
67,200067874,CA de Haguenau,,,30.0,,,11.55,25.0,41.54,57.58,100.0,47.95,100.0,56.4,63.27,20.58,91.96,98.3,57.36,62.86,81.63,62.79,2.3,60.81,42.91,58.09,100.0,100.0,22.88,91.18,40.74,100.0,38.03,88.1,0.0,100.0,16.88,34.19,44.56,41.67,88.24,14.24,28.4,56.32,3.06,100.0,58.97,0.0,15.0,0.0,39.83,3.15,51.1,52.03,0.0,46.15,70.47,59.47,54.97,17.27,80.0,18.57,46.43,30.62,98.85,80.43,67.01,0.0,43.06,58.62,50.0,27.22,44.46,52.0,60.36,49.1
67,200067924,CC du Canton d'Erstein,,,30.0,,,27.68,50.0,58.82,62.08,100.0,28.2,67.31,64.53,61.64,30.68,87.46,81.38,58.59,49.71,18.37,59.82,1.6,24.33,41.94,55.7,73.33,100.0,18.7,40.51,25.93,50.53,38.03,31.48,100.0,94.11,43.97,24.9,28.38,54.49,84.97,0.0,28.4,59.68,0.0,0.0,56.67,0.0,35.4,0.0,48.66,6.58,100.0,50.88,8.43,46.15,78.82,71.97,61.59,15.39,63.33,37.82,51.79,51.0,52.22,73.14,42.53,28.81,47.97,58.62,0.0,35.99,18.48,70.0,60.36,61.52
67,200068112,CC du Pays de Saverne,,,30.0,,,21.01,50.0,39.41,51.69,100.0,27.85,35.38,46.51,56.91,22.47,80.65,97.01,61.35,66.57,93.88,57.18,2.1,26.47,39.57,25.98,66.67,98.21,12.2,86.63,27.78,100.0,38.03,69.31,50.0,33.77,17.12,37.56,34.71,55.77,81.7,11.0,28.4,56.45,0.0,50.0,61.63,40.35,32.7,0.0,74.2,14.53,54.55,66.29,0.0,46.15,72.55,63.64,55.96,28.92,59.67,51.9,50.0,42.37,100.0,73.86,78.41,0.0,37.86,60.92,100.0,32.54,11.2,20.0,60.36,57.61
67,200068864,CC de la Mossig et du Vignoble,,,30.0,,,0.0,75.0,44.12,57.58,100.0,22.1,100.0,58.72,60.91,34.34,85.62,66.88,61.66,52.29,57.14,63.04,2.1,67.13,41.55,38.78,60.0,0.0,4.07,61.65,22.96,73.79,38.03,73.81,100.0,56.93,43.81,30.38,33.53,52.24,82.35,4.63,28.4,64.24,11.39,50.0,58.87,0.0,33.2,0.0,57.84,12.93,88.36,0.0,0.0,46.15,81.1,74.62,64.57,31.33,100.0,39.25,51.79,61.45,19.44,76.76,51.93,0.0,47.21,60.92,50.0,31.47,5.87,44.0,60.36,63.65
67,246700306,CC de la Vallée de la Bruche,,,30.0,,,0.0,50.0,39.71,37.64,52.0,22.3,0.0,44.77,46.36,37.25,50.33,4.24,51.84,50.0,2.04,63.04,1.3,21.66,32.39,24.79,100.0,89.29,45.88,76.06,0.0,69.21,38.03,100.0,100.0,51.53,81.94,33.54,37.65,33.33,77.78,57.44,28.4,43.0,7.22,100.0,38.54,0.0,41.5,0.0,32.22,26.92,0.0,98.56,100.0,46.15,72.17,62.12,51.32,28.65,92.33,51.32,53.57,60.64,45.47,65.57,2.03,68.79,35.69,63.22,50.0,10.23,55.87,10.0,60.36,51.29
67,246700488,Eurométropole de Strasbourg,,,30.0,,,7.27,0.0,54.78,63.76,100.0,100.0,100.0,54.07,63.82,31.19,99.06,99.91,63.19,100.0,100.0,63.04,2.3,36.35,49.47,76.4,100.0,100.0,24.04,68.5,58.15,100.0,38.03,0.0,0.0,33.7,0.0,30.38,51.47,63.78,92.81,37.87,28.4,49.6,0.0,100.0,74.17,49.12,1.8,0.0,7.65,2.31,39.25,39.62,0.0,46.15,50.33,21.59,54.64,12.45,48.33,81.5,28.57,36.24,100.0,91.48,71.04,0.0,74.15,,0.0,23.24,14.67,98.0,60.36,37.97
67,246700744,CC des Portes de Rosheim,,,30.0,,,0.0,75.0,45.59,62.08,93.33,16.45,74.62,55.23,63.82,31.19,75.47,82.01,64.72,46.0,69.39,63.04,2.3,24.16,43.73,27.34,73.33,55.36,4.53,50.48,21.48,76.9,38.03,100.0,100.0,0.0,66.91,24.43,40.59,48.72,83.66,0.0,28.4,65.1,,50.0,42.78,0.0,46.6,79.49,32.71,11.25,0.0,0.0,0.0,53.85,79.2,81.06,67.55,21.02,89.67,39.51,50.0,63.15,22.08,75.67,20.13,0.0,42.72,58.62,100.0,30.68,62.39,26.0,60.36,64.71
67,246700777,CC de la Vallée de Villé,,,30.0,,,17.22,75.0,30.88,54.21,54.67,11.25,0.0,54.07,47.45,42.3,62.21,23.44,57.98,43.14,55.1,56.6,1.9,20.63,37.12,12.11,46.67,92.86,9.87,31.58,0.0,37.76,38.03,100.0,100.0,37.84,62.84,28.71,34.71,55.77,76.47,4.28,28.4,61.37,18.33,0.0,42.07,100.0,58.9,19.23,42.33,64.92,0.0,86.94,100.0,53.85,77.49,73.48,58.61,35.61,100.0,62.99,53.57,57.23,23.23,82.0,56.74,0.0,30.56,62.07,100.0,17.4,10.76,10.0,60.36,63.35
67,246700843,CC de la Basse-Zorn,,,30.0,,,10.22,75.0,48.04,60.39,100.0,12.05,100.0,56.4,58.73,24.87,81.09,98.17,68.4,42.86,65.31,62.54,2.7,23.41,45.91,20.66,73.33,100.0,18.93,49.0,32.22,72.15,38.03,14.55,100.0,0.0,0.0,27.13,8.09,0.0,85.62,11.18,28.4,67.43,,0.0,61.25,0.0,2.2,0.0,45.98,2.94,100.0,43.41,0.0,46.15,86.8,81.06,68.21,17.14,100.0,6.5,55.36,53.71,56.34,80.95,65.78,0.0,34.07,64.37,100.0,39.44,36.96,50.0,60.36,67.1
67,246700926,CC du Pays de Wissembourg,,,30.0,,,100.0,50.0,37.5,46.91,100.0,34.05,100.0,40.7,54.91,27.27,59.6,57.32,54.29,66.57,100.0,62.54,1.6,8.82,34.05,43.23,6.67,100.0,25.67,62.64,10.74,71.83,38.03,52.38,0.0,100.0,61.86,32.06,45.88,52.24,77.78,6.31,28.4,44.88,0.0,50.0,52.95,33.33,31.2,0.0,57.78,6.59,100.0,42.15,0.0,46.15,69.14,56.44,56.62,39.63,0.0,40.39,41.07,3.82,75.78,70.24,81.77,0.0,8.6,70.11,100.0,25.1,39.35,0.0,60.36,62.29
67,246700959,CC du Pays de la Zorn,,,30.0,,,100.0,75.0,36.4,60.96,100.0,10.85,100.0,56.98,63.64,33.21,80.47,90.45,66.87,46.86,16.33,62.79,2.2,39.45,40.9,29.08,66.67,83.93,9.64,58.75,51.11,66.91,38.03,0.0,50.0,0.0,6.75,24.62,35.0,28.85,83.01,9.32,28.4,68.36,0.0,0.0,56.86,0.0,37.6,0.0,75.11,5.98,100.0,40.82,0.0,53.85,89.65,81.06,72.19,23.43,84.0,28.91,55.36,68.88,6.75,77.62,53.65,0.0,79.99,58.62,100.0,32.01,0.0,58.0,60.36,67.03
67,246700967,CC de Sélestat,,,30.0,,,0.0,25.0,50.0,61.52,100.0,42.65,0.0,52.91,65.27,21.84,94.49,92.05,55.52,75.71,44.9,56.6,1.9,49.76,38.01,51.83,100.0,83.93,22.65,78.86,47.41,86.08,38.03,56.35,0.0,100.0,33.04,41.14,44.41,53.53,86.93,19.11,28.4,57.49,18.61,100.0,61.7,0.0,8.2,0.0,44.34,7.91,90.62,0.0,0.0,53.85,66.86,60.61,49.34,21.42,59.0,43.09,46.43,43.47,100.0,80.14,80.68,0.0,82.58,65.52,100.0,31.74,38.37,56.0,60.36,55.23
67,246701064,CC de la Région de Molsheim-Mutzig,,,30.0,,,49.68,25.0,44.12,57.58,100.0,46.9,100.0,60.47,67.45,23.11,94.17,86.92,60.12,66.0,61.22,63.04,2.0,16.29,43.59,69.78,86.67,100.0,29.15,65.38,30.37,96.4,38.03,68.25,100.0,15.07,0.0,30.22,21.76,5.13,85.62,0.58,28.4,59.93,7.5,50.0,67.98,100.0,40.4,0.0,41.02,8.19,54.56,0.0,0.0,46.15,76.35,71.97,58.61,33.07,66.33,47.8,50.0,42.97,100.0,75.38,32.73,0.0,93.2,58.62,50.0,36.52,0.0,60.0,60.36,57.0
67,246701080,CC du Pays de Sainte-Odile,,,30.0,,,100.0,50.0,52.21,59.83,100.0,52.55,100.0,61.63,64.55,20.2,94.67,99.69,58.9,60.57,73.47,63.04,2.1,88.08,43.46,60.32,100.0,100.0,26.13,58.92,40.74,100.0,38.03,0.0,100.0,9.57,5.69,43.13,16.91,36.54,84.97,0.0,28.4,59.73,37.78,50.0,63.41,89.47,32.5,47.67,45.29,7.37,100.0,6.85,63.57,53.85,63.44,68.56,66.56,23.43,78.67,34.02,46.43,45.08,100.0,76.19,36.2,0.0,100.0,60.92,100.0,43.43,47.28,26.0,60.36,55.58
67,246701098,CC du Pays de Niederbronn-les-Bains,,,30.0,,,0.0,50.0,35.29,53.09,100.0,25.7,100.0,45.35,53.27,29.42,71.16,81.88,57.06,48.0,55.1,62.54,1.5,16.7,36.89,7.61,46.67,78.57,26.6,96.93,20.74,55.77,38.03,100.0,100.0,100.0,56.58,27.16,16.32,0.0,79.08,4.23,28.4,44.52,0.0,50.0,51.31,70.18,29.3,100.0,66.72,13.55,0.0,87.79,92.0,38.46,81.48,62.88,45.03,23.16,48.33,26.15,51.79,18.17,86.49,78.0,49.71,0.0,34.1,65.52,100.0,15.01,49.78,14.0,60.36,55.61
68,200036465,CC de Thann-Cernay,,,27.0,,,9.39,50.0,45.59,57.87,100.0,70.7,55.0,51.16,60.18,19.07,92.46,95.45,56.44,46.86,34.69,67.49,1.9,42.89,36.8,33.08,6.67,100.0,22.42,45.0,29.63,74.77,37.39,100.0,0.0,100.0,0.0,28.64,32.35,32.69,81.7,39.9,39.34,46.49,0.0,50.0,53.67,80.7,23.7,0.0,28.8,8.83,0.0,68.06,0.0,53.85,68.57,54.92,44.37,16.06,21.33,57.3,44.64,42.97,87.97,79.14,45.47,0.0,20.22,59.77,0.0,32.01,48.15,40.0,57.86,55.06
68,200066009,CA Mulhouse Alsace Agglomération,,,43.0,,,0.0,0.0,52.94,59.55,100.0,98.35,47.31,38.37,63.45,10.73,97.93,98.57,57.98,65.14,79.59,66.58,1.9,50.48,36.73,53.62,40.0,100.0,29.62,44.02,41.11,80.18,37.39,57.94,0.0,87.32,0.0,25.88,48.53,42.95,83.01,54.37,39.34,40.52,0.0,100.0,67.0,0.0,9.9,46.55,15.59,7.63,25.66,39.32,0.0,46.15,60.02,23.86,36.42,5.89,0.0,59.45,30.36,21.29,100.0,74.38,73.75,15.54,28.39,,0.0,19.79,51.52,72.0,57.86,48.42
68,200066025,CC Alsace Rhin Brisach,,,38.0,,,18.07,50.0,54.04,60.11,100.0,37.7,100.0,56.98,68.36,39.65,70.58,49.46,59.82,35.14,34.69,63.37,1.9,42.44,33.04,56.23,6.67,100.0,0.0,25.72,26.67,27.11,37.39,33.86,0.0,100.0,46.28,10.08,7.79,0.0,86.27,0.0,39.34,54.16,0.0,50.0,45.99,12.28,67.0,0.0,40.19,3.24,100.0,52.35,0.0,46.15,85.09,75.76,59.93,25.3,51.0,34.41,51.79,30.42,29.0,60.57,50.44,0.0,27.6,63.22,50.0,26.69,74.02,80.0,57.86,61.68
68,200066033,CC Sud Alsace Largue,,,48.0,,,26.99,75.0,45.0,57.3,100.0,12.5,0.0,52.91,60.91,48.36,45.87,32.68,57.06,34.29,30.61,66.58,1.7,23.63,34.93,28.62,0.0,12.5,8.25,15.91,30.0,30.06,37.39,50.53,100.0,0.0,23.76,18.24,50.44,54.81,83.66,66.71,39.34,52.93,3.89,0.0,26.9,0.0,83.3,0.0,80.9,5.43,100.0,69.06,0.0,69.23,83.0,74.24,60.6,36.01,57.0,57.53,48.21,28.41,0.0,65.24,59.77,63.28,7.98,62.07,100.0,25.9,0.0,68.0,57.86,63.1
68,200066041,CC Sundgau,,,48.0,,,34.15,75.0,49.26,57.3,100.0,19.3,0.0,46.51,58.0,28.91,58.84,64.51,57.36,34.0,61.22,66.58,2.1,50.18,41.47,15.04,40.0,96.43,5.69,15.48,8.89,52.99,37.39,60.05,0.0,18.24,43.51,21.51,61.18,71.47,83.66,36.88,39.34,56.41,1.67,100.0,31.21,21.05,48.9,29.11,72.98,3.54,96.55,70.65,0.0,53.85,77.3,73.11,57.62,23.29,8.0,62.93,37.5,20.68,15.98,48.71,62.16,59.32,10.94,62.07,50.0,20.58,13.48,42.0,57.86,67.26
68,200066058,CA Saint-Louis Agglomération,,,40.0,,,0.0,25.0,46.57,66.85,100.0,59.55,100.0,51.74,66.36,20.08,84.89,94.2,56.44,63.43,73.47,66.58,2.7,65.1,45.06,47.7,0.0,98.21,10.8,5.78,24.81,55.45,37.39,26.72,100.0,49.58,0.0,11.24,42.65,40.38,90.85,16.56,39.34,51.64,0.0,50.0,54.11,0.0,22.4,0.75,34.76,3.06,89.39,69.09,0.0,53.85,67.24,62.12,50.99,16.6,3.0,34.24,12.5,17.27,41.68,72.86,70.31,16.81,16.98,,0.0,29.35,28.91,78.0,57.86,66.26
68,246800205,CC de la Vallée de Saint-Amarin,,,26.0,,,0.0,75.0,41.91,43.54,70.67,34.1,0.0,52.33,50.36,33.21,57.21,0.0,48.47,48.57,85.71,67.49,1.1,99.74,31.41,38.65,0.0,78.57,44.25,50.97,0.0,23.67,37.39,100.0,100.0,100.0,72.96,29.97,47.21,66.99,67.97,80.54,39.34,39.13,13.06,0.0,27.65,0.0,36.3,17.09,34.68,28.59,0.0,99.53,100.0,61.54,68.0,64.02,53.31,19.81,85.33,84.52,51.79,53.92,25.04,35.24,10.23,100.0,1.79,64.37,100.0,16.87,55.11,0.0,57.86,57.74
68,246800395,CC du Val d'Argent,,,48.0,,,48.11,0.0,45.59,28.37,76.67,82.7,0.0,8.14,45.27,23.36,64.31,10.8,44.79,79.43,100.0,56.6,1.2,76.04,32.26,30.62,60.0,53.57,68.41,46.32,0.0,6.31,37.39,100.0,100.0,100.0,75.56,28.98,27.94,79.81,78.43,0.0,39.34,26.31,0.0,50.0,22.71,0.0,31.5,100.0,30.0,20.38,0.0,96.76,100.0,69.23,63.25,41.67,24.17,26.1,33.67,82.73,50.0,61.04,100.0,73.81,49.87,0.0,100.0,60.92,100.0,9.69,68.37,2.0,57.86,43.48
68,246800445,CC du Centre du Haut-Rhin,,,48.0,,,8.3,50.0,55.15,60.96,100.0,59.65,0.0,60.47,60.73,28.03,76.41,87.1,55.21,58.86,100.0,63.37,2.0,40.78,33.88,28.64,0.0,98.21,23.58,31.2,60.0,39.72,37.39,28.57,100.0,27.07,2.51,12.3,53.09,60.26,90.85,0.0,39.34,54.79,17.78,0.0,43.97,0.0,34.2,0.0,43.42,,100.0,39.29,0.0,61.54,79.77,74.62,69.54,12.72,46.33,33.92,51.79,45.48,58.98,65.62,62.08,100.0,26.23,60.92,100.0,32.54,72.39,88.0,57.86,39.61
68,246800494,"CC du Pays de Rouffach, Vignobles et Châteaux",,,31.0,,,0.0,75.0,52.94,56.18,92.67,26.35,0.0,39.53,58.0,27.9,83.08,79.82,56.75,57.71,55.1,59.24,2.2,49.56,37.66,13.96,26.67,100.0,38.68,37.93,53.33,66.58,37.39,79.1,100.0,100.0,54.05,30.27,44.12,88.78,81.7,43.25,39.34,56.33,0.0,0.0,30.08,38.6,65.6,2.04,37.05,17.95,71.65,0.0,0.0,61.54,76.35,75.76,61.59,33.6,22.67,57.72,48.21,51.91,89.62,66.67,68.75,100.0,24.27,66.67,100.0,43.43,54.67,20.0,57.86,61.42
68,246800551,CC de la Vallée de Kaysersberg,,,34.0,,,81.27,75.0,49.26,49.72,44.67,27.15,0.0,47.09,54.36,36.87,46.05,0.0,52.45,47.14,100.0,59.24,1.6,79.65,37.52,22.06,93.33,0.0,24.51,24.62,6.67,29.07,37.39,100.0,100.0,100.0,75.15,36.06,33.68,27.88,74.51,53.21,39.34,54.12,0.0,0.0,47.17,0.0,34.1,0.0,58.22,53.7,15.73,0.0,100.0,69.23,68.76,70.08,52.98,25.84,100.0,61.33,50.0,61.85,52.06,64.86,57.99,87.99,32.38,65.52,100.0,24.57,59.13,0.0,57.86,54.81
68,246800569,CC de la Région de Guebwiller,,,26.0,,,0.0,50.0,48.53,59.55,100.0,73.15,0.0,55.23,58.0,11.62,86.92,88.75,52.76,50.29,95.92,63.37,1.6,35.66,35.18,22.92,6.67,67.86,21.49,47.96,37.04,52.33,37.39,100.0,100.0,100.0,51.6,27.81,47.21,58.33,80.39,59.76,39.34,46.77,0.0,100.0,61.74,0.0,42.0,7.53,24.75,19.54,0.0,0.0,0.0,61.54,68.76,59.85,48.34,14.19,34.0,57.5,46.43,44.18,46.46,79.19,83.7,100.0,20.47,60.92,100.0,28.29,56.3,38.0,57.86,57.32
68,246800577,CC du Pays de Ribeauvillé,,,41.0,,,0.0,50.0,47.55,53.37,60.0,36.25,0.0,38.37,57.27,25.13,70.58,77.23,53.37,56.0,38.78,59.24,2.1,38.3,37.42,15.12,66.67,57.14,30.78,35.25,40.37,76.41,37.39,82.8,100.0,100.0,53.09,39.43,42.94,72.44,79.08,13.49,39.34,53.65,,0.0,47.91,0.0,26.7,2.39,43.52,30.34,55.86,0.0,0.0,69.23,72.36,68.94,60.93,26.91,44.0,71.77,48.21,45.08,67.38,72.33,65.16,0.0,29.38,66.67,100.0,31.74,18.04,2.0,57.86,57.71
68,246800585,CC de la Vallée de Munster,,,28.0,,,5.79,50.0,45.59,46.07,16.0,34.65,0.0,49.42,45.82,30.18,50.11,54.24,49.39,55.43,73.47,59.24,1.2,78.59,36.02,26.21,66.67,0.0,38.21,23.14,48.89,41.2,37.39,100.0,100.0,100.0,80.71,34.97,58.53,63.78,72.55,29.88,39.34,46.91,0.0,0.0,47.27,0.0,19.9,66.53,50.75,4.71,0.0,86.97,100.0,61.54,71.79,65.91,56.29,22.36,33.67,62.08,51.79,76.71,33.28,76.48,42.86,86.86,8.09,60.92,100.0,13.41,55.98,0.0,57.86,55.61
68,246800676,CC de la Vallée de la Doller et du Soultzbach,,,37.0,,,0.0,50.0,45.59,53.93,100.0,18.1,0.0,47.67,62.73,37.75,67.43,45.22,55.83,34.29,28.57,67.49,1.5,69.82,32.99,36.52,0.0,17.86,24.97,20.73,30.37,31.04,37.39,100.0,100.0,100.0,46.83,32.2,26.91,0.0,81.05,6.95,39.34,55.76,1.67,0.0,17.99,0.0,29.6,90.91,55.71,15.48,0.0,79.24,42.71,61.54,77.87,72.35,58.28,27.44,65.0,65.17,51.79,34.74,53.38,65.1,24.48,100.0,20.01,63.22,100.0,33.07,47.5,30.0,57.86,63.03
68,246800726,CA Colmar Agglomération,,,45.0,,,0.0,25.0,53.68,57.87,100.0,100.0,37.31,62.79,66.55,16.29,95.8,99.51,54.91,82.29,71.43,59.24,2.3,57.46,41.63,49.88,100.0,100.0,23.81,54.64,60.0,100.0,37.39,36.24,0.0,100.0,0.0,33.66,54.41,67.95,82.35,41.81,39.34,47.6,0.0,100.0,61.53,0.0,8.3,0.0,27.55,11.51,86.51,0.0,0.0,61.54,58.12,45.08,46.69,14.73,38.67,40.72,39.29,37.45,100.0,77.38,80.08,49.72,46.2,,100.0,23.51,49.67,36.0,57.86,48.42
69,200040566,CA de l'Ouest Rhodanien,,,56.0,,,100.0,50.0,48.04,46.63,90.0,73.85,0.0,26.74,51.27,33.59,56.96,42.54,45.71,57.14,59.18,54.79,1.4,2.73,34.16,19.92,0.0,0.0,34.96,27.2,32.96,50.7,58.33,83.6,50.0,100.0,38.42,33.39,37.65,20.83,71.24,58.08,18.16,44.98,48.33,100.0,62.02,31.58,36.9,0.0,85.34,10.85,67.98,81.97,100.0,38.46,64.58,49.24,55.63,28.51,21.67,93.85,50.0,50.1,82.54,46.38,50.03,0.0,26.64,72.41,100.0,22.44,10.76,50.0,81.43,48.77
69,200040574,CC Beaujolais Pierres Dorées,,,61.0,,,1.61,75.0,51.18,70.79,100.0,45.9,100.0,68.6,51.09,43.06,90.72,91.16,67.48,53.43,87.76,67.99,2.6,9.4,45.31,32.65,93.33,89.29,16.38,37.93,74.81,69.04,58.33,14.29,0.0,100.0,0.0,34.69,42.94,68.27,79.74,36.6,18.16,73.67,0.0,0.0,73.32,0.0,26.7,0.0,33.96,10.6,39.98,0.0,13.29,61.54,83.19,78.79,72.19,22.89,31.33,68.78,48.21,59.14,22.57,63.14,62.71,0.0,24.49,55.17,100.0,38.91,0.0,96.0,81.43,65.87
69,200040590,CA Villefranche Beaujolais Saône,,,62.0,,,32.2,0.0,50.49,68.54,100.0,100.0,86.54,50.58,63.82,26.01,93.91,92.63,56.44,71.71,100.0,54.95,2.2,88.55,40.56,26.29,73.33,100.0,35.89,51.14,58.89,99.51,58.33,21.16,0.0,100.0,5.26,45.52,49.41,40.71,81.05,15.98,18.16,49.63,30.83,100.0,70.58,0.0,14.2,0.0,12.96,16.17,54.5,0.0,24.86,53.85,56.22,35.98,41.72,12.99,8.67,59.97,42.86,43.88,100.0,71.95,83.07,100.0,31.21,66.67,0.0,27.49,0.0,82.0,81.43,50.16
69,200046977,Métropole de Lyon,,,70.0,,,13.03,0.0,61.18,71.91,100.0,100.0,100.0,55.23,63.27,31.06,97.68,99.82,65.95,100.0,100.0,67.99,2.8,44.82,49.08,51.69,93.33,98.21,32.4,53.27,81.11,98.53,58.33,0.0,0.0,0.0,0.0,35.46,40.15,61.86,93.46,28.08,18.16,56.85,25.83,100.0,78.99,21.05,0.3,0.0,1.69,21.18,0.0,2.09,0.0,46.15,49.57,35.98,57.95,15.66,35.67,58.57,28.57,32.23,100.0,91.95,81.04,34.46,55.83,,0.0,5.98,0.0,100.0,81.43,46.0
69,200066587,CC des Monts du Lyonnais,,,52.0,,,100.0,75.0,50.63,56.18,100.0,42.5,0.0,52.33,49.82,48.11,36.78,36.47,49.69,46.0,32.65,64.27,1.5,4.73,29.66,10.15,6.67,30.36,12.89,42.81,40.37,10.89,58.33,0.0,100.0,0.0,39.91,33.89,40.0,38.78,78.43,99.13,18.16,69.81,0.0,50.0,84.19,0.0,48.7,0.0,88.89,14.27,100.0,88.35,31.57,46.15,73.5,67.05,72.85,25.03,49.33,89.69,55.36,50.4,47.28,61.0,38.23,100.0,17.11,65.52,100.0,28.82,3.26,82.0,81.43,56.48
69,200067817,CC Saône-Beaujolais,,,60.0,,,14.36,50.0,46.64,54.49,88.67,61.9,100.0,47.67,50.91,41.41,67.25,58.84,46.93,52.57,26.53,54.95,1.5,4.26,34.48,24.9,33.33,71.43,22.65,43.03,61.85,61.18,58.33,54.23,50.0,100.0,41.41,35.29,33.38,28.53,80.39,17.26,18.16,60.35,27.5,0.0,62.26,0.0,38.1,0.0,91.18,13.61,89.24,0.0,60.57,46.15,72.36,62.5,61.26,20.75,34.0,93.5,51.79,43.57,59.14,45.43,42.86,30.93,18.49,62.07,0.0,24.57,0.0,88.0,81.43,58.45
69,246900575,CC de l'Est Lyonnais (CCEL),,,81.0,,,100.0,50.0,57.65,76.4,100.0,35.75,100.0,75.0,63.82,40.53,97.79,99.69,69.02,38.57,65.31,67.99,2.7,79.17,46.49,26.79,20.0,96.43,26.83,34.37,85.56,39.89,58.33,0.0,50.0,0.0,0.0,42.19,21.47,0.0,82.35,0.0,18.16,70.75,0.0,0.0,68.22,24.56,6.9,0.0,34.15,2.8,100.0,44.88,0.0,46.15,90.22,81.06,67.88,23.96,85.33,33.85,50.0,64.06,100.0,82.71,65.16,99.86,53.3,55.17,0.0,49.27,5.11,96.0,81.43,67.16
69,246900625,CC du Pays de l'Arbresle (CCPA),,,62.0,,,100.0,50.0,51.47,68.54,100.0,55.65,100.0,62.21,54.0,43.18,86.92,90.36,59.2,58.0,69.39,67.99,2.2,10.7,43.01,18.8,53.33,100.0,14.29,27.91,60.0,51.19,58.33,19.84,100.0,0.0,0.0,32.77,36.32,64.1,83.66,65.32,18.16,69.74,45.0,0.0,69.95,22.81,22.9,0.0,54.95,15.54,88.92,17.32,59.0,61.54,77.49,74.62,61.92,25.97,74.0,75.06,48.21,73.09,48.76,69.19,48.07,100.0,48.75,62.07,100.0,40.24,0.0,86.0,81.43,62.58
69,246900724,CC des Vallons du Lyonnais (CCVL),,,71.0,,,100.0,50.0,66.91,76.97,100.0,46.25,100.0,67.44,60.73,42.17,90.14,93.21,65.03,52.86,100.0,67.99,2.5,53.67,47.22,15.66,33.33,100.0,24.51,29.77,35.56,43.49,58.33,34.66,100.0,0.0,0.0,29.46,39.85,72.76,81.7,73.13,18.16,71.96,96.39,0.0,85.63,0.0,11.0,0.0,29.82,13.89,55.81,35.24,78.57,46.15,80.53,77.65,72.85,25.03,44.67,50.57,46.43,69.48,23.72,69.05,60.6,100.0,56.57,60.92,100.0,43.43,0.0,100.0,81.43,67.16
69,246900740,CC du Pays Mornantais (COPAMO),,,71.0,,,100.0,50.0,61.27,77.53,100.0,32.7,100.0,67.44,58.0,45.45,85.04,94.15,64.72,41.43,85.71,67.99,2.2,2.8,43.11,22.58,13.33,100.0,13.59,35.03,38.15,47.42,58.33,0.79,100.0,60.83,5.66,34.09,42.5,48.08,81.7,78.29,18.16,74.17,0.0,0.0,84.19,0.0,33.1,0.0,61.77,26.72,100.0,3.09,21.71,53.85,84.33,80.68,74.83,24.77,45.67,49.63,51.79,69.38,24.05,73.14,64.48,100.0,34.36,50.57,100.0,39.18,0.0,98.0,81.43,67.52
69,246900757,CC de la Vallée du Garon (CCVG),,,71.0,,,0.0,50.0,74.26,79.49,100.0,70.85,100.0,69.19,63.45,27.27,98.66,100.0,67.18,60.57,100.0,67.99,3.7,43.68,51.04,35.01,53.33,100.0,38.21,49.6,52.59,76.58,58.33,0.0,100.0,0.0,0.0,36.83,22.21,53.53,76.47,7.18,18.16,69.88,43.61,0.0,85.66,0.0,7.0,0.0,8.17,25.64,3.19,7.5,93.29,46.15,75.21,74.62,64.24,19.41,78.33,43.06,41.07,63.86,100.0,88.57,79.17,43.5,77.81,63.22,100.0,51.66,0.0,68.0,81.43,67.39
69,246900765,CC du Pays de l'Ozon,,,83.0,,,0.0,50.0,74.26,75.0,100.0,57.0,100.0,70.35,60.18,38.01,95.47,99.73,66.56,40.0,87.76,67.99,2.4,8.04,45.12,31.49,80.0,100.0,17.07,53.88,85.19,67.4,58.33,0.0,100.0,0.0,0.0,32.49,22.06,0.0,79.74,0.0,18.16,69.31,47.22,0.0,77.44,0.0,8.6,0.0,31.63,22.78,57.82,60.32,0.0,46.15,83.57,77.65,67.55,29.18,35.33,37.3,48.21,62.35,63.76,83.0,74.71,100.0,61.68,54.02,0.0,53.52,0.0,98.0,81.43,68.16
70,200036150,CC des Hauts du Val de Saône,,,38.0,,,0.0,75.0,31.86,16.01,19.33,14.5,0.0,6.98,32.36,58.84,0.0,0.0,32.82,50.86,2.04,62.38,0.6,39.81,20.37,2.62,80.0,0.0,100.0,19.2,4.81,0.0,14.53,53.17,0.0,4.68,91.9,47.95,34.12,54.81,58.17,59.18,53.51,35.98,66.11,0.0,36.84,100.0,82.4,0.0,96.55,9.02,100.0,74.06,71.29,61.54,58.31,33.33,42.05,58.5,20.33,100.0,50.0,17.57,84.18,0.0,0.0,0.0,0.66,72.41,100.0,3.32,3.7,0.0,43.57,43.32
70,200036549,CC Val de Gray,,,40.0,,,11.64,50.0,37.5,29.49,99.33,60.85,97.31,29.65,46.0,42.05,33.84,0.0,38.04,51.14,10.2,57.92,0.8,40.06,24.51,5.33,86.67,0.0,47.5,41.39,42.59,22.19,14.53,64.81,100.0,19.28,81.13,40.66,38.38,51.28,67.32,70.87,53.51,35.74,100.0,50.0,43.51,10.53,47.1,2.44,96.14,7.37,100.0,46.56,12.14,61.54,59.45,41.67,39.74,38.29,100.0,100.0,48.21,23.49,98.68,48.81,72.01,0.0,18.34,66.67,50.0,16.87,4.35,0.0,43.57,42.48
70,200041721,CC de la Haute Comté,,,40.0,,,18.74,75.0,38.24,34.55,83.33,46.8,0.0,9.88,41.82,46.72,55.8,17.59,42.33,44.0,100.0,62.38,0.6,29.77,22.28,3.45,6.67,0.0,63.53,47.41,36.67,27.6,14.53,98.68,50.0,100.0,80.08,30.3,18.68,29.49,67.97,13.2,53.51,34.87,100.0,0.0,31.35,0.0,51.0,4.95,94.23,13.91,30.39,83.74,100.0,53.85,65.91,35.98,55.3,43.24,87.33,82.63,51.79,2.71,63.1,48.38,5.18,0.0,6.75,68.97,50.0,4.65,10.43,0.0,43.57,45.77
70,200041853,CC du Pays de Montbozon et du Chanois,,,41.0,,,0.0,75.0,42.65,53.37,82.67,10.25,0.0,48.84,46.73,61.11,0.0,0.0,50.31,31.43,14.29,59.9,1.0,0.0,24.2,70.76,26.67,0.0,36.35,15.42,10.0,31.2,14.53,91.27,100.0,0.0,65.47,25.39,29.12,26.28,74.51,38.22,53.51,54.05,100.0,0.0,34.5,8.77,91.3,7.75,95.49,28.7,93.16,76.76,15.86,69.23,77.49,62.5,60.93,52.88,96.0,100.0,55.36,48.49,0.0,5.67,45.89,100.0,3.45,65.52,100.0,17.4,0.0,68.0,43.57,59.03
70,200041861,CC du Triangle Vert,,,41.0,,,0.0,75.0,44.12,52.53,98.67,6.9,100.0,54.07,48.18,61.36,0.0,0.0,51.84,25.14,38.78,62.87,0.9,15.18,25.16,11.19,0.0,0.0,30.08,21.01,30.37,21.87,14.53,82.54,100.0,45.23,70.63,22.71,32.06,49.04,75.82,3.59,53.51,55.43,100.0,0.0,44.43,56.14,100.0,0.0,95.26,11.6,100.0,80.26,64.57,61.54,77.87,58.71,55.96,54.75,41.33,79.54,53.57,29.82,0.0,41.05,42.84,0.0,3.26,64.37,100.0,13.68,1.85,58.0,43.57,57.84
70,200041879,CC Terres de Saône,,,39.0,,,66.55,100.0,39.41,44.1,98.67,32.25,0.0,34.3,45.09,51.89,0.0,0.0,41.72,30.86,77.55,62.38,0.9,42.4,27.12,13.09,46.67,0.0,19.86,41.06,30.0,6.63,14.53,74.34,100.0,37.35,80.56,22.57,33.53,12.82,74.51,100.0,53.51,44.08,100.0,0.0,44.27,35.09,78.3,0.0,99.07,11.08,76.68,69.71,78.29,69.23,66.29,55.3,53.97,51.94,53.33,100.0,53.57,51.1,42.5,10.14,42.16,0.0,10.03,67.82,100.0,12.88,0.0,28.0,43.57,58.68
70,200041887,CC du Val Marnaysien,,,46.0,,,61.28,50.0,45.22,57.3,100.0,8.7,0.0,58.14,51.45,57.32,47.03,13.79,57.06,28.0,53.06,57.43,1.0,22.75,27.92,0.01,100.0,100.0,14.29,27.47,42.96,8.11,14.53,44.18,100.0,0.0,47.78,19.78,33.38,16.67,79.08,0.0,53.51,65.31,4.72,0.0,51.99,0.0,86.6,17.87,96.85,12.24,100.0,54.94,0.0,61.54,81.29,76.52,66.56,41.37,61.67,56.1,57.14,67.97,0.0,28.05,41.85,0.0,8.56,64.37,100.0,30.94,0.0,90.0,43.57,57.71
70,247000011,CA de Vesoul,,,41.0,,,23.53,50.0,48.53,58.43,100.0,100.0,60.0,58.72,57.64,14.77,87.79,99.51,49.08,70.57,100.0,62.38,1.6,100.0,37.59,33.73,100.0,100.0,67.25,38.59,41.85,100.0,14.53,46.3,100.0,15.03,26.53,44.51,60.29,45.51,75.16,77.3,53.51,39.07,100.0,100.0,69.2,22.81,17.9,78.04,50.46,22.81,73.9,82.21,63.29,61.54,45.77,38.26,42.72,27.98,100.0,100.0,44.64,66.37,100.0,70.24,83.72,0.0,34.44,64.37,50.0,32.54,0.0,14.0,43.57,38.03
70,247000367,CC des Combes,,,40.0,,,49.95,75.0,41.18,42.13,76.0,10.15,100.0,45.35,39.09,61.36,0.0,0.0,49.69,31.71,44.9,62.38,0.6,25.78,23.96,27.97,100.0,0.0,28.22,17.12,26.67,0.0,14.53,82.28,50.0,23.71,81.62,31.72,25.59,8.97,70.59,0.0,53.51,57.47,100.0,0.0,50.36,0.0,79.5,0.0,95.42,3.97,98.4,54.68,17.43,61.54,70.85,58.33,57.62,46.32,40.33,100.0,55.36,57.23,20.26,7.05,49.17,0.0,2.79,66.67,100.0,19.79,5.43,36.0,43.57,53.84
70,247000623,CC des Quatre Rivières,,,38.0,,,0.0,75.0,38.24,26.69,46.67,17.05,0.0,14.53,33.09,58.33,0.0,0.0,36.81,38.0,14.29,59.41,0.7,67.7,19.95,43.27,46.67,42.86,65.16,26.98,47.78,1.39,14.53,54.76,100.0,11.03,88.84,36.93,29.71,0.0,60.78,70.01,53.51,42.58,100.0,0.0,16.13,0.0,69.4,0.0,96.64,7.53,100.0,47.44,3.86,61.54,62.87,47.73,53.64,59.3,70.67,100.0,51.79,30.72,55.85,0.0,35.52,0.0,3.04,67.82,100.0,7.57,30.87,0.0,43.57,48.45
70,247000664,CC du Pays de Lure,,,41.0,,,0.0,75.0,44.12,44.94,100.0,57.85,38.46,50.58,55.09,37.5,61.81,83.62,41.1,38.57,0.0,62.87,0.8,8.71,27.64,21.81,33.33,98.21,27.29,56.12,29.26,34.81,14.53,85.45,0.0,31.65,39.46,31.78,51.76,45.19,77.12,28.31,53.51,43.38,100.0,100.0,42.63,45.61,48.8,0.0,86.11,18.0,16.9,86.18,56.43,53.85,61.73,45.08,39.74,26.64,80.33,80.07,50.0,38.05,94.23,57.57,17.01,100.0,12.34,64.37,50.0,24.83,0.0,38.0,43.57,47.71
70,247000698,CC des Monts de Gy,,,41.0,,,0.0,75.0,41.91,45.22,100.0,20.25,100.0,31.98,37.82,59.22,13.51,0.0,43.56,31.71,32.65,59.9,1.0,36.17,22.52,2.97,86.67,100.0,80.02,19.47,21.48,0.0,14.53,75.4,100.0,0.0,79.93,41.98,30.0,0.0,79.74,62.19,53.51,48.06,57.22,0.0,43.22,0.0,83.6,0.0,97.26,14.17,86.15,61.62,0.0,61.54,70.85,60.98,52.32,56.36,100.0,100.0,55.36,63.15,44.15,0.0,42.27,0.0,9.28,65.52,100.0,29.08,2.93,62.0,43.57,50.77
70,247000706,CC du Pays Riolais,,,41.0,,,12.06,75.0,51.47,63.2,100.0,42.05,100.0,61.63,59.82,56.31,33.15,10.67,59.51,27.71,38.78,59.9,1.2,37.69,29.14,4.73,100.0,98.21,1.74,20.46,21.85,25.14,14.53,88.89,100.0,0.0,50.59,27.67,42.06,40.71,84.31,25.01,53.51,63.73,100.0,0.0,48.02,22.81,76.1,0.0,95.64,38.37,53.75,68.85,15.86,69.23,80.72,75.0,73.18,47.26,100.0,71.09,57.14,65.96,1.15,9.67,41.61,100.0,13.98,63.22,100.0,28.82,0.0,100.0,43.57,60.32
70,247000714,CC du Pays de Villersexel,,,42.0,,,0.0,75.0,44.36,41.01,96.67,20.6,100.0,46.51,46.91,52.02,19.78,0.0,41.1,38.29,12.24,65.68,0.8,0.0,23.48,40.52,60.0,42.86,56.79,26.87,0.0,0.0,14.53,76.46,100.0,0.0,63.76,33.35,62.5,80.13,71.24,100.0,53.51,47.04,100.0,0.0,38.35,0.0,70.0,0.0,95.27,18.45,93.21,83.62,51.14,61.54,67.05,54.55,55.3,48.86,100.0,94.63,55.36,37.55,21.58,16.38,25.36,0.0,11.57,65.52,100.0,5.71,0.0,0.0,43.57,51.32
70,247000722,CC du Pays d'Héricourt,,,42.0,,,67.89,75.0,52.94,58.15,100.0,88.1,0.0,63.95,56.0,26.89,75.51,79.33,53.99,31.14,0.0,67.33,0.9,7.96,32.55,15.55,13.33,94.64,22.18,39.47,60.0,33.33,14.53,100.0,100.0,0.0,9.11,17.98,47.35,44.87,76.47,97.28,53.51,41.69,59.72,0.0,50.9,0.0,51.3,31.29,51.49,4.67,12.79,87.29,70.71,53.85,67.43,51.89,53.31,27.04,58.67,53.4,50.0,37.55,34.93,65.62,53.91,0.0,14.12,64.37,100.0,15.54,0.0,36.0,43.57,57.58
70,247000755,CC du Pays de Luxeuil,,,41.0,,,0.0,50.0,39.71,37.08,97.33,58.55,46.15,27.33,52.0,28.91,75.87,68.62,36.81,46.0,38.78,62.38,0.9,16.83,26.48,0.07,13.33,83.93,91.87,57.05,43.7,61.67,14.53,100.0,50.0,100.0,47.31,41.11,52.65,16.35,75.16,34.57,53.51,32.74,100.0,0.0,52.81,57.89,27.9,100.0,71.42,11.89,22.04,91.0,100.0,69.23,52.23,30.3,34.11,34.67,90.0,97.37,46.43,8.23,100.0,66.05,16.48,0.0,36.39,65.52,100.0,13.68,3.26,0.0,43.57,32.16
70,247000821,CC Rahin et Chérimont,,,41.0,,,0.0,75.0,52.94,38.48,100.0,30.9,0.0,39.53,40.18,54.55,58.15,14.02,42.94,33.14,0.0,63.37,0.7,59.73,27.57,3.53,13.33,0.0,66.55,37.99,23.7,6.31,14.53,100.0,100.0,100.0,60.17,23.18,48.38,21.15,77.78,18.12,53.51,45.8,100.0,0.0,66.81,100.0,70.9,7.16,35.06,50.6,0.0,97.09,100.0,61.54,73.31,55.3,42.38,29.05,69.33,63.15,51.79,25.3,2.97,34.9,29.11,0.0,3.33,60.92,100.0,16.07,38.8,44.0,43.57,50.9
70,247000854,CC des 1000 étangs,,,41.0,,,0.0,75.0,42.28,36.24,0.0,23.25,0.0,41.28,41.27,61.87,0.0,0.0,40.49,45.14,32.65,62.87,0.5,0.0,23.59,0.8,0.0,0.0,48.9,41.77,0.0,0.0,14.53,100.0,100.0,100.0,84.97,33.28,25.0,0.0,66.67,0.0,53.51,38.65,100.0,0.0,38.09,0.0,58.5,0.0,75.0,21.24,0.0,95.44,100.0,69.23,63.63,45.45,49.01,49.0,94.67,94.5,50.0,50.2,33.11,21.43,8.05,0.0,2.75,67.82,100.0,6.51,30.22,0.0,43.57,50.26
71,200040038,CC Saône Doubs Bresse,,,53.0,,,52.46,75.0,49.26,50.0,82.67,14.55,0.0,46.51,46.18,48.99,1.01,0.0,51.84,34.29,83.67,58.0,0.8,36.81,26.66,1.24,0.0,78.57,5.23,9.12,5.56,2.38,40.38,29.63,100.0,10.87,64.82,23.1,40.59,57.69,77.78,58.71,63.76,54.88,35.56,0.0,44.87,0.0,73.0,0.0,98.66,1.32,100.0,29.35,0.0,61.54,78.63,64.77,53.97,36.41,75.0,48.0,55.36,40.26,0.0,35.33,42.4,0.0,7.82,65.52,100.0,18.19,16.52,38.0,38.93,59.16
71,200040293,CC du Clunisois,,,65.0,,,45.99,75.0,52.57,44.94,0.0,36.6,24.62,50.58,46.0,44.95,0.0,0.0,42.02,70.86,57.14,56.48,1.3,21.79,29.54,44.79,40.0,0.0,32.87,12.02,59.63,45.78,40.38,42.86,50.0,100.0,79.75,45.02,58.68,53.85,65.36,50.49,63.76,51.19,45.83,0.0,57.08,7.02,54.9,0.0,93.1,7.34,100.0,88.21,87.0,69.23,56.03,52.27,71.85,48.06,94.0,100.0,48.21,100.0,94.23,42.76,19.22,100.0,8.93,68.97,100.0,15.01,29.57,0.0,38.93,45.32
71,200042414,CC Bresse Revermont 71,,,61.0,,,100.0,75.0,50.74,40.17,46.67,20.65,100.0,56.98,45.82,55.93,7.64,0.0,46.01,31.14,4.08,60.31,0.9,27.78,26.89,14.6,20.0,14.29,36.35,16.9,12.22,1.56,40.38,7.41,100.0,0.0,57.98,29.17,57.35,62.5,61.44,6.25,63.76,43.11,77.78,0.0,52.48,80.7,63.1,0.0,98.48,4.31,100.0,55.79,44.86,69.23,66.67,50.76,53.97,33.87,5.67,66.5,51.79,9.54,13.34,10.1,35.52,0.0,7.42,68.97,100.0,8.9,46.85,0.0,38.93,54.65
71,200069698,CC Mâconnais - Tournugeois,,,46.0,,,0.0,25.0,49.02,44.38,79.33,48.55,0.0,37.21,50.73,30.81,52.93,55.76,45.4,52.86,79.59,57.1,1.2,17.46,30.83,26.56,26.67,0.0,39.61,7.31,66.3,21.05,40.38,37.57,100.0,33.14,48.85,48.1,43.24,53.53,69.93,64.97,63.76,42.26,36.39,50.0,64.55,0.0,36.9,0.0,85.45,12.98,77.47,0.0,17.14,61.54,58.12,56.82,52.98,27.31,99.0,89.33,48.21,62.25,83.36,56.14,29.79,88.84,12.16,71.26,0.0,20.32,0.0,0.0,38.93,47.65
71,200070308,CA Mâconnais Beaujolais Agglomération,,,47.0,,,0.0,50.0,50.37,53.65,100.0,100.0,77.69,52.33,57.45,31.57,86.34,86.07,53.68,57.43,93.88,57.1,1.8,81.32,37.37,29.72,66.67,60.71,39.61,41.44,67.04,71.17,40.38,17.99,50.0,3.73,0.0,42.56,50.15,62.5,77.12,32.72,63.76,48.37,26.11,100.0,67.06,0.0,27.6,0.0,23.14,14.63,76.68,0.0,0.0,53.85,56.22,43.94,47.35,19.01,46.0,57.53,42.86,42.27,100.0,58.24,70.42,35.45,16.8,,50.0,22.97,0.0,46.0,38.93,43.52
71,200070316,"CC Entre Arroux, Loire et Somme",,,60.0,,,0.0,100.0,51.23,32.02,71.33,57.7,0.0,25.0,45.45,34.72,18.95,18.62,39.88,57.43,12.24,54.13,0.7,17.99,27.47,19.73,0.0,0.0,31.24,59.9,34.81,27.11,40.38,9.26,100.0,6.05,83.59,35.36,26.32,0.0,54.25,0.0,63.76,35.87,95.28,50.0,49.25,1.75,45.1,0.0,94.01,3.14,100.0,92.47,59.29,61.54,60.4,51.14,50.33,36.95,100.0,95.32,53.57,24.9,100.0,47.14,18.67,0.0,6.06,74.71,50.0,19.52,68.91,0.0,38.93,51.0
71,200070530,CC du Grand Autunois Morvan,,,59.0,,,0.0,50.0,53.36,32.02,36.0,84.9,73.08,24.42,48.36,38.64,7.07,0.0,42.64,54.0,32.65,53.67,0.9,55.39,26.79,25.21,6.67,0.0,52.61,9.94,20.37,57.9,40.38,65.87,100.0,100.0,86.0,33.74,50.15,61.54,61.44,46.44,63.76,35.09,100.0,100.0,50.27,0.0,59.8,0.0,90.53,2.98,100.0,90.0,94.0,53.85,56.22,39.02,41.72,37.48,33.67,64.85,48.21,36.35,83.03,21.71,53.88,40.25,4.67,72.41,100.0,27.49,69.46,0.0,38.93,42.19
71,200070548,CC Brionnais Sud Bourgogne,,,65.0,,,100.0,75.0,38.97,34.83,50.0,33.5,24.62,33.72,39.64,43.56,25.14,53.3,44.79,46.0,89.8,50.33,0.6,14.86,26.44,2.01,0.0,82.14,28.92,29.83,32.96,13.51,40.38,5.56,100.0,0.0,63.35,41.32,41.76,44.23,54.9,22.41,63.76,48.87,96.67,0.0,71.25,19.3,54.6,0.0,87.31,0.16,100.0,96.91,75.57,61.54,63.44,53.79,56.62,38.96,100.0,100.0,53.57,37.25,80.56,40.05,25.83,0.0,5.28,66.67,100.0,17.93,24.13,0.0,38.93,50.23
71,200071538,CC Terres de Bresse,,,61.0,,,29.57,75.0,52.06,49.44,77.33,14.35,100.0,54.07,48.18,48.99,18.66,40.0,50.92,29.14,48.98,59.24,1.0,13.45,28.4,9.33,0.0,50.0,27.99,11.31,44.81,20.23,40.38,11.38,100.0,13.0,38.05,20.43,23.68,0.0,71.24,0.0,63.76,53.31,15.56,0.0,66.14,0.0,68.8,0.0,96.01,5.5,100.0,52.71,81.71,69.23,77.49,62.12,49.67,29.45,100.0,54.15,55.36,50.1,21.91,41.71,20.31,0.0,5.59,65.52,100.0,13.15,25.65,12.0,38.93,53.81
71,200071579,CC Bresse Louhannaise Intercom',,,61.0,,,100.0,75.0,52.06,35.67,74.0,38.05,0.0,48.26,47.82,45.08,37.25,48.08,39.57,38.29,48.98,60.31,1.1,25.49,29.67,11.78,0.0,3.57,40.53,19.36,31.11,19.9,40.38,16.67,0.0,0.0,36.36,34.33,38.82,0.0,62.75,17.95,63.76,40.3,55.0,100.0,51.67,38.6,51.4,0.0,96.07,2.92,100.0,56.12,45.71,69.23,62.87,49.62,44.7,27.84,83.33,78.47,51.79,34.24,83.86,45.1,26.74,49.86,13.87,67.82,100.0,16.6,29.57,0.0,38.93,48.9
71,200071645,CC Saint Cyr Mère Boitier entre Charolais et Mâconnais,,,65.0,,,100.0,75.0,45.59,43.82,22.67,31.0,100.0,34.3,37.27,56.94,0.0,0.0,44.79,39.71,0.0,53.71,0.9,0.0,25.56,1.84,40.0,0.0,53.08,17.17,27.41,64.29,40.38,42.06,100.0,100.0,82.04,47.94,29.12,0.0,67.97,5.62,63.76,52.05,70.0,0.0,67.34,42.11,67.2,0.0,88.44,5.8,100.0,81.26,92.0,69.23,70.09,51.89,61.92,33.6,77.67,100.0,50.0,73.59,44.65,14.0,16.17,100.0,4.61,66.67,100.0,5.98,47.28,4.0,38.93,45.87
71,200071884,CC Le Grand Charolais,,,61.0,,,0.0,75.0,50.59,37.08,87.33,61.25,0.0,31.4,45.64,29.42,30.94,49.91,39.57,48.29,55.1,56.88,0.9,10.56,28.38,29.79,0.0,0.0,43.09,56.61,46.3,44.96,40.38,11.64,50.0,0.0,61.53,36.41,52.94,66.35,61.44,48.0,63.76,39.31,36.94,100.0,45.25,0.0,42.4,0.0,91.53,4.51,100.0,93.97,67.14,61.54,55.65,50.38,51.32,24.5,79.33,100.0,51.79,43.47,93.08,35.62,57.45,0.0,16.31,67.82,100.0,19.26,61.52,0.0,38.93,50.77
71,247100290,CU Le Creusot Montceau-les-Mines,,,64.0,,,75.18,75.0,59.8,42.7,100.0,100.0,0.0,29.65,53.45,14.9,78.95,87.46,47.85,41.14,65.31,57.92,1.1,57.41,34.05,11.0,0.0,67.86,46.34,38.04,29.26,36.28,40.38,15.87,0.0,0.0,64.36,21.76,41.62,24.36,64.05,41.05,63.76,37.41,15.83,100.0,59.03,0.0,25.7,0.0,81.15,5.19,100.0,93.68,91.57,46.15,53.75,45.08,39.07,17.94,54.67,48.49,51.79,44.38,100.0,63.05,74.27,78.11,32.82,,0.0,19.79,63.91,0.0,38.93,49.52
71,247100589,CA Le Grand Chalon,,,46.0,,,0.0,50.0,48.53,57.02,100.0,98.7,0.0,57.56,57.09,29.17,86.09,85.67,56.13,57.43,65.31,55.67,1.6,88.15,36.65,36.15,53.33,78.57,38.44,17.89,60.37,88.53,40.38,38.1,0.0,0.0,31.42,31.55,39.85,42.63,76.47,11.81,63.76,46.6,79.44,100.0,55.24,42.11,32.8,0.0,42.36,2.22,100.0,0.0,16.29,53.85,53.56,48.86,47.02,23.96,65.67,58.11,46.43,58.13,100.0,57.33,66.77,0.0,20.13,,0.0,22.97,0.0,26.0,38.93,46.97
71,247100639,CC de Marcigny,,,53.0,,,0.0,75.0,39.22,33.99,64.67,24.4,0.0,22.09,48.0,42.68,0.0,0.0,43.87,52.0,73.47,50.33,1.0,4.63,22.66,60.52,0.0,0.0,44.02,30.27,24.07,52.66,40.38,0.0,100.0,55.15,65.54,41.6,27.65,51.6,53.59,21.31,63.76,46.35,100.0,0.0,38.66,0.0,65.1,0.0,95.94,4.92,100.0,92.94,84.29,61.54,62.87,48.11,63.91,41.9,100.0,100.0,51.79,37.85,73.15,0.0,34.69,0.0,8.03,68.97,100.0,24.04,40.54,0.0,38.93,52.97
71,247100647,CC Bresse Nord Intercom',,,59.0,,,0.0,50.0,44.49,26.12,34.67,11.6,100.0,31.98,41.64,61.49,0.0,0.0,33.44,41.43,100.0,59.52,0.5,29.71,24.24,0.0,6.67,0.0,37.75,25.77,4.81,10.24,40.38,13.49,100.0,37.96,56.73,38.57,34.56,0.0,54.9,39.9,63.76,39.51,51.67,0.0,53.29,0.0,73.0,0.0,97.62,2.91,100.0,38.65,8.0,69.23,61.92,44.32,37.09,47.39,88.33,88.42,51.79,16.97,46.95,0.57,19.11,0.0,1.06,70.11,100.0,1.46,41.85,0.0,38.93,48.39
71,247103765,CC Entre Saône et Grosne,,,65.0,,,31.68,50.0,51.18,45.22,40.0,28.95,26.54,52.91,46.73,38.51,22.17,36.21,51.23,37.71,91.84,58.83,0.9,42.54,29.48,30.42,6.67,0.0,8.48,7.97,42.22,13.51,40.38,44.97,100.0,100.0,73.16,35.81,59.26,59.94,71.9,45.17,63.76,50.61,41.67,0.0,48.27,29.82,63.5,0.0,97.66,10.87,100.0,46.09,70.86,61.54,67.81,64.02,57.28,30.39,64.67,78.57,53.57,56.43,11.53,68.33,35.91,0.0,4.62,66.67,50.0,19.26,22.93,0.0,38.93,49.77
71,247103864,CC de Semur en Brionnais,,,65.0,,,60.02,100.0,41.54,41.29,15.33,15.65,53.46,38.37,41.82,51.39,0.0,0.0,47.24,34.57,38.78,50.33,1.0,5.34,23.47,30.07,0.0,0.0,11.27,28.02,34.07,33.17,40.38,0.0,100.0,68.06,74.27,31.48,39.56,64.74,58.17,25.42,63.76,55.81,20.0,50.0,57.6,7.02,88.3,0.0,82.77,2.43,100.0,98.94,74.86,69.23,70.47,57.95,70.86,42.03,26.33,100.0,50.0,9.64,8.07,30.95,39.74,0.0,8.33,66.67,100.0,12.35,25.65,0.0,38.93,53.1
71,247104094,CC Sud Côte Chalonnaise,,,58.0,,,42.65,75.0,46.69,50.84,36.0,21.45,0.0,40.12,42.73,46.72,21.45,0.0,50.92,36.86,32.65,59.24,1.6,50.55,30.07,52.18,0.0,12.5,47.27,4.08,34.07,3.36,40.38,29.63,100.0,0.0,77.06,39.23,51.32,84.62,71.9,91.14,63.76,53.26,14.72,0.0,59.49,0.0,69.5,0.0,97.51,6.92,100.0,17.03,68.86,69.23,70.47,64.02,48.01,38.42,51.33,100.0,50.0,64.86,22.9,51.57,41.04,0.0,2.63,66.67,100.0,37.85,21.52,0.0,38.93,54.97
72,200040475,CC LBN Communauté,,,40.0,,,0.0,75.0,46.47,46.63,90.67,24.5,100.0,41.28,37.27,62.37,23.88,0.0,46.32,41.14,24.49,57.43,1.0,37.4,23.56,0.31,20.0,41.07,31.94,6.0,21.85,0.0,34.4,0.0,0.0,0.0,52.6,24.79,10.88,0.0,79.08,3.94,33.8,54.38,75.83,0.0,36.47,0.0,59.8,0.0,98.88,4.33,100.0,62.29,0.0,46.15,73.31,61.74,59.6,36.14,100.0,70.67,57.14,70.38,51.07,2.14,29.61,0.0,65.61,66.67,50.0,25.63,72.17,78.0,33.57,49.06
72,200068963,CC Maine Coeur de Sarthe,,,40.0,,,0.0,75.0,57.35,66.57,100.0,21.45,100.0,64.53,51.82,53.54,86.63,73.75,62.58,33.43,93.88,53.63,1.3,45.72,32.78,10.26,6.67,92.86,9.18,10.93,45.93,23.83,34.4,0.0,100.0,0.0,0.0,11.54,44.41,41.35,79.08,26.17,33.8,68.47,100.0,0.0,58.45,0.0,52.5,0.0,94.65,7.66,100.0,52.47,0.0,61.54,84.9,73.48,66.23,26.1,100.0,49.79,57.14,67.27,3.79,35.9,58.54,0.0,35.32,64.37,100.0,39.44,0.0,92.0,33.57,62.65
72,200070373,CC Loir-Lucé-Bercé,,,50.0,,,0.0,50.0,49.51,29.21,52.0,40.9,0.0,31.4,41.82,51.39,24.06,12.41,38.34,49.71,26.53,57.76,0.9,21.55,24.51,31.99,0.0,0.0,26.83,8.35,18.89,0.0,34.4,9.79,100.0,0.0,48.85,35.8,47.06,60.58,58.17,65.49,33.8,36.27,100.0,100.0,46.5,0.0,51.9,0.0,99.66,7.34,100.0,27.59,0.0,53.85,57.93,43.94,40.07,27.31,94.67,100.0,51.79,69.28,85.34,39.86,64.19,60.88,23.76,67.82,100.0,21.65,55.65,0.0,33.57,36.13
72,200072676,CC Maine Saosnois,,,29.0,,,0.0,75.0,51.72,32.02,88.0,42.65,0.0,31.4,34.18,48.74,57.54,33.53,37.73,44.86,0.0,56.77,0.8,30.33,23.03,14.27,0.0,89.29,25.9,11.42,21.11,17.94,34.4,0.0,100.0,58.75,61.63,28.93,37.65,15.71,67.32,23.86,33.8,47.54,0.0,0.0,47.15,33.33,58.1,0.0,97.49,5.15,100.0,44.79,0.0,46.15,64.96,47.35,45.7,29.59,76.67,63.25,53.57,62.95,61.12,39.67,66.9,0.0,17.1,66.67,50.0,22.18,60.87,2.0,33.57,46.45
72,200072684,CC Le Gesnois Bilurien,,,52.0,,,15.48,75.0,50.59,52.53,100.0,29.6,0.0,55.81,48.55,59.6,69.96,33.57,50.0,34.0,65.31,57.76,1.1,45.89,26.58,3.9,0.0,91.07,27.99,4.41,22.96,0.0,34.4,30.42,100.0,0.0,13.28,17.61,44.12,36.54,75.82,34.16,33.8,60.11,3.33,0.0,57.27,0.0,70.5,0.0,97.4,2.23,100.0,50.56,0.0,53.85,76.73,65.91,57.62,27.44,96.33,55.84,57.14,53.61,18.12,8.14,48.54,0.0,46.81,63.22,100.0,29.08,59.46,76.0,33.57,53.74
72,200072692,CC des Vallées de la Braye et de l'Anille,,,56.0,,,0.0,75.0,48.53,28.93,70.67,43.4,0.0,21.51,39.27,53.79,23.77,0.0,35.58,55.14,34.69,61.88,0.6,37.6,22.13,13.82,0.0,0.0,29.62,0.47,20.0,5.81,34.4,15.08,50.0,0.0,61.24,33.69,35.29,25.32,60.13,28.66,33.8,37.21,23.06,50.0,49.14,0.0,52.4,0.0,99.99,4.98,100.0,27.0,0.0,53.85,60.02,51.89,47.68,32.26,57.33,82.02,55.36,73.39,75.29,52.9,74.24,0.0,29.12,67.82,100.0,20.32,72.39,0.0,33.57,50.52
72,200072700,CC Haute Sarthe Alpes Mancelles,,,36.0,,,0.0,75.0,48.16,36.8,80.67,26.15,100.0,33.72,38.36,52.15,33.7,24.42,39.57,39.43,55.1,54.21,0.7,35.76,22.75,6.8,0.0,60.71,8.01,18.32,31.11,20.07,34.4,0.0,50.0,100.0,27.08,24.39,33.68,18.91,72.55,11.7,33.8,51.12,90.0,50.0,25.59,0.0,71.9,0.0,97.03,6.85,100.0,56.12,0.0,46.15,68.57,55.3,51.99,36.14,65.67,70.02,55.36,58.73,26.85,11.05,49.97,0.0,12.96,66.67,50.0,21.65,53.8,32.0,33.57,47.1
72,200072718,CC de la Champagne Conlinoise et du Pays de Sillé,,,44.0,,,0.0,75.0,48.53,45.79,93.33,14.2,0.0,38.95,39.45,61.74,29.67,0.0,48.77,38.86,10.2,53.63,1.1,37.21,24.58,7.34,40.0,92.86,5.46,7.42,36.3,7.62,34.4,0.0,50.0,100.0,49.5,26.72,39.26,61.22,75.82,40.19,33.8,54.2,100.0,100.0,59.32,0.0,74.4,0.0,97.12,5.5,100.0,61.18,0.0,53.85,74.26,56.06,58.94,33.87,81.0,79.41,53.57,59.14,21.25,0.0,28.28,100.0,31.25,65.52,100.0,25.9,77.5,60.0,33.57,47.84
72,200073112,CC Sud Sarthe,,,29.0,,,0.0,75.0,45.29,37.92,68.0,33.45,0.0,41.28,38.73,60.73,37.21,0.0,42.64,45.71,18.37,46.95,0.9,22.14,23.99,21.3,0.0,89.29,59.35,3.97,14.81,0.0,34.4,39.15,100.0,32.64,51.76,25.95,33.97,52.88,66.01,1.33,33.8,49.2,0.0,50.0,64.83,0.0,52.7,0.0,99.97,7.96,98.8,42.74,2.86,53.85,68.95,51.89,51.32,29.85,100.0,86.34,55.36,46.29,37.89,51.38,45.73,62.57,22.47,70.11,50.0,18.73,68.26,0.0,33.57,39.16
72,247200090,CC du Pays Sabolien,,,36.0,,,0.0,50.0,46.57,52.53,100.0,97.55,100.0,48.26,53.82,47.1,60.22,65.0,47.55,60.86,100.0,61.22,1.3,62.76,29.21,7.8,0.0,91.07,32.17,17.83,15.56,0.25,34.4,1.32,0.0,0.0,36.94,21.53,16.47,0.0,76.47,22.29,33.8,44.53,35.28,100.0,18.36,87.72,42.0,8.55,98.7,7.52,100.0,51.18,0.0,46.15,64.58,50.0,56.29,21.95,50.67,63.58,53.57,28.21,100.0,59.67,58.96,0.0,100.0,65.52,50.0,22.44,60.43,58.0,33.57,33.74
72,247200132,CU Le Mans Métropole,,,40.0,,,22.77,25.0,47.06,57.58,100.0,100.0,81.54,50.0,59.82,21.72,97.54,99.42,50.31,99.43,100.0,53.63,1.6,86.92,42.57,42.31,6.67,96.43,31.94,15.37,75.56,47.91,34.4,0.0,0.0,0.0,0.0,20.61,53.38,56.09,76.47,45.28,33.8,46.38,38.33,100.0,64.84,78.95,7.1,3.16,16.6,6.7,34.75,25.0,0.0,46.15,50.33,29.55,45.03,15.66,62.67,88.36,39.29,64.06,100.0,65.0,78.39,13.42,43.64,60.92,0.0,29.08,10.43,54.0,33.57,37.0
72,247200348,CC du Pays Fléchois,,,35.0,,,0.0,75.0,45.59,48.31,100.0,75.5,8.46,56.4,49.45,43.69,66.52,56.47,42.64,47.71,71.43,51.71,1.0,25.67,27.85,48.67,40.0,87.5,26.83,8.63,26.3,47.91,34.4,36.24,50.0,0.0,16.11,24.49,46.18,43.59,74.51,40.13,33.8,49.16,0.0,50.0,11.62,87.72,44.0,18.26,98.43,6.91,90.0,36.74,0.0,46.15,65.15,56.82,57.28,30.39,89.67,69.82,55.36,62.45,71.33,50.0,63.91,0.0,100.0,68.97,100.0,31.74,67.28,62.0,33.57,45.06
72,247200421,CC du Sud Est Manceau,,,59.0,,,0.0,75.0,46.57,63.2,100.0,34.45,100.0,68.02,51.64,52.78,86.34,78.79,61.04,27.14,42.86,53.63,1.5,61.97,33.1,2.95,0.0,0.0,18.47,2.27,24.07,0.57,34.4,80.16,100.0,31.33,6.26,11.35,54.12,37.18,75.82,60.63,33.8,65.86,100.0,50.0,73.85,0.0,26.7,0.0,86.57,0.24,0.0,50.35,65.71,53.85,86.42,75.76,73.51,16.87,100.0,54.28,57.14,76.1,23.56,32.38,57.29,78.81,36.21,64.37,100.0,42.36,82.28,80.0,33.57,59.65
72,247200447,CC Orée de Bercé - Belinois,,,43.0,,,89.58,75.0,45.59,60.11,100.0,33.95,100.0,63.95,52.18,52.9,77.25,64.06,54.29,29.14,0.0,53.63,1.3,38.52,32.01,11.12,0.0,83.93,26.36,3.48,27.04,5.16,34.4,31.48,100.0,0.0,0.0,14.51,59.26,40.06,76.47,25.48,33.8,63.39,80.83,0.0,65.75,61.4,30.0,0.0,86.6,6.46,84.69,61.26,0.0,46.15,81.1,71.97,57.95,20.21,100.0,44.16,57.14,64.06,3.62,70.76,47.55,100.0,64.68,59.77,50.0,34.13,79.78,78.0,33.57,55.87
72,247200629,CC du Val de Sarthe,,,34.0,,,100.0,75.0,50.74,65.45,100.0,31.65,100.0,65.7,50.73,54.04,64.64,61.74,57.67,31.71,73.47,57.43,1.4,35.63,33.07,4.81,0.0,82.14,20.09,9.67,38.52,4.01,34.4,25.4,50.0,0.0,9.39,12.96,34.12,32.69,79.08,0.0,33.8,65.81,67.22,0.0,62.48,0.0,52.9,0.0,95.64,5.27,73.74,58.06,0.0,46.15,83.76,76.14,64.9,23.96,100.0,61.98,58.93,69.48,16.64,32.14,52.63,0.0,56.99,62.07,50.0,42.63,68.59,76.0,33.57,54.29
72,247200686,CC du Pays de l'Huisne Sarthoise,,,26.0,,,0.0,50.0,50.37,44.94,88.0,48.75,0.0,45.93,50.73,50.51,56.09,60.36,45.71,47.71,61.22,61.88,1.0,18.61,26.67,3.96,0.0,0.0,15.91,4.68,77.78,24.49,34.4,0.0,50.0,0.0,47.3,21.69,20.44,0.0,73.2,0.0,33.8,49.23,35.28,50.0,52.67,54.39,42.6,0.0,95.58,3.96,100.0,51.76,0.0,53.85,67.05,58.71,52.98,20.62,97.33,53.82,55.36,40.76,100.0,42.43,68.52,0.0,53.11,65.52,100.0,26.96,42.93,30.0,33.57,48.23
73,200023299,CC Coeur de Tarentaise,,,11.0,,,0.0,0.0,64.71,48.6,0.0,100.0,0.0,80.23,81.64,55.18,39.17,1.65,37.73,98.29,0.0,61.55,1.5,91.6,35.82,35.34,100.0,0.0,68.87,23.03,15.56,64.95,48.29,100.0,100.0,100.0,90.26,100.0,68.38,36.54,89.54,0.41,29.36,50.01,58.33,0.0,42.47,100.0,27.4,100.0,70.12,1.24,0.0,99.5,100.0,46.15,52.23,33.71,63.58,13.92,36.33,71.02,39.29,56.83,100.0,61.9,17.11,0.0,100.0,63.22,50.0,49.54,82.83,66.0,57.5,0.0
73,200040798,CC Val Vanoise,,,11.0,,,0.0,25.0,65.44,53.93,0.0,89.5,0.0,88.95,66.36,62.75,28.48,0.0,50.0,95.43,18.37,61.55,2.6,100.0,39.54,4.07,100.0,0.0,100.0,0.0,9.26,39.56,48.29,100.0,100.0,100.0,86.12,100.0,84.41,17.31,89.54,0.0,29.36,58.23,89.44,50.0,23.22,100.0,36.2,38.46,63.87,,0.0,96.79,100.0,61.54,57.93,44.7,82.12,33.2,68.0,100.0,33.93,58.33,100.0,28.57,0.0,0.0,95.81,66.67,100.0,74.77,87.83,38.0,57.5,0.0
73,200041010,CC Coeur de Savoie,,,37.0,,,0.0,50.0,56.18,67.98,86.67,66.45,41.92,56.4,57.64,47.47,69.02,60.89,57.06,42.0,40.82,58.42,1.9,21.32,35.64,55.31,73.33,0.0,3.6,29.94,62.96,34.97,48.29,100.0,0.0,100.0,19.09,31.89,28.53,46.79,81.7,8.8,29.36,61.82,55.0,50.0,63.21,100.0,37.1,13.31,56.25,6.94,37.15,0.0,86.14,38.46,75.21,73.11,59.27,31.19,42.33,41.14,53.57,64.26,59.64,45.43,36.67,100.0,100.0,59.77,50.0,40.24,51.74,74.0,57.5,54.45
73,200068674,CA Grand Lac,,,41.0,,,0.0,25.0,56.37,63.48,54.67,62.6,100.0,56.4,59.09,34.97,80.29,82.99,53.99,54.0,73.47,50.72,2.3,100.0,45.99,43.46,73.33,12.5,27.76,36.24,67.78,61.83,48.29,75.4,100.0,100.0,0.0,45.69,44.12,65.06,80.39,12.45,29.36,64.07,18.89,100.0,64.36,0.0,20.8,13.5,26.68,7.48,0.0,69.76,100.0,53.85,58.31,64.77,59.93,22.62,41.0,42.86,42.86,69.08,77.27,57.48,69.51,0.0,100.0,60.92,50.0,40.77,26.2,30.0,57.5,54.65
73,200068997,CA Arlysère,,,26.0,,,0.0,25.0,63.6,59.55,0.0,96.3,45.38,60.47,61.45,45.33,71.01,73.39,49.08,48.57,87.76,62.38,1.4,8.54,37.15,28.23,53.33,0.0,45.64,16.41,63.7,73.3,48.29,100.0,50.0,48.05,57.27,52.22,53.24,26.28,78.43,22.06,29.36,53.38,74.44,100.0,62.29,85.96,17.7,0.0,43.91,2.02,0.0,87.59,100.0,38.46,61.16,55.3,55.96,24.9,9.33,47.77,48.21,26.1,88.96,52.24,68.75,45.62,100.0,62.07,0.0,29.35,68.04,38.0,57.5,37.87
73,200069110,CA du Grand Chambéry,,,52.0,,,26.27,0.0,63.24,73.03,94.0,100.0,100.0,59.88,63.64,43.18,86.09,87.37,58.59,89.43,100.0,52.23,2.5,82.1,45.35,40.56,100.0,0.0,32.64,35.58,67.04,100.0,48.29,100.0,0.0,100.0,26.32,40.69,58.68,56.73,84.31,44.99,29.36,59.13,82.78,100.0,74.12,17.54,9.6,7.67,22.46,3.74,2.88,78.47,100.0,46.15,51.66,52.65,60.26,20.75,35.33,58.18,42.86,54.32,100.0,44.48,61.15,10.03,100.0,,100.0,44.49,54.89,62.0,57.5,42.97
73,200070340,CC Haute Maurienne Vanoise,,,11.0,,,0.0,25.0,55.88,42.42,0.0,88.25,0.0,64.53,57.09,49.24,44.46,0.0,44.79,84.86,55.1,44.55,1.1,100.0,33.85,6.25,100.0,0.0,76.77,4.35,28.89,0.0,48.29,100.0,100.0,100.0,93.27,100.0,72.65,29.81,74.51,28.2,29.36,49.09,98.33,0.0,32.63,100.0,20.1,24.16,70.06,4.08,0.0,99.91,100.0,53.85,59.07,50.0,66.89,39.36,62.0,94.28,48.21,80.42,100.0,0.0,0.0,0.0,100.0,65.52,100.0,45.29,87.28,0.0,57.5,0.29
73,200070464,CC Coeur de Maurienne Arvan,,,11.0,,,0.0,50.0,55.88,50.56,0.0,90.75,21.54,69.77,65.27,33.96,42.54,35.36,49.39,66.57,2.04,44.55,1.0,100.0,34.51,21.96,40.0,0.0,64.23,18.93,36.3,47.58,48.29,100.0,0.0,0.0,72.65,84.73,59.41,5.77,72.55,23.22,29.36,53.36,44.44,100.0,70.24,100.0,35.7,0.0,69.8,0.58,0.86,99.53,100.0,38.46,56.6,50.38,65.89,41.37,38.0,78.54,46.43,59.04,100.0,54.43,75.08,0.0,33.24,67.82,0.0,42.9,78.91,0.0,57.5,23.9
73,247300015,CC des Vallées d'Aigueblanche,,,16.0,,,0.0,50.0,64.71,59.83,0.0,63.1,0.0,70.93,67.09,61.49,31.05,33.3,38.96,38.86,0.0,61.55,0.9,100.0,35.46,50.93,40.0,0.0,65.16,21.45,60.0,89.84,48.29,100.0,100.0,100.0,74.69,65.07,51.47,17.95,84.31,0.0,29.36,55.7,45.28,0.0,68.76,100.0,39.1,0.0,59.1,5.82,0.0,99.38,100.0,46.15,62.3,60.61,65.56,13.79,0.0,49.01,51.79,43.17,65.4,63.48,29.69,0.0,100.0,71.26,100.0,15.01,86.41,22.0,57.5,13.55
73,247300254,CC de Haute-Tarentaise,,,14.0,,,0.0,0.0,83.09,63.48,0.0,100.0,100.0,91.86,66.0,57.95,39.53,0.0,45.71,100.0,4.08,61.55,1.6,89.28,37.51,82.88,80.0,0.0,100.0,11.09,52.59,38.9,48.29,100.0,100.0,99.28,84.78,100.0,78.38,39.1,95.42,0.0,29.36,54.54,100.0,50.0,35.51,100.0,15.9,0.0,69.9,0.17,0.0,99.88,100.0,61.54,55.65,41.29,78.81,44.98,59.67,79.97,37.5,67.87,100.0,38.1,66.15,0.0,98.97,63.22,100.0,66.27,89.46,76.0,57.5,0.0
73,247300262,CC de Yenne,,,50.0,,,0.0,50.0,47.06,57.3,66.0,41.15,100.0,47.67,46.91,63.89,1.63,12.72,54.91,40.0,55.1,53.05,1.6,22.47,35.43,98.48,0.0,0.0,29.38,15.75,22.22,3.69,48.29,89.95,100.0,40.01,54.66,41.84,49.12,41.99,76.47,19.22,29.36,59.05,41.67,0.0,73.15,19.3,63.2,0.0,93.46,6.3,48.5,36.56,100.0,76.92,71.98,67.8,66.56,36.95,11.33,59.64,51.79,43.67,12.36,65.57,56.72,0.0,80.24,67.82,100.0,29.08,50.43,62.0,57.5,59.45
73,247300361,CC du Canton de La Chambre,,,16.0,,,0.0,25.0,55.88,57.58,0.0,47.15,0.0,62.79,59.27,56.94,60.07,19.15,42.94,53.14,100.0,44.55,0.6,90.22,33.55,13.36,53.33,0.0,60.98,5.18,31.85,23.83,48.29,100.0,0.0,0.0,83.24,58.3,56.76,0.0,73.86,55.76,29.36,52.17,79.44,0.0,56.48,100.0,35.0,0.0,70.34,3.71,0.0,99.56,100.0,38.46,66.29,67.8,68.87,48.19,73.33,74.93,53.57,55.02,46.13,23.0,57.89,0.0,50.61,62.07,0.0,33.07,79.46,20.0,57.5,41.16
73,247300452,CC Maurienne Galibier,,,11.0,,,0.0,50.0,55.88,37.64,0.0,69.05,0.0,73.26,63.82,52.53,29.28,0.0,45.4,94.86,100.0,44.55,0.9,87.46,35.97,26.89,46.67,0.0,52.61,4.79,18.89,6.14,48.29,100.0,100.0,30.42,87.95,98.98,81.47,14.74,75.82,18.82,29.36,47.2,69.44,0.0,23.54,100.0,25.5,0.0,69.86,41.81,0.0,99.41,100.0,53.85,62.49,64.02,73.18,50.87,80.67,100.0,53.57,99.0,99.67,7.95,49.66,0.0,100.0,66.67,100.0,67.6,87.28,0.0,57.5,0.0
73,247300528,CC Val Guiers,,,50.0,,,94.04,50.0,48.53,52.53,90.0,58.3,100.0,50.58,52.36,54.92,61.52,72.1,46.32,31.43,36.73,53.3,1.5,22.23,32.75,14.3,0.0,32.14,59.58,33.77,51.48,6.14,48.29,32.01,100.0,1.59,0.0,46.14,35.29,0.96,76.47,0.0,29.36,53.99,33.33,0.0,68.63,0.0,60.1,0.0,79.35,9.62,100.0,77.76,68.71,61.54,68.95,61.36,61.26,22.36,16.0,37.46,51.79,35.24,64.42,64.05,79.4,100.0,86.87,62.07,100.0,25.1,15.65,56.0,57.5,50.48
73,247300668,CC du Lac d'Aiguebelette (CCLA),,,50.0,,,0.0,50.0,45.59,66.29,13.33,20.9,100.0,61.63,50.73,72.1,48.88,0.0,61.35,46.29,28.57,58.42,2.0,66.01,36.91,71.41,0.0,0.0,3.37,0.25,47.04,16.13,48.29,73.28,100.0,100.0,41.05,45.76,60.15,25.32,77.12,26.93,29.36,69.71,100.0,0.0,63.51,0.0,40.5,0.0,79.49,13.79,25.02,92.82,100.0,76.92,81.48,75.0,66.89,46.85,47.33,73.3,53.57,66.57,6.43,33.33,59.64,0.0,100.0,62.07,100.0,46.88,35.54,80.0,57.5,63.03
73,247300676,CC Porte de Maurienne,,,24.0,,,0.0,50.0,56.37,49.72,20.67,57.85,0.0,47.67,43.82,64.14,13.59,0.0,41.41,43.71,100.0,53.05,0.9,23.46,29.29,28.21,0.0,0.0,32.17,0.0,35.56,0.0,48.29,100.0,100.0,100.0,75.51,28.31,58.24,50.0,88.24,17.37,29.36,45.64,5.83,0.0,60.26,100.0,63.5,0.0,64.06,0.6,0.0,87.09,100.0,38.46,67.43,65.53,8.94,33.73,25.67,38.54,55.36,100.0,27.84,0.0,22.81,100.0,87.2,68.97,50.0,12.62,76.41,64.0,57.5,50.23
73,247300817,CC Les Versants d'Aime,,,16.0,,,0.0,50.0,66.18,58.99,0.0,62.95,0.0,87.79,78.91,68.06,9.78,0.0,48.16,68.86,100.0,61.55,1.1,8.61,36.93,43.3,26.67,0.0,62.6,10.6,68.89,25.8,48.29,100.0,100.0,100.0,72.68,100.0,79.12,19.23,87.58,20.79,29.36,61.25,24.17,0.0,54.81,0.0,21.3,15.17,69.85,,0.0,98.76,100.0,46.15,65.34,57.2,76.82,37.08,54.0,83.93,48.21,68.07,96.87,41.67,68.1,0.0,100.0,68.97,100.0,72.91,79.13,60.0,57.5,0.0
74,200000172,CC Faucigny - Glières,,,35.0,,,0.0,0.0,72.06,69.1,76.0,82.45,100.0,50.0,57.45,42.05,79.02,86.96,58.9,40.86,51.02,66.17,1.9,12.73,43.23,25.94,33.33,69.64,15.91,11.97,85.93,45.78,23.93,100.0,100.0,99.98,19.43,26.4,37.06,0.0,94.12,4.46,31.48,56.66,25.56,0.0,63.01,0.0,24.5,0.0,26.42,0.85,0.0,91.21,100.0,53.85,71.6,66.29,50.33,22.49,2.67,38.44,37.5,57.03,97.86,80.29,64.3,0.0,100.0,59.77,100.0,43.69,52.28,100.0,60.0,53.06
74,200011773,CA Annemasse-Les Voirons-Agglomération,,,32.0,,,32.64,0.0,75.0,67.98,92.67,99.25,100.0,45.35,69.64,26.39,93.15,97.77,56.44,100.0,100.0,59.41,2.3,43.2,47.6,28.45,6.67,98.21,27.76,0.25,64.81,63.14,23.93,45.24,50.0,11.43,0.0,26.3,61.47,49.68,97.39,18.36,31.48,50.35,33.89,100.0,79.31,100.0,5.7,24.2,4.43,8.81,0.64,69.41,100.0,69.23,55.27,35.61,42.05,5.09,0.0,19.19,0.0,3.41,40.86,88.1,85.47,0.0,66.9,,100.0,14.21,0.0,100.0,60.0,53.1
74,200023372,CC de la Vallée de Chamonix-Mont-Blanc,,,21.0,,,0.0,0.0,69.12,52.25,0.0,70.15,30.0,89.53,70.91,38.76,65.87,13.88,54.29,100.0,73.47,63.2,2.6,100.0,46.2,17.69,100.0,50.0,84.9,8.13,53.33,86.4,23.93,100.0,100.0,100.0,77.24,100.0,75.74,40.71,89.54,7.01,31.48,58.94,0.0,0.0,71.68,0.0,26.0,38.46,14.71,22.87,0.0,98.62,100.0,53.85,57.74,43.56,69.54,30.25,100.0,95.48,23.21,57.13,100.0,54.76,32.94,0.0,100.0,62.07,100.0,100.0,86.96,42.0,60.0,17.03
74,200033116,CC Cluses-Arve et Montagnes,,,27.0,,,0.0,0.0,63.24,60.96,0.0,92.7,100.0,59.3,47.64,32.95,77.28,82.54,55.21,46.86,73.47,72.94,1.7,59.06,39.76,23.52,20.0,0.0,45.64,10.76,80.74,34.15,23.93,100.0,50.0,73.46,29.75,39.25,20.29,0.0,89.54,14.3,31.48,52.73,25.83,100.0,58.15,0.0,6.5,0.0,12.56,,0.0,95.32,100.0,61.54,67.05,54.17,49.67,22.62,0.0,27.45,41.07,11.24,98.68,68.57,47.92,0.0,98.99,63.22,100.0,35.72,60.76,100.0,60.0,40.35
74,200034098,CC des Montagnes du Giffre,,,26.0,,,0.0,50.0,55.15,59.55,0.0,27.45,0.0,73.26,53.45,55.56,44.46,22.99,53.37,42.86,36.73,72.94,1.7,100.0,39.23,13.91,100.0,87.5,43.32,19.42,26.3,31.04,23.93,100.0,100.0,100.0,60.49,82.25,74.26,38.14,84.97,32.95,31.48,60.52,58.33,50.0,36.03,50.88,23.5,0.0,70.47,4.21,0.0,98.44,100.0,61.54,69.33,65.91,77.48,44.98,80.0,79.48,41.07,49.3,38.88,63.1,24.14,0.0,38.51,65.52,100.0,67.86,77.61,58.0,60.0,30.71
74,200034882,CC Pays du Mont-Blanc,,,25.0,,,0.0,25.0,67.65,59.27,0.0,50.85,100.0,80.23,60.55,41.04,73.8,79.15,49.69,58.86,75.51,63.2,2.0,85.89,46.43,18.73,100.0,85.71,54.47,13.56,74.07,81.49,23.93,100.0,100.0,100.0,42.5,83.03,67.06,55.13,83.66,15.81,31.48,62.38,3.61,100.0,47.86,100.0,24.5,0.0,38.31,0.05,0.0,98.12,100.0,53.85,56.6,64.77,71.52,29.45,50.67,58.31,44.64,64.56,90.77,74.29,76.04,0.0,100.0,64.37,100.0,57.24,72.5,26.0,60.0,35.77
74,200066793,CA du Grand Annecy,,,54.0,,,0.0,0.0,56.62,71.07,80.0,82.7,100.0,62.21,68.36,34.47,86.52,86.29,57.67,79.14,100.0,46.04,2.7,65.61,49.01,38.42,100.0,39.29,31.48,10.11,68.89,100.0,23.93,87.3,0.0,100.0,0.0,45.76,47.79,65.06,88.24,31.38,31.48,67.11,38.89,100.0,75.73,0.0,12.5,0.0,18.52,7.48,13.09,92.29,100.0,46.15,57.36,68.56,64.24,14.59,47.67,33.72,30.36,50.0,100.0,58.81,66.69,0.0,100.0,,50.0,49.8,31.52,68.0,60.0,52.65
74,200067551,CA Thonon Agglomération,,,26.0,,,0.0,0.0,58.82,69.66,71.33,72.8,100.0,50.58,64.91,31.31,82.79,86.16,59.51,77.14,100.0,61.72,2.2,82.27,49.41,17.97,0.0,100.0,22.88,16.52,59.63,47.09,23.93,64.02,50.0,100.0,0.0,30.76,65.15,60.58,88.89,37.12,31.48,57.16,25.28,100.0,55.32,0.0,15.6,14.04,21.37,7.78,28.04,70.29,95.57,61.54,61.73,61.74,53.31,20.08,8.0,36.46,16.07,31.93,37.56,74.1,68.23,0.0,52.46,59.77,100.0,37.05,53.37,92.0,60.0,60.68
74,200070852,CC Usses et Rhône,,,44.0,,,0.0,50.0,60.29,61.8,72.67,33.05,100.0,52.33,53.45,60.61,18.3,6.92,54.91,38.57,67.35,52.72,1.8,43.98,36.92,12.78,0.0,100.0,0.0,6.22,35.93,3.03,23.93,85.19,0.0,34.03,23.91,22.04,56.18,52.88,88.89,40.71,31.48,58.65,31.39,50.0,67.6,0.0,64.5,0.0,90.7,4.55,60.33,71.62,76.86,53.85,79.2,75.76,67.22,39.22,38.0,44.2,32.14,27.91,0.0,34.43,34.9,0.0,43.52,59.77,100.0,29.88,51.2,100.0,60.0,61.0
74,200071967,CC Pays d'Evian Vallée d'Abondance,,,28.0,,,0.0,25.0,66.18,65.45,0.0,67.7,100.0,65.12,66.0,36.24,69.57,43.17,53.37,70.0,100.0,64.03,1.7,95.01,44.35,7.17,60.0,0.0,36.82,16.08,27.78,95.9,23.93,100.0,100.0,100.0,13.19,41.0,58.38,58.65,88.89,16.27,31.48,62.88,83.06,50.0,71.75,100.0,22.8,0.0,37.56,4.52,14.93,93.56,100.0,53.85,68.0,69.32,61.26,28.65,12.33,48.98,32.14,26.51,37.4,35.95,52.53,0.0,100.0,59.77,100.0,39.97,60.0,88.0,60.0,52.35
74,247400047,CC de la Vallée Verte,,,37.0,,,0.0,50.0,75.0,68.26,0.0,24.8,0.0,55.81,64.0,53.54,35.83,0.0,53.68,36.0,79.59,59.41,2.2,59.35,40.97,3.75,0.0,57.14,0.0,0.0,16.3,6.31,23.93,100.0,100.0,0.0,20.9,21.44,60.74,57.69,91.5,87.15,31.48,62.13,0.0,0.0,66.62,77.19,33.0,61.09,70.93,6.0,35.54,98.09,100.0,76.92,76.54,76.14,77.15,38.96,0.33,53.53,35.71,48.49,0.0,46.43,55.73,0.0,11.03,62.07,100.0,47.94,40.22,100.0,60.0,63.23
74,247400112,CC du Pays de Cruseilles,,,48.0,,,0.0,50.0,50.0,79.21,94.0,46.5,100.0,65.12,71.64,43.56,32.86,51.74,57.06,38.57,85.71,52.72,3.3,96.85,46.79,19.03,46.67,0.0,0.0,0.0,65.19,47.26,23.93,56.61,100.0,35.84,0.0,16.04,30.15,43.27,97.39,41.52,31.48,67.36,0.0,0.0,69.26,14.04,51.0,21.15,76.65,6.01,100.0,48.18,100.0,61.54,77.68,79.92,70.53,37.08,54.33,42.28,21.43,32.13,8.73,71.05,58.93,0.0,100.0,60.92,100.0,53.78,21.96,100.0,60.0,66.97
74,247400567,CC Fier et Usses,,,50.0,,,17.56,25.0,72.06,76.69,100.0,60.65,100.0,63.95,74.91,46.59,66.96,85.27,64.72,29.14,100.0,46.04,2.1,49.57,45.42,14.25,33.33,100.0,0.0,9.39,43.33,46.11,23.93,37.83,100.0,19.21,0.0,30.49,55.0,53.21,90.85,25.13,31.48,71.43,0.0,0.0,80.5,100.0,36.0,100.0,54.19,3.45,100.0,81.38,48.86,61.54,83.76,79.92,67.22,19.41,61.0,34.11,41.07,50.0,6.26,76.19,74.71,0.0,57.14,56.32,100.0,48.74,36.74,100.0,60.0,64.9
74,247400583,CC Arve et Salève,,,34.0,,,0.0,25.0,63.73,69.38,92.0,43.75,100.0,56.98,70.36,43.81,50.07,70.13,57.36,51.14,100.0,59.41,2.2,5.44,47.41,10.43,0.0,0.0,12.2,0.0,55.93,34.15,23.93,48.94,100.0,53.62,0.0,13.93,61.03,55.13,92.81,80.95,31.48,64.57,0.0,0.0,62.98,0.0,38.0,0.0,52.46,13.44,100.0,88.82,85.14,61.54,74.07,72.35,61.92,28.11,0.0,36.2,16.07,34.24,0.0,72.62,77.86,0.0,63.75,59.77,100.0,28.82,57.83,100.0,60.0,65.06
74,247400617,CC des Vallées de Thônes,,,38.0,,,0.0,25.0,63.24,51.97,0.0,28.8,100.0,81.98,58.55,50.38,28.48,35.58,51.84,48.29,48.98,46.04,1.7,100.0,39.29,29.62,100.0,0.0,41.0,6.38,38.15,66.58,23.93,100.0,100.0,93.49,59.71,77.51,50.44,58.65,86.93,34.45,31.48,62.97,0.0,0.0,36.46,0.0,44.8,0.0,70.27,4.06,11.98,99.29,100.0,61.54,67.81,72.73,81.79,31.33,100.0,86.08,46.43,60.44,82.87,61.9,33.15,0.0,46.04,62.07,100.0,73.17,60.65,78.0,60.0,34.55
74,247400666,CC des Quatre Rivières,,,37.0,,,0.0,25.0,65.44,66.01,38.0,32.35,100.0,54.07,56.18,54.92,66.85,36.65,56.44,28.86,63.27,66.17,2.1,18.01,43.17,3.04,33.33,0.0,1.51,3.92,49.63,38.25,23.93,100.0,100.0,0.0,15.35,23.83,49.56,23.08,90.2,19.57,31.48,62.56,8.33,0.0,78.84,59.65,35.1,0.0,47.27,12.76,5.92,97.12,100.0,53.85,78.63,77.65,66.56,23.56,39.33,41.3,28.57,27.31,5.11,65.81,76.33,0.0,62.36,57.47,100.0,39.44,34.78,100.0,60.0,64.16
74,247400682,CC du Haut Chablais,,,30.0,,,0.0,25.0,62.5,56.74,0.0,31.55,100.0,82.56,76.73,48.23,18.66,0.0,53.07,62.29,18.37,64.03,2.1,100.0,40.35,1.37,73.33,0.0,74.91,19.15,41.48,10.07,23.93,100.0,100.0,100.0,65.17,100.0,77.65,17.63,88.89,3.13,31.48,62.93,9.72,0.0,53.04,100.0,38.6,0.0,70.34,7.3,0.0,99.12,100.0,61.54,70.09,53.03,79.47,52.74,61.0,99.12,33.93,60.84,86.82,13.0,39.58,0.0,21.97,63.22,100.0,58.03,70.87,60.0,60.0,12.23
74,247400690,CC du Genevois,,,35.0,,,0.0,0.0,66.18,75.28,79.33,66.25,100.0,47.09,72.18,36.24,83.88,61.96,59.82,81.43,100.0,59.41,2.7,19.26,50.54,17.78,0.0,87.5,9.41,0.0,54.07,39.39,23.93,38.89,100.0,52.37,0.0,13.19,57.21,71.15,100.0,16.56,31.48,61.81,0.0,50.0,64.82,0.0,23.8,42.86,37.53,4.65,91.82,64.03,24.57,61.54,62.11,63.26,53.31,24.63,0.0,20.39,0.0,12.95,6.92,80.38,75.03,0.0,100.0,57.47,100.0,25.9,45.98,100.0,60.0,65.06
74,247400724,CC du Pays Rochois,,,31.0,,,29.28,25.0,66.18,76.97,100.0,59.5,100.0,46.51,72.18,33.84,64.64,84.55,59.51,47.14,100.0,59.41,2.2,2.82,44.03,22.53,0.0,0.0,13.82,0.58,63.7,34.15,23.93,35.98,100.0,0.0,0.0,22.67,45.88,23.08,96.08,23.57,31.48,63.56,23.06,50.0,67.21,75.44,26.2,0.0,35.66,8.33,86.13,95.65,74.57,61.54,69.33,71.21,61.59,15.53,0.0,36.81,26.79,47.69,39.87,80.95,62.4,0.0,100.0,57.47,50.0,56.97,56.09,100.0,60.0,63.0
74,247400740,CC Rumilly Terre de Savoie,,,57.0,,,71.14,0.0,65.44,77.25,100.0,58.85,100.0,67.44,66.91,41.67,55.72,81.96,64.11,41.71,65.31,46.04,1.8,55.22,39.55,15.87,0.0,48.21,8.71,17.72,41.48,45.45,23.93,38.62,50.0,0.0,0.0,25.06,33.24,0.0,88.89,5.96,31.48,62.72,0.0,50.0,59.35,0.0,40.2,0.0,73.92,12.65,100.0,71.94,58.14,61.54,75.78,73.11,62.25,19.81,35.67,23.87,51.79,25.5,41.35,69.19,52.21,0.0,48.61,60.92,100.0,48.47,46.96,100.0,60.0,58.42
74,247400773,CC des Sources du Lac d'Annecy,,,38.0,,,0.0,50.0,54.41,56.74,38.0,69.25,100.0,56.4,60.91,60.35,83.15,77.01,50.31,53.71,100.0,46.04,1.5,59.76,39.53,42.96,60.0,100.0,12.2,4.19,35.19,48.24,23.93,100.0,100.0,100.0,54.15,42.29,49.71,70.51,76.47,25.07,31.48,54.28,39.17,0.0,63.3,0.0,24.2,0.0,34.16,18.26,0.0,96.32,100.0,69.23,66.67,65.15,57.62,30.52,46.0,54.02,50.0,52.71,67.22,74.14,43.83,0.0,59.19,63.22,100.0,39.71,60.98,8.0,60.0,50.84
75,200054781,Métropole du Grand Paris,,,7.0,,,36.9,,70.59,78.65,,100.0,100.0,,54.18,42.8,97.93,99.91,80.67,,,76.49,3.5,22.11,53.12,,46.67,100.0,7.78,15.42,27.41,100.0,87.82,,0.0,0.0,21.38,39.46,,66.99,97.39,15.98,6.24,56.37,0.56,100.0,85.62,,0.0,0.0,0.04,41.56,0.0,0.0,0.0,46.15,,,,,34.0,58.44,8.93,50.8,,98.48,92.63,0.14,51.06,,,,0.0,,68.21,51.77
75,75056,Paris,,,,,,,0.0,83.82,,68.0,100.0,100.0,43.02,,,,,,100.0,100.0,80.53,,,,,,100.0,0.0,,,,,0.0,100.0,,99.98,,46.18,,,30.23,,,0.0,100.0,,,,,,,0.0,0.0,,69.23,32.48,39.39,66.89,22.76,,100.0,,63.76,100.0,100.0,97.01,,,,100.0,4.91,77.17,50.0,,45.81
76,200010700,CA Caux Seine Agglo,,,10.0,,,0.0,50.0,52.94,53.37,100.0,94.6,32.31,62.79,48.91,40.66,65.98,81.07,54.6,35.14,32.65,55.94,1.2,78.74,32.19,15.74,6.67,0.0,11.27,49.11,19.63,15.64,52.14,31.48,0.0,100.0,0.0,15.03,35.0,13.78,80.39,10.54,32.77,51.83,38.06,100.0,48.87,0.0,47.5,0.0,64.3,2.78,100.0,28.0,0.0,61.54,75.59,53.79,41.39,29.18,51.67,22.05,50.0,2.51,69.52,62.57,66.82,100.0,86.69,63.22,0.0,15.01,21.09,88.0,51.07,47.26
76,200023414,Métropole Rouen Normandie,,,7.0,,,43.02,25.0,54.41,54.49,100.0,100.0,70.38,55.23,60.0,31.57,93.04,92.32,53.68,94.29,100.0,62.21,2.3,56.86,49.03,29.24,100.0,0.0,34.96,33.83,57.78,71.83,52.14,56.35,0.0,100.0,0.0,21.86,53.97,50.96,84.97,30.23,32.77,47.19,8.33,100.0,72.08,0.0,5.5,15.55,11.07,5.02,0.0,0.09,2.71,61.54,49.0,31.06,49.34,17.8,45.0,50.05,37.5,56.43,100.0,82.76,71.64,19.77,100.0,,0.0,18.46,0.0,80.0,51.07,40.58
76,200068534,CC Terroir de Caux,,,0.0,,,0.0,75.0,50.0,56.46,85.33,41.9,0.0,63.95,43.45,60.86,48.95,24.78,59.2,34.29,20.41,58.66,1.1,100.0,29.65,13.94,53.33,94.64,15.91,26.21,34.81,10.4,52.14,0.0,100.0,0.0,0.0,22.96,35.44,26.28,79.74,20.56,32.77,60.09,18.06,0.0,53.47,7.02,63.6,0.0,93.48,2.89,100.0,0.0,0.0,69.23,82.05,65.15,53.97,38.69,58.33,37.2,55.36,37.05,23.39,27.43,40.18,100.0,33.55,64.37,100.0,18.19,0.0,78.0,51.07,56.97
76,200069722,CC Interrégionale Aumale - Blangy-sur-Bresle,,,14.0,,,0.0,75.0,50.42,37.92,98.0,45.4,0.0,45.35,40.18,50.25,13.04,0.0,43.25,41.14,4.08,55.73,0.7,96.76,23.64,0.72,20.0,0.0,21.25,27.58,44.81,5.81,52.14,22.22,50.0,0.0,60.75,27.09,8.97,26.6,75.16,16.5,32.77,41.58,18.89,0.0,31.92,0.0,66.6,0.0,95.77,1.46,100.0,32.44,0.0,61.54,72.17,43.56,44.37,46.18,5.33,61.43,51.79,20.08,100.0,57.57,7.79,0.0,7.61,67.82,50.0,7.3,56.96,24.0,51.07,41.94
76,200069730,CC des Quatre Rivières en Bray,,,1.0,,,0.0,50.0,51.18,34.83,88.67,65.75,0.0,44.19,48.0,48.74,26.7,14.96,43.87,49.14,48.98,52.31,1.0,22.31,28.27,20.86,26.67,0.0,31.48,21.12,32.22,12.69,52.14,12.17,100.0,1.14,31.03,31.99,39.85,18.27,69.93,26.69,32.77,39.12,0.0,100.0,43.84,0.0,54.6,0.0,93.55,8.73,100.0,55.41,0.0,61.54,65.72,44.7,40.07,36.01,27.0,44.36,51.79,42.57,72.49,54.67,6.3,98.73,47.99,65.52,100.0,5.18,56.63,8.0,51.07,51.84
76,200069821,CA Fécamp Caux Littoral Agglomération,,,0.0,,,0.0,50.0,50.49,43.82,63.33,88.65,86.54,56.98,45.45,40.78,81.74,92.77,55.83,53.14,48.98,55.12,1.2,84.44,35.1,21.27,0.0,100.0,33.57,71.79,47.04,53.32,52.14,0.0,100.0,0.0,2.85,25.61,62.35,52.56,72.55,17.26,32.77,45.3,3.06,100.0,71.93,0.0,33.3,0.0,50.55,2.1,100.0,0.0,0.0,61.54,63.44,47.73,33.44,28.65,37.33,44.46,50.0,36.04,75.29,55.71,75.78,100.0,24.96,64.37,100.0,15.27,0.0,28.0,51.07,50.52
76,200069839,CC de la Côte d'Albâtre,,,0.0,,,0.0,75.0,48.32,42.98,0.0,77.9,14.23,58.72,46.36,56.69,47.68,55.09,53.37,40.86,6.12,55.39,1.7,47.44,31.49,21.12,6.67,100.0,25.67,26.38,25.56,3.19,52.14,0.0,100.0,0.0,7.24,28.38,29.12,54.49,72.55,29.82,32.77,53.27,0.0,0.0,49.18,56.14,56.4,0.0,94.02,1.12,100.0,0.0,0.0,61.54,72.93,53.41,46.03,46.18,5.0,56.0,48.21,5.42,91.93,39.38,35.94,0.0,50.18,68.97,100.0,18.99,0.0,40.0,51.07,52.29
76,200069847,CC Plateau de Caux,,,8.0,,,0.0,75.0,46.18,56.18,100.0,47.1,100.0,69.19,51.45,57.83,57.14,58.84,57.98,32.86,0.0,57.76,1.3,14.34,28.03,5.14,33.33,76.79,10.34,15.2,22.22,7.13,52.14,0.0,100.0,0.0,0.0,18.47,44.85,53.53,82.35,85.23,32.77,56.49,0.0,50.0,56.21,0.0,66.0,0.0,92.73,0.94,100.0,0.0,0.0,61.54,83.19,64.77,47.68,39.09,91.67,32.42,53.57,26.2,12.36,35.48,12.11,0.0,21.31,63.22,50.0,19.52,0.0,100.0,51.07,54.16
76,200070068,CC Bray-Eawy,,,0.0,,,0.0,50.0,51.96,40.73,100.0,55.05,0.0,54.65,44.91,60.48,12.1,31.03,48.16,42.86,46.94,61.33,0.9,41.31,26.89,32.5,100.0,100.0,4.07,15.15,52.96,17.94,52.14,17.99,100.0,0.0,50.58,31.84,51.91,51.6,75.16,19.28,32.77,50.44,33.61,100.0,47.38,17.54,62.0,13.41,91.91,1.75,100.0,22.26,0.0,69.23,74.07,50.76,49.01,41.37,80.67,44.55,53.57,41.37,52.39,43.57,0.0,100.0,39.63,64.37,100.0,14.74,52.61,56.0,51.07,52.87
76,200070449,CC Inter-Caux-Vexin,,,4.0,,,0.0,75.0,52.94,69.66,100.0,25.25,100.0,71.51,53.45,52.4,70.47,67.95,68.1,30.57,42.86,62.21,1.8,59.08,38.47,0.77,86.67,83.93,12.43,20.57,45.19,20.23,52.14,5.03,100.0,0.0,0.0,20.25,48.09,71.47,78.43,59.47,32.77,74.43,0.0,0.0,61.69,0.0,60.1,0.0,90.63,2.85,100.0,0.0,0.0,61.54,89.65,78.03,65.23,29.18,92.33,34.44,53.57,70.98,11.53,43.95,46.46,75.71,100.0,60.92,50.0,27.76,25.76,78.0,51.07,65.77
76,200084952,CU Le Havre Seine Métropole,,,0.0,,,78.14,25.0,52.94,54.78,100.0,100.0,0.0,48.84,59.82,29.17,93.22,97.95,53.99,78.57,100.0,55.12,1.7,58.28,41.77,25.76,40.0,98.21,26.6,63.19,61.48,76.41,52.14,0.0,0.0,47.62,0.0,18.71,40.29,19.55,79.08,23.22,32.77,43.27,40.56,100.0,77.83,0.0,11.5,0.0,27.73,3.13,98.38,14.56,0.0,61.54,55.08,35.98,36.42,20.48,33.0,37.76,41.07,52.11,100.0,61.29,71.2,37.01,28.13,62.07,0.0,18.19,5.43,68.0,51.07,46.19
76,247600505,CC Campagne-de-Caux,,,0.0,,,0.0,50.0,47.43,66.29,100.0,14.25,0.0,71.51,45.64,54.55,46.7,79.64,68.1,31.14,22.45,55.12,1.4,88.76,33.16,0.0,0.0,100.0,13.12,53.6,33.7,47.09,52.14,0.0,100.0,0.0,17.06,17.6,47.65,62.18,83.66,35.96,32.77,64.16,3.61,0.0,47.05,78.95,76.4,0.0,75.27,1.88,100.0,0.0,0.0,69.23,90.41,74.24,57.62,26.24,100.0,25.98,55.36,30.52,0.0,45.48,63.18,100.0,29.6,63.22,100.0,24.57,0.0,100.0,51.07,62.23
76,247600588,CC des Villes Soeurs,,,14.0,,,0.0,50.0,52.45,32.87,0.0,59.05,100.0,55.23,44.73,33.21,74.49,78.97,45.4,42.57,32.65,66.67,0.9,86.58,35.09,22.81,40.0,94.64,51.45,55.79,13.33,7.29,52.14,3.7,0.0,0.0,11.08,32.06,31.47,35.26,65.36,0.0,32.77,40.26,100.0,100.0,65.6,38.6,33.0,0.0,52.19,1.98,100.0,30.35,0.0,53.85,62.3,43.56,31.46,38.69,58.67,75.8,51.79,23.39,100.0,73.48,78.62,0.0,6.41,67.82,50.0,15.01,19.02,0.0,51.07,45.74
76,247600604,CC de Londinières,,,2.0,,,36.38,25.0,54.9,40.17,60.0,28.35,100.0,50.0,34.91,66.41,0.0,0.0,44.79,28.86,0.0,60.89,0.7,32.1,21.52,21.2,20.0,0.0,11.5,8.63,18.15,0.0,52.14,0.0,50.0,0.0,75.26,22.14,33.24,36.22,76.47,48.76,32.77,44.83,20.28,0.0,32.64,17.54,75.2,0.0,92.8,2.49,100.0,35.44,0.0,69.23,80.15,42.8,53.64,48.19,27.33,59.38,53.57,18.67,19.28,29.76,30.18,0.0,4.12,66.67,100.0,7.3,62.61,44.0,51.07,45.29
76,247600620,CC Yvetot Normandie,,,15.0,,,100.0,75.0,50.0,57.3,100.0,92.6,0.0,62.21,53.64,41.04,69.35,96.52,57.98,55.14,51.02,59.08,1.4,64.31,36.76,15.96,93.33,85.71,28.46,27.03,22.59,28.75,52.14,0.0,50.0,100.0,0.0,27.71,63.68,63.14,77.78,21.83,32.77,60.38,0.0,50.0,60.41,0.0,41.0,0.0,60.81,0.08,100.0,0.0,0.0,69.23,68.19,59.09,56.62,26.37,100.0,36.16,50.0,38.86,94.89,70.43,33.93,100.0,66.37,60.92,100.0,20.85,0.0,52.0,51.07,52.97
76,247600646,CC Caux - Austreberthe,,,20.0,,,8.59,75.0,50.0,52.25,100.0,100.0,0.0,73.84,57.45,32.7,86.7,92.68,52.15,37.71,32.65,62.21,1.6,61.88,37.82,17.33,60.0,58.93,40.53,30.43,35.19,4.01,52.14,0.0,100.0,0.0,0.0,25.49,59.41,48.4,78.43,7.76,32.77,50.05,33.06,50.0,56.62,0.0,25.2,0.0,47.86,2.57,100.0,0.0,0.0,69.23,71.79,54.17,45.03,15.93,96.0,23.97,51.79,36.04,70.02,80.95,40.1,100.0,100.0,60.92,100.0,22.18,3.7,74.0,51.07,53.13
76,247600729,CC Falaises du Talou,,,2.0,,,21.78,75.0,54.41,58.99,85.33,38.3,0.0,61.63,44.55,57.32,43.73,3.39,58.28,34.57,89.8,60.89,0.9,91.99,29.74,16.47,0.0,42.86,6.16,18.6,14.07,0.0,52.14,1.32,100.0,0.0,39.06,14.83,26.03,46.15,78.43,12.91,32.77,55.18,0.0,0.0,45.11,0.0,68.0,0.0,91.77,2.69,100.0,29.68,0.0,61.54,83.76,61.36,51.99,43.91,24.0,30.47,55.36,26.71,25.7,27.95,57.79,0.0,17.47,66.67,100.0,16.87,52.5,72.0,51.07,53.68
76,247600786,CA de la Région Dieppoise,,,0.0,,,0.0,50.0,50.74,39.33,62.0,100.0,36.15,41.28,58.36,26.26,88.01,84.15,56.44,68.86,34.69,55.12,1.6,84.72,40.57,18.63,53.33,100.0,62.14,46.59,34.07,40.38,52.14,4.5,0.0,0.0,0.0,37.24,52.79,45.51,64.71,19.22,32.77,36.42,98.89,100.0,48.15,0.0,12.4,22.15,38.27,3.55,100.0,5.47,0.0,53.85,49.38,28.03,29.8,30.25,47.0,44.03,41.07,36.24,100.0,76.19,79.97,100.0,41.34,66.67,100.0,17.66,0.0,0.0,51.07,42.74
77,200023125,CC Les Portes Briardes Entre Villes et Forêts,,,28.0,,,100.0,0.0,74.26,73.03,100.0,86.65,100.0,68.02,65.27,39.14,94.78,99.46,66.87,95.14,14.29,64.36,2.0,64.88,45.13,16.85,0.0,100.0,31.94,28.24,9.26,58.23,10.26,53.17,100.0,0.0,0.0,32.82,48.68,29.49,86.93,35.32,13.18,63.14,0.0,0.0,48.44,0.0,6.2,19.23,9.17,,0.0,0.0,0.0,61.54,81.29,66.29,57.95,14.73,36.67,12.46,42.86,51.1,35.91,95.24,79.69,0.0,100.0,47.13,50.0,25.63,7.07,100.0,72.86,64.71
77,200023240,CC Pays de Nemours,,,5.0,,,0.0,0.0,43.75,52.53,96.0,100.0,96.15,47.67,50.0,38.64,80.4,88.17,56.75,86.0,89.8,36.3,1.5,100.0,34.34,21.67,0.0,100.0,44.72,18.6,39.63,21.54,10.26,49.21,50.0,100.0,61.25,28.99,52.65,39.42,77.78,22.7,13.18,39.53,0.0,0.0,58.88,0.0,29.8,0.0,33.79,4.65,91.08,15.65,0.0,53.85,65.53,44.32,39.07,23.69,2.67,90.54,44.64,41.47,81.71,68.95,74.22,0.0,67.11,57.47,0.0,16.6,51.96,64.0,72.86,57.87
77,200023919,CC Gâtinais Val de Loing,,,18.0,,,0.0,25.0,50.49,47.47,89.33,46.05,27.31,22.09,44.18,45.2,48.99,33.71,52.45,70.0,46.94,36.3,1.2,100.0,27.16,8.15,0.0,14.29,29.62,18.43,10.74,5.49,10.26,6.35,100.0,64.97,71.26,25.43,46.91,34.62,75.16,19.22,13.18,38.47,0.0,0.0,49.75,100.0,45.2,0.0,42.21,8.38,100.0,28.59,0.0,61.54,71.98,50.0,39.07,26.91,0.0,100.0,50.0,58.03,17.96,33.81,60.55,0.0,57.56,63.22,50.0,10.76,63.37,46.0,72.86,57.32
77,200033090,CC Plaines et Monts de France,,,0.0,,,0.0,25.0,62.99,80.62,100.0,14.8,100.0,70.35,61.45,48.86,81.27,83.97,69.02,50.57,69.39,50.5,1.7,73.61,39.76,12.32,0.0,100.0,2.9,17.45,18.15,34.15,10.26,0.0,100.0,0.0,0.0,16.9,43.09,25.0,94.77,1.39,13.18,71.3,,0.0,68.08,0.0,56.9,0.0,32.95,,100.0,0.0,0.0,69.23,94.02,81.06,61.59,31.59,8.67,42.57,55.36,58.43,0.0,63.81,65.23,0.0,69.09,54.02,100.0,26.96,0.0,100.0,72.86,70.29
77,200037133,CC du Provinois,,,7.0,,,0.0,0.0,52.06,52.81,100.0,81.25,0.0,43.6,46.18,46.84,53.7,37.81,59.51,79.71,2.04,30.36,1.5,100.0,32.25,3.95,0.0,0.0,34.49,24.9,4.44,27.11,10.26,3.17,0.0,0.0,68.76,29.1,63.38,62.5,78.43,14.77,13.18,40.78,15.28,0.0,53.79,3.51,45.7,0.0,39.42,2.49,100.0,0.0,0.0,53.85,70.85,42.42,40.4,28.51,14.33,42.89,44.64,30.12,68.86,48.24,68.07,0.0,93.28,58.62,100.0,13.94,63.48,88.0,72.86,56.1
77,200040251,CC Bassée-Montois,,,1.0,,,0.0,50.0,55.29,49.72,60.0,20.3,0.0,48.84,36.0,49.87,48.41,11.43,54.91,66.57,44.9,30.36,1.2,100.0,29.46,0.05,0.0,100.0,0.0,14.98,8.89,0.0,10.26,33.33,100.0,100.0,81.39,22.77,55.0,44.87,79.74,66.76,13.18,47.25,100.0,0.0,61.85,24.56,72.3,0.0,46.87,9.89,100.0,0.0,0.0,53.85,76.73,67.42,42.38,37.35,19.67,33.5,53.57,41.77,8.4,27.76,55.99,0.0,36.98,58.62,100.0,3.32,45.65,72.0,72.86,60.94
77,200057958,CA Paris - Vallée de la Marne,,,12.0,,,100.0,0.0,83.82,78.93,100.0,100.0,100.0,74.42,65.82,29.92,99.57,100.0,70.25,100.0,75.51,64.36,1.9,38.94,44.44,39.38,0.0,100.0,25.67,22.43,21.48,69.53,10.26,40.48,50.0,0.0,0.0,25.3,51.03,65.06,90.2,0.0,13.18,61.29,0.0,0.0,75.82,100.0,0.0,15.38,0.57,2.25,0.0,46.29,0.0,61.54,71.42,43.94,54.3,14.46,7.0,43.06,41.07,48.49,65.4,95.62,82.42,0.0,100.0,,0.0,14.74,0.0,100.0,72.86,56.65
77,200070779,CC Brie des Rivières et Châteaux,,,3.0,,,100.0,25.0,58.61,71.63,100.0,19.25,100.0,61.05,50.36,45.45,80.62,81.7,63.19,54.0,61.22,51.65,1.9,54.79,39.57,16.82,0.0,94.64,1.05,20.9,13.7,13.84,10.26,42.06,100.0,8.75,26.67,23.87,46.47,26.92,90.2,1.91,13.18,66.17,0.0,50.0,67.24,29.82,51.9,0.0,37.23,2.93,100.0,10.97,0.0,61.54,86.04,80.68,56.95,30.39,20.33,28.81,53.57,55.52,0.0,59.76,65.39,0.0,94.43,57.47,50.0,29.88,31.41,100.0,72.86,70.48
77,200072130,CA du Pays de Meaux,,,5.0,,,29.69,0.0,56.62,68.26,100.0,100.0,0.0,62.21,63.09,56.19,93.44,99.64,65.95,100.0,61.22,50.5,1.9,52.51,40.43,19.34,0.0,100.0,23.34,23.86,25.19,84.11,10.26,11.64,50.0,0.0,0.0,26.88,61.76,46.47,90.85,34.92,13.18,53.59,0.0,100.0,72.17,0.0,13.1,49.73,25.28,0.29,100.0,0.0,0.0,61.54,71.79,42.05,38.08,18.34,0.0,45.76,42.86,69.68,56.34,68.86,79.56,0.0,100.0,,0.0,11.82,0.0,100.0,72.86,57.16
77,200072346,CA du Pays de Fontainebleau,,,5.0,,,17.34,0.0,43.38,62.64,89.33,47.85,74.62,51.74,53.82,30.05,91.99,95.27,65.95,100.0,100.0,36.3,2.3,87.1,45.39,14.37,0.0,94.64,47.27,26.49,40.0,62.49,10.26,100.0,100.0,100.0,63.39,33.99,59.41,68.59,79.74,45.86,13.18,64.38,0.0,0.0,72.81,100.0,21.5,0.0,31.26,8.85,16.02,8.82,0.0,61.54,61.35,67.05,58.61,26.91,30.33,100.0,33.93,53.51,62.27,65.0,67.66,0.0,84.84,54.02,50.0,38.65,59.57,28.0,72.86,61.55
77,200072544,CC des Deux Morin,,,29.0,,,42.42,25.0,52.57,55.34,92.0,39.25,100.0,44.19,45.09,46.34,42.97,38.88,54.91,59.71,32.65,42.24,1.3,100.0,29.09,4.94,0.0,0.0,10.57,27.09,1.85,4.67,10.26,0.79,100.0,16.49,65.03,24.02,45.74,20.83,81.05,0.0,13.18,45.88,19.17,0.0,42.2,5.26,70.8,0.0,54.8,8.4,100.0,9.62,0.0,69.23,78.82,56.82,42.38,27.98,7.0,35.58,50.0,45.78,10.05,56.38,50.1,0.0,67.25,58.62,100.0,6.77,18.59,90.0,72.86,58.84
77,200072874,CC Val Briard,,,7.0,,,100.0,25.0,55.29,74.16,100.0,23.55,0.0,65.7,49.09,48.23,66.99,80.8,62.27,66.57,63.27,64.36,1.7,91.13,36.98,6.09,0.0,98.21,0.0,22.05,0.37,10.89,10.26,46.3,50.0,0.0,45.09,26.43,34.71,19.87,90.2,43.89,13.18,59.72,0.0,0.0,41.96,0.0,66.0,0.0,41.77,5.97,100.0,0.0,0.0,69.23,86.8,79.17,58.61,25.17,32.0,29.56,55.36,54.82,23.39,55.1,63.41,0.0,100.0,52.87,0.0,21.65,64.13,100.0,72.86,69.87
77,200090504,CA Coulommiers Pays de Brie,,,21.0,,,0.0,0.0,55.39,57.87,100.0,45.05,100.0,50.58,48.91,48.48,77.1,90.85,58.9,80.0,42.86,46.37,1.7,100.0,37.21,3.87,0.0,89.29,17.77,24.73,8.89,33.17,10.26,26.72,50.0,0.0,23.21,25.41,67.06,58.65,86.27,26.98,13.18,56.42,0.0,100.0,49.17,0.0,34.0,0.0,37.95,10.89,100.0,9.62,0.0,69.23,76.54,62.12,46.36,15.93,27.33,51.8,48.21,46.49,16.14,67.19,64.17,0.0,100.0,51.72,100.0,16.33,0.0,100.0,72.86,65.39
77,247700032,CC Moret Seine et Loing,,,12.0,,,0.0,25.0,56.62,61.8,99.33,56.25,100.0,52.33,46.18,33.96,80.29,90.8,60.12,97.14,97.96,36.3,1.5,82.1,38.74,12.91,0.0,100.0,14.05,27.53,34.07,25.47,10.26,49.74,50.0,100.0,48.51,18.85,52.21,75.96,82.35,46.03,13.18,62.15,80.0,0.0,72.85,19.3,26.3,0.0,35.4,17.02,78.06,27.24,0.0,61.54,73.88,67.8,48.68,24.1,39.0,87.15,48.21,80.82,10.05,58.19,71.64,0.0,53.36,50.57,50.0,23.51,41.74,64.0,72.86,61.16
77,247700057,CA Melun Val de Seine,,,4.0,,,0.0,0.0,66.54,67.7,100.0,100.0,100.0,59.3,63.82,42.68,93.7,99.11,64.72,100.0,97.96,51.65,1.7,55.51,39.56,31.6,0.0,71.43,21.72,33.61,15.93,73.63,10.26,34.13,100.0,100.0,0.0,26.08,65.88,70.19,87.58,20.67,13.18,50.78,0.0,100.0,69.32,0.0,2.7,18.57,10.87,8.93,62.46,4.26,0.0,53.85,64.58,31.82,39.74,11.91,0.0,33.24,37.5,29.02,82.37,82.38,81.51,0.0,100.0,,50.0,20.85,0.0,100.0,72.86,51.19
77,247700065,CC du Pays de l'Ourcq,,,0.0,,,46.84,0.0,59.8,62.64,100.0,47.65,0.0,54.65,39.45,49.12,33.88,28.57,59.2,70.29,26.53,50.5,1.3,100.0,30.24,0.0,0.0,100.0,6.85,14.32,7.78,20.88,10.26,23.81,50.0,0.0,72.15,20.14,51.32,37.5,86.27,11.93,13.18,46.29,0.0,0.0,34.25,56.14,79.9,5.31,42.95,0.73,100.0,0.0,0.0,61.54,82.24,53.41,49.01,24.5,9.0,67.61,48.21,40.66,0.0,32.67,55.73,0.0,93.2,54.02,50.0,9.43,11.96,100.0,72.86,59.87
77,247700107,CC Pays de Montereau,,,12.0,,,0.0,0.0,64.71,59.55,100.0,100.0,0.0,59.3,54.0,48.86,84.67,93.93,59.82,87.71,18.37,36.3,1.1,81.33,29.86,11.32,0.0,100.0,23.34,35.36,13.7,8.6,10.26,28.04,50.0,100.0,0.0,23.94,56.91,44.55,77.78,1.68,13.18,39.61,9.72,50.0,74.0,0.0,28.4,0.0,31.65,1.18,100.0,12.5,0.0,46.15,77.11,16.67,40.07,30.39,0.0,35.19,42.86,0.3,77.27,58.29,77.19,0.0,100.0,57.47,0.0,5.18,49.67,100.0,72.86,51.55
77,247700339,CA Val d'Europe Agglomération,,,14.0,,,100.0,0.0,68.63,89.33,61.33,61.8,100.0,52.33,67.09,40.03,94.93,99.96,66.26,100.0,38.78,57.43,3.2,53.38,51.23,28.22,0.0,100.0,14.29,23.2,30.37,61.18,10.26,42.06,100.0,0.0,0.0,39.63,71.91,84.29,99.35,0.0,13.18,69.66,0.0,0.0,79.07,0.0,16.5,100.0,7.17,12.05,0.0,29.47,0.0,69.23,75.59,68.94,68.21,18.61,85.67,45.59,44.64,45.28,100.0,88.1,78.91,0.0,100.0,45.98,50.0,26.96,0.0,100.0,72.86,68.13
77,247700594,CA Marne et Gondoire,,,4.0,,,100.0,0.0,67.65,84.27,100.0,91.85,100.0,66.28,71.09,31.31,98.19,99.96,69.63,100.0,100.0,64.36,3.0,59.56,51.29,22.46,0.0,100.0,23.58,29.88,20.74,87.88,10.26,48.41,50.0,1.77,0.0,29.04,38.68,54.49,97.39,0.0,13.18,68.23,0.0,0.0,72.5,100.0,3.6,0.0,5.16,6.25,0.0,28.76,0.0,69.23,69.71,61.36,58.28,18.74,21.33,49.37,41.07,47.99,62.77,88.1,83.2,0.0,100.0,,100.0,22.97,0.0,100.0,72.86,63.81
77,247700644,CC l'Orée de la Brie,,,32.0,,,100.0,0.0,70.59,81.18,100.0,84.65,100.0,69.77,74.36,38.89,96.2,100.0,62.58,66.86,30.61,64.36,3.0,58.78,49.15,44.36,0.0,100.0,31.01,22.82,26.3,46.11,10.26,1.32,100.0,0.0,0.0,44.95,47.79,42.95,92.81,0.0,13.18,62.29,0.0,0.0,63.96,100.0,13.4,0.0,23.18,3.26,91.63,0.0,0.0,69.23,69.9,65.53,55.63,20.21,32.33,19.8,44.64,42.07,84.68,88.1,77.21,0.0,100.0,60.92,50.0,27.76,0.0,100.0,72.86,65.52
77,247700701,CC Brie Nangissienne,,,4.0,,,91.65,0.0,55.15,66.85,100.0,89.9,100.0,61.05,50.73,37.75,68.8,80.27,59.51,87.71,65.31,51.65,1.4,84.32,31.45,3.99,0.0,100.0,15.91,26.16,0.0,0.0,10.26,14.29,0.0,6.98,43.09,18.82,34.26,5.45,86.27,30.92,13.18,46.87,0.0,0.0,53.47,0.0,60.4,31.29,36.75,1.96,100.0,3.82,0.0,61.54,82.24,54.17,49.34,31.59,37.67,25.66,50.0,41.37,23.06,64.05,46.74,0.0,100.0,56.32,0.0,15.8,59.78,100.0,72.86,60.39
78,200033173,CC de la Haute Vallée de Chevreuse,,,28.0,,,100.0,25.0,61.03,76.97,100.0,46.75,100.0,61.05,53.27,22.47,92.14,96.16,76.69,82.57,79.59,70.63,3.6,91.4,52.23,25.29,0.0,100.0,21.95,2.16,30.37,45.45,12.39,85.98,100.0,100.0,49.02,15.57,57.35,45.51,77.78,73.07,26.4,69.98,0.0,0.0,61.06,0.0,12.3,6.41,26.79,22.75,20.57,14.94,0.0,53.85,76.16,81.06,74.17,29.18,54.33,77.27,41.07,42.27,23.06,80.95,68.75,0.0,82.72,51.72,100.0,57.24,0.0,44.0,76.07,67.94
78,200034130,CC Gally Mauldre,,,10.0,,,0.0,50.0,48.53,73.88,100.0,20.9,100.0,62.21,54.18,29.42,91.23,99.06,78.53,73.14,95.92,66.17,4.5,81.38,55.29,20.51,0.0,100.0,38.91,5.78,36.67,35.46,12.39,29.37,100.0,0.0,25.37,24.12,51.91,70.51,74.51,59.12,26.4,67.39,,0.0,79.84,0.0,24.7,0.0,33.52,6.56,100.0,0.0,0.0,69.23,90.41,81.06,70.2,25.7,41.0,40.0,30.36,37.55,13.18,80.52,73.72,0.0,44.43,56.32,100.0,69.46,0.0,80.0,76.07,70.58
78,200058519,CA Saint Germain Boucles de Seine,,,11.0,,,0.0,0.0,83.82,77.25,100.0,100.0,100.0,62.21,59.82,18.81,97.03,99.42,76.99,100.0,100.0,66.17,2.8,39.61,52.66,32.16,0.0,76.79,26.6,0.0,22.59,53.48,12.39,58.47,0.0,0.0,25.5,20.25,52.35,66.67,88.89,13.14,26.4,67.58,0.0,100.0,79.58,0.0,0.3,0.0,0.31,26.91,0.0,0.0,0.0,61.54,66.1,64.02,66.89,18.47,57.67,16.42,21.43,43.98,34.1,95.76,90.0,0.0,52.09,,0.0,41.04,0.0,100.0,76.07,65.68
78,200058782,CA de Saint Quentin en Yvelines,,,28.0,,,100.0,0.0,83.82,82.02,100.0,100.0,100.0,72.67,68.91,26.77,98.12,100.0,72.39,100.0,85.71,70.63,3.5,44.0,55.27,58.45,0.0,100.0,28.22,7.42,43.7,72.32,12.39,21.16,100.0,60.9,0.0,20.8,32.06,38.46,89.54,0.0,26.4,66.84,0.0,100.0,74.7,0.0,0.4,100.0,2.49,31.32,0.0,0.0,0.0,53.85,67.43,52.27,56.95,18.21,34.0,31.45,39.29,36.95,100.0,97.24,82.21,0.0,100.0,,0.0,33.33,0.0,100.0,76.07,58.03
78,200059889,CU Grand Paris Seine et Oise,,,12.0,,,0.0,0.0,61.13,75.28,100.0,100.0,100.0,66.86,60.36,35.35,96.41,97.72,69.02,100.0,100.0,66.17,2.4,57.64,47.31,21.08,0.0,42.86,19.16,14.43,23.33,45.62,12.39,30.95,0.0,100.0,0.0,20.76,50.15,25.32,86.93,13.26,26.4,56.16,0.0,100.0,72.03,24.56,6.6,5.35,9.97,8.39,40.64,15.53,0.0,61.54,73.12,40.91,48.68,21.29,0.0,29.92,35.71,29.92,50.41,81.62,82.34,0.0,85.97,,0.0,27.49,0.0,100.0,76.07,55.48
78,200071074,CC Les Portes de l'Ile de France,,,13.0,,,5.36,25.0,49.63,64.04,90.0,73.9,100.0,60.47,49.27,43.69,60.72,75.45,60.12,81.14,71.43,66.17,1.4,100.0,33.22,8.9,0.0,0.0,6.85,0.0,18.15,18.43,12.39,20.9,100.0,62.85,23.03,24.37,53.68,42.31,81.7,26.58,26.4,51.62,0.0,0.0,59.98,0.0,41.1,0.0,37.63,10.25,100.0,27.59,0.0,61.54,79.39,61.36,52.65,25.17,16.0,32.13,48.21,23.39,0.0,65.86,63.54,0.0,86.46,51.72,50.0,25.37,16.52,100.0,76.07,60.65
78,200073344,CA Rambouillet Territoires,,,27.0,,,15.76,25.0,42.32,75.28,100.0,50.7,100.0,63.37,62.18,37.12,73.44,85.4,68.4,100.0,67.35,48.35,2.6,100.0,46.05,35.24,0.0,98.21,19.16,3.2,29.63,45.45,12.39,87.3,50.0,100.0,58.96,24.81,52.06,50.32,82.35,16.39,26.4,68.13,0.0,50.0,61.95,57.89,31.0,0.0,38.88,12.78,59.42,11.79,0.0,61.54,70.66,78.03,66.56,25.57,56.0,69.63,46.43,46.69,49.09,68.52,70.86,35.45,100.0,54.02,100.0,58.03,52.17,68.0,76.07,63.58
78,247800550,CC du Pays Houdanais (CCPH),,,17.0,,,0.0,50.0,48.9,66.29,87.33,15.3,100.0,56.98,56.18,42.55,83.62,78.66,65.64,58.29,34.69,57.59,2.6,99.05,40.36,20.49,0.0,100.0,0.0,0.08,31.11,16.63,12.39,13.76,100.0,0.0,48.62,30.41,46.03,49.68,83.66,48.76,26.4,62.25,0.0,0.0,59.91,5.26,59.0,0.0,43.32,4.22,100.0,12.12,0.0,61.54,82.43,81.06,66.23,25.84,33.0,44.52,50.0,55.32,23.72,59.9,52.68,0.0,100.0,52.87,100.0,30.41,28.8,90.0,76.07,68.97
78,247800584,CA Versailles Grand Parc (CAVGP),,,19.0,,,100.0,0.0,52.94,79.21,100.0,100.0,100.0,58.14,62.0,26.39,94.28,99.87,77.3,100.0,100.0,70.63,2.9,44.68,56.38,39.5,0.0,100.0,30.78,0.0,45.56,63.31,12.39,33.6,100.0,0.0,0.0,23.36,42.79,59.62,88.24,7.82,26.4,71.36,0.0,100.0,78.8,100.0,1.8,0.0,1.83,17.42,0.0,0.0,0.0,61.54,59.07,72.35,62.58,18.88,77.0,31.09,30.36,49.3,100.0,93.14,85.52,0.0,100.0,,100.0,45.82,0.0,96.0,76.07,61.32
78,247800618,CC Coeur d'Yvelines,,,14.0,,,100.0,50.0,43.53,75.56,100.0,32.65,100.0,65.7,60.36,37.88,93.73,92.54,70.55,67.43,59.18,70.63,3.6,90.51,48.47,15.87,0.0,100.0,11.73,4.68,48.15,32.51,12.39,24.6,50.0,100.0,0.0,27.71,48.24,53.53,83.66,19.34,26.4,73.29,0.0,0.0,73.87,5.26,32.9,0.0,34.44,2.2,100.0,9.03,0.0,61.54,84.52,81.06,70.2,26.37,39.33,57.5,46.43,63.25,22.73,78.05,57.32,0.0,100.0,52.87,50.0,42.9,3.59,88.0,76.07,70.23
79,200040244,CA du Bocage Bressuirais,,,60.0,,,100.0,50.0,40.2,48.31,100.0,45.2,0.0,58.14,51.82,41.67,37.57,43.62,48.47,40.29,38.78,62.21,1.2,100.0,23.11,31.62,0.0,66.07,29.38,0.0,84.81,34.48,19.23,0.0,50.0,0.0,29.38,19.72,28.97,10.58,71.9,42.15,75.0,51.13,4.17,100.0,61.27,0.0,58.8,0.0,98.56,12.82,100.0,75.79,55.71,53.85,72.74,48.86,55.3,27.58,52.67,51.58,53.57,34.04,88.3,39.95,39.17,95.2,22.62,70.11,100.0,42.63,71.09,50.0,41.43,42.29
79,200041317,CA du Niortais,,,46.0,,,0.0,75.0,47.06,60.39,100.0,66.5,99.23,56.98,52.73,38.13,78.33,72.63,52.76,55.43,95.92,59.9,1.7,100.0,38.39,33.16,53.33,67.86,43.79,15.04,80.74,43.65,19.23,0.0,50.0,100.0,10.1,26.1,57.35,74.36,80.39,100.0,75.0,54.26,0.0,100.0,68.68,0.0,33.6,0.0,82.88,14.06,100.0,52.18,10.43,46.15,57.55,58.71,50.0,27.04,80.67,56.81,48.21,88.65,100.0,36.67,62.42,0.0,75.29,,0.0,32.8,13.7,34.0,41.43,54.52
79,200041333,CC de Parthenay-Gâtine,,,52.0,,,100.0,75.0,39.41,38.48,94.67,27.25,0.0,45.35,46.36,35.48,37.36,17.41,49.39,46.86,53.06,61.06,0.9,66.95,24.55,13.09,0.0,0.0,54.7,5.01,71.48,12.86,19.23,0.0,100.0,17.65,57.65,29.74,43.68,47.44,64.05,87.72,75.0,36.71,86.94,100.0,54.67,15.79,50.2,0.0,98.08,7.72,100.0,63.15,39.86,53.85,61.73,44.7,43.38,34.27,72.67,63.9,53.57,59.54,91.6,33.86,19.14,76.55,11.9,66.67,0.0,27.22,50.76,0.0,41.43,39.19
79,200041416,CC Airvaudais-Val du Thouet,,,58.0,,,0.0,75.0,42.65,30.9,72.67,27.7,65.0,38.95,30.91,48.99,2.36,0.0,38.96,35.43,8.16,57.84,0.9,44.2,20.39,4.71,46.67,37.5,33.8,8.52,50.0,0.0,19.23,0.0,0.0,100.0,58.53,30.06,17.94,0.0,62.09,0.93,75.0,41.05,46.94,50.0,42.95,0.0,69.6,0.0,97.4,8.47,100.0,33.0,3.14,46.15,62.49,46.97,66.23,49.0,70.67,70.15,53.57,46.49,100.0,0.0,46.77,100.0,7.64,66.67,50.0,23.77,46.63,0.0,41.43,46.58
79,200041994,CC Haut Val de Sèvre,,,52.0,,,0.0,75.0,40.44,53.93,100.0,37.9,0.0,48.84,52.36,47.35,38.99,46.07,55.52,46.29,40.82,59.9,1.2,29.03,30.25,3.56,6.67,92.86,27.29,11.91,44.44,15.97,19.23,0.0,0.0,49.57,21.24,15.91,35.88,0.0,81.05,61.78,75.0,58.28,0.0,0.0,56.25,5.26,49.4,0.0,95.29,4.87,100.0,54.18,0.0,53.85,73.12,62.5,63.58,31.33,90.67,45.04,55.36,35.24,93.9,65.9,26.54,0.0,72.2,65.52,100.0,33.07,27.61,56.0,41.43,36.32
79,200069748,CC Val de Gâtine,,,60.0,,,100.0,75.0,38.97,43.54,94.67,8.65,0.0,41.86,37.64,57.58,0.0,0.0,49.39,34.86,0.0,61.06,1.0,29.62,22.11,1.45,0.0,0.0,20.56,1.07,27.78,9.58,19.23,0.0,0.0,58.24,59.72,27.87,33.24,31.41,75.16,61.67,75.0,52.86,0.0,0.0,54.09,0.0,81.8,0.0,97.75,5.67,100.0,60.85,4.29,46.15,75.59,54.92,61.26,38.02,66.0,56.07,53.57,60.54,28.83,12.62,32.45,65.54,21.72,67.82,100.0,33.86,33.37,48.0,41.43,50.13
79,200069755,CC Mellois en Poitou,,,41.0,,,9.91,75.0,34.64,39.33,75.33,28.3,0.0,38.37,31.82,58.08,0.0,0.0,49.39,39.43,28.57,57.34,0.8,29.28,21.14,7.01,26.67,0.0,41.7,13.34,27.41,43.65,19.23,0.0,0.0,100.0,59.13,32.62,44.85,40.71,67.32,100.0,75.0,43.77,62.22,100.0,50.26,0.0,69.4,0.0,100.0,6.52,100.0,48.82,0.0,46.15,70.09,49.24,48.68,29.45,57.33,52.23,51.79,56.93,51.24,22.57,22.32,30.37,22.11,68.97,0.0,28.02,57.28,0.0,41.43,47.74
79,247900798,CC du Thouarsais,,,60.0,,,0.0,50.0,43.63,33.99,100.0,43.1,0.0,38.37,40.55,45.58,25.69,29.37,42.02,39.14,44.9,53.47,0.9,41.62,24.2,7.26,6.67,83.93,45.41,15.15,52.59,0.0,19.23,0.0,50.0,33.3,51.34,18.38,31.47,6.09,67.32,13.72,75.0,41.17,21.67,50.0,43.63,0.0,48.6,0.0,98.7,7.33,100.0,24.97,0.0,53.85,64.2,45.45,49.34,27.58,57.33,42.8,53.57,42.67,90.61,50.81,36.74,0.0,13.73,66.67,100.0,22.97,11.41,0.0,41.43,41.87
80,200037059,CC de la Haute Somme (Combles - Péronne - Roisel),,,0.0,,,4.78,50.0,46.76,36.8,100.0,54.65,0.0,28.49,39.09,30.43,27.61,43.93,46.93,39.43,22.45,53.71,1.1,100.0,28.33,1.36,0.0,100.0,36.82,47.69,13.33,17.44,62.18,0.0,50.0,0.0,75.64,35.36,33.53,6.73,74.51,53.85,48.25,36.04,100.0,50.0,38.49,0.0,60.1,0.0,50.18,1.29,100.0,0.0,0.0,61.54,68.38,36.74,22.85,40.7,20.67,100.0,48.21,13.96,100.0,48.9,69.79,100.0,17.29,65.52,0.0,30.94,60.65,30.0,31.43,44.35
80,200070928,CC Terre de Picardie,,,4.0,,,0.0,50.0,45.0,44.38,100.0,42.35,18.46,48.84,42.0,31.82,58.77,25.62,49.69,39.43,0.0,53.71,0.8,100.0,25.07,2.96,80.0,100.0,44.02,34.76,17.41,14.82,62.18,0.0,100.0,0.0,46.14,20.38,19.71,27.56,83.01,8.74,48.25,39.17,74.72,0.0,38.56,100.0,68.3,20.81,44.34,1.55,100.0,0.0,0.0,61.54,78.25,39.77,29.8,40.83,0.0,76.72,50.0,0.4,47.12,55.57,49.74,100.0,16.39,65.52,50.0,20.05,42.28,98.0,31.43,48.65
80,200070936,CC Ponthieu-Marquenterre,,,7.0,,,0.0,50.0,45.1,43.26,0.0,22.0,100.0,69.19,38.73,50.0,19.13,32.59,53.68,45.71,40.82,52.64,0.8,100.0,27.29,27.5,93.33,0.0,44.95,43.74,25.19,34.32,62.18,3.7,50.0,32.19,69.32,40.25,46.18,47.12,67.97,14.53,48.25,47.54,60.28,0.0,41.74,0.0,72.4,0.0,100.0,0.21,100.0,0.0,0.0,69.23,74.45,45.45,40.73,51.54,36.0,100.0,48.21,30.52,47.28,37.29,55.03,100.0,4.43,70.11,100.0,25.9,55.76,2.0,31.43,45.35
80,200070944,CC du Vimeu,,,10.0,,,100.0,50.0,50.98,42.13,100.0,44.15,100.0,53.49,43.45,36.49,67.72,67.1,50.0,37.71,34.69,59.57,0.7,100.0,29.93,6.69,66.67,100.0,29.38,43.58,25.93,1.23,62.18,0.0,100.0,0.0,24.75,20.84,11.91,0.0,74.51,15.69,48.25,49.82,100.0,0.0,65.12,0.0,42.7,0.0,68.8,0.78,100.0,0.0,0.0,76.92,74.83,47.73,39.4,37.08,34.0,90.99,53.57,19.98,92.75,61.33,64.58,100.0,4.93,65.52,100.0,24.83,53.04,20.0,31.43,49.81
80,200070951,CC du Territoire Nord Picardie,,,0.0,,,22.28,50.0,48.53,49.72,100.0,38.4,3.85,51.74,42.73,38.89,52.83,25.85,54.6,38.57,0.0,52.64,0.8,100.0,25.53,5.33,80.0,100.0,34.49,36.67,31.11,8.76,62.18,0.0,100.0,0.0,69.84,23.09,49.26,51.28,77.12,7.01,48.25,46.95,74.72,50.0,52.5,10.53,68.9,0.0,94.93,3.37,100.0,0.0,0.0,84.62,77.87,47.35,35.1,38.29,66.33,93.72,48.21,34.84,29.82,38.19,64.71,45.76,6.36,65.52,100.0,16.6,57.5,68.0,31.43,49.87
80,200070969,CC Avre Luce Noye,,,9.0,,,70.73,50.0,47.48,56.46,100.0,24.55,0.0,54.65,49.09,37.75,34.38,38.08,56.75,38.57,48.98,52.81,1.1,100.0,28.09,0.23,86.67,96.43,9.87,25.83,17.04,0.0,62.18,0.0,0.0,0.0,73.0,23.21,26.18,8.65,83.01,0.0,48.25,53.52,56.94,0.0,47.15,52.63,62.0,0.0,55.33,0.99,100.0,0.0,0.0,69.23,80.72,63.26,58.61,45.25,69.67,76.75,51.79,53.61,12.85,56.95,49.48,100.0,18.6,60.92,0.0,35.46,56.85,98.0,31.43,57.1
80,200070977,CC du Grand Roye,,,8.0,,,0.0,50.0,47.06,35.67,100.0,77.2,100.0,44.77,40.36,30.05,41.41,50.27,43.56,48.29,10.2,53.71,0.9,100.0,25.64,1.35,66.67,100.0,31.01,30.92,0.0,0.9,62.18,0.0,0.0,0.0,62.6,32.69,34.71,6.73,80.39,10.13,48.25,34.28,100.0,100.0,61.41,54.39,52.6,0.0,50.26,1.66,100.0,0.0,0.0,69.23,68.76,37.88,27.81,41.9,3.33,71.19,50.0,2.81,100.0,65.67,64.84,100.0,20.85,66.67,100.0,16.07,34.57,66.0,31.43,40.97
80,200070985,CC de l'Est de la Somme,,,0.0,,,0.0,50.0,45.59,33.71,100.0,56.55,0.0,37.21,35.82,26.39,42.83,29.69,46.32,43.14,14.29,53.71,1.0,100.0,27.64,0.58,6.67,0.0,49.36,26.27,4.44,0.0,62.18,0.0,0.0,0.0,58.0,19.8,27.79,24.36,73.2,3.24,48.25,32.63,100.0,50.0,28.83,0.0,55.0,0.0,45.72,1.1,100.0,0.0,0.0,69.23,69.33,31.06,27.15,48.73,27.67,100.0,48.21,1.61,84.02,53.19,49.95,0.0,6.72,65.52,0.0,23.24,41.74,30.0,31.43,34.26
80,200070993,CA de la Baie de Somme,,,2.0,,,0.0,50.0,48.82,39.61,20.67,97.65,98.85,57.56,46.73,33.08,66.09,68.21,53.37,59.71,48.98,57.32,1.2,100.0,32.9,40.39,93.33,75.0,54.24,37.39,33.33,29.57,62.18,0.0,100.0,69.23,55.33,36.67,56.62,51.6,71.24,37.12,48.25,36.52,65.56,50.0,37.44,12.28,38.1,2.15,79.99,1.36,100.0,14.32,0.0,61.54,58.88,31.06,26.82,37.75,55.33,100.0,46.43,49.0,100.0,51.05,65.65,29.52,10.13,66.67,100.0,20.58,39.78,0.0,31.43,45.13
80,200071181,CC Somme Sud-Ouest,,,10.0,,,3.46,50.0,48.71,48.03,100.0,26.55,100.0,46.51,42.18,50.76,19.71,0.0,53.68,37.14,0.0,52.64,0.8,100.0,24.39,8.7,73.33,100.0,39.84,34.7,30.74,3.69,62.18,0.26,100.0,0.0,72.79,28.39,45.88,59.29,77.78,28.49,48.25,48.56,100.0,0.0,42.34,0.0,76.6,0.0,100.0,3.19,100.0,0.0,0.0,69.23,77.87,53.41,49.01,50.74,39.0,100.0,50.0,45.88,20.43,40.05,25.29,100.0,16.28,66.67,100.0,22.71,59.89,50.0,31.43,50.06
80,200071223,CC Nièvre et Somme,,,0.0,,,0.0,50.0,51.47,49.72,100.0,37.9,35.0,52.91,42.18,37.5,70.8,24.46,53.07,34.57,28.57,52.81,0.8,100.0,28.45,22.07,100.0,100.0,42.16,35.96,34.07,0.0,62.18,3.7,0.0,0.0,42.23,18.74,42.79,0.0,81.05,40.82,48.25,50.16,100.0,0.0,66.92,0.0,59.6,0.0,62.13,0.79,100.0,0.0,0.0,61.54,79.58,51.52,38.08,34.4,74.33,89.72,53.57,26.31,17.46,6.48,48.41,100.0,16.95,63.22,50.0,13.41,42.72,62.0,31.43,50.03
80,248000499,CC du Val de Somme,,,2.0,,,0.0,50.0,49.41,56.18,100.0,39.4,86.92,56.4,47.64,31.57,71.63,71.47,57.36,42.29,53.06,52.81,1.1,100.0,32.16,22.36,100.0,100.0,45.64,33.22,38.15,18.59,62.18,0.0,50.0,0.0,40.5,22.6,41.47,33.01,81.7,24.32,48.25,53.37,100.0,0.0,52.16,0.0,49.1,0.0,47.03,1.35,100.0,0.0,0.0,69.23,81.48,65.15,58.94,39.76,72.67,83.61,53.57,52.81,25.86,64.38,44.38,53.25,12.04,63.22,0.0,27.49,29.89,72.0,31.43,61.23
80,248000531,CA Amiens Métropole,,,5.0,,,2.97,0.0,55.15,58.43,100.0,100.0,82.31,50.0,57.09,21.97,95.33,98.35,52.15,100.0,100.0,52.81,2.0,80.06,43.8,45.97,100.0,100.0,45.41,40.24,63.7,100.0,62.18,0.0,50.0,0.0,0.0,25.59,58.09,54.81,89.54,42.5,48.25,48.1,83.61,100.0,51.84,0.0,10.0,0.0,30.32,2.75,100.0,0.0,0.0,61.54,45.01,20.83,49.01,16.6,52.67,100.0,33.93,59.44,100.0,66.52,72.63,15.4,34.21,,0.0,18.99,47.07,98.0,31.43,30.84
80,248000747,CC du Pays du Coquelicot,,,0.0,,,88.78,50.0,47.94,41.29,100.0,32.3,0.0,47.09,38.73,29.17,49.6,48.08,59.2,52.86,73.47,52.81,0.8,100.0,27.39,11.81,86.67,100.0,33.33,38.54,30.74,24.65,62.18,0.0,50.0,0.0,71.27,28.18,31.18,0.0,77.78,11.23,48.25,45.9,76.11,0.0,48.64,15.79,57.1,5.78,68.02,0.35,100.0,0.0,0.0,69.23,70.85,44.7,42.38,44.85,0.0,100.0,50.0,27.81,71.0,49.29,43.18,50.56,16.59,66.67,100.0,20.32,43.26,48.0,31.43,49.65
81,200034023,CC Tarn-Agout,,,45.0,,,100.0,75.0,44.41,65.45,100.0,27.7,100.0,51.16,54.18,57.2,56.38,71.96,63.19,52.29,71.43,51.82,2.0,23.21,35.89,16.95,0.0,100.0,13.36,59.46,63.7,75.43,32.69,0.0,100.0,0.0,0.0,37.5,53.82,48.72,79.08,66.59,31.12,54.37,13.06,50.0,51.73,0.0,31.2,0.0,59.9,13.91,100.0,0.0,0.0,53.85,74.07,63.26,46.36,36.01,100.0,62.86,50.0,61.04,73.48,56.24,72.71,100.0,58.99,60.92,50.0,56.44,0.0,70.0,67.14,60.87
81,200034031,CC des Monts d'Alban et du Villefranchois,,,53.0,,,70.41,50.0,49.51,44.38,14.0,3.55,100.0,37.21,47.27,53.54,0.0,0.0,50.61,64.57,87.76,51.32,0.9,56.78,21.21,0.0,0.0,0.0,76.31,67.79,1.48,38.08,32.69,62.43,100.0,0.0,85.38,49.56,37.94,50.64,68.63,100.0,31.12,49.05,100.0,0.0,35.6,75.44,66.1,0.0,98.11,3.91,100.0,82.79,70.57,61.54,69.33,36.36,62.58,54.08,33.0,99.61,50.0,46.69,35.42,0.0,24.84,100.0,28.21,70.11,100.0,25.9,75.33,0.0,67.14,43.39
81,200034049,CC Centre Tarn,,,79.0,,,0.0,75.0,48.04,50.28,73.33,9.8,0.0,47.09,47.64,60.61,0.0,0.0,50.92,44.86,67.35,51.32,1.0,34.49,24.57,45.09,0.0,0.0,28.46,24.08,50.37,18.1,32.69,27.25,100.0,100.0,69.48,34.11,44.56,62.5,74.51,100.0,31.12,50.67,65.28,0.0,56.12,0.0,64.0,0.0,98.42,7.19,100.0,76.09,43.29,53.85,73.88,42.05,50.0,40.56,3.67,82.02,48.21,45.38,30.81,54.1,50.99,100.0,10.9,68.97,100.0,38.91,60.43,28.0,67.14,51.23
81,200034056,CC du Lautrécois et du Pays d'Agout,,,60.0,,,100.0,75.0,46.18,61.8,93.33,5.3,0.0,45.35,48.18,63.13,0.0,33.97,61.96,37.71,26.53,51.32,1.4,36.9,26.56,68.43,6.67,57.14,31.71,42.86,72.59,46.44,32.69,0.0,100.0,0.0,67.34,27.6,41.62,60.9,74.51,100.0,31.12,52.48,5.56,0.0,28.61,0.0,66.1,0.0,99.99,8.35,100.0,46.79,0.0,46.15,80.72,53.03,54.3,44.71,1.0,90.57,51.79,62.75,14.33,45.43,58.8,100.0,2.3,67.82,50.0,45.55,25.22,22.0,67.14,55.45
81,200034064,CC du Cordais et du Causse (4 C),,,11.0,,,74.2,25.0,48.53,34.83,0.0,12.5,60.0,51.16,42.0,59.34,0.0,0.0,47.24,69.43,100.0,45.46,1.0,51.62,24.67,0.0,0.0,0.0,9.87,22.05,35.93,30.22,32.69,80.42,100.0,100.0,86.66,76.33,53.24,61.86,52.94,65.26,31.12,31.07,100.0,0.0,40.21,0.0,73.8,0.0,100.0,17.92,73.47,43.85,79.43,53.85,61.73,10.61,41.06,58.1,8.67,100.0,35.71,100.0,56.01,0.0,20.1,0.0,0.36,68.97,100.0,20.05,31.96,0.0,67.14,31.16
81,200040905,CC Carmausin-Ségala,,,11.0,,,0.0,75.0,48.9,27.81,86.0,75.4,0.0,38.37,49.27,27.27,32.9,43.53,48.16,37.43,38.78,48.68,1.0,33.21,24.91,32.11,6.67,0.0,51.45,100.0,69.26,35.14,32.69,18.78,50.0,0.0,49.18,33.31,55.59,53.53,63.4,93.92,31.12,33.9,58.89,50.0,45.94,0.0,45.1,0.0,97.44,10.22,100.0,71.76,53.0,46.15,61.16,31.82,33.77,40.03,0.0,70.54,50.0,71.39,47.61,44.52,41.35,100.0,19.37,66.67,100.0,30.94,47.39,0.0,67.14,49.29
81,200066124,CA Gaillac-Graulhet,,,49.0,,,16.96,75.0,50.49,57.3,96.67,26.85,100.0,54.07,45.82,57.95,46.27,55.71,57.67,44.0,69.39,48.62,1.5,71.8,27.99,6.13,13.33,30.36,33.8,60.39,78.52,49.88,32.69,17.72,0.0,13.65,47.63,34.93,46.47,58.65,71.24,51.07,31.12,42.18,43.33,100.0,41.03,1.75,41.3,0.0,99.71,14.01,100.0,0.0,0.0,46.15,72.36,42.42,42.72,32.66,19.0,81.37,46.43,43.98,48.76,47.52,39.11,100.0,27.81,62.07,0.0,37.58,34.89,34.0,67.14,50.35
81,200066553,CC du Haut-Languedoc,,,30.0,,,0.0,75.0,51.76,34.83,0.0,13.2,0.0,61.63,49.09,55.43,0.0,0.0,43.25,66.57,0.0,49.67,0.7,80.32,23.31,6.24,0.0,0.0,83.51,56.83,0.0,0.0,32.69,100.0,100.0,100.0,88.7,69.96,37.94,2.56,60.78,50.84,31.12,39.76,71.39,100.0,42.91,0.0,47.4,4.05,90.44,16.22,14.6,94.15,100.0,53.85,63.63,26.52,43.71,65.33,0.0,100.0,48.21,42.57,100.0,0.0,0.0,0.0,2.3,74.71,100.0,5.44,82.61,0.0,67.14,47.94
81,200066561,CC Sidobre Vals et Plateaux,,,17.0,,,0.0,75.0,48.04,42.42,0.0,19.05,0.0,42.44,46.36,55.3,0.0,0.0,47.85,44.29,79.59,51.32,0.9,93.81,27.85,8.27,0.0,0.0,41.46,34.16,15.19,29.24,32.69,100.0,100.0,100.0,73.69,35.79,32.35,38.14,67.97,34.16,31.12,44.98,100.0,0.0,25.32,0.0,67.4,0.0,90.55,8.8,32.42,90.94,100.0,53.85,68.95,40.91,53.97,44.04,20.33,86.18,50.0,87.25,49.42,0.0,39.45,100.0,2.82,67.82,100.0,18.99,72.93,0.0,67.14,50.68
81,248100158,CC du Sor et de l'Agout,,,62.0,,,61.22,75.0,45.88,58.15,100.0,10.2,38.46,49.42,49.09,66.04,55.36,49.78,56.44,27.14,22.45,53.96,1.4,35.91,30.75,6.98,40.0,82.14,36.82,49.22,98.89,57.58,32.69,7.94,100.0,85.99,13.09,31.89,37.79,25.64,75.16,77.65,31.12,53.99,50.56,0.0,58.6,0.0,59.9,0.0,98.27,8.43,100.0,65.35,0.0,53.85,75.97,57.95,44.04,37.35,41.33,61.11,51.79,42.37,35.26,31.86,54.04,100.0,10.16,63.22,100.0,36.79,15.11,26.0,67.14,57.9
81,248100430,CA de Castres Mazamet,,,38.0,,,100.0,50.0,48.53,47.75,100.0,62.2,0.0,40.12,53.45,31.44,80.22,93.04,47.85,51.43,100.0,53.96,1.5,100.0,36.29,22.17,0.0,76.79,49.13,76.72,96.67,71.5,32.69,86.24,100.0,100.0,13.72,36.6,50.29,54.49,66.01,48.76,31.12,40.02,58.06,100.0,57.47,3.51,16.7,0.0,46.23,17.02,17.09,78.94,77.57,46.15,54.32,28.41,40.07,22.09,8.33,51.54,44.64,34.74,100.0,69.05,65.6,0.0,9.85,64.37,0.0,28.55,41.09,0.0,67.14,37.26
81,248100497,CC Val 81,,,11.0,,,0.0,50.0,45.22,42.98,23.33,9.5,100.0,35.47,46.36,46.72,0.0,0.0,50.92,56.57,0.0,48.68,0.7,59.96,18.06,0.0,0.0,0.0,50.29,55.68,3.7,6.47,32.69,53.97,100.0,0.0,81.77,36.6,56.76,73.4,63.4,100.0,31.12,42.9,100.0,50.0,36.54,1.75,72.2,0.0,97.77,6.61,100.0,90.97,72.43,53.85,71.98,33.33,52.32,59.17,0.0,84.26,48.21,78.21,53.38,0.0,23.93,0.0,2.48,71.26,100.0,28.55,49.46,0.0,67.14,54.97
81,248100737,CA de l'Albigeois (C2A),,,27.0,,,0.64,50.0,54.41,57.58,100.0,65.5,100.0,60.47,55.64,37.12,88.01,96.34,49.08,59.14,93.88,48.68,1.7,100.0,36.83,38.24,93.33,98.21,46.57,78.31,97.04,80.18,32.69,0.0,0.0,0.0,0.0,47.11,62.65,64.74,71.24,67.57,31.12,50.92,45.83,100.0,60.47,0.0,15.1,0.0,38.33,15.96,79.89,23.15,13.43,61.54,48.62,40.91,49.67,27.31,47.0,73.85,42.86,60.04,100.0,66.05,81.43,100.0,100.0,,100.0,45.29,0.0,0.0,67.14,43.48
81,248100745,CC Thoré Montagne Noire,,,11.0,,,0.0,75.0,49.51,37.36,10.67,16.15,0.0,29.07,30.91,47.22,25.72,0.0,45.71,40.29,89.8,53.96,1.0,87.89,29.77,60.77,40.0,0.0,12.66,32.4,28.52,17.28,32.69,100.0,100.0,100.0,78.28,37.05,19.71,50.64,51.63,0.93,31.12,36.25,76.39,0.0,40.14,100.0,38.2,0.0,81.96,24.11,0.4,95.76,100.0,53.85,66.29,32.95,37.75,38.69,0.0,76.62,48.21,48.19,87.31,34.38,19.84,0.0,5.61,68.97,100.0,13.15,57.17,0.0,67.14,47.23
82,200040418,CC du Pays de Serres en Quercy,,,75.0,,,0.0,50.0,49.16,35.39,6.0,13.85,0.0,24.42,33.27,58.46,0.0,0.0,43.87,59.14,100.0,42.49,0.7,13.25,19.34,3.36,0.0,0.0,49.83,58.86,0.0,0.0,21.79,10.58,100.0,0.0,84.94,54.55,40.59,78.85,52.94,71.4,29.06,29.27,100.0,0.0,54.02,45.61,70.7,0.0,100.0,16.87,100.0,16.38,45.0,69.23,63.06,14.39,39.4,41.5,5.0,100.0,42.86,39.56,61.61,0.0,35.96,0.0,1.46,70.11,100.0,13.15,36.63,0.0,55.0,34.58
82,200066322,CC Terres des Confluences,,,77.0,,,2.93,50.0,47.06,55.62,100.0,40.8,0.0,48.84,46.73,48.11,62.9,81.29,51.53,45.14,28.57,43.56,1.2,24.26,25.67,18.22,0.0,73.21,15.91,86.41,15.19,22.52,21.79,0.0,100.0,0.0,33.25,32.14,50.44,55.45,70.59,75.28,29.06,34.29,100.0,100.0,55.63,0.0,38.4,0.0,55.97,15.81,100.0,0.0,17.57,53.85,68.95,22.73,27.48,32.8,0.0,49.17,44.64,9.04,83.36,58.67,62.84,66.67,52.01,65.52,50.0,20.05,2.93,48.0,55.0,25.42
82,200066652,CC Grand Sud Tarn-et-Garonne,,,77.0,,,0.0,50.0,51.65,67.42,100.0,33.85,100.0,60.47,56.91,69.44,73.22,66.07,55.21,28.86,44.9,47.36,1.5,19.25,28.58,27.6,6.67,78.57,20.33,53.88,50.37,44.47,21.79,0.0,100.0,0.0,0.0,27.53,37.79,0.0,84.97,4.11,29.06,54.65,5.28,0.0,63.22,85.96,46.5,0.0,51.12,10.51,100.0,0.0,0.0,61.54,80.72,56.44,53.31,36.01,39.33,46.57,51.79,36.24,17.96,60.95,41.98,100.0,69.99,59.77,0.0,32.8,0.0,100.0,55.0,58.1
82,200066884,CC Quercy Vert-Aveyron,,,75.0,,,0.0,50.0,54.41,60.11,95.33,33.3,0.0,56.98,55.64,72.22,44.78,40.22,51.84,35.43,87.76,42.24,1.1,11.52,26.74,2.53,6.67,51.79,30.78,57.66,42.22,16.95,21.79,25.93,100.0,0.0,12.37,29.76,62.06,69.55,76.47,79.56,29.06,45.67,0.0,0.0,50.66,0.0,56.5,0.0,90.08,6.57,100.0,12.5,41.71,61.54,76.73,46.97,47.35,32.4,0.0,59.71,50.0,51.0,12.52,30.14,47.47,0.0,6.68,65.52,100.0,28.29,29.24,66.0,55.0,50.68
82,200067122,CC du Pays de Lafrançaise,,,80.0,,,0.08,75.0,54.41,58.15,100.0,9.85,0.0,49.42,47.64,67.05,32.86,0.0,57.06,28.86,34.69,43.56,1.1,9.88,24.18,0.25,0.0,0.0,8.01,58.42,21.85,0.0,21.79,6.35,100.0,0.0,47.48,26.76,45.29,78.21,73.86,79.39,29.06,49.57,0.0,100.0,62.39,0.0,65.4,0.0,100.0,17.05,100.0,0.0,29.0,61.54,82.62,47.73,44.7,44.85,0.0,69.04,51.79,50.7,2.97,25.1,58.1,0.0,1.75,63.22,100.0,32.01,0.0,62.0,55.0,51.32
82,248200016,CC des Deux Rives,,,69.0,,,0.0,50.0,50.0,43.54,85.33,19.45,0.0,40.7,43.45,57.58,49.02,37.37,42.94,42.57,51.02,50.25,1.5,17.53,26.46,28.94,6.67,8.93,52.15,56.61,10.37,29.73,21.79,0.0,100.0,0.0,64.74,38.77,32.06,63.14,69.28,29.3,29.06,33.74,83.61,100.0,54.21,56.14,47.0,0.0,73.46,9.75,100.0,0.0,0.0,46.15,69.14,37.5,29.8,47.52,18.67,58.34,46.43,18.47,86.82,56.29,45.68,100.0,18.19,66.67,100.0,31.47,0.0,10.0,55.0,38.29
82,248200057,CC du Quercy Caussadais,,,77.0,,,0.0,25.0,54.41,40.73,84.67,31.0,100.0,38.37,51.64,60.61,37.5,38.97,39.88,42.0,59.18,41.17,1.3,20.39,24.96,0.84,40.0,0.0,57.72,68.78,48.15,23.34,21.79,5.03,100.0,0.0,56.87,37.67,41.32,58.01,66.67,39.78,29.06,31.33,100.0,0.0,54.23,0.0,53.4,0.0,100.0,9.92,100.0,36.97,73.43,61.54,63.25,33.71,34.77,37.35,9.33,67.09,48.21,26.71,68.53,51.38,20.1,0.0,17.98,66.67,100.0,20.85,27.5,0.0,55.0,43.9
82,248200065,CC de la Lomagne Tarn-et-Garonnaise,,,68.0,,,32.24,50.0,43.75,39.33,82.67,11.35,0.0,27.91,36.0,61.36,0.0,0.0,47.24,39.43,0.0,45.71,1.3,22.22,23.49,0.0,73.33,58.93,13.12,33.66,1.48,47.09,21.79,0.0,100.0,0.0,79.16,40.79,52.06,75.0,58.17,100.0,29.06,32.27,22.22,0.0,37.98,0.0,51.9,0.0,100.0,12.12,100.0,19.35,0.0,61.54,70.09,33.71,24.83,49.13,0.0,82.08,46.43,46.59,85.01,46.86,13.23,0.0,12.68,71.26,100.0,34.4,0.0,0.0,55.0,47.26
82,248200099,CA Grand Montauban,,,81.0,,,0.0,25.0,57.35,61.52,100.0,64.65,100.0,40.7,58.91,42.3,76.12,96.61,50.92,52.86,61.22,42.24,1.7,100.0,34.9,23.23,86.67,87.5,18.0,100.0,90.0,100.0,21.79,0.0,100.0,0.0,0.0,51.89,59.26,60.26,78.43,49.16,29.06,46.0,31.39,100.0,53.08,0.0,24.4,0.0,28.44,9.72,62.84,0.0,0.0,61.54,61.92,35.23,42.05,24.77,46.33,64.36,41.07,46.69,100.0,63.9,76.12,0.0,54.99,60.92,100.0,32.54,14.57,58.0,55.0,43.58
82,248200107,CC du Quercy Rouergue et des Gorges de l'Aveyron,,,73.0,,,0.0,25.0,50.0,33.99,0.0,8.55,0.0,41.86,44.36,59.34,0.0,0.0,44.17,63.71,61.22,50.0,0.9,28.32,20.53,2.81,60.0,0.0,100.0,38.65,42.59,0.0,21.79,80.69,100.0,28.37,87.68,76.91,56.76,69.55,50.98,77.71,29.06,31.38,72.78,0.0,52.84,0.0,64.8,0.0,95.57,13.86,78.22,94.79,100.0,53.85,55.46,7.2,43.05,53.55,0.0,100.0,39.29,78.82,86.99,0.0,19.43,0.0,3.22,70.11,100.0,11.29,64.67,0.0,55.0,32.13
83,200004802,CC du Pays de Fayence,,,27.0,,,0.0,0.0,69.12,57.87,0.0,11.35,0.0,52.91,60.0,78.28,50.65,52.41,57.98,31.14,55.1,40.1,2.4,100.0,39.7,4.22,46.67,0.0,21.25,75.24,8.89,60.2,27.78,100.0,100.0,100.0,21.92,69.68,62.94,66.35,73.2,18.36,22.14,41.37,100.0,50.0,45.38,0.0,45.9,86.25,5.34,15.34,0.0,80.32,100.0,46.15,79.39,43.94,50.0,22.76,22.0,61.17,37.5,25.8,29.98,70.9,28.23,94.92,56.67,62.07,100.0,34.13,70.87,12.0,47.14,61.71
83,200027100,CC Méditerranée Porte des Maures,,,30.0,,,100.0,0.0,72.79,70.22,0.0,45.4,100.0,86.63,36.36,80.56,70.8,77.5,51.23,55.14,24.49,44.22,1.8,56.7,42.63,14.99,60.0,35.71,41.46,79.51,54.81,57.08,27.78,100.0,100.0,100.0,34.87,69.44,60.59,73.72,64.71,16.21,22.14,40.66,2.5,0.0,9.75,100.0,14.2,0.0,1.53,35.13,0.0,0.0,55.43,53.85,65.15,50.38,41.06,30.66,27.33,50.24,42.86,48.49,71.99,83.33,45.76,91.1,16.33,66.67,100.0,26.69,80.33,0.0,47.14,50.39
83,200035319,CA Estérel Côte d'Azur Agglomération,,,33.0,,,32.31,0.0,73.53,71.35,0.0,55.8,100.0,77.33,62.91,69.44,85.62,83.75,55.83,51.71,83.67,40.1,2.3,99.31,48.83,17.05,20.0,53.57,45.18,97.26,71.11,100.0,27.78,100.0,0.0,100.0,7.44,72.5,66.76,60.26,60.78,7.35,22.14,43.08,0.0,100.0,63.77,100.0,4.7,0.0,1.52,26.46,0.0,0.0,100.0,46.15,56.79,43.56,48.34,19.41,31.67,36.85,37.5,17.77,99.51,84.76,79.69,11.58,37.0,66.67,0.0,26.43,56.41,0.0,47.14,51.9
83,200036077,CC du Golfe de Saint-Tropez,,,27.0,,,0.0,0.0,76.84,55.62,0.0,42.9,100.0,77.33,59.27,85.48,77.07,61.92,51.53,69.14,0.0,29.21,2.4,100.0,47.4,8.98,73.33,0.0,58.89,74.09,0.0,94.59,27.78,100.0,100.0,84.57,12.03,100.0,61.91,63.78,71.9,0.0,22.14,36.33,0.0,50.0,52.15,100.0,13.9,0.0,1.63,49.29,0.0,0.0,100.0,53.85,60.02,40.91,34.44,32.66,24.33,61.04,26.79,10.44,100.0,80.95,70.91,0.0,7.36,67.82,100.0,31.21,53.7,0.0,47.14,46.61
83,200040202,CC Provence Verdon,,,39.0,,,0.0,25.0,64.34,53.65,24.67,11.7,0.0,38.37,48.55,78.41,46.67,0.0,50.61,40.0,77.55,32.18,1.5,87.25,30.73,23.91,26.67,0.0,27.53,79.46,2.59,22.85,27.78,100.0,100.0,100.0,66.89,40.77,59.26,75.96,69.28,64.04,22.14,40.71,15.0,100.0,57.73,100.0,33.5,0.0,39.46,35.91,0.0,32.44,100.0,38.46,73.5,41.29,38.41,39.09,0.0,92.65,46.43,21.18,5.77,61.29,15.81,100.0,11.03,67.82,100.0,8.37,78.7,0.0,47.14,50.03
83,200040210,CC Lacs et Gorges du Verdon,,,29.0,,,0.0,25.0,66.18,49.16,0.0,14.5,0.0,51.16,47.09,79.92,31.45,0.0,47.85,71.71,100.0,37.95,1.2,100.0,33.51,0.03,6.67,0.0,18.47,78.91,16.3,23.83,27.78,100.0,100.0,100.0,80.59,88.18,63.97,82.69,44.44,29.13,22.14,31.91,90.28,0.0,55.22,100.0,67.4,0.0,26.83,25.35,0.0,78.47,100.0,61.54,65.72,24.24,40.07,42.17,29.0,100.0,39.29,30.42,61.78,0.0,1.69,0.0,3.77,68.97,100.0,6.24,85.22,0.0,47.14,42.94
83,200068104,CA de la Provence Verte,,,36.0,,,0.0,0.0,67.46,63.76,70.67,28.05,100.0,47.67,54.73,76.26,82.39,73.3,56.75,38.86,57.14,37.95,1.8,73.72,35.99,3.48,20.0,41.07,18.47,100.0,40.0,53.64,27.78,100.0,100.0,100.0,0.0,50.49,60.29,61.22,75.16,33.53,22.14,45.24,0.0,100.0,59.6,100.0,26.2,0.0,5.62,45.41,0.0,0.0,100.0,38.46,76.16,47.35,46.36,25.97,25.67,74.47,44.64,10.04,45.8,64.1,56.56,54.66,30.79,66.67,50.0,21.38,71.85,38.0,47.14,52.39
83,248300394,CA Sud Sainte Baume,,,28.0,,,28.21,0.0,83.82,67.13,0.0,35.35,100.0,79.65,52.73,70.2,75.83,86.03,58.59,53.43,55.1,48.93,2.0,69.02,47.27,4.65,6.67,78.57,44.95,100.0,62.22,68.71,27.78,100.0,100.0,100.0,0.0,76.65,61.91,49.36,56.86,7.93,22.14,50.55,0.0,100.0,55.92,0.0,11.8,0.0,2.07,56.76,0.0,0.0,100.0,53.85,61.54,58.71,52.98,20.48,92.67,66.11,35.71,50.8,56.51,78.86,65.29,43.36,25.2,60.92,50.0,38.91,58.26,0.0,47.14,59.39
83,248300410,CC de la Vallée du Gapeau,,,29.0,,,74.63,25.0,79.41,75.28,100.0,44.35,100.0,68.6,55.09,75.25,79.42,93.88,59.82,40.0,73.47,44.22,2.0,54.78,44.07,0.13,93.33,82.14,30.08,100.0,84.44,88.21,27.78,100.0,100.0,100.0,0.0,48.39,50.15,46.79,81.7,0.0,22.14,56.18,42.5,0.0,62.4,100.0,4.7,0.0,1.48,23.22,0.0,0.0,15.71,46.15,74.64,58.71,30.79,11.78,18.0,47.28,46.43,88.15,64.25,93.33,52.6,42.8,22.05,58.62,100.0,25.1,42.39,22.0,47.14,57.77
83,248300493,CA Dracénie Provence Verdon Agglomération,,,33.0,,,0.0,0.0,67.65,63.48,48.67,60.75,100.0,39.53,50.0,70.96,77.5,72.46,50.92,50.0,36.73,31.02,1.6,56.77,38.79,6.72,0.0,0.0,24.04,91.34,67.78,61.67,27.78,100.0,100.0,100.0,13.78,54.3,67.94,68.27,74.51,37.75,22.14,36.06,3.33,100.0,52.03,100.0,22.1,0.0,3.83,26.08,0.0,0.0,100.0,46.15,66.67,31.44,35.43,27.04,0.0,66.63,39.29,15.06,79.57,40.14,51.87,0.0,18.48,,0.0,22.18,70.11,22.0,47.14,51.35
83,248300543,Métropole Toulon-Provence-Méditerranée,,,25.0,,,100.0,0.0,79.41,70.22,53.33,72.4,100.0,70.93,52.18,49.12,96.92,98.79,57.98,84.29,91.84,44.22,1.7,66.08,46.34,24.23,66.67,100.0,54.47,100.0,83.33,100.0,27.78,69.84,0.0,100.0,0.0,49.52,69.12,64.42,74.51,33.58,22.14,44.51,0.0,100.0,60.08,0.0,1.7,0.0,0.57,63.93,0.0,0.0,0.0,38.46,50.9,35.23,44.04,13.52,13.33,61.01,39.29,35.34,100.0,92.48,87.84,9.46,18.8,,0.0,18.99,32.5,0.0,47.14,50.87
83,248300550,CC Coeur du Var,,,33.0,,,0.0,0.0,68.14,61.52,80.0,33.8,100.0,45.93,51.09,81.69,77.32,67.5,50.0,37.43,0.0,36.63,1.5,78.8,34.58,2.93,0.0,0.0,22.42,75.79,41.48,37.92,27.78,100.0,100.0,100.0,24.06,40.86,55.88,38.78,78.43,5.67,22.14,36.72,0.0,0.0,50.63,82.46,42.8,0.0,2.21,23.51,0.0,0.0,100.0,53.85,74.26,40.15,36.75,28.51,7.33,79.45,46.43,5.72,45.47,74.9,37.5,0.0,25.44,64.37,100.0,17.66,71.85,60.0,47.14,51.52
84,200000628,CC Rhône Lez Provence,,,38.0,,,0.0,50.0,56.62,51.4,100.0,47.8,0.0,37.21,55.27,53.16,80.22,83.88,48.16,31.43,24.49,52.48,1.2,92.27,29.86,21.38,0.0,0.0,42.86,66.37,93.33,55.77,44.44,44.44,100.0,23.55,0.0,39.43,50.15,64.1,71.24,13.61,18.42,37.29,0.83,50.0,67.64,17.54,40.3,0.0,23.28,15.83,44.62,0.0,65.86,30.77,67.43,19.7,27.15,30.39,0.0,34.96,42.86,0.0,77.1,80.0,53.65,0.0,21.31,71.26,0.0,27.76,38.04,38.0,56.43,47.0
84,200035723,CC Ventoux Sud,,,41.0,,,0.0,50.0,58.09,47.47,0.0,12.75,0.0,45.35,54.0,66.16,14.6,0.0,46.32,44.0,0.0,46.42,1.0,100.0,29.47,41.98,0.0,0.0,39.37,39.47,0.0,0.0,44.44,100.0,100.0,100.0,79.79,49.12,56.03,77.24,83.01,61.44,18.42,38.23,24.44,0.0,64.01,100.0,70.5,0.0,51.39,59.16,25.77,1.97,100.0,61.54,66.67,35.98,0.0,44.85,20.67,100.0,42.86,100.0,29.0,51.1,33.46,0.0,10.93,68.97,100.0,17.93,74.13,0.0,56.43,37.81
84,200040442,CA Luberon Monts de Vaucluse,,,40.0,,,0.0,25.0,58.53,58.71,53.33,55.5,55.77,50.0,50.18,55.68,88.88,86.43,53.99,44.86,48.98,36.3,2.2,100.0,37.63,33.36,13.33,67.86,55.17,97.7,56.3,34.97,44.44,93.65,100.0,100.0,6.36,54.56,42.79,40.71,72.55,24.32,18.42,43.71,72.5,0.0,63.95,0.0,14.0,0.0,6.17,38.18,0.0,0.0,100.0,46.15,62.68,28.79,43.71,29.05,0.0,49.33,35.71,1.31,98.02,73.19,65.65,0.0,36.05,60.92,100.0,24.3,38.7,10.0,56.43,49.32
84,200040624,CC Pays d'Apt-Luberon,,,41.0,,,24.54,25.0,51.47,48.6,0.0,35.35,84.62,48.84,49.82,60.35,48.48,52.54,52.76,52.57,75.51,38.78,1.7,100.0,34.75,40.76,33.33,0.0,64.92,53.27,22.22,27.76,44.44,100.0,100.0,100.0,57.91,70.57,49.71,62.82,58.82,18.99,18.42,34.19,0.0,50.0,61.13,100.0,39.3,0.0,20.85,38.28,0.0,0.0,100.0,46.15,59.45,23.86,27.15,32.4,26.67,87.35,35.71,25.8,95.39,45.9,67.6,0.0,7.99,66.67,100.0,8.63,34.57,0.0,56.43,39.03
84,200040681,CC Enclave des Papes - Pays de Grignan,,,47.0,,,41.34,25.0,50.0,45.51,44.0,24.75,99.23,38.37,45.27,66.79,64.13,83.44,46.63,45.14,18.37,50.0,1.4,100.0,31.7,6.72,0.0,92.86,38.44,61.82,29.63,24.16,44.44,70.37,50.0,26.77,63.48,46.68,42.35,56.09,62.75,50.43,18.42,35.38,100.0,100.0,34.68,0.0,41.2,0.0,20.03,35.28,38.42,0.0,36.14,53.85,64.77,29.55,37.09,34.67,0.0,72.75,41.07,29.72,72.65,54.62,71.77,0.0,3.05,71.26,100.0,21.91,35.11,0.0,56.43,45.71
84,248400053,CA Ventoux-Comtat-Venaissin (COVE),,,37.0,,,69.61,0.0,59.8,61.52,52.0,50.0,100.0,48.84,52.36,55.05,88.22,87.54,53.68,44.0,38.78,50.0,1.5,97.37,34.5,25.63,0.0,64.29,37.51,77.43,48.89,56.59,44.44,79.37,100.0,100.0,22.93,48.64,52.06,65.71,69.28,37.06,18.42,40.26,12.78,100.0,70.21,0.0,16.0,0.0,4.55,28.87,11.98,0.0,16.71,46.15,67.81,23.48,36.09,30.52,0.0,79.06,37.5,6.02,75.45,60.95,70.83,0.0,31.21,60.92,100.0,26.43,43.7,14.0,56.43,43.06
84,248400160,CC Aygues-Ouvèze en Provence (CCAOP),,,37.0,,,100.0,50.0,58.33,61.24,99.33,19.05,100.0,55.23,55.09,63.13,83.77,88.53,57.06,31.43,69.39,51.49,1.5,75.44,34.52,21.07,13.33,98.21,24.04,65.05,57.04,53.32,44.44,15.87,100.0,60.35,3.67,31.51,33.82,38.14,78.43,27.85,18.42,54.85,0.0,0.0,76.59,0.0,17.1,0.0,9.25,27.38,100.0,0.0,0.0,46.15,78.63,58.33,48.34,32.53,37.67,55.15,48.21,34.44,21.25,60.71,71.02,0.0,20.53,63.22,100.0,33.33,27.5,64.0,56.43,52.68
84,248400236,CC Pays d'Orange en Provence,,,36.0,,,10.14,25.0,66.18,60.39,100.0,82.35,100.0,43.6,52.55,44.07,83.62,97.63,49.39,51.71,40.82,51.49,1.9,72.81,35.58,47.5,13.33,32.14,53.54,79.13,94.07,68.39,44.44,0.0,0.0,14.25,0.0,44.55,56.03,59.29,75.82,19.8,18.42,42.48,9.44,50.0,62.66,100.0,6.9,0.0,12.27,30.36,100.0,0.0,0.0,46.15,60.02,25.38,38.74,27.44,0.0,37.01,41.07,0.0,100.0,86.67,80.73,31.07,26.66,59.77,100.0,26.69,65.33,38.0,56.43,40.87
84,248400251,CA du Grand Avignon (COGA),,,21.0,,,0.0,0.0,60.66,64.04,100.0,100.0,100.0,36.05,55.45,48.11,94.28,98.71,53.37,66.0,100.0,50.33,2.0,21.45,39.79,44.95,66.67,83.93,45.18,99.78,84.07,100.0,44.44,15.34,0.0,64.03,0.0,50.13,56.62,60.58,79.08,32.02,18.42,43.59,8.61,100.0,62.71,0.0,9.8,0.0,4.29,26.65,0.0,0.0,74.0,46.15,56.41,14.77,35.76,19.01,0.0,63.28,33.93,23.9,100.0,88.38,72.32,7.06,49.38,,0.0,24.3,14.35,64.0,56.43,44.87
84,248400285,CC Territoriale Sud-Luberon,,,38.0,,,100.0,25.0,62.35,62.08,62.67,12.1,100.0,44.77,34.91,69.95,78.7,48.84,55.21,43.43,46.94,31.85,1.6,82.08,35.95,3.9,13.33,0.0,29.85,92.66,31.85,50.37,44.44,93.65,100.0,100.0,50.27,44.48,52.21,77.56,75.82,95.08,18.42,51.77,10.0,0.0,65.65,100.0,41.8,0.0,22.38,21.67,20.66,0.0,100.0,46.15,71.98,55.3,53.64,39.49,0.0,70.73,42.86,36.45,10.54,66.05,70.05,0.0,21.89,63.22,100.0,25.63,52.39,38.0,56.43,55.1
84,248400293,CA des Sorgues du Comtat,,,37.0,,,0.0,25.0,66.18,64.33,100.0,68.95,100.0,58.14,58.36,51.01,87.46,98.04,56.75,34.0,53.06,51.16,1.4,30.49,36.34,26.81,33.33,80.36,48.66,81.54,87.04,66.75,44.44,0.0,0.0,40.55,0.0,44.63,37.79,19.23,79.74,6.08,18.42,47.08,0.0,50.0,45.49,0.0,13.4,0.0,11.93,25.01,43.9,0.0,90.71,46.15,69.14,35.23,43.38,29.18,0.0,53.2,44.64,16.16,72.65,96.19,68.23,0.0,50.81,58.62,0.0,32.54,43.59,68.0,56.43,52.71
84,248400319,CC du Pays des Sorgues et des Monts de Vaucluse,,,33.0,,,100.0,25.0,67.65,62.92,73.33,53.25,100.0,63.37,53.45,58.59,85.91,99.73,53.99,46.29,85.71,45.54,2.1,59.36,41.7,28.31,20.0,100.0,34.73,96.38,60.74,34.48,44.44,19.05,100.0,23.7,0.0,51.78,48.68,52.56,75.82,42.27,18.42,43.27,0.0,0.0,34.53,0.0,11.8,0.0,6.3,38.47,15.64,0.0,38.29,53.85,61.73,46.59,34.77,20.75,32.0,52.72,41.07,64.56,74.79,81.9,64.06,0.0,35.74,59.77,50.0,29.35,40.33,4.0,56.43,52.61
84,248400335,CC Vaison Ventoux,,,37.0,,,0.0,50.0,53.92,44.94,0.0,19.2,0.0,38.37,57.64,64.9,67.75,82.1,49.08,46.0,6.12,49.01,1.6,99.25,34.48,37.21,100.0,0.0,21.95,77.81,28.15,62.49,44.44,82.28,100.0,100.0,50.51,76.23,51.91,61.86,60.78,15.75,18.42,41.74,32.78,0.0,66.38,0.0,44.6,0.0,3.54,37.12,37.53,0.0,0.0,61.54,62.11,35.23,45.03,50.07,16.0,100.0,37.5,22.69,100.0,47.62,71.07,0.0,9.2,66.67,50.0,17.93,32.61,0.0,56.43,41.19
85,200023778,CA du Pays de Saint-Gilles-Croix-de-Vie,,,90.0,,,0.0,75.0,57.35,58.15,0.0,23.4,100.0,76.74,70.36,62.5,78.77,79.02,48.16,38.57,59.18,51.65,1.5,46.49,39.88,54.0,26.67,100.0,32.17,17.45,40.74,62.82,16.24,0.0,100.0,43.23,0.0,37.48,47.06,26.6,41.83,32.77,82.19,50.72,18.89,50.0,52.58,14.04,29.4,0.0,85.48,7.27,100.0,72.62,2.71,46.15,66.29,68.94,51.66,29.32,100.0,31.54,55.36,42.57,83.36,68.71,52.37,100.0,81.52,66.67,100.0,49.0,40.65,0.0,37.86,43.71
85,200070233,CA Terres de Montaigu,,,74.0,,,100.0,75.0,47.55,66.85,100.0,28.7,65.38,73.84,63.45,49.49,77.39,70.22,50.61,38.57,71.43,57.81,1.7,9.34,30.46,45.35,53.33,100.0,26.36,8.24,39.63,63.64,16.24,0.0,50.0,0.0,0.0,18.46,17.21,9.62,85.62,36.25,82.19,69.91,0.0,0.0,69.92,0.0,44.3,0.0,97.75,15.36,100.0,66.09,0.0,46.15,76.35,77.27,71.52,25.44,100.0,40.07,58.93,45.58,94.73,59.81,71.93,100.0,100.0,65.52,0.0,52.19,35.76,100.0,37.86,54.94
85,200071165,CA Les Sables d'Olonne Agglomération,,,86.0,,,100.0,75.0,60.29,52.53,0.0,36.5,100.0,79.65,59.27,46.59,92.93,93.26,57.98,55.71,100.0,17.49,1.9,100.0,47.51,57.96,86.67,100.0,46.11,21.23,58.15,94.43,16.24,0.0,100.0,53.76,0.0,41.84,62.79,55.45,43.14,16.21,82.19,50.37,0.0,100.0,53.92,0.0,13.4,0.0,54.4,19.58,67.71,71.74,0.0,46.15,55.08,67.05,50.99,22.36,100.0,24.62,48.21,70.18,100.0,58.1,75.0,48.31,100.0,,100.0,45.02,26.09,0.0,37.86,49.48
85,200071629,CC Challans-Gois Communauté,,,94.0,,,100.0,50.0,55.88,64.33,92.0,26.65,100.0,63.37,63.82,56.69,76.34,59.87,47.85,40.0,91.84,51.65,1.4,7.67,33.94,27.43,40.0,23.21,30.78,28.51,52.96,60.52,16.24,0.0,50.0,100.0,0.0,34.86,47.94,50.64,64.71,27.97,82.19,51.2,32.5,100.0,24.18,0.0,41.5,0.0,88.29,14.18,100.0,74.94,37.0,53.85,69.52,63.64,55.63,24.77,100.0,25.85,55.36,45.88,90.94,51.52,70.89,100.0,100.0,65.52,100.0,47.68,66.85,0.0,37.86,47.84
85,200071900,CC Vendée Grand Littoral,,,85.0,,,0.0,75.0,52.06,59.55,0.0,17.3,100.0,75.0,67.09,75.88,39.86,48.88,48.16,36.0,53.06,44.44,1.4,29.79,35.3,24.59,13.33,41.07,30.55,15.42,59.63,20.72,16.24,0.0,100.0,100.0,6.14,37.46,52.35,47.12,45.1,28.14,82.19,51.72,0.0,0.0,51.83,0.0,62.2,0.0,97.28,6.42,100.0,66.35,0.0,46.15,72.17,68.18,53.64,27.84,100.0,36.62,55.36,41.47,36.57,40.24,44.27,100.0,84.96,71.26,100.0,38.91,47.5,0.0,37.86,45.29
85,200071918,CC du Pays de Saint-Fulgent - Les Essarts,,,82.0,,,0.0,75.0,45.22,64.89,100.0,32.5,100.0,65.7,55.82,47.22,53.88,44.64,50.92,33.43,38.78,56.11,1.2,13.39,24.23,31.69,6.67,57.14,22.65,1.34,58.89,50.04,16.24,0.0,0.0,0.0,1.63,13.53,9.26,0.0,85.62,19.28,82.19,63.32,0.0,0.0,60.23,0.0,46.5,0.0,97.44,5.64,100.0,52.47,0.0,53.85,79.01,75.76,70.53,24.23,100.0,46.7,60.71,53.82,100.0,58.1,54.17,100.0,100.0,66.67,100.0,53.78,69.24,100.0,37.86,55.32
85,200071934,CC du Pays de Fontenay-Vendée,,,78.0,,,0.0,75.0,38.82,50.0,90.67,55.35,23.85,45.35,46.91,42.17,47.93,47.01,49.69,41.71,46.94,54.95,1.2,7.78,29.33,15.66,0.0,21.43,38.21,15.48,12.22,24.16,16.24,0.0,0.0,100.0,36.13,23.4,49.85,42.95,64.71,53.5,82.19,47.43,98.89,50.0,55.47,19.3,54.9,0.0,99.63,15.48,100.0,41.18,0.0,38.46,65.53,50.38,44.7,34.4,67.67,45.59,51.79,54.22,100.0,53.9,73.75,100.0,41.56,66.67,50.0,32.54,30.65,0.0,37.86,45.52
85,200072882,CC de Vie et Boulogne,,,93.0,,,0.0,75.0,50.59,71.07,100.0,36.25,100.0,72.09,63.09,59.6,67.61,71.25,53.37,27.43,42.86,60.89,1.4,7.79,28.25,53.9,0.0,100.0,21.72,4.9,61.48,43.98,16.24,0.0,0.0,0.0,0.0,18.2,24.85,0.0,83.66,33.35,82.19,68.33,2.5,0.0,63.02,0.0,53.2,0.0,98.65,7.34,100.0,56.59,0.0,46.15,82.43,73.11,64.57,17.94,100.0,48.36,58.93,49.5,54.2,62.24,47.4,100.0,100.0,66.67,100.0,60.96,70.54,100.0,37.86,54.52
85,200073260,CC Sud Vendée Littoral,,,68.0,,,0.0,75.0,48.9,44.66,0.0,29.5,66.15,68.02,54.73,60.23,40.22,19.64,44.17,39.43,30.61,57.92,1.1,23.46,29.18,39.48,0.0,69.64,37.51,7.7,58.89,39.23,16.24,0.0,0.0,100.0,50.02,34.46,44.41,31.09,58.82,32.31,82.19,46.67,61.39,50.0,47.48,0.0,44.6,0.0,99.99,12.54,100.0,46.62,0.0,46.15,67.05,57.58,51.66,36.68,100.0,49.24,53.57,53.51,72.98,54.43,60.0,100.0,88.73,70.11,100.0,25.63,42.83,0.0,37.86,45.74
85,248500191,CC de l'Ile de Noirmoutier,,,92.0,,,100.0,50.0,55.88,31.74,0.0,26.7,100.0,91.86,39.82,78.54,73.08,79.96,47.55,61.14,83.67,51.65,2.1,100.0,40.96,61.0,26.67,100.0,91.87,26.32,23.33,18.1,16.24,0.0,100.0,100.0,0.0,83.78,60.0,64.74,41.18,61.44,82.19,44.4,26.67,0.0,34.1,0.0,11.7,0.0,19.8,45.17,0.0,0.0,100.0,53.85,54.51,55.3,53.64,45.11,100.0,66.99,42.86,30.82,100.0,77.38,12.76,100.0,42.06,74.71,100.0,28.02,30.43,0.0,37.86,44.45
85,248500258,CC Océan Marais de Monts,,,97.0,,,100.0,75.0,57.35,47.47,0.0,25.5,100.0,79.07,70.55,66.67,71.34,79.87,45.09,44.0,48.98,51.65,1.4,37.12,35.46,56.64,20.0,100.0,47.04,27.91,30.37,67.73,16.24,0.0,100.0,100.0,0.0,62.13,63.24,27.56,43.79,30.75,82.19,44.62,0.0,0.0,66.78,12.28,34.9,0.0,81.34,13.86,79.69,92.38,88.43,53.85,64.39,59.85,46.69,27.84,100.0,37.01,51.79,47.39,82.87,67.62,58.33,0.0,74.24,63.22,100.0,42.1,63.37,0.0,37.86,46.39
85,248500340,CC Pays de Chantonnay,,,82.0,,,100.0,50.0,45.59,57.02,100.0,38.1,100.0,61.63,50.55,54.17,39.78,57.28,46.32,32.0,20.41,58.5,0.9,9.57,22.2,29.31,0.0,82.14,36.82,4.74,55.19,33.66,16.24,0.0,100.0,0.0,6.42,15.64,29.41,6.09,77.78,39.66,82.19,58.16,100.0,0.0,68.03,22.81,47.8,0.0,97.34,12.7,100.0,64.0,0.0,46.15,75.59,65.91,64.9,30.66,100.0,77.76,58.93,48.09,72.65,61.9,7.55,100.0,100.0,68.97,100.0,46.61,70.0,84.0,37.86,49.32
85,248500415,CC du Pays de la Châtaigneraie,,,79.0,,,0.0,75.0,36.27,51.97,79.33,36.6,0.0,49.42,45.82,51.64,31.52,30.09,47.85,43.43,14.29,54.95,0.9,16.02,24.82,21.61,0.0,51.79,55.87,0.79,25.56,24.49,16.24,0.0,100.0,0.0,62.3,23.99,18.09,1.92,64.05,30.57,82.19,51.16,100.0,0.0,77.03,0.0,75.6,0.0,96.99,12.73,100.0,70.41,0.0,46.15,73.88,51.52,53.64,33.47,100.0,42.54,57.14,37.25,100.0,63.29,37.14,90.54,75.13,66.67,100.0,24.3,43.7,4.0,37.86,45.06
85,248500464,CC du Pays de Pouzauges,,,78.0,,,100.0,75.0,38.24,55.34,100.0,31.9,0.0,56.4,45.27,45.96,34.53,50.8,50.31,34.86,16.33,56.11,1.1,3.59,24.37,52.47,0.0,96.43,36.59,10.49,54.44,38.9,16.24,0.0,100.0,0.0,57.1,15.59,16.03,0.0,78.43,49.57,82.19,62.95,0.0,0.0,62.42,10.53,63.5,0.0,97.35,9.54,100.0,80.74,0.0,53.85,75.59,67.42,63.25,27.18,100.0,37.46,60.71,43.98,79.08,59.52,4.95,60.73,100.0,70.11,100.0,43.16,60.43,62.0,37.86,43.87
85,248500530,CC du Pays des Achards,,,88.0,,,100.0,75.0,55.51,67.98,90.0,24.95,100.0,68.6,63.64,65.78,56.27,41.03,56.44,29.14,81.63,43.34,1.3,2.75,29.54,31.68,0.0,100.0,24.27,6.55,84.07,21.7,16.24,0.0,100.0,0.0,0.0,23.08,22.79,15.38,81.05,31.44,82.19,58.52,0.0,0.0,78.7,0.0,76.6,0.0,98.12,7.34,100.0,65.56,0.0,61.54,82.81,70.45,65.89,30.39,100.0,30.67,60.71,37.65,53.87,37.05,45.31,100.0,100.0,66.67,100.0,52.99,67.61,100.0,37.86,54.55
85,248500563,"CC Vendée, Sèvre, Autise",,,79.0,,,100.0,75.0,33.33,51.69,68.67,25.35,0.0,50.0,42.18,61.99,26.78,0.0,50.0,33.14,26.53,54.95,1.0,8.58,24.5,6.69,0.0,0.0,52.85,9.56,16.3,17.77,16.24,0.0,50.0,100.0,62.49,19.26,39.26,26.28,68.63,42.62,82.19,56.61,1.11,0.0,58.57,1.75,47.5,0.0,99.44,14.88,100.0,48.5,2.43,46.15,75.4,61.36,58.61,40.03,100.0,45.59,55.36,58.43,30.81,26.05,57.47,0.0,33.54,68.97,100.0,27.22,32.93,10.0,37.86,48.48
85,248500589,CA La Roche-sur-Yon - Agglomération,,,85.0,,,82.27,50.0,54.41,66.85,100.0,87.8,100.0,67.44,66.36,38.26,73.62,87.37,44.17,50.86,93.88,60.89,2.0,78.69,37.86,44.75,53.33,98.21,27.99,16.57,86.67,88.86,16.24,0.0,100.0,0.0,0.0,26.07,53.82,57.37,79.08,78.46,82.19,59.11,20.28,100.0,64.31,0.0,26.4,0.0,91.23,13.49,100.0,59.26,0.0,38.46,57.17,58.33,61.26,25.3,98.0,87.51,51.79,50.9,100.0,46.52,69.56,100.0,100.0,68.97,0.0,49.27,70.76,70.0,37.86,41.97
85,248500621,CC du Pays des Herbiers,,,77.0,,,100.0,75.0,46.32,71.07,100.0,40.7,100.0,77.33,57.09,46.34,60.14,83.3,48.77,34.86,51.02,56.11,1.4,5.42,27.61,52.38,0.0,94.64,34.73,8.19,80.0,60.85,16.24,0.0,50.0,0.0,0.0,26.03,23.53,0.0,84.31,27.33,82.19,67.07,56.94,100.0,46.98,10.53,46.4,0.0,97.9,14.88,100.0,75.94,0.0,46.15,71.42,71.59,62.25,31.59,99.33,52.78,58.93,41.97,100.0,60.71,20.23,100.0,100.0,68.97,100.0,50.6,63.48,96.0,37.86,45.52
85,248500662,CC du Pays de Mortagne,,,58.0,,,100.0,75.0,43.14,66.57,100.0,43.05,100.0,71.51,57.82,40.78,62.68,63.84,51.84,34.86,42.86,54.62,1.2,5.9,26.49,25.77,0.0,100.0,40.77,0.0,80.74,32.68,16.24,0.0,50.0,0.0,0.0,14.39,12.79,0.0,79.74,34.11,82.19,64.26,0.0,0.0,62.61,0.0,58.2,0.0,95.02,8.54,100.0,78.29,0.29,53.85,78.63,78.03,68.21,21.15,100.0,56.16,60.71,49.3,75.62,54.1,55.26,100.0,100.0,70.11,100.0,51.93,44.89,74.0,37.86,53.84
86,200043628,CC des Vallées du Clain,,,58.0,,,0.0,75.0,52.94,69.66,100.0,31.95,77.69,69.77,57.09,55.18,45.83,33.93,61.04,24.57,10.2,54.79,1.5,92.05,31.16,13.4,86.67,98.21,35.19,15.31,40.0,11.22,52.56,27.78,50.0,0.0,27.73,18.69,55.29,58.65,83.01,100.0,35.25,57.42,17.78,0.0,66.82,1.75,47.0,0.0,98.13,8.69,100.0,45.32,0.0,53.85,80.15,75.0,51.66,28.11,82.33,37.69,57.14,100.0,12.03,12.81,50.68,0.0,19.21,65.52,100.0,46.88,22.07,68.0,30.71,62.32
86,200069763,CC du Haut Poitou,,,75.0,,,0.0,75.0,48.16,60.96,100.0,27.35,100.0,58.72,55.45,55.05,51.01,15.71,55.52,25.14,30.61,54.79,1.3,41.73,27.41,8.71,93.33,0.0,16.61,17.06,27.04,20.72,52.56,0.0,100.0,100.0,50.14,22.6,44.56,32.05,80.39,39.61,35.25,63.01,72.78,50.0,64.3,0.0,61.2,0.0,100.0,5.65,100.0,17.94,0.0,53.85,78.25,65.53,57.95,26.1,61.33,36.07,55.36,60.24,14.0,1.24,27.19,0.0,28.12,65.52,0.0,33.86,41.52,82.0,30.71,59.13
86,200069854,CU du Grand Poitiers,,,63.0,,,69.48,25.0,47.94,60.39,100.0,89.25,100.0,55.81,54.73,40.53,79.75,85.94,43.25,71.43,100.0,57.26,2.8,100.0,39.81,30.23,100.0,82.14,36.35,25.45,51.11,38.57,52.56,16.93,0.0,17.84,17.11,23.61,61.62,75.0,86.27,35.15,35.25,56.89,23.06,100.0,66.2,0.0,22.6,0.0,56.43,7.12,100.0,37.44,0.0,38.46,43.49,39.39,59.27,21.42,42.33,72.13,41.07,65.46,100.0,43.33,54.37,14.41,46.02,,50.0,35.19,31.74,80.0,30.71,38.1
86,200070035,CC du Civraisien en Poitou,,,54.0,,,0.0,75.0,40.59,37.36,56.67,22.4,41.92,25.0,37.09,56.82,0.0,0.0,46.01,43.14,44.9,56.11,0.8,32.21,20.72,1.34,40.0,0.0,53.54,11.7,25.19,44.96,52.56,0.0,50.0,0.0,70.94,32.29,46.47,41.03,58.17,82.34,35.25,37.65,100.0,0.0,55.81,21.05,65.7,0.0,98.38,9.48,100.0,52.53,0.0,61.54,64.77,38.26,45.03,35.61,34.33,65.92,50.0,72.79,60.96,25.05,31.33,0.0,7.27,67.82,50.0,20.85,38.26,0.0,30.71,47.55
86,200070043,CC Vienne et Gartempe,,,50.0,,,0.0,50.0,42.81,34.83,36.0,26.75,95.38,16.86,34.73,54.8,0.0,0.0,40.8,53.14,91.84,56.38,1.3,21.54,24.19,5.56,33.33,0.0,56.79,10.44,23.7,40.21,52.56,1.32,0.0,5.82,79.15,38.9,39.12,50.0,56.86,72.15,35.25,38.58,100.0,100.0,51.81,0.0,65.0,0.0,99.1,11.34,100.0,66.32,12.0,38.46,60.4,38.64,51.32,44.18,16.0,73.82,50.0,68.47,83.2,16.0,49.01,36.44,10.52,70.11,50.0,21.12,61.09,0.0,30.71,46.1
86,248600413,CA Grand Châtellerault,,,58.0,,,0.0,50.0,47.24,46.91,94.67,60.65,0.0,39.53,50.36,34.97,52.57,42.54,47.24,42.86,69.39,59.74,1.1,100.0,28.94,23.31,53.33,23.21,44.95,8.9,4.81,26.62,52.56,32.28,0.0,0.0,42.95,22.4,33.82,33.97,68.63,32.37,35.25,39.54,70.56,50.0,64.99,0.0,43.4,0.0,96.93,8.52,100.0,48.06,0.0,46.15,61.16,40.15,33.44,24.36,15.67,72.2,48.21,71.29,94.89,27.48,58.28,17.09,32.62,65.52,100.0,21.65,40.76,0.0,30.71,46.19
86,248600447,CC du Pays Loudunais,,,75.0,,,0.0,75.0,44.67,39.04,44.0,53.9,100.0,27.33,46.73,55.68,0.0,0.0,40.49,43.71,51.02,54.13,0.8,22.81,19.71,11.4,0.0,0.0,33.33,16.74,22.59,7.13,52.56,12.7,50.0,73.81,74.73,26.82,43.38,58.33,67.32,73.77,35.25,37.22,80.83,0.0,48.5,66.67,62.5,0.0,100.0,3.61,100.0,24.74,0.0,53.85,64.01,40.53,48.34,43.51,16.0,90.99,53.57,50.4,64.42,32.9,14.01,0.0,10.19,71.26,50.0,7.84,55.33,0.0,30.71,39.26
87,200040814,CC Briance Sud Haute Vienne,,,52.0,,,59.78,75.0,64.71,47.19,34.0,14.45,100.0,51.74,43.64,57.58,0.0,0.0,49.39,37.71,97.96,55.78,0.9,36.4,24.04,0.98,6.67,0.0,42.86,42.1,2.22,12.2,66.03,35.98,100.0,100.0,67.74,35.33,39.85,44.55,75.82,31.21,31.07,53.77,100.0,0.0,66.31,0.0,87.4,0.0,91.89,7.68,100.0,91.35,91.0,84.62,70.47,50.76,59.93,43.64,43.67,100.0,50.0,57.73,18.45,0.0,24.48,100.0,22.34,66.67,100.0,45.29,83.15,8.0,36.43,64.84
87,200059400,CC Porte Océane du Limousin,,,52.0,,,100.0,75.0,50.0,42.42,85.33,59.1,100.0,41.86,51.09,37.88,45.54,48.39,43.87,36.29,36.73,54.62,1.0,28.12,30.06,4.17,100.0,0.0,47.97,53.0,14.07,32.19,66.03,24.6,0.0,100.0,26.25,36.6,41.62,67.31,68.63,18.41,31.07,36.79,53.06,100.0,54.82,0.0,48.8,0.0,92.55,6.06,100.0,82.12,65.71,61.54,58.69,48.86,43.71,33.33,45.67,46.67,51.79,77.61,98.85,39.57,66.95,100.0,22.85,72.41,0.0,31.47,77.83,0.0,36.43,52.23
87,200066512,CC Élan Limousin Avenir Nature,,,52.0,,,0.0,75.0,47.79,46.63,61.33,33.7,0.0,42.44,41.45,52.4,22.86,0.0,51.23,28.0,42.86,52.64,1.0,67.78,25.87,4.27,53.33,0.0,51.22,51.47,12.59,6.96,66.03,96.83,100.0,0.0,61.22,27.75,51.76,32.05,74.51,31.5,31.07,51.71,37.5,50.0,63.7,0.0,64.8,0.0,89.29,12.83,30.07,78.03,100.0,69.23,70.09,59.47,56.29,34.67,35.33,80.94,55.36,70.98,15.82,6.95,19.92,100.0,9.35,67.82,0.0,42.1,81.96,10.0,36.43,60.65
87,200066520,CC Ouest Limousin,,,52.0,,,63.78,75.0,46.69,37.36,0.0,15.6,100.0,20.93,38.18,64.39,6.92,0.0,43.25,48.29,100.0,55.2,1.0,63.52,24.9,30.59,46.67,0.0,68.87,48.07,16.3,4.5,66.03,68.78,100.0,100.0,74.13,36.67,37.21,34.29,58.82,14.24,31.07,35.97,100.0,0.0,47.8,24.56,92.2,6.13,93.47,10.13,82.69,87.94,100.0,76.92,65.72,31.82,43.05,49.0,0.0,74.21,48.21,45.18,40.86,3.57,34.56,100.0,1.37,71.26,100.0,21.12,83.26,0.0,36.43,48.94
87,200070506,CC Pays de Nexon Monts de Chalus,,,52.0,,,97.25,75.0,50.74,39.61,54.67,10.85,100.0,34.88,36.0,52.9,19.49,0.0,47.85,36.86,44.9,55.2,0.9,46.53,26.0,10.57,26.67,37.5,55.17,57.22,17.04,20.88,66.03,32.8,100.0,100.0,51.56,35.06,45.74,35.26,67.32,41.29,31.07,43.06,72.5,0.0,54.72,0.0,71.2,0.0,98.6,8.5,100.0,66.21,77.29,76.92,68.0,48.86,53.64,42.57,32.67,88.0,51.79,69.28,34.1,12.05,39.24,100.0,4.23,66.67,100.0,29.61,80.33,0.0,36.43,57.87
87,200071942,CC Haut Limousin en Marche,,,52.0,,,4.13,75.0,44.12,23.88,7.33,38.6,0.0,8.72,28.0,53.03,0.0,0.0,36.81,62.0,28.57,52.06,0.7,22.33,20.67,11.01,0.0,0.0,100.0,20.68,9.26,7.29,66.03,0.0,100.0,0.0,83.72,46.62,51.76,56.73,47.71,18.18,31.07,29.05,100.0,100.0,57.11,0.0,62.6,0.0,97.91,10.83,100.0,91.21,46.71,69.23,54.89,20.45,38.08,51.54,0.0,74.41,46.43,53.31,88.3,23.81,9.56,100.0,4.36,72.41,100.0,19.52,81.74,0.0,36.43,48.77
87,248700189,CC du Pays de Saint Yrieix,,,50.0,,,100.0,75.0,47.06,31.18,67.33,26.7,100.0,27.91,42.73,45.58,29.28,50.85,43.25,56.0,100.0,53.14,1.0,31.98,28.53,2.49,73.33,100.0,81.18,54.97,37.78,97.22,66.03,34.13,0.0,100.0,56.06,43.8,51.47,62.5,57.52,16.39,31.07,36.76,100.0,50.0,38.94,43.86,53.6,0.0,94.03,11.82,100.0,51.59,73.71,76.92,59.07,39.39,53.97,27.84,34.33,93.43,48.21,67.67,100.0,53.43,74.53,0.0,7.94,73.56,100.0,32.27,83.26,0.0,36.43,45.9
87,248719262,CC Gartempe - Saint Pardoux,,,52.0,,,100.0,100.0,41.18,28.09,0.0,19.4,0.0,24.42,43.27,60.35,0.0,0.0,45.09,41.43,0.0,53.3,0.7,48.88,19.05,27.93,0.0,39.29,57.49,47.69,0.0,11.38,66.03,36.77,100.0,0.0,77.78,39.54,49.26,62.18,60.78,1.97,31.07,38.01,100.0,0.0,63.55,0.0,69.5,0.0,93.21,11.94,100.0,89.59,57.43,84.62,60.4,32.58,57.28,40.56,10.0,59.48,50.0,90.36,21.25,21.43,0.0,100.0,2.71,68.97,100.0,17.93,86.52,0.0,36.43,53.1
87,248719288,CC du Val de Vienne,,,52.0,,,100.0,75.0,55.15,58.99,100.0,32.75,100.0,51.16,55.09,41.04,43.51,69.69,59.82,26.0,73.47,55.78,1.2,95.4,33.69,3.15,26.67,100.0,23.58,68.94,25.93,7.62,66.03,12.17,100.0,0.0,0.0,16.5,54.41,68.27,77.12,83.38,31.07,55.25,0.83,0.0,48.47,1.75,55.4,0.0,89.78,2.09,100.0,79.44,53.86,69.23,79.77,69.32,52.65,36.68,65.67,58.6,55.36,70.58,5.6,64.57,56.59,86.58,9.79,64.37,100.0,45.29,59.46,44.0,36.43,66.26
87,248719312,CU Limoges Métropole,,,52.0,,,89.53,25.0,64.71,57.58,100.0,100.0,100.0,55.23,59.64,25.25,90.29,94.96,46.32,60.86,93.88,55.78,1.6,75.63,42.24,14.85,100.0,98.21,50.75,73.65,47.78,59.38,66.03,24.07,0.0,0.0,0.0,24.9,59.85,72.44,79.74,11.41,31.07,49.57,12.22,100.0,64.91,0.0,13.4,0.0,25.42,11.48,42.62,85.24,74.86,46.15,41.03,33.33,53.31,20.62,15.67,100.0,39.29,58.53,100.0,58.33,70.7,68.22,20.77,,50.0,34.4,68.04,28.0,36.43,42.06
87,248719338,CC Briance-Combade,,,52.0,,,0.0,75.0,42.65,29.49,31.33,19.5,100.0,11.05,26.0,59.22,0.0,0.0,42.33,47.43,100.0,53.14,0.7,41.31,23.58,0.0,0.0,0.0,96.28,31.42,10.74,29.89,66.03,53.7,100.0,100.0,74.96,29.74,47.65,82.05,60.78,0.0,31.07,28.73,70.0,0.0,37.87,0.0,59.1,0.0,95.26,8.52,100.0,95.06,89.14,84.62,56.6,34.85,59.6,48.73,37.0,93.01,50.0,39.96,37.23,0.0,0.0,0.0,1.65,70.11,100.0,28.55,79.35,0.0,36.43,55.16
87,248719353,CC des Portes de Vassivière,,,52.0,,,0.0,25.0,44.61,25.0,0.0,22.75,60.38,36.63,37.09,56.44,0.0,0.0,36.2,87.71,100.0,51.93,0.8,29.25,23.46,0.11,0.0,0.0,89.08,50.92,31.11,21.38,66.03,100.0,100.0,100.0,86.19,65.16,50.15,63.46,50.33,69.83,31.07,29.91,100.0,0.0,57.59,0.0,56.5,0.0,88.96,8.05,35.96,93.91,100.0,76.92,53.75,18.18,29.14,49.67,0.0,100.0,42.86,64.26,90.44,0.0,0.0,0.0,6.14,71.26,100.0,7.84,85.43,0.0,36.43,49.52
87,248719361,CC de Noblat,,,52.0,,,0.0,75.0,50.74,35.11,76.0,29.75,0.0,34.88,46.18,47.85,4.57,0.0,49.69,24.57,0.0,55.78,0.9,56.76,27.89,0.0,66.67,100.0,45.88,26.27,8.89,23.67,66.03,40.74,100.0,0.0,62.78,32.35,48.68,53.85,69.28,15.92,31.07,46.33,100.0,0.0,59.34,0.0,67.9,39.73,91.15,7.88,100.0,88.26,80.0,61.54,64.39,53.79,54.3,42.7,0.0,92.36,51.79,71.69,26.19,52.76,39.01,100.0,1.62,67.82,100.0,39.97,80.43,0.0,36.43,59.26
88,200005957,CC de la Région de Rambervillers,,,55.0,,,0.0,50.0,36.03,29.21,100.0,33.85,0.0,24.42,49.45,41.92,34.35,21.25,43.25,40.86,53.06,56.77,0.9,15.15,27.07,0.7,13.33,100.0,2.9,24.79,46.3,7.45,37.39,96.83,0.0,5.12,72.9,30.79,35.15,35.26,71.9,54.31,30.7,28.58,53.33,0.0,53.05,31.58,59.8,0.0,96.12,9.44,64.43,78.06,13.57,76.92,67.43,28.41,35.76,44.18,25.0,36.62,46.43,6.53,61.45,63.48,25.86,0.0,6.39,66.67,100.0,16.07,27.5,50.0,29.29,40.13
88,200033868,CC des Ballons des Hautes-Vosges,,,55.0,,,0.0,50.0,42.65,33.15,18.67,53.2,0.0,48.26,54.36,39.14,73.59,49.91,39.57,44.86,97.96,56.11,0.7,36.39,25.55,54.38,0.0,35.71,78.86,1.78,0.0,22.85,37.39,100.0,100.0,100.0,41.09,43.14,46.18,30.13,65.36,9.09,30.7,27.6,5.0,50.0,32.83,100.0,28.7,0.0,62.64,17.06,0.0,98.26,95.86,69.23,59.07,42.05,42.38,19.41,80.67,66.89,53.57,32.53,63.59,0.0,31.95,0.0,1.71,63.22,100.0,9.43,70.11,0.0,29.29,49.23
88,200042000,CC Bruyères-Vallons des Vosges,,,55.0,,,0.0,75.0,42.65,33.99,89.33,36.1,48.46,38.37,52.0,44.07,47.79,33.71,40.18,35.43,69.39,56.44,1.0,24.39,28.81,1.82,0.0,87.5,29.38,8.57,66.67,16.3,37.39,100.0,100.0,0.0,70.74,31.57,47.06,81.73,73.86,16.44,30.7,36.57,23.06,50.0,63.44,0.0,72.2,0.0,85.38,4.8,39.72,88.97,27.0,76.92,65.91,48.48,41.72,42.7,46.33,52.33,51.79,14.56,34.27,62.76,44.92,95.34,9.42,66.67,100.0,17.93,11.96,20.0,29.29,50.1
88,200068369,CC de Mirecourt Dompaire,,,56.0,,,39.36,75.0,43.38,35.67,100.0,63.45,0.0,17.44,52.73,41.79,28.04,20.76,42.02,39.71,16.33,56.77,1.0,43.68,27.07,2.3,26.67,12.5,29.62,18.43,25.19,46.44,37.39,26.46,100.0,0.0,76.45,29.16,50.59,61.22,73.2,24.55,30.7,40.66,26.94,0.0,25.96,0.0,67.8,4.27,99.14,9.84,100.0,77.94,5.29,61.54,62.87,50.76,52.65,47.93,62.0,61.2,51.79,57.43,61.45,48.95,33.7,100.0,13.94,64.37,50.0,21.38,0.0,38.0,29.29,46.42
88,200068377,CC de la Porte des Vosges Méridionales,,,55.0,,,7.69,75.0,41.67,32.87,90.0,77.05,0.0,38.95,58.73,26.64,70.69,68.48,37.12,50.29,30.61,56.11,1.2,32.55,32.93,19.93,66.67,92.86,62.83,26.16,68.52,73.46,37.39,100.0,50.0,100.0,43.97,44.93,52.06,31.73,71.24,22.64,30.7,41.29,33.61,50.0,38.98,0.0,25.5,0.0,65.81,17.46,0.0,96.32,57.14,76.92,54.89,43.94,48.68,22.09,100.0,61.27,48.21,61.55,100.0,61.43,78.91,97.32,16.52,65.52,100.0,29.35,64.35,0.0,29.29,49.81
88,200068559,CC de l'Ouest Vosgien,,,54.0,,,0.0,75.0,41.18,32.3,100.0,70.9,0.0,24.42,47.82,42.68,18.41,0.0,39.57,46.0,51.02,56.22,1.0,54.38,26.5,5.22,26.67,0.0,37.51,14.05,20.37,57.25,37.39,80.95,0.0,0.0,79.08,38.37,48.09,40.06,69.93,19.8,30.7,38.76,39.17,0.0,50.93,0.0,45.1,0.0,96.19,6.75,97.52,71.09,0.0,69.23,60.02,39.77,49.34,42.3,80.33,65.69,50.0,18.78,93.25,30.71,61.59,0.0,4.36,71.26,50.0,12.88,45.76,0.0,29.29,44.9
88,200068682,CC Terre d'Eau,,,56.0,,,0.0,75.0,40.07,29.21,80.67,61.2,0.0,28.49,53.27,39.65,33.01,45.49,36.2,44.29,20.41,56.77,1.1,30.97,30.52,3.6,53.33,100.0,34.73,27.91,18.52,39.23,37.39,51.06,100.0,30.72,58.63,38.83,41.18,36.54,71.24,54.37,30.7,35.95,64.44,50.0,50.49,0.0,66.0,56.72,96.02,16.63,100.0,86.41,15.14,69.23,58.31,54.55,47.02,42.97,100.0,67.41,50.0,28.11,100.0,42.67,67.47,82.91,8.21,72.41,100.0,22.97,48.26,0.0,29.29,44.55
88,200068757,CA d'Epinal,,,55.0,,,0.0,50.0,43.14,42.98,100.0,94.65,0.0,40.12,59.09,26.01,70.83,69.46,45.71,50.29,57.14,56.44,1.6,63.07,36.77,8.0,80.0,87.5,48.9,32.24,95.56,82.15,37.39,88.62,0.0,0.0,54.73,32.72,52.94,59.62,78.43,51.01,30.7,41.58,42.22,100.0,51.2,26.32,37.0,0.0,88.39,7.22,53.83,82.62,21.14,61.54,56.98,40.15,42.38,27.71,77.33,52.78,46.43,57.33,100.0,52.38,51.69,64.12,30.2,63.22,0.0,24.83,43.7,36.0,29.29,44.68
88,200068773,CC des Vosges côté Sud Ouest,,,55.0,,,0.0,75.0,42.28,28.37,38.0,31.65,0.0,18.6,36.91,60.1,0.0,0.0,38.04,52.57,2.04,54.37,0.5,64.86,22.34,2.13,0.0,0.0,47.04,6.16,0.0,1.88,37.39,77.78,100.0,82.25,87.84,38.66,49.41,80.77,62.09,40.59,30.7,37.79,38.61,50.0,40.06,5.26,81.3,0.0,98.48,12.43,100.0,82.35,25.14,76.92,60.4,34.85,33.77,54.08,0.0,81.69,48.21,36.14,50.41,0.0,32.76,0.0,1.04,71.26,100.0,5.44,58.7,0.0,29.29,42.58
88,200071066,CA de Saint-Dié-des-Vosges,,,55.0,,,0.0,75.0,41.91,31.46,66.0,70.55,0.0,34.88,50.55,34.97,63.08,49.55,39.26,45.14,79.59,51.16,1.2,100.0,32.27,16.42,53.33,0.0,49.36,47.19,40.0,57.58,37.39,100.0,50.0,100.0,71.91,36.11,47.35,43.59,71.9,18.3,30.7,32.24,12.22,100.0,51.06,0.0,39.4,0.0,58.4,28.99,0.0,94.68,66.57,61.54,57.17,34.47,30.46,25.7,42.33,62.89,48.21,42.47,80.56,51.76,54.11,100.0,18.85,64.37,100.0,19.79,53.48,0.0,29.29,46.16
88,200096634,CC des Hautes Vosges,,,55.0,,,0.0,75.0,39.22,37.64,0.0,36.8,0.0,63.95,60.55,51.14,49.38,55.98,45.71,34.0,24.49,56.11,0.8,35.96,30.55,27.74,13.33,78.57,33.57,2.77,36.67,28.91,37.39,100.0,100.0,100.0,60.44,40.83,38.24,22.76,65.36,12.8,30.7,,20.0,100.0,,54.39,31.0,0.0,62.92,22.41,0.0,99.68,98.29,69.23,64.39,57.2,55.3,23.43,80.0,76.75,53.57,61.35,75.45,26.52,53.49,67.8,17.81,,100.0,22.44,69.35,0.0,29.29,48.42
88,200096642,CC Gérardmer Hautes Vosges,,,55.0,,,0.0,50.0,38.97,37.64,0.0,64.85,0.0,65.7,52.55,40.03,61.27,57.63,45.71,61.71,100.0,56.11,1.3,59.57,36.85,25.53,66.67,0.0,82.81,26.54,62.96,56.27,37.39,100.0,100.0,100.0,55.89,67.9,47.79,51.92,61.44,16.85,30.7,,6.39,100.0,,0.0,17.2,37.52,44.43,34.86,0.0,95.71,100.0,76.92,56.41,51.52,51.32,32.53,77.67,83.35,48.21,86.55,100.0,55.33,32.94,0.0,21.36,,100.0,36.52,75.0,0.0,29.29,49.77
89,200039642,CC Le Tonnerrois en Bourgogne,,,63.0,,,0.0,50.0,46.81,19.1,34.67,68.0,0.0,0.0,34.0,32.95,16.12,0.0,33.44,76.0,100.0,47.36,0.8,3.67,23.97,70.09,6.67,0.0,73.98,12.24,0.0,15.81,45.09,69.31,50.0,0.0,93.69,37.12,56.62,65.38,60.13,23.57,37.21,24.81,100.0,50.0,40.49,0.0,53.8,0.0,97.48,18.55,100.0,30.44,0.0,76.92,53.94,34.09,31.13,46.85,70.33,100.0,48.21,56.02,91.93,31.24,58.72,0.0,2.04,70.11,100.0,12.62,66.09,0.0,40.71,46.35
89,200039709,CC du Serein,,,68.0,,,20.7,75.0,48.53,27.81,0.0,19.05,0.0,25.0,23.27,55.05,0.0,0.0,39.57,46.57,36.73,47.36,0.7,7.89,21.63,0.51,0.0,0.0,32.64,3.42,0.0,0.0,45.09,41.8,50.0,0.0,58.9,35.84,57.79,67.95,73.86,45.51,37.21,36.58,100.0,0.0,16.26,0.0,81.8,0.0,97.46,18.42,100.0,51.12,0.0,76.92,58.69,50.76,27.15,53.28,0.0,100.0,48.21,100.0,53.05,13.76,51.41,0.0,1.34,70.11,100.0,0.93,69.89,0.0,40.71,50.84
89,200039758,"CC Avallon, Vézelay, Morvan",,,58.0,,,0.0,75.0,47.06,28.37,6.67,75.85,100.0,22.67,37.09,48.36,2.93,0.0,38.04,58.86,34.69,46.7,0.7,16.53,25.33,23.51,13.33,0.0,67.25,7.04,0.0,23.01,45.09,84.39,100.0,100.0,83.4,50.87,43.09,20.19,64.71,10.77,37.21,30.13,100.0,100.0,41.94,8.77,54.7,0.0,97.51,14.99,70.8,76.68,62.86,69.23,51.66,43.18,33.77,44.98,47.67,100.0,48.21,63.15,100.0,38.81,66.54,76.41,3.1,72.41,100.0,9.16,70.22,0.0,40.71,49.58
89,200067080,CC Chablis Villages et Terroirs,,,62.0,,,0.0,50.0,50.49,31.74,33.33,23.1,0.0,15.12,32.18,45.45,23.66,0.0,38.96,50.57,20.41,47.36,1.1,9.49,24.47,22.81,0.0,23.21,14.29,6.33,0.0,0.0,45.09,55.29,100.0,0.0,85.63,37.32,19.12,77.24,76.47,46.27,37.21,41.09,80.56,100.0,32.03,0.0,69.7,0.0,97.63,19.66,100.0,0.0,0.0,53.85,63.44,58.33,49.34,34.4,43.0,100.0,48.21,54.52,66.06,11.52,49.66,0.0,16.94,67.82,100.0,19.52,68.15,16.0,40.71,58.29
89,200067114,CA de l'Auxerrois,,,42.0,,,0.0,50.0,58.82,47.75,100.0,100.0,100.0,36.63,53.45,29.04,82.03,84.96,45.71,61.14,83.67,48.02,1.6,94.35,36.55,30.12,13.33,98.21,28.22,29.61,32.59,79.2,45.09,29.37,0.0,0.0,52.38,35.17,54.56,61.86,71.9,31.85,37.21,47.16,68.89,100.0,66.87,12.28,32.6,18.27,44.31,18.96,100.0,11.12,0.0,53.85,49.19,44.7,44.37,26.1,53.33,100.0,44.64,78.92,100.0,53.05,74.04,0.0,23.82,65.52,50.0,26.96,46.85,4.0,40.71,48.19
89,200067130,CC de Puisaye-Forterre,,,55.0,,,0.0,75.0,51.47,22.47,0.0,28.1,0.0,23.26,35.64,60.98,0.0,0.0,33.44,52.57,26.53,46.12,0.9,0.0,24.56,5.5,0.0,0.0,42.86,10.27,8.52,0.0,45.09,39.42,100.0,0.0,88.41,40.54,49.12,31.41,56.86,38.74,37.21,31.83,90.83,100.0,43.5,0.0,85.4,0.0,98.11,11.41,100.0,49.24,0.0,69.23,56.41,40.53,40.07,42.03,46.33,100.0,48.21,60.74,51.07,0.0,32.11,84.18,6.09,,100.0,9.69,78.26,0.0,40.71,49.32
89,200067304,CC Serein et Armance,,,60.0,,,0.0,50.0,55.88,37.64,80.0,41.2,0.0,34.88,36.18,43.56,59.89,9.87,40.49,42.29,75.51,48.02,0.8,7.12,25.47,24.74,0.0,100.0,26.13,22.05,18.52,12.37,45.09,43.12,100.0,0.0,79.92,24.35,18.68,0.0,73.2,22.81,37.21,34.68,37.78,0.0,56.62,0.0,52.9,17.48,74.02,2.78,100.0,37.71,0.0,53.85,65.53,48.11,34.77,25.3,28.33,81.63,53.57,31.33,58.15,61.24,42.16,0.0,13.12,70.11,50.0,12.35,62.17,22.0,40.71,46.84
89,248900334,CA du Grand Sénonais,,,51.0,,,0.0,0.0,58.09,44.94,100.0,100.0,55.38,43.6,52.91,32.07,78.88,87.23,48.47,73.14,85.71,45.54,1.4,100.0,30.24,29.25,13.33,0.0,44.25,45.22,26.67,38.74,45.09,40.74,100.0,0.0,39.24,34.12,46.03,48.4,71.9,21.08,37.21,31.77,54.72,100.0,64.48,54.39,28.1,37.08,34.22,18.68,100.0,30.12,0.0,53.85,58.88,30.3,29.14,23.43,28.67,68.88,42.86,51.91,100.0,70.38,77.63,0.0,17.55,64.37,0.0,10.76,57.5,46.0,40.71,43.1
89,248900383,CC de l'Agglomération Migennoise,,,66.0,,,63.87,0.0,60.29,36.24,100.0,90.85,0.0,28.49,48.18,21.59,94.82,73.48,39.88,50.29,100.0,48.02,0.7,3.87,26.49,28.09,0.0,100.0,15.21,24.46,41.48,23.01,45.09,0.0,100.0,0.0,72.51,17.25,38.09,0.0,71.24,28.03,37.21,29.3,63.33,50.0,54.9,0.0,32.6,0.0,31.81,11.66,100.0,30.21,0.0,53.85,61.54,25.76,23.18,31.86,42.0,68.16,50.0,29.72,79.08,79.76,72.01,0.0,29.01,64.37,100.0,15.27,9.67,52.0,40.71,48.16
89,248900524,CC de l'Aillantais en Bourgogne,,,63.0,,,51.48,75.0,49.51,41.57,49.33,14.5,0.0,41.28,42.91,48.86,23.01,0.0,46.93,40.29,91.84,48.02,1.0,0.0,28.54,0.0,0.0,0.0,12.66,12.52,32.22,0.0,45.09,38.89,100.0,0.0,75.61,28.95,46.18,47.12,72.55,63.98,37.21,46.79,0.0,0.0,57.21,56.14,82.0,27.15,64.63,13.98,100.0,36.88,0.0,76.92,69.33,63.26,59.27,34.81,3.67,100.0,53.57,85.14,0.49,13.19,53.12,0.0,12.78,66.67,100.0,23.51,68.7,18.0,40.71,56.48
89,248900664,CC de la Vanne et du Pays d'Othe,,,52.0,,,0.0,75.0,50.0,38.76,31.33,10.15,0.0,26.16,31.27,59.85,0.0,0.0,44.17,38.86,12.24,46.78,1.1,0.0,23.61,0.27,0.0,0.0,20.56,1.12,0.0,2.05,45.09,39.42,50.0,0.0,80.45,27.41,40.74,67.63,70.59,89.11,37.21,39.43,95.83,0.0,35.08,0.0,75.6,0.0,94.6,22.93,100.0,33.0,0.0,76.92,69.33,51.89,37.75,36.01,0.0,83.77,51.79,35.34,9.39,0.0,33.72,0.0,8.11,67.82,50.0,14.48,79.46,0.0,40.71,59.35
89,248900748,CC du Gâtinais en Bourgogne,,,36.0,,,0.0,50.0,56.47,50.28,27.33,17.6,0.0,54.07,48.36,59.97,23.3,0.0,52.45,40.29,0.0,45.54,1.1,0.0,25.62,1.24,0.0,69.64,6.16,22.71,7.04,0.0,45.09,13.76,50.0,0.0,60.01,18.33,27.94,0.0,73.86,31.79,37.21,47.5,0.0,0.0,44.24,38.6,87.4,0.0,44.82,2.03,100.0,17.65,0.0,76.92,76.16,64.39,42.38,31.19,0.0,65.04,53.57,47.59,33.28,26.57,54.43,100.0,9.24,64.37,50.0,11.29,65.87,64.0,40.71,61.19
89,248900896,CC Yonne Nord,,,37.0,,,0.0,50.0,58.82,46.91,76.0,26.05,100.0,45.35,47.09,44.7,70.22,40.04,47.85,52.57,12.24,45.54,1.0,4.55,26.71,2.92,0.0,98.21,23.81,24.02,8.52,0.0,45.09,8.2,100.0,0.0,69.2,22.77,57.94,62.82,77.78,22.81,37.21,42.38,12.22,100.0,57.6,0.0,72.4,0.0,41.47,8.8,100.0,18.74,0.0,76.92,71.23,60.98,42.05,30.92,46.67,61.95,53.57,36.35,0.0,28.76,61.04,0.0,10.5,63.22,50.0,4.65,72.72,58.0,40.71,62.16
89,248900938,CC du Jovinien,,,63.0,,,0.0,25.0,57.35,35.11,74.0,70.55,26.15,23.84,45.27,26.77,51.67,57.95,42.64,62.0,75.51,46.78,1.0,2.71,31.15,6.99,0.0,0.0,23.34,24.35,14.07,0.0,45.09,71.69,0.0,0.0,71.75,30.99,41.47,52.56,69.93,2.9,37.21,29.81,61.39,50.0,46.33,0.0,45.9,0.0,40.04,2.89,83.92,20.62,0.0,69.23,57.36,29.17,33.77,35.21,0.0,84.07,42.86,45.68,100.0,62.67,74.92,68.93,17.36,70.11,0.0,16.33,67.61,30.0,40.71,43.39
90,200069052,CA Grand Belfort,,,32.0,,,69.92,50.0,49.12,57.87,100.0,100.0,0.0,38.95,62.0,12.88,93.33,95.18,51.23,66.86,40.82,63.37,1.5,98.3,38.44,42.77,46.67,100.0,51.45,49.11,69.63,67.08,87.39,54.76,0.0,14.98,0.0,29.05,53.53,62.5,82.35,34.97,36.16,46.94,35.0,100.0,70.62,0.0,16.9,0.0,21.7,2.22,35.83,78.82,19.14,53.85,53.18,31.44,48.34,20.75,0.0,42.37,37.5,45.48,100.0,63.38,65.94,27.82,94.97,,100.0,23.77,0.0,74.0,54.64,39.35
90,200069060,CC des Vosges du Sud,,,32.0,,,0.0,50.0,48.04,47.75,100.0,47.2,0.0,46.51,51.82,38.51,70.22,55.89,49.39,35.14,42.86,63.37,1.2,100.0,35.13,15.21,20.0,92.86,28.46,29.88,30.0,9.25,87.39,100.0,100.0,100.0,49.15,22.94,44.71,0.0,75.82,72.38,36.16,48.74,21.94,50.0,59.64,0.0,45.2,0.0,52.42,15.48,0.0,93.68,100.0,61.54,71.98,59.85,55.96,33.2,0.67,44.03,50.0,68.57,25.86,51.95,34.66,0.0,8.01,59.77,100.0,24.83,30.87,20.0,54.64,55.48
90,249000241,CC du Sud Territoire,,,32.0,,,32.97,50.0,48.04,43.26,100.0,71.75,0.0,42.44,53.64,27.53,68.73,72.86,43.87,31.43,8.16,67.33,1.0,100.0,35.24,20.73,0.0,100.0,6.16,16.74,25.56,13.51,87.39,65.08,100.0,68.53,38.84,14.94,34.26,2.88,82.35,33.06,36.16,37.5,25.56,0.0,59.39,0.0,54.2,0.0,57.7,5.49,72.42,76.97,20.86,61.54,68.19,53.03,41.06,28.38,0.0,28.98,41.07,19.88,19.11,65.1,54.58,0.0,14.29,64.37,50.0,8.9,22.39,58.0,54.64,50.9
91,200017846,CA Étampois Sud Essonne,,,12.0,,,0.0,0.0,52.65,62.08,100.0,65.9,100.0,48.26,56.36,44.82,74.78,77.23,60.12,91.43,85.71,48.35,1.6,95.99,35.05,14.76,0.0,94.64,16.61,14.82,9.26,29.4,17.95,0.0,50.0,77.37,62.8,29.12,58.09,65.71,85.62,34.45,26.54,51.7,1.39,0.0,57.58,0.0,23.9,0.0,35.16,11.09,100.0,0.0,0.0,61.54,70.47,51.14,49.67,25.03,0.0,35.22,46.43,20.58,50.74,47.62,69.58,0.0,100.0,54.02,50.0,18.73,77.28,100.0,69.64,60.35
91,200056232,CA Communauté Paris-Saclay,,,32.0,,,100.0,0.0,83.82,78.65,100.0,100.0,100.0,65.12,64.91,41.67,93.84,99.38,73.01,100.0,100.0,70.96,3.0,56.3,51.93,41.94,0.0,100.0,26.13,14.16,38.52,70.02,17.95,6.35,50.0,0.0,0.0,24.02,28.24,71.15,92.81,0.0,26.54,68.31,0.0,100.0,82.23,0.0,0.2,0.0,2.78,17.75,0.0,0.0,0.0,53.85,63.44,57.2,65.56,21.82,66.0,28.98,33.93,62.75,100.0,88.71,85.73,4.38,100.0,,100.0,36.79,0.0,100.0,69.64,57.87
91,200057859,CA Coeur d'Essonne Agglomération,,,50.0,,,100.0,0.0,60.66,75.28,100.0,100.0,100.0,64.53,63.27,31.69,99.2,99.69,67.18,100.0,69.39,70.96,1.9,47.94,44.48,24.35,0.0,100.0,20.33,24.95,34.44,49.55,17.95,11.9,50.0,0.0,0.0,21.65,50.88,35.9,90.85,6.43,26.54,62.39,1.39,50.0,80.17,0.0,2.3,0.0,3.68,14.87,0.0,6.44,0.0,61.54,72.36,49.62,32.78,18.34,7.67,16.2,41.07,91.47,46.95,90.71,84.74,0.0,100.0,,100.0,35.72,0.0,100.0,69.64,61.42
91,200058477,CA Val d'Yerres Val de Seine,,,19.0,,,67.56,0.0,83.82,70.51,100.0,100.0,44.23,63.95,59.82,30.43,98.08,100.0,70.25,100.0,44.9,63.7,1.7,39.02,45.51,19.62,0.0,100.0,24.04,15.86,14.44,43.16,17.95,52.38,100.0,0.0,0.27,20.68,74.85,70.19,83.66,39.66,26.54,59.52,0.0,0.0,76.78,78.95,0.0,0.0,0.15,,0.0,26.06,0.0,61.54,73.5,46.59,52.32,16.47,18.67,31.22,37.5,51.1,7.91,97.9,92.47,0.0,68.72,,100.0,29.88,0.0,100.0,69.64,58.81
91,200059228,CA Grand Paris Sud Seine Essonne Sénart,,,2.0,,,0.0,0.0,83.82,78.65,100.0,100.0,100.0,65.12,66.55,37.37,97.36,99.87,69.33,100.0,40.82,63.7,1.9,44.32,44.03,38.92,0.0,98.21,17.54,35.58,44.07,72.65,17.95,15.87,0.0,0.0,0.0,24.83,43.09,35.9,90.2,9.79,26.54,55.52,45.28,100.0,77.41,36.84,3.3,0.0,3.33,6.95,0.0,0.0,0.0,53.85,70.85,26.89,44.04,12.45,0.0,36.88,39.29,31.02,97.86,91.52,86.74,0.0,100.0,,0.0,20.05,0.0,100.0,69.64,51.1
91,249100074,CC du Pays de Limours (CCPL),,,50.0,,,100.0,50.0,51.96,77.53,100.0,21.35,100.0,65.7,58.55,41.92,93.08,88.75,70.25,55.14,79.59,70.96,2.8,100.0,46.67,19.15,0.0,53.57,17.77,6.0,20.0,22.19,17.95,33.86,50.0,100.0,13.33,25.2,50.88,73.72,84.31,100.0,26.54,71.1,,0.0,72.46,100.0,36.3,0.0,37.44,19.66,100.0,14.56,0.0,69.23,85.47,81.06,67.22,27.98,59.33,34.7,51.79,63.55,16.8,83.67,70.6,51.69,100.0,55.17,100.0,53.25,0.0,98.0,69.64,70.97
91,249100157,CC des 2 Vallées,,,0.0,,,15.5,25.0,46.47,60.67,89.33,11.65,100.0,48.26,51.64,41.92,82.68,81.16,61.96,53.43,38.78,63.7,1.8,81.69,38.81,11.09,0.0,98.21,28.69,18.1,30.37,16.3,17.95,62.96,100.0,100.0,56.37,39.67,47.35,42.63,77.12,52.0,26.54,57.56,100.0,0.0,54.12,0.0,28.5,0.0,37.62,19.71,97.62,0.0,0.0,69.23,75.97,78.41,61.92,26.77,34.0,54.67,51.79,76.31,21.58,66.05,46.17,0.0,100.0,60.92,100.0,26.96,36.41,34.0,69.64,68.65
91,249100546,CC du Val d'Essonne (CCVE),,,2.0,,,0.0,0.0,55.88,75.28,100.0,76.5,100.0,63.37,63.45,29.8,90.72,96.12,65.34,62.0,14.29,63.7,1.8,69.06,42.44,23.6,0.0,100.0,14.75,21.45,45.93,47.91,17.95,34.39,100.0,100.0,0.0,19.27,60.44,69.55,87.58,6.95,26.54,68.33,0.0,0.0,72.56,26.32,25.8,0.0,29.57,6.8,92.64,0.0,0.0,61.54,79.77,75.76,60.6,22.76,30.33,34.15,51.79,80.52,10.21,83.43,67.14,0.0,100.0,52.87,0.0,34.66,10.54,100.0,69.64,67.19
91,249100553,CC Entre Juine et Renarde (CCEJR),,,30.0,,,24.82,0.0,50.74,71.07,100.0,20.9,100.0,65.7,52.55,33.46,88.66,95.4,67.18,86.86,38.78,48.35,2.0,89.46,42.93,9.63,0.0,100.0,16.61,23.97,15.56,26.29,17.95,58.47,50.0,100.0,22.88,18.0,33.53,62.82,87.58,10.83,26.54,68.82,0.0,0.0,69.31,42.11,28.6,0.0,33.43,11.94,82.59,0.68,0.0,69.23,79.58,81.06,65.23,29.32,32.0,30.08,53.57,77.51,15.98,82.71,74.77,0.0,100.0,51.72,100.0,34.4,22.72,88.0,69.64,68.97
91,249100595,CC le Dourdannais en Hurepoix (CCDH),,,50.0,,,100.0,0.0,48.53,69.94,100.0,75.1,71.92,59.88,57.45,40.66,85.25,92.41,63.19,80.0,44.9,48.35,1.8,79.08,40.75,10.4,0.0,100.0,18.93,2.38,4.44,30.88,17.95,62.96,100.0,0.0,52.26,25.27,50.88,62.18,83.66,19.28,26.54,58.05,0.0,100.0,67.7,100.0,25.8,60.33,36.65,25.43,89.91,6.85,0.0,61.54,73.12,67.05,50.66,24.63,35.67,40.13,44.64,60.04,32.78,77.05,83.91,0.0,100.0,54.02,50.0,32.8,33.7,100.0,69.64,63.48
92,200057966,Vallée Sud-Grand Paris,,,,,,,0.0,83.82,,100.0,100.0,96.54,63.95,,,,,,100.0,100.0,80.53,,,,,,100.0,27.06,,,,,0.0,50.0,,59.91,,41.62,,,20.27,,,0.0,0.0,,,,,,,,,,61.54,56.79,58.33,62.25,22.09,,22.15,,59.34,68.2,100.0,92.66,,,,50.0,20.05,0.0,100.0,,59.87
92,200057974,Grand Paris Seine Ouest,,,,,,,0.0,83.82,,99.33,100.0,100.0,61.05,,,,,,100.0,100.0,80.53,,,,,,100.0,32.64,,,,,45.24,50.0,,96.84,,19.85,,,0.0,,,0.0,50.0,,0.0,,,,,0.0,0.0,,69.23,49.57,65.53,71.52,18.61,,43.84,,59.44,100.0,99.38,92.19,,,,100.0,26.43,0.0,92.0,,62.71
92,200057982,Paris Ouest La Défense,,,,,,,0.0,83.82,,99.33,100.0,100.0,58.14,,,,,,100.0,100.0,80.53,,,,,,100.0,32.17,,,,,0.0,100.0,,85.88,,23.68,,,0.0,,,0.0,100.0,,0.0,,,,,0.0,0.0,,61.54,53.56,57.58,66.56,19.54,,31.87,,57.23,100.0,100.0,95.26,,,,0.0,27.22,0.0,100.0,,63.52
92,200057990,Boucle Nord de Seine,,,,,,,0.0,83.82,,100.0,100.0,74.62,65.12,,,,,,100.0,100.0,80.53,,,,,,100.0,23.58,,,,,0.0,0.0,,42.83,,33.24,,,3.76,,,0.0,50.0,,100.0,,,,,0.0,0.0,,61.54,58.5,19.7,50.0,18.61,,17.07,,36.35,83.2,100.0,94.79,,,,0.0,11.82,0.0,100.0,,55.71
93,200057867,Plaine Commune,,,,,,,0.0,83.82,,100.0,100.0,100.0,61.63,,,,,,100.0,97.96,80.53,,,,,,100.0,15.91,,,,,0.0,0.0,,56.81,,47.79,,,0.0,,,48.61,100.0,,0.0,,,,,0.0,0.0,,53.85,64.77,0.0,34.77,10.98,,34.44,,8.03,100.0,99.38,93.8,,,,50.0,0.0,0.0,100.0,,38.87
93,200057875,Est Ensemble,,,,,,,0.0,83.82,,100.0,100.0,100.0,63.95,,,,,,100.0,97.96,80.53,,,,,,100.0,20.56,,,,,0.0,100.0,,52.42,,59.26,,,17.02,,,28.61,100.0,,0.0,,,,,0.0,0.0,,61.54,60.78,0.0,39.74,14.46,,55.8,,39.16,87.64,100.0,96.25,,,,100.0,3.05,0.0,100.0,,44.03
93,200058097,Paris Terres d'Envol,,,,,,,0.0,83.82,,100.0,100.0,100.0,68.6,,,,,,100.0,51.02,72.44,,,,,,100.0,18.93,,,,,0.0,50.0,,0.0,,53.09,,,0.0,,,8.06,0.0,,0.0,,,,,0.0,0.0,,53.85,76.92,0.0,33.11,10.84,,18.02,,0.0,71.66,100.0,94.45,,,,0.0,2.52,0.0,100.0,,49.77
93,200058790,Grand Paris Grand Est,,,,,,,0.0,83.82,,100.0,100.0,100.0,63.37,,,,,,100.0,100.0,80.53,,,,,,100.0,19.16,,,,,0.0,0.0,,27.99,,65.74,,,8.22,,,4.44,50.0,,71.93,,,,,0.0,0.0,,61.54,69.71,23.48,45.7,14.32,,17.17,,34.14,33.61,96.95,90.52,,,,50.0,9.43,0.0,100.0,,56.16
94,200057941,Paris Est Marne et Bois,,,,,,,0.0,83.82,,100.0,100.0,100.0,60.47,,,,,,100.0,100.0,80.53,,,,,,100.0,29.85,,,,,0.0,0.0,,55.19,,59.26,,,17.31,,,9.72,100.0,,0.0,,,,,0.0,0.0,,69.23,56.03,54.17,62.91,16.33,,36.49,,61.35,46.95,100.0,94.58,,,,100.0,19.52,0.0,100.0,,59.74
94,200058006,Grand Paris Sud Est Avenir,,,,,,,0.0,70.59,,100.0,100.0,100.0,74.42,,,,,,100.0,100.0,80.53,,,,,,100.0,23.11,,,,,24.34,0.0,,0.0,,60.74,,,6.66,,,28.06,50.0,,100.0,,,,,0.0,7.09,,69.23,65.34,37.12,51.66,14.32,,30.67,,51.31,71.83,93.43,86.17,,,,50.0,14.48,0.0,100.0,,57.03
94,200058014,Grand-Orly Seine Bièvre,,,,,,,0.0,83.82,,100.0,100.0,100.0,63.37,,,,,,100.0,100.0,80.53,,,,,,100.0,26.36,,,,,0.0,0.0,,19.47,,50.0,,,13.14,,,8.89,100.0,,0.0,,,,,0.0,0.0,,61.54,59.26,20.83,49.67,15.26,,41.27,,54.92,83.69,98.43,92.84,,,,0.0,11.55,0.0,100.0,,51.42
95,200035970,CC Vexin Centre,,,13.0,,,0.0,25.0,58.09,69.66,100.0,18.0,100.0,61.05,45.82,42.8,76.67,78.66,66.56,63.43,57.14,66.83,2.5,100.0,41.73,7.62,0.0,100.0,3.6,11.2,2.59,23.67,13.89,13.23,100.0,100.0,73.91,33.68,40.74,32.05,86.27,22.58,16.06,68.11,0.0,50.0,74.01,100.0,66.2,0.0,43.13,0.9,100.0,0.0,0.0,69.23,85.47,80.3,64.9,31.06,0.0,35.61,51.79,77.01,17.96,66.38,68.44,0.0,82.23,56.32,100.0,38.38,35.22,100.0,70.71,65.45
95,200055655,CA Roissy Pays de France,,,25.0,,,100.0,0.0,67.06,73.88,100.0,100.0,100.0,69.77,59.82,39.77,98.3,97.28,69.63,100.0,48.98,72.44,1.6,47.61,35.57,15.51,0.0,100.0,26.83,17.83,7.41,45.95,13.89,0.0,0.0,0.0,0.0,33.19,52.79,6.73,88.89,0.0,16.06,49.91,0.0,50.0,76.47,0.0,5.7,0.0,11.71,0.38,83.03,0.0,0.0,61.54,79.39,9.85,42.05,17.8,0.0,41.07,37.5,0.5,100.0,86.19,70.49,0.0,100.0,,0.0,11.02,0.0,100.0,70.71,53.68
95,200056380,CA Plaine Vallée,,,32.0,,,100.0,0.0,83.82,73.6,100.0,95.05,100.0,59.3,58.91,30.3,99.93,99.82,73.31,100.0,100.0,72.44,2.0,37.89,46.74,15.74,0.0,100.0,27.76,17.72,11.85,45.95,13.89,20.9,100.0,0.0,0.0,29.66,68.68,75.64,86.93,32.6,16.06,64.4,0.0,50.0,82.78,0.0,0.0,20.51,1.65,1.96,0.0,0.0,0.0,61.54,70.09,51.89,56.95,14.73,0.0,38.31,32.14,55.32,14.83,92.05,87.14,0.0,48.5,,50.0,18.46,0.0,100.0,70.71,62.45
95,200058485,CA Val Parisis,,,22.0,,,100.0,0.0,83.82,75.0,100.0,100.0,100.0,66.28,61.09,29.17,98.84,99.96,71.17,100.0,81.63,66.83,1.8,32.8,45.92,28.9,0.0,98.21,27.06,19.2,20.0,71.5,13.89,0.0,100.0,0.0,0.0,25.6,62.94,60.9,89.54,12.91,16.06,65.19,0.0,50.0,75.95,36.84,0.0,0.0,0.85,,0.0,0.0,0.0,61.54,72.93,51.52,55.96,14.59,0.0,10.44,37.5,50.1,18.12,95.57,85.94,0.0,65.8,,0.0,22.97,0.0,100.0,70.71,63.65
95,200073013,CC Carnelle Pays-de-France,,,49.0,,,0.0,0.0,62.13,70.79,100.0,35.3,100.0,69.19,56.55,35.48,87.5,92.81,65.03,70.29,0.0,72.44,1.9,67.09,44.42,12.98,0.0,100.0,28.92,18.87,25.56,53.97,13.89,54.23,50.0,100.0,23.5,24.79,56.91,44.87,87.58,4.28,16.06,66.72,0.0,0.0,71.79,100.0,24.7,0.0,29.42,,82.58,0.0,0.0,61.54,82.81,77.65,60.6,30.12,0.0,45.01,51.79,65.66,2.8,77.95,68.75,0.0,67.62,54.02,100.0,41.57,0.0,100.0,70.71,69.39
95,249500109,CA de Cergy-Pontoise,,,13.0,,,100.0,0.0,83.82,78.37,100.0,100.0,40.38,63.95,67.64,55.3,98.22,99.87,69.33,100.0,100.0,66.83,2.1,35.84,44.41,38.21,0.0,100.0,18.93,29.01,24.07,84.28,13.89,0.0,100.0,0.0,0.0,23.07,47.94,58.33,93.46,17.08,16.06,59.51,0.0,100.0,77.66,0.0,0.7,100.0,1.88,8.25,0.0,0.0,0.0,61.54,69.71,35.98,47.35,10.17,0.0,38.96,39.29,48.09,99.18,94.86,83.78,0.0,100.0,,0.0,22.44,0.0,100.0,70.71,51.9
95,249500430,CC Sausseron Impressionnistes,,,13.0,,,79.97,25.0,64.71,66.01,100.0,29.4,100.0,64.53,53.82,25.25,85.94,92.99,68.1,67.71,34.69,66.83,3.1,86.04,46.26,14.72,0.0,100.0,3.14,10.6,12.22,41.69,13.89,16.4,100.0,100.0,34.09,29.42,44.12,25.0,83.01,0.0,16.06,69.19,0.0,0.0,66.62,0.0,21.0,0.0,34.03,,100.0,0.0,0.0,69.23,83.19,78.41,64.9,31.46,38.67,43.32,48.21,57.83,22.24,67.95,72.4,0.0,55.42,54.02,100.0,42.9,0.0,82.0,70.71,66.74
95,249500455,CC de la Vallée de l'Oise et des Trois Forêts,,,45.0,,,0.0,0.0,69.61,73.03,100.0,78.35,100.0,64.53,60.18,26.39,93.51,99.55,69.33,82.57,77.55,66.83,2.1,35.7,46.74,18.37,0.0,100.0,31.01,32.73,32.96,69.21,13.89,90.48,100.0,36.51,0.0,34.58,65.44,63.46,83.01,28.72,16.06,65.06,,0.0,71.3,91.23,16.5,0.0,9.81,,17.28,11.44,0.0,69.23,73.31,69.7,63.91,22.36,15.67,22.57,42.86,44.58,15.82,85.71,76.28,0.0,65.99,49.43,100.0,35.19,5.65,90.0,70.71,67.29
95,249500489,CC du Haut Val d'Oise,,,24.0,,,27.56,0.0,59.8,70.79,100.0,100.0,100.0,65.7,57.64,40.15,97.03,98.53,60.43,98.57,89.8,66.83,1.2,43.41,38.28,14.02,0.0,100.0,6.39,32.35,20.0,60.69,13.89,27.78,100.0,74.01,0.0,21.16,54.85,37.82,89.54,35.84,16.06,53.05,0.0,50.0,76.57,0.0,11.1,0.0,10.59,,43.96,0.0,0.0,69.23,76.35,41.67,41.39,18.34,0.0,16.39,46.43,39.06,33.94,86.76,90.73,0.0,81.34,52.87,100.0,29.88,0.0,100.0,70.71,59.39
95,249500513,CC du Vexin-Val de Seine,,,13.0,,,16.25,0.0,59.31,56.74,86.0,64.4,100.0,53.49,41.09,47.6,69.02,63.75,56.44,58.0,0.0,66.83,1.6,100.0,35.81,7.65,0.0,0.0,8.71,7.15,7.41,0.0,13.89,28.57,100.0,100.0,70.35,39.48,62.94,56.09,84.97,6.66,16.06,50.42,0.0,50.0,51.68,0.0,54.7,14.42,64.34,5.56,100.0,16.91,0.0,61.54,72.55,67.8,41.39,38.96,0.0,40.2,50.0,65.96,28.34,61.9,77.27,0.0,100.0,57.47,50.0,20.85,48.91,90.0,70.71,65.06
971,200018653,CA CAP Excellence,,,,,,100.0,0.0,82.35,,100.0,100.0,0.0,11.05,,,93.37,98.39,,48.29,44.9,,,100.0,62.74,,86.67,100.0,0.0,100.0,86.67,99.18,0.0,9.79,0.0,100.0,0.0,86.44,61.03,,82.35,16.5,3.52,30.75,29.44,0.0,50.67,0.0,,,,8.78,0.0,92.71,,61.54,56.6,,26.49,21.69,12.67,100.0,,86.45,100.0,100.0,82.63,,,63.22,0.0,2.26,66.52,100.0,70.36,37.16
971,200041507,CA La Riviéra du Levant,,,,,,100.0,0.0,82.35,,0.0,39.25,38.85,43.6,,,64.35,79.24,,36.0,42.86,,,100.0,55.16,,40.0,100.0,0.0,100.0,59.63,55.12,0.0,38.36,100.0,0.0,0.0,66.97,71.62,,80.39,0.0,3.52,28.61,21.11,0.0,31.98,100.0,,,,2.51,0.0,97.53,,69.23,58.88,,29.47,21.69,0.0,100.0,,56.02,41.35,86.9,8.85,,,,100.0,10.49,78.7,50.0,70.36,46.29
971,200044691,CA du Nord Grande Terre,,,,,,9.54,0.0,73.53,,67.33,68.65,5.38,16.86,,,62.9,60.36,,35.43,18.37,,,76.79,48.46,,20.0,71.43,0.0,100.0,50.0,41.2,0.0,15.61,0.0,100.0,0.0,46.29,62.21,,73.2,69.2,3.52,26.61,25.28,0.0,37.28,17.54,,,,3.28,44.87,96.5,,76.92,58.69,,25.5,37.62,0.0,100.0,,54.32,39.04,78.1,20.83,,,,100.0,0.93,86.63,38.0,70.36,38.13
971,249710047,CC de Marie-Galante,,,,,,0.0,0.0,75.0,,37.33,60.0,100.0,0.0,,,1.59,,,57.71,0.0,,,0.0,64.89,,26.67,0.0,0.0,100.0,0.0,0.0,0.0,69.84,100.0,0.0,0.0,77.78,65.44,,61.44,71.34,3.52,16.14,46.67,50.0,53.4,10.53,,,,0.92,8.97,99.82,,69.23,45.01,,7.28,40.7,0.0,100.0,,79.52,100.0,,81.77,,,,100.0,0.0,86.41,0.0,70.36,40.42
971,249710062,CA du Nord Basse-Terre,,,,,,0.0,0.0,75.98,,80.0,94.4,100.0,18.6,,,57.64,47.28,,33.43,32.65,,,5.02,50.38,,0.0,44.64,0.0,100.0,50.0,49.06,0.0,100.0,100.0,100.0,0.0,38.9,63.82,,79.74,28.08,3.52,27.93,2.5,0.0,29.62,12.28,,,,5.65,0.0,95.62,,53.85,67.24,,27.48,25.44,0.0,93.63,,55.02,34.27,59.52,46.17,,,,100.0,0.66,72.28,84.0,70.36,45.55
971,249710070,CA Grand Sud Caraïbe,,,,,,0.0,0.0,74.51,,99.33,84.05,100.0,0.0,,,74.93,41.56,,54.29,44.9,,,0.0,45.88,,0.0,0.0,0.0,100.0,67.41,13.35,0.0,100.0,100.0,100.0,0.0,46.11,76.18,,68.63,35.21,3.52,24.58,48.06,0.0,42.75,0.0,,,,10.99,0.0,97.82,,61.54,58.12,,17.22,34.54,0.0,100.0,,90.96,92.42,57.57,68.75,,,,100.0,5.98,28.48,6.0,70.36,44.65
972,200041788,CA du Pays Nord Martinique,,,,,,0.0,0.0,81.25,,96.67,85.3,100.0,5.23,,,56.56,33.35,,47.43,12.24,72.88,,100.0,50.25,,6.67,0.0,0.0,100.0,60.0,27.27,28.42,100.0,0.0,100.0,0.0,36.63,61.91,,70.59,24.09,0.0,27.79,33.33,50.0,38.49,0.0,,,,4.95,0.0,96.35,,46.15,61.16,0.0,17.55,28.38,0.0,73.01,30.36,78.41,53.21,72.48,39.37,,,,0.0,0.0,46.09,0.0,70.36,35.13
972,249720053,CA de l'Espace Sud de la Martinique,,,,,,100.0,0.0,83.82,,42.67,80.55,100.0,22.67,,,62.46,57.28,,38.86,36.73,72.85,,100.0,53.56,,6.67,100.0,0.0,100.0,77.04,48.24,28.42,78.84,100.0,100.0,0.0,45.05,67.5,,79.08,21.77,0.0,33.24,7.78,0.0,46.53,0.0,,,,2.78,0.0,94.21,,46.15,62.11,0.0,22.52,24.77,0.0,58.89,26.79,99.2,49.26,79.38,22.97,,,,0.0,0.0,47.72,22.0,70.36,43.77
972,249720061,CA du Centre de la Martinique,,,,,,0.0,0.0,86.76,,100.0,100.0,100.0,1.74,,,87.75,88.88,,45.43,30.61,87.46,,100.0,63.72,,60.0,83.93,0.0,100.0,100.0,81.49,28.42,57.41,0.0,100.0,0.0,53.77,63.09,,80.39,34.11,0.0,34.32,0.0,0.0,25.56,100.0,,,,6.24,0.0,94.26,,53.85,50.9,6.44,31.79,5.35,47.33,100.0,23.21,91.27,100.0,100.0,82.42,,,,0.0,5.18,45.0,46.0,70.36,41.71
973,200027548,CC des Savanes,,,,,,0.0,0.0,86.76,,88.0,100.0,100.0,33.72,,,58.77,0.0,,81.14,100.0,,,0.0,41.85,,0.0,0.0,0.0,100.0,34.07,58.89,27.14,12.43,50.0,78.16,97.39,27.38,55.44,,81.7,2.49,,25.15,43.06,0.0,55.99,100.0,,,,18.75,0.0,99.85,,46.15,91.36,,14.24,43.24,0.0,75.9,,0.0,100.0,0.0,0.0,,,,0.0,10.49,99.89,100.0,55.36,22.81
973,249730037,CC de l'Ouest Guyanais,,,,,,89.17,0.0,93.38,,100.0,91.4,100.0,59.88,,,0.0,0.0,,79.71,0.0,,,0.0,51.04,,0.0,0.0,0.0,51.25,15.93,0.0,27.14,0.0,100.0,100.0,98.88,0.0,72.06,,69.93,3.01,,20.0,0.0,0.0,6.87,0.0,,,,5.2,0.0,99.41,,53.85,100.0,,0.0,44.18,0.0,10.7,,0.0,99.34,7.14,0.0,,,,100.0,0.0,100.0,100.0,55.36,0.0
973,249730045,CA du Centre Littoral,,,,,,0.0,0.0,91.18,,100.0,100.0,100.0,37.79,,,66.2,50.0,,57.14,46.94,,,24.09,56.79,,0.0,0.0,0.0,100.0,68.15,32.68,27.14,6.35,0.0,100.0,66.58,29.22,67.35,,85.62,20.27,,22.79,17.78,0.0,15.8,100.0,,,,18.87,0.0,98.47,,46.15,79.2,,9.27,17.67,0.0,74.37,,3.41,99.51,69.86,50.08,,,,0.0,2.79,99.35,100.0,55.36,26.74
973,249730052,CC de l'Est Guyanais,,,,,,100.0,0.0,91.18,,86.0,74.95,0.0,32.56,,,0.0,0.0,,100.0,32.65,,,3.18,31.07,,0.0,0.0,0.0,100.0,25.93,0.0,27.14,0.0,100.0,100.0,99.85,0.0,81.32,,90.85,1.97,,19.96,100.0,0.0,0.0,100.0,,,,4.08,0.0,100.0,,61.54,100.0,,0.0,57.16,0.0,33.69,,0.0,100.0,0.0,0.0,,,,100.0,0.0,100.0,100.0,55.36,0.0
974,249740077,CA CIVIS (Communauté Intercommunale des Villes Solidaires),,,,,,0.0,0.0,72.06,,100.0,92.3,100.0,47.09,,,81.92,76.56,,57.43,53.06,67.49,,100.0,37.59,,100.0,17.86,0.0,100.0,100.0,100.0,29.27,95.24,0.0,100.0,0.0,34.67,65.74,,87.58,26.23,30.7,36.11,15.0,50.0,50.39,0.0,,,,4.12,0.0,44.26,,46.15,77.49,0.0,6.29,40.16,0.0,53.11,25.0,15.96,100.0,71.43,52.68,,,,100.0,5.71,58.48,100.0,64.29,24.23
974,249740085,CA du Sud,,,,,,0.0,0.0,73.53,,100.0,68.65,100.0,62.79,,,77.46,55.45,,47.71,36.73,67.49,,100.0,34.6,,100.0,0.0,0.0,100.0,82.22,77.56,29.27,100.0,50.0,100.0,10.35,25.04,71.32,,84.31,22.35,30.7,34.39,23.06,0.0,61.98,0.0,,,,6.59,0.0,70.09,,38.46,74.45,0.0,9.6,38.02,0.0,35.84,28.57,0.0,56.34,79.76,49.22,,,,100.0,8.63,84.02,100.0,64.29,15.9
974,249740093,CA Intercommunale de la Réunion Est (CIREST),,,,,,0.0,0.0,74.26,,100.0,100.0,100.0,47.09,,,74.35,45.13,,47.14,0.0,64.85,,100.0,33.28,,46.67,0.0,0.0,100.0,84.07,33.01,29.27,100.0,0.0,100.0,37.5,29.0,73.09,,82.35,34.86,30.7,32.64,0.0,0.0,51.89,0.0,,,,6.08,0.0,54.88,,46.15,82.05,0.0,0.0,37.22,0.0,48.2,30.36,7.23,73.48,71.43,63.98,,,,50.0,5.44,83.8,100.0,64.29,23.03
974,249740101,CA Territoire de la Côte Ouest (TCO),,,,,,0.0,0.0,78.68,,97.33,100.0,100.0,52.91,,,83.19,87.59,,52.57,16.33,72.61,,100.0,37.76,,100.0,62.5,0.0,100.0,97.04,100.0,29.27,100.0,0.0,100.0,0.0,36.43,61.47,,90.2,20.15,30.7,37.11,56.67,0.0,55.09,0.0,,,,6.81,0.0,87.85,,38.46,80.34,0.0,4.64,30.12,0.0,61.33,21.43,28.61,95.55,100.0,66.15,,,,0.0,20.32,81.3,100.0,64.29,29.06
974,249740119,CA Intercommunale du Nord de la Réunion (CINOR),,,,,,0.0,0.0,82.35,,100.0,100.0,100.0,50.58,,,79.82,82.28,,72.57,75.51,75.25,,100.0,47.59,,86.67,33.93,0.0,100.0,100.0,64.62,29.27,100.0,100.0,100.0,0.0,28.81,70.0,,86.93,41.98,30.7,33.8,10.28,100.0,64.34,0.0,,,,4.12,0.0,73.24,,38.46,66.86,0.0,19.87,25.17,0.0,66.15,19.64,28.11,100.0,100.0,71.35,,,,50.0,15.8,69.89,100.0,64.29,30.65
976,200050532,CC de Petite-Terre,,,,,,,,,,,27.8,100.0,,,,,,,,,,,,39.42,,,,0.0,,,,3.42,0.0,50.0,,,7.72,78.68,,,,,12.56,0.0,0.0,0.0,,,,,,,,,53.85,,,,48.06,,30.54,,,,69.05,83.07,,,,100.0,,0.0,,90.36,
976,200059871,CC du Centre-Ouest,,,,,,,,,,,10.45,,,,,,,,,,,,,40.9,,,,0.0,,,,3.42,100.0,100.0,,,13.46,87.35,,,,,11.23,16.67,0.0,0.0,,,,,7.57,,97.97,,61.54,,,,66.27,,29.79,,,,0.0,43.23,,,,100.0,,70.76,,90.36,
976,200060457,CA de Dembeni / Mamoudzou,,,,,,,,,,,33.55,100.0,,,,,,,,,,,,52.12,,,,0.0,,,,3.42,81.75,100.0,,,8.77,77.5,,,,,9.81,0.0,0.0,0.0,,,,,4.77,,97.97,,53.85,,,,50.2,,37.5,,,,71.43,84.38,,,,100.0,,89.13,,90.36,
976,200060465,CA du Grand Nord de Mayotte,,,,,,,,,,,14.8,100.0,,,,,,,,,,,,38.64,,,,0.0,,,,3.42,100.0,50.0,,,5.77,70.0,,,,,12.47,0.0,0.0,0.0,,,,,0.52,,98.91,,46.15,,,,59.71,,20.2,,,,0.0,25.78,,,,50.0,,77.72,,90.36,
976,200060473,CC du Sud,,,,,,,,,,,10.1,,,,,,,,,,,,,46.74,,,,0.0,,,,3.42,100.0,100.0,,,20.96,90.44,,,,,10.99,38.61,0.0,0.0,,,,,8.46,,99.97,,61.54,,,,67.2,,59.38,,,,0.0,12.11,,,,100.0,,73.7,,90.36,
