dept,siren,epci_nom,i005,i006,i010,i012,i015,i017,i032,i033,i034,i035,i036,i037,i038,i043,i044,i047,i048,i049,i051,i052,i053,i054,i056,i057,i058,i064,i065,i066,i067,i068,i069,i070,i071,i072,i073,i077,i083,i084,i085,i086,i087,i089,i094,i095,i096,i097,i106,i108,i110,i111,i112,i113,i114,i115,i119,i126,i127,i128,i129,i130,i131,i134,i135,i142,i147,i148,i149,i150,i151,i156,i157,i158,i161,i162,i164
01,200029999,CC Rives de l'Ain - Pays du Cerdon,,,42,,,"132,531927915675",2,"31,5","17,2","8,2","9,92","11,54","10,5","29,5","37,2","9,26","11,64","17,9","87,3","1,8","30,8","1,2","1,61366234115511","32,8821656050955","0,552631578947369","2,3","0,2","2,69","136,5","22,4","40,1","1,45","47,1",0,"9,96717275338531","0,757715316763675","39,9841646872526","57,8","30,9",101,"6,92","57,65","5,23345597216929","8,74",0,"3,85272590464464","-4,4","48,4",25,"86,6","4,9","28,035","2,002","19,22",6,"34,2","9,7","13,9","47,5","82,4","29,58","2,6","-5,22","53,8",16,"19,43","0,672","1005,542",63,0,"24,1","0,329",78,"12,3","14,8"
01,200040350,CC Bugey Sud,,,34,,,"122,025970980507",2,"34,3333333333333","18,4","11,5","12,73","1,26","10,3","26,1","35,7","17,03","11,83","17,4","83,3","-0,6","36,7",1,"1,58422812885055","32,0053522099448","2,77512038523275","2,8","2,46","2,35","144,9",21,"26,1","1,45","54,5",0,"14,9192859665457","0,669511973697515","44,6505237849906","61,4","11,1",119,"16,09","57,65","5,91359385859607","5,28",0,"5,2905793896506","-0,4","48,9","-28,2142857142857","97,45","17,78","29,958","0,938","17,76",6,"36,2","11,9","14,2","51,8","62,9","29,57","2,9","-7,27","85,3","10,68",12,0,"488,007",59,0,22,"0,165",108,"12,3","16,82"
01,200042497,CC Dombes Saône Vallée,,,85,,,"78,8651426018319",2,"31,3333333333333","8,6","1,9","11,96","13,89","5,9","19,5","52,2","1,5","0,53","11,3","85,9","0,4","32,3","2,4","3,25239038466241","42,5501121644113","1,55652974617664","3,2","0,12","1,96","122,8","29,4","51,8","1,45","6,5",1,"15,7864571807922","1,62947826632458","36,4502680166766","54,5",23,99,"11,93","57,65","3,58551954446839","4,4",0,"2,5644793448401","-11,4","30,2","14,6666666666667","35,95","5,11","56,279","1,911","10,31",5,"24,9","5,5","9,3","43,1","91,9","27,05","2,8","-5,76","57,7","5,68","13,74","1,223","773,317",66,1,"29,9","0,648",63,"12,3","10,67"
01,200042935,CA Haut-Bugey Agglomération,,,32,,,"65,8862912633604",4,"31,75","15,5","5,3","29,82","1,06","10,9","24,2",47,"10,04","8,13","15,5","84,8","-0,3","30,95","1,2","2,1837148288376","33,1608160816082","1,83562412342216","1,6","0,89","2,98","130,3","20,4","56,2","1,45","65,6",2,"8,36128181343846","0,488139196916679","39,5090786819099","45,8","34,7",106,"8,98","57,65","6,27775997699359","5,81",1,"5,44112985036774","-0,9","31,3","-3,98550724637681","61,93","23,82","19,845","0,154","25,25",7,"35,5","17,7","15,3","47,4","49,1","21,96","3,2","-9,81","105,6","9,45","17,88",0,"549,459",59,0,"21,1","0,138",80,"12,3","19,2"
01,200069193,CC de la Dombes,,,83,,,"65,5983104646222",1,"31,3333333333333","12,1","2,9","13,58","8,97","6,6","23,7","44,1","9,89","7,99","15,7","82,2","0,7","29,1666666666667","1,4","1,10919398570372","35,3612454655381","0,0953543307086614","2,4",0,"2,22","119,3","24,5","38,9","1,45","12,2",0,"52,5354527847324","0,549370165974945","41,7018402836401","60,5",15,105,"12,82","57,65","4,407360559189","9,12",0,"3,77938429255061","-1,1","48,9","-17,0454545454545","95,55","5,38","54,316","1,588","14,71",6,"30,5","7,1","11,1","48,1","75,1","33,57","2,6","-5,5","57,8","8,03","20,75","0,246","454,885",62,1,"25,9","0,099",83,"12,3","11,71"
01,200070118,CC Val de Saône Centre,,,81,,,"84,2180092526351",1,"30,3333333333333","12,6","3,1","8,72","11,77","5,9","25,6","40,7","7,12","1,44",14,"87,3","-0,4","32,3","1,6","1,0465226905147","36,1188090670078","2,63666713033802",2,0,"1,43","126,8","25,8","44,8","1,45","5,8",0,"2,27940710711345","0,92405357591422","36,003726129483","50,7","30,1",106,6,"57,65","4,0117050175775","5,71",0,"4,33255519891061","4,3","45,9","-4,84848484848485","62,15","3,97","67,182","1,707","9,53",5,"27,9","6,1","11,5","39,7",83,"32,01","2,5","-5,62","48,5","5,6","16,13","0,476","264,555",64,0,"25,6","0,548",75,"12,3","10,99"
01,200070555,CC de la Veyle,,,76,,,0,1,"33,4","14,1","2,2","10,42","10,35","5,9","24,6","38,3","8,62","6,14","15,4","87,7","-0,2","30,9","1,2","0,860067085232648","32,6516129032258","1,21480192013504","2,6","0,05","1,72","124,8","26,2","39,2","1,45","5,8",4,"9,23188882107141","1,39228274004422","34,1430556140277","53,8","32,9",110,"3,6","57,65","4,26825449385052","0,43",0,"3,15774834437086",-4,"58,6","-31,3099041533546","86,71","12,3","56,588","1,339","11,91",4,"28,4","7,2","9,6",42,"89,7","32,21","2,5","-4,71",55,"6,44","13,94","2,15","320,802",61,0,"22,2","0,343",85,"12,3","12,57"
01,200071371,CC Bresse et Saône,,,40,,,"127,130304212169",1,"31,6666666666667","15,6","2,7","7,23","3,14","7,6","22,2","41,3","9,2","4,36","15,5","90,4","1,4",31,"1,2","1,1284046692607","30,9300365271144","0,426638176638177","2,6","0,1","2,33","114,4","23,4","41,3","1,45","8,7",1,"11,864949168207","1,22844255279317","34,4184985167719","52,8","34,4",109,"7,59","57,65","3,97922466277386","8,17",1,"3,94161913814956","4,8","39,2","-21,4057507987221","99,32","0,76","64,755","1,982","15,46",3,"29,3","7,5","12,1","38,3","85,5","31,28","2,5","-5,23","63,8","6,15","15,7",0,"208,413",59,1,25,"0,526",87,"12,3","12,88"
01,200071751,CA du Bassin de Bourg-en-Bresse,,,53,,,"81,6278189055467",2,"34,75","14,4","3,4","19,53","1,75","7,8","23,3","50,3","7,27","5,9","15,7","82,7","-0,3","30,8","1,7","2,21659278024066","38,6030173777395","2,33975652407856","2,5","0,15","2,5","132,7","26,6","49,1","1,45","24,3",12,"5,87437976521844","0,818658147716277","39,5934574750212","67,4","17,8",110,"18,09","57,65","5,03871309039219","5,08",11,"3,78254183627318","-0,6","33,5","-34,329563812601","93,75","5,38","54,626","1,085",14,6,"37,8","12,2","13,8","41,5",72,"39,68","2,9","-4,21","102,4","12,64","17,01","0,515","951,633",,2,"24,5","0,198",93,"12,3","15,21"
01,240100610,CC de la Côtière à Montluel,,,75,,,"216,095065802553",3,28,"10,4","1,4","16,13","8,41","5,8","20,2","49,6","5,46","1,59","14,1","77,1","4,1","24,4","1,8","1,88205771643664","41,2337860057244","1,31906467013889","2,8","0,14","1,96",146,"30,7","54,4","1,45",26,2,"20,69512386328","0,914203319630468","38,2536864046939","52,1","23,9",93,"6,57","57,65","3,96934280865017","0,39",2,"4,07504243109998","-3,3","23,5","-45,7831325301205","34,56","8,42","53,255","1,892","11,13",7,27,"8,2","15,5","41,6","79,9","26,07","2,8","-8,69","91,2","4,78","19,78","1,176","977,766",66,3,"24,2","0,236",58,"12,3","15,16"
01,240100750,CA du Pays de Gex,,,38,,,"61,0380683544552",4,25,"7,8","11,5","17,93","19,99","6,4","16,7","50,7","3,39","2,7","11,7",74,"-3,1","29,6","3,3","0,48678056695619","51,2428560542559","4,20972879896685","1,7","0,74",2,"26,3","18,5","57,7","1,45","56,9",0,"71,9031475799268","1,07064693053826","27,0004863267368","78,7","11,3",76,"9,26","57,65","4,3417486791671","0,29",1,"4,78482337097276","-13,1","20,5","-20,2764976958525","28,52","9,25","25,897","0,85","20,8",7,"34,2","12,4","12,4","40,5","44,6","17,06","7,2","-10,17","37,1","7,63","24,11",0,"1535,951",66,0,"23,1","0,116",44,"12,3","14,83"
01,240100800,CC de Miribel et du Plateau,,,85,,,"81,3101556828265",3,13,"11,9","0,9","15,56","14,38","6,8","18,7","60,6","1,72","0,74",12,"76,6","-2,8","24,4","2,8","3,06029172131473","46,8327829480636","2,37396982376062","2,7",0,"2,38","125,5","26,3","40,5","1,45","8,3",0,"16,3203720646539","1,79487546178106","42,2546222100614","44,3","19,4",98,"6,71","57,65","4,06694740154488","2,78",0,"3,74207223307427","3,8","16,5","-30,5555555555556","30,9","10,94","57,64","2,651","8,9",6,"29,6","7,7","12,6","39,5","72,5","22,73","3,1","-5,29","108,3","2,83","9,17","0,397","1509,596",63,0,"27,3","0,477",66,"12,3","11,5"
01,240100883,CC de la Plaine de l'Ain,,,42,,,"84,4433777646494",2,"31,8888888888889","14,1","4,9","14,41","8,26","7,9","27,4",43,"7,09","5,58","16,7","81,9","0,4","30,6333333333333","1,7","1,17093191694833","35,3399047030153","2,03045268717735","2,2","1,65","2,29","169,6","23,5","49,5","1,45","41,3",5,"18,6495538219778","1,339756386406","39,7754800590842",51,"24,3",100,"6,28","57,65","4,64417836077985","3,02",1,"4,24242347036268","1,1","42,9","-20,8994708994709","58,85","8,4","40,52","1,495","13,46",7,"32,9","9,4","13,6","45,9","76,5","24,37","2,8","-7,08","87,4","9,15","16,7","0,241","5002,659",64,9,"23,7","0,219",70,"12,3","13,56"
01,240100891,CC Terre Valserhône (CCTV),,,38,,,"87,7887227014131",3,"28,3333333333333","14,7","5,5","24,62","5,37","11,8",25,"42,2","10,24","8,06","15,3","77,7","-1,8","29,6",1,"5,86415477674655","31,7747369868665","0,347089947089947","1,5","2,02","2,77","65,5","17,3","13,3","1,45","69,7",1,"39,1965410199557","0,57491580616846","38,7505658669081","68,5","24,7",92,"10,94","57,65","5,51818258934689","0,92",2,"4,57109578404056",8,36,"-16,6666666666667",60,"31,32","21,103","0,346","26,75",7,"35,9","15,1","18,1","40,3","52,3","18,65","4,2","-8,58","71,1","12,08","31,42",0,"3628,791",63,0,20,"0,133",70,"12,3","15,19"
02,200040426,CC du Val de l'Oise,,,1,,,"74,5211080961696",1,"32,75","19,8","2,4","5,13","6,71","8,9","35,8","53,8","18,61","18,43","15,1",89,"3,2","32,6","0,9","5,99823210001263","29,0797426398908","0,563987003458757","2,9",0,"2,53","155,5","9,8","31,2","3,13","2,3",1,"0,0205061214569979","0,242636586854071","31,727306593816","52,4","34,2",115,"28,43","44,73","5,94635153842719","3,79",0,"6,95173491716161","1,6","81,1","-20,9090909090909","68,74",,"85,286","3,328","4,62",4,"30,5","13,7","20,8","54,1",56,"20,65","2,8","-6,11",60,"13,53","15,66",0,"156,463",59,4,"20,2","0,458",95,"19,6","15,06"
02,200043495,CA du Pays de Laon,,,1,,,"75,6181508900549",3,33,19,"4,1","31,01","-2,18","9,3","26,9","56,5","6,24","1,83","16,4","82,4","0,6","32,7","1,5","3,95010892724618","36,5445699811025","0,786833855799373","2,7",0,"3,35","159,8","18,4",47,"3,13","33,4",1,"9,88950258904754","0,607967889897073","36,9417816226327",79,"11,4",107,"13,23","44,73","6,63134127207628","7,9",2,"4,43023092086736","-1,3","30,6","8,18181818181818","50,96","1,03","45,101","3,15","7,49",4,"40,6","22,2","23,6",40,"69,3","21,09","3,4","-3,94","133,6","10,32","10,32",0,"1064,765",60,1,19,"0,515",85,"19,6","16,62"
02,200071769,CC Picardie des Châteaux,,,2,,,"63,2502664929527",2,"32,5","19,6","3,9","8,2","-1,18","9,1",37,"44,9","15,88","32,09","16,1","87,6","4,8","34,8","0,8","5,8763566588715","27,8588150549253","0,214312801343518","1,6","0,2","3,6","140,6","13,2","18,4","3,13","40,5",0,"16,5207928222973","0,273222280124626","32,9947748488229","75,5","7,7",113,"10,63","44,73","6,3636414387442","7,8",0,"4,56759103803624","0,2","89,8","-14,8387096774194","90,19","7,57","46,461","2,87","8,13",4,"31,2","15,1","22,2","51,1","67,7","23,63","2,8","-7,85","55,9","14,56","15,28",0,"183,761",60,0,17,"0,466",91,"19,6","14,86"
02,200071785,CA Chauny Tergnier La Fère,,,1,,,"58,5636533221164",2,"33,8","22,7","1,9","19,95","-0,37","10,2","32,9","61,7","6,88","4,64","16,2","83,5","3,1","32,6","0,9","4,43699830620812","29,0174957972729","0,470615693413621","1,9",0,"3,13","171,8","10,8","35,7","3,13","28,4",2,"24,3521896864473","0,433738851014823","30,953623553548","74,7","17,3",111,"10,84","44,73","6,73550958455732","4,6",1,"5,02175562863648","3,2",35,"15,6565656565657","63,31","2,66","46,411","3,176","11,14",4,"36,2","20,7","23,6","42,3","61,8","17,31",3,"-8,83",78,"6,65","11,38",0,"363,885",61,5,"17,3","0,656",87,"19,6","16,91"
02,200071892,CA du Saint-Quentinois,,,0,,,"57,4424251583733",3,"35,25","22,6","1,4","23,41","-2,75","11,6","27,5","60,9","3,96","2,01","13,7","77,5","0,6","32,5","1,7","4,07175362739042","37,6786913556558","1,46305501930502",4,0,"3,66","203,9",13,"63,6","3,13","7,9",2,"0,338893023885243","0,604441966243168","33,945588307905","68,2","16,6",112,"8,77","44,73","7,08626510525869","4,03",2,"5,00003718762396","1,7","17,7","-39,453125","38,61","0,2","77,927","4,257","4,77",5,"41,7","23,2","23,6","39,2",57,"18,13","3,4",-6,"125,9","7,87","10,9",0,"419,567",60,2,"16,3","0,586",93,"19,6","18,4"
02,200071983,CC Thiérache Sambre et Oise,,,1,,,"53,7910782471665",2,37,"26,9","3,8","10,02","3,01","12,9","37,4","50,9","19,78","16,4",19,"85,5",4,"32,5","0,7","6,95291534520615","25,0991028583351","2,69784678295317","2,8","0,18","3,66","173,5","9,9","18,6","3,13","6,6",0,"0,0084697402012314","0,328301612640138","33,2695069411202","68,1","8,2",116,"9,04","44,73","7,11846123009476","25,01",1,"6,63370947519255","-0,8","67,2","-30,5949008498584","98,96","0,23","76,462","2,8","6,61",3,"34,1","24,4","29,1","61,3","46,5","22,99","3,1","-10,12","79,1","9,03","21,47",0,"192,078",55,0,"15,6","0,68",95,"19,6","18,9"
02,200071991,CC Retz en Valois,,,5,,,"68,7577472565395",3,"29,3333333333333","14,9","5,9","17,07","0,05",8,"32,1","55,4","19,05","16,56","15,4","81,3","0,1","39,2","4,7","6,39275717889353","36,1428637010513","1,40387679235263","1,7","0,09","2,42","104,5","13,1","55,3","3,13","37,5",0,"1,74994887430516","0,375353172999837","32,7687405668288","59,2","30,1",103,"13,03","44,73","6,23570041561627","3,46",0,"7,41054030115146",-1,"57,4","-51,2931034482759","57,09","0,86","53,757","4,621","6,03",4,"32,4","12,5","19,3","47,5","71,3","19,42","2,8","-8,25","70,2","12,13","21,52",0,"436,693",60,0,"18,7","0,542",83,"19,6","13,74"
02,200072031,CA de la Région de Château-Thierry,,,5,,,"130,6485271632",3,"34,1428571428572","18,8","4,8","16,09","5,52","9,5","31,3","45,1","14,19","16,19","15,6","77,4","0,5","41,6","1,1","6,58320542929526","30,7372194040278","0,44483075979139",3,"0,05","2,77","126,1","14,8","58,9","3,13","25,7",1,"0,982020981143956","0,365594936908974","36,2803166150447","62,1","18,7",109,"7,7","44,73","6,63833642174029","4,81",1,"6,27393646257008","2,2","50,9","-2,37203495630462","88,3","2,85","58,832","3,923","7,25",4,"35,3","15,4","21,5","46,6","55,8","29,22","2,9","-6,37","82,1","13,95","16,3","0,37","734,482",61,4,"16,2","0,63",84,"19,6","15,64"
02,240200444,CC de la Thiérache du Centre,,,0,,,"119,150911403137",1,"36,8571428571429","25,2","4,7","12,77","0,42","12,1","37,7","48,7","23,55","29,17","19,5","81,1","1,8","31,6666666666667","0,7","8,97017707362535","24,755393878575","1,03865264441396","2,5","0,11","3,11","157,9","13,4","16,6","3,13","11,3",1,"0,199566309375129","0,24393751666499","33,9523541549428","46,8","36,1",116,"8,55","44,73","6,65445070162982","6,21",2,"6,55768865955913","-2,7","66,9","-29,98712998713","99,78","3,93","73,837","1,774","9,28",3,"33,7","19,7","20,4","60,9","66,5","26,33","2,9","-8,9","96,2","15,74","22,68",0,"318,139",57,0,"14,7","0,503",94,"19,6","18,38"
02,240200469,CC du Pays de la Serre,,,0,,,"66,4401834097541",2,37,"23,1","3,6","8,25","-2,15","10,3","38,1",48,"31,77","32,73","17,7","85,8","3,6","32,6","0,9","6,33175619259672","27,0189431704885","0,0237713675213675","2,1","0,03","2,09","136,2","8,8","24,7","3,13","4,1",0,"1,80329309467647","0,163579321669777","28,9567360350493","50,7","19,6",111,"21,53","44,73","6,33315263458771","36,18",0,"7,02090520215262","-1,4","73,5","17,004048582996","63,81","1,98","85,936","3,338","6,06",4,"29,8","15,8","26,8",58,"66,1","21,43","2,7","-6,91",59,"16,67","21,98",0,"507,256",56,2,"17,3","0,414",85,"19,6","16,33"
02,240200477,CA GrandSoissons Agglomération,,,2,,,"62,65227065267",3,29,"20,2","1,4","32,8","0,67","7,5","26,8","59,8","3,42","4,35","15,2","79,2","-0,4","39,2","1,5","3,77523976585887","49,6737164871452","1,94756797746723","2,7",0,"3,62","203,5","22,3","59,5","3,13","21,3",2,"0,164542997407469","1,09310436120748","35,9071122984662","69,2","11,7",119,"12,04","44,73","7,12932124932869","3,43",3,"4,17582962807473","6,5","20,7","15,5339805825243","36,32","0,13","62,928","3,786","5,9",4,"40,8","22,2",23,40,"57,8","18,8","3,3","-6,04","113,5",7,7,0,"1206,681",61,1,"17,8","0,872",96,"19,6","17,35"
02,240200493,CC du Pays du Vermandois,,,0,,,"64,7130614085959",2,"36,2","21,9","1,7","7,6","0,72","10,1","35,5","58,1","18,15","15,73","15,2","85,6","2,1","32,5","0,9","4,79600764768787","30,8180759868769","0,381532810151945","2,3",0,"2,92","170,2","10,2","33,2","3,13","4,4",0,0,"0,226671074779921","28,4067386388969","54,1","24,4",110,"9,67","44,73","6,61255803614397","3,89",0,"5,30045878918156","3,2","58,1","-18,5507246376812","51,14","0,83","87,404","3,892","4,96",4,"29,7",18,"23,7","54,2","66,6","17,01",3,"-8,21","53,7","11,59","14,31",0,"162,097",55,0,"15,8","0,466",81,"19,6","15,73"
02,240200501,CC du Val de l'Aisne,,,1,,,"59,5599861475288",2,"33,6666666666667","17,1",4,"6,2","12,45","7,6","33,9",51,"17,16","18,92","14,2","88,1","1,2","35,95","0,9","6,95129165845001","28,4874076308249","0,383775754052832","2,5",0,"1,97","135,8",19,"34,5","3,13","26,1",1,"0,639430096158687","0,294088548120294","29,8124000193902","54,5","35,5",106,"18,03","44,73","5,43065320614882","3,45",0,"6,40023670973469","1,3","77,6","-29,9465240641711","74,82","1,18","61,887","3,311","6,7",4,"26,5","11,3","17,5","47,8","54,6","19,67","2,6","-7,41","44,8","12,16","19,34",0,"499,297",59,0,"17,4","0,547",80,"19,6","13,23"
02,240200519,CC du Canton d'Oulchy-le-Château,,,6,,,"72,3846291973424",3,"29,6666666666667","17,9","7,3","3,45","-2,47",9,"38,2","41,5","46,77","43,65","15,1","89,4","1,1","40,4","0,9","11,0187861271676","27,6543209876543",0,"1,7","1,09","1,81","126,4","13,6","22,3","3,13","17,6",0,"0,376612764493377","0,148857234707838","36,537779354381","45,5","32,6",98,"9,16","44,73","5,82078946036246","3,61",0,"9,44436569808647","0,2",100,"-42,4242424242424",100,"0,18","82,902","3,615",6,3,"26,4",10,"17,4","56,8",53,"23,3","2,6","-8,71","41,9","17,54","17,85",0,"214,615",58,0,"15,2","0,411",79,"19,6","13,8"
02,240200576,CC de la Champagne Picarde,,,0,,,"55,0930991457913",1,36,"18,4","2,7","6,68","1,23","9,8","35,8","38,5","23,73","31,37","14,5","87,5","5,1","32,7",1,"4,93815322657973","29,4404612314288",0,"2,7","0,5","1,92","128,9","15,4","45,7","3,13","21,6",0,"13,8007912855822","0,160362439738818","32,6402547532078","70,7","10,5",103,"16,99","44,73","5,62100387026064","4,79",1,"6,86981539199233","0,4","82,3","-27,6470588235294","82,09","2,21","65,603","3,059","6,84",4,"28,6","12,4","14,2","54,3",77,"20,28","2,6","-7,64","57,2","18,93","23,67",0,"427,086",60,0,"21,5","0,282",75,"19,6","14,62"
02,240200584,CC du Canton de Charly-sur-Marne,,,7,,,"160,18808878565",2,"31,8","17,2","5,2","5,46","-6,99","10,2","33,3","36,8","15,62","23,88","16,1","68,4","0,3","41,6","1,1","5,93259012973466","28,1784776902887","0,314012880302021","1,5","0,21","2,61","94,2","13,3","36,3","3,13","26,5",0,"0,0016897600540723","0,284652332695474","34,8338349234808","61,9","7,7",108,"24,08","44,73","6,01120831552431","3,91",0,"5,208542873512","2,2",66,"0,619195046439629","92,09","3,55","57,939","6,212","7,55",3,"31,4","11,5","18,7","48,1","60,4","24,77","2,7","-4,37","51,2","12,71","15,81",0,"115,259",67,0,"14,6","0,58",84,"19,6","13,07"
02,240200592,CC du Chemin des Dames,,,1,,,"74,8342752962625",2,36,"18,3",17,"3,79","-3,45","7,5","42,4","39,6","31,25","39,81",15,"88,3","4,9","35,95","1,1","8,90747136884203","27,9186402897743","3,85071684587814","2,1",0,"5,45","134,5","14,4","27,6","3,13","34,9",0,"1,17369036352502","0,135655416146393","38,0629020729092","75,1","10,9",106,"18,21","44,73","5,25296699301426","12,72",0,"7,82439556444283","-8,1","84,3","-32,6923076923077","99,05","1,56","51,971","2,918","7,21",3,"26,7","12,8","18,1","64,6","56,5","23,45","2,7","-7,39","41,5","17,7","23,63",0,"927,448",60,0,"17,4","0,638",81,"19,6","12,13"
02,240200600,CC des Trois Rivières,,,0,,,"66,2968381539054",2,36,"29,4","3,4","13,83",-2,"12,1","33,1","61,8","13,68","16,43","20,8","82,7","1,5","31,25","0,8","5,89094449853944","27,5705425002184","1,77011494252874","2,4","0,01","3,41","126,8","9,6","24,7","3,13","25,3",0,"21,581894340913","0,22934003662173","31,5597911977396",66,"20,8",119,"14,45","44,73","7,29486686240762","12,66",1,"5,97103708953461","-1,6","36,3","-13,3105802047782","98,12","5,11","56,548","1,16","12,09",3,"37,8","26,7","28,4","55,4","51,4","20,11","3,1","-9,53","90,7","9,88","10,31",0,"496,145",57,0,"13,8","0,494",94,"19,6","20,1"
02,240200634,CC des Portes de la Thiérache,,,0,,,"86,5193936691931",1,39,"27,8","7,7","7,72","-1,7","12,7","39,1",44,"25,82","36,26",18,"78,7",2,"32,7","0,5","10,6750864531649","21,539600296077","2,28247104247104","3,2",0,"6,01","172,8","6,5","55,3","3,13","2,6",0,"0,56737533822961","0,12225033192835","43,8247011952191","57,6","36,4",124,"10,94","44,73","7,14942540550542","10,52",0,"6,02244927327673","-2,1",100,"-37,1308016877637",100,"4,86","91,303","2,921","7,73",3,"33,8","23,3","25,9","50,1",76,"19,85","3,1","-11,16","80,3","9,17","29,93",0,"82,632",56,0,"14,9","0,512",114,"19,6","18,82"
03,200071082,CA Montluçon Communauté,,,38,,,"93,6395890433993",2,"32,6666666666667","24,9","3,8","18,76","-1,92","18,5","24,6","67,2","5,94","2,91","17,6","79,4","-0,2","28,8",1,"4,71539238800943","32,8365985827428","1,50304926432247","2,7","1,04","4,21","163,6",19,"53,7","3,97","12,4",2,"3,47724382748755","1,20463740076318","38,3176956892592","70,6","14,4",125,"11,36","48,43","6,49797946165709","3,7",3,"4,40214262348708","-1,5","18,7","-42,2459893048128","63,74","5,94","56,805","0,336","15,51",5,"46,4","18,8",16,"42,4","64,5","27,8","3,1","-4,2","120,6","11,62","13,62",0,"154,025",60,1,"21,4","0,403",144,"14,5","21,53"
03,200071140,CA Moulins Communauté,,,24,,,"83,9332368457911",2,31,"21,5",4,"16,49","1,03","10,6","29,6","49,3","12,91","12,7","17,1","78,5","0,3","28,9","1,2","3,26868598823273","31,8756437868714","1,32586353944563","3,5","1,47","3,89","120,1","33,6","53,9","3,97","18,2",2,"22,4300966165554","0,601177807919418","37,6412865162621",74,"11,8",119,"21,75","48,43","5,93356208072144","3,11",7,"4,24565050038491","-1,4","33,7","-34,1463414634146","97,2","4,36","63,194","0,629","15,49",5,"44,4","14,6","17,6","48,5",66,"32,44","2,9","-1,47","111,5","13,55","17,43","0,156","160,589",59,2,"25,6","0,283",122,"14,5","16,18"
03,200071363,CA Vichy Communauté,,,35,,,"65,519248123872",2,"35,75","21,6","7,3","11,32","-4,54","14,6","28,6","61,1","6,37","4,85","17,4","79,3","0,3","32,3","1,5","2,09303975593028","37,5630657367562","3,02959344115005","2,8","0,52","3,78","141,4","23,2","55,5","3,97","36,6",0,"5,06155193318065","0,806496683654853","43,7291153583776","68,5","16,3",131,"9,72","48,43","6,33844191001032","1,77",0,"4,01927585623474","-3,2",24,"0,188323917137476","69,96","3,47","40,895","0,447","16,59",7,45,"16,7","16,9","45,7","64,4","32,78","3,2","-4,34","103,2","13,44","16,05","0,118","194,827",60,1,"20,7","0,552",149,"14,5","17,28"
03,200071389,CC Saint-Pourçain Sioule Limagne,,,50,,,"121,749052357261",1,"31,8","22,1","10,1","4,69","-1,74","12,1","38,4","43,9","20,87","20,54","19,6","86,1","1,7","32,3",1,"1,09883582798765","26,6483050847458","1,38985371926548",3,"0,19","2,97","116,4","19,4","48,4","3,97","17,3",2,"8,40608384903687","0,624552666512402","42,8236384167704","55,6","21,6",120,"8,82","48,43","6,28235865850484","1,78",2,"3,91682830776465","0,6","54,9","-12,5156445556946","98,49","3,39","70,044","1,181","11,56",6,38,"13,6","16,3","58,7","66,9","35,1","2,8","-5,04","84,8","11,88","32,12","0,891","350,638",55,3,"22,3","0,555",129,"14,5","15,01"
03,200071470,CC Entr'Allier Besbre et Loire,,,30,,,"74,2997866579142",1,"33,4285714285714","24,7","8,9","7,56","-7,31",15,"35,8","40,1","27,83","34,39","20,5","82,8","0,5","30,05","0,7","1,02787599703972","22,5464984151666","1,41175004154895","2,2","0,61","3,7","129,4","14,1","43,3","3,97","9,2",3,"8,88184177342422","0,401993332631481","42,3759507424846","54,9","25,7",132,"9,97","48,43","6,63504063258797","2,47",1,"3,73757519479995","-1,4","58,7","-6,96078431372549","96,97","3,96","75,172","0,573","14,61",6,"36,7","16,4","14,5","55,4","64,2","35,36","2,7","-5,62","76,2","12,95","30,14",0,"171,838",54,1,20,"0,34",157,"14,5","16,34"
03,200071496,CC du Bocage Bourbonnais,,,46,,,"15,003581871345",1,"30,25",25,"12,9","6,72","-1,16","14,4","37,9","30,4","28,99","34,86","20,3","82,1","3,5","27,8","0,8","2,34363556466969","22,2222222222222","0,160810810810811","2,8","0,27","4,39","96,8","12,2",32,"3,97","12,2",0,"1,72264775413712","0,453895284272008","44,329675059178","63,7","7,8",134,"14,58","48,43","6,41419385975838","3,66",1,"3,55078465562337","1,4","65,7","2,1558872305141","98,2","10,29","71,771","0,373","14,78",7,"38,6","18,3","14,9","62,4","61,9","48,12",3,"-5,26",77,"24,4","27,44",0,"80,339",56,0,"22,8","0,291",153,"14,5","16,83"
03,200071512,CC Commentry Montmarault Néris Communauté,,,57,,,"9,08696333437794",2,"31,75","24,5","9,1","13,05","0,06","16,3","34,4","52,3","16,95","23,18","19,9","85,5",2,"28,8","0,7","1,65706620374024","25,2824777745913","0,895593120969318","2,2","0,12","3,16","165,7","16,2","34,9","3,97","11,1",2,"0,0020246238030095","0,447754505228147","36,7356339487928","53,9","36,8",134,"11,18","48,43","6,52133684757263","6,31",2,"4,41985766225729","-2,7","52,7","-43,3333333333333","96,78","5,02","72,072","0,391","14,74",5,"38,6","15,2","18,5","55,8","61,1","28,88","2,8","-4,97","84,2","16,3","25,45","0,395","75,621",56,2,"21,7","0,306",148,"14,5","15,72"
03,240300491,CC du Pays de Lapalisse,,,37,,,"86,4177409816677",1,36,"23,7","8,8","3,43","-2,92","13,2","33,9","37,7","35,59","24,22","21,1","84,5","1,7","32,3","0,7","0,354609929078014","22,7233304423244","0,825530756668481","2,1","0,56","2,36","107,6","22,6","38,5","3,97","17,2",0,"2,99392233765456E-05","0,595774112116052","43,1762935524945","50,5","39,7",132,"1,8","48,43","6,72850735951173","2,36",0,"6,38026672961171","2,6","60,2","13,4615384615385","93,71","3,76","68,604","0,265","16,11",4,"35,9","16,8",14,49,"50,8","33,69","2,8","-4,35","83,7","9,29","25,79","1,182","169,001",58,0,"20,7","0,3",143,"14,5","15,22"
03,240300558,CC du Pays de Tronçais,,,50,,,"44,2341942426688",1,"28,6666666666667","27,6","20,5","5,78","-0,93","14,4","44,6",29,"38,32","49,66","22,9","82,3","8,2","28,3","0,6","1,07657112097968","21,0968775020016","0,556073588709678","2,4","0,73","4,04","83,6","7,5","55,2","3,97","30,3",1,"3,15300359059184","0,339763381645436","47,3663261244527","64,6","4,4",151,"7,72","48,43","7,28876458213808","6,73",0,"4,76546184738956","-6,8",100,"-12,2448979591837","97,08","5,98","54,521","0,449","15,82",5,"43,5","19,3","20,2","61,4","56,2","46,56","3,1","0,27","84,4","23,33","25,2",0,"15,921",52,0,20,"0,262",224,"14,5","16,29"
03,240300566,CC du Val de Cher,,,51,,,"269,417152221413",1,26,"20,2","6,3","6,62",0,"12,1","34,4","38,7","15,74","26,1","19,4","89,3",1,"28,8","0,7","1,64804980772752","25,0127356087621","4,2884451479362","1,5","0,41","3,66","129,1","14,8","39,1","3,97","16,9",0,"0,0006278120749189","0,556763179315832","41,6666666666667",77,"20,1",119,"23,99","48,43","6,08222531436817","3,66",0,"2,52795815295815","8,5",100,"-41,2698412698413","96,55","4,32","67,03","0,473","13,93",4,"33,9","11,4",15,"52,8","41,9","31,13","2,5",-3,"47,7","16,57","16,57",0,"50,287",58,0,"25,4","0,469",135,"14,5","13,71"
03,240300657,CC du Pays d'Huriel,,,35,,,0,1,"33,6666666666667","21,4","9,7","4,03",0,"19,7","37,5","35,5","36,91","32,52",19,"90,9","6,1","28,8","0,7","1,6366612111293","22,7764533284431",0,1,"11,64","2,73","111,3","6,7","16,2","3,97","7,3",0,"0,005006421850017","0,328332863667949","35,5323142933762","64,4","5,8",126,"9,21","48,43","6,07872791114843","1,36",0,"3,8183275447502","-8,8",89,"-19,941348973607","97,45","3,69","67,718","0,598","13,59",2,"33,3","15,7","13,8","56,2","35,7","32,73","2,8","-5,23","35,5","17,29","21,64",0,"42,907",56,0,"22,2","0,216",124,"14,5","13,59"
04,200034700,CA Durance-Lubéron-Verdon Agglomération,,,28,,,"1918,44384040843",3,"22,2","15,7","16,2","10,63","17,84","9,4","29,2","28,2","5,65","8,39","17,6","82,8","0,1","43,3","1,9","2,95346718195243","37,6035734226689","1,46646401739818","3,7","1,12","2,98","191,2",29,"55,5","2,68","48,7",0,"86,5628616143413","0,863365661296957","53,7603045700864","70,2","14,4",117,"9,54","43,15","6,65173178552547","1,89",3,"4,58626656199433","4,3",13,"-20,1785714285714","35,13","18,09","38,159","2,087","23,54",9,"38,5",16,"16,7","46,5","61,3","31,36","3,3","-7,39","93,4","11,2","22,64","0,314","1479,56",58,1,"24,6","0,17",116,"10,9","18,39"
04,200067437,CA Provence-Alpes-Agglomération,,,16,,,"140,108442745554",3,"23,5","18,2","19,1","12,91","2,85","8,7","29,3","37,1","12,68","12,65","18,3","81,6","-0,4","40,85","1,2","2,58588843738456","32,9160082654674","2,49489493445755","2,3","4,59","3,49","220,6","24,7","39,9","2,68","79,8",1,"79,0483400698259","0,281751285131279","52,6587814332571","78,3","9,6",123,"16,44","43,15","6,78173882755272","3,49",2,"5,55059002343206","-1,3","26,2","17,1745152354571","49,45","43,1","22,967","1,286","27,2",9,"42,9","16,3","16,6","56,3","58,1","44,25",3,"-1,14","98,6","19,17","22,39","0,205","391,81",59,3,"24,4","0,138",133,"10,9","16,55"
04,200068625,"CC Alpes-Provence-Verdon ""Sources de lumière""",,,22,,,"348,271952932912",3,"17,6","24,2","62,8","5,05",-1,"5,9","26,6","19,9","37,42","56,99","21,4","70,5","-0,5","39,5",1,"14,1017780502759","29,5897780766644","2,07603686635945","3,6","40,73","6,13","126,6","17,7","36,5","2,68","92,4",0,"58,1567281105991","0,0870208488150645","95,960895291999","80,2","17,4",137,"10,44","43,15","7,27406655844156","27,15",4,"5,60174825174825","41,8","54,1","-13,0434782608696","79,72","15,35","14,321","0,032","28,28",7,"45,1","21,5","15,6","69,2","49,3","78,57","3,2","-3,22","90,1","50,9","57,22",0,"125,204",54,0,17,"0,072",195,"10,9","22,02"
04,200068765,CC du Sisteronais-Buëch,,,30,,,"117,718664823227",3,"27,8","21,5","21,2","7,94","0,1","9,5","30,5",37,"24,32","27,22","19,5","78,6","0,7","39,0333333333333","1,5","9,41841299740994","28,931870669746","3,48906738063365","2,4","10,96","3,14","147,6","10,1","30,1","2,68","74,9",1,"81,1094330528388","0,137873241930898","63,5557593824046","66,5","19,7",129,"13,01","43,15","7,33620229289521","3,92",1,"5,34617831861926","-4,7",47,"-2,03488372093023","96,01","37,65","25,965","3,32","27,14",9,42,"18,3","17,9","60,9","51,6","44,46","3,1","-6,39","104,3","18,85","28,82","0,785","297,715",54,1,"19,5","0,105",164,"10,9","20,67"
04,200071025,CC Haute-Provence - Pays de Banon,,,45,,,"102,137576795246",3,"26,5","17,8","24,1","1,98","-6,86","7,2","31,6","30,2","23,39","32,33","17,7",80,"-1,1","40,8666666666667","1,4","5,07008648971071","30,9669352597944","0,112448132780083","2,2","2,41","1,99",156,"18,2","15,6","2,68","63,8",0,"99,8453582606173","0,198553961602361","51,33972227655","58,9","24,4",133,"16,13","43,15","6,92700913341782","0,99",1,"5,79881717140818","25,9","61,8","-22,8668941979522","88,39","34,66","36,291","0,63","25,99",8,"37,4","17,4","16,1",64,"34,3","52,09","3,5","-6,06",63,"15,81","24,52",0,"83,121",58,1,"16,6","0,194",148,"10,9","19,8"
04,200071033,CC Jabron-Lure-Vançon-Durance,,,31,,,"291,695945945946",2,"26,6666666666667","13,6","16,3","6,16","17,32","8,9","28,1",34,"32,91","17,04","15,7","90,4","2,3","39,7","1,4","6,11904320415353","31,0274148091212",0,"2,7","11,77","1,85","202,8",22,"42,6","2,68","82,4",0,"14,9019148866998","0,183289618702652","46,3112547119009",73,"4,3",122,"20,89","43,15","5,95960478192041",,0,"6,39893007260222","2,5","54,4","33,8983050847458","76,8","61,5","24,692","1,69","26,71",9,"30,4","14,1","17,6","61,4","55,6","38,2",3,"-1,74",57,"13,86",16,0,"306,947",57,0,"20,2","0,18",123,"10,9","18,1"
04,200072304,CC Vallée de l'Ubaye - Serre-Ponçon,,,4,,,"196,402651962715",3,"27,5","19,6",70,"5,68","-1,83","4,3","38,2","24,4","21,67","24,68","18,8","72,4","2,7","38,4","0,8","13,1233595800525","30,6366514245515","4,08364753526044","3,8","14,25","6,56","172,7","61,5","52,1","2,68","91,9",0,"61,0297849462366","0,0804466338931287","100,720333628207","83,1","12,6",118,"17,17","43,15","6,15588077336198","1,31",0,"7,3822919367384","-8,1","33,3","-31,6091954022989","69,54","39,95","10,226","0,021","29,41",7,"41,3","16,9","10,9","62,4","55,3","56,96","3,1","-1,8","99,4","11,77",51,0,"11,374",57,0,29,"0,054",137,"10,9","32,51"
04,240400440,CC Pays Forcalquier et Montagne de Lure,,,41,,,"51,338745239527",3,"22,5","21,9","20,7","6,51",26,"9,9","26,7","26,1","17,06","23,5","17,8","79,1","5,4","43,3","1,3","6,00240096038415","31,551901336074","0,288102893890675","3,4","0,13",3,"219,6","27,4","39,5","2,68",68,0,"97,4281036309352","0,252994834990957","56,7981165391407","75,6","15,5",137,"19,48","43,15","7,68754412506304",1,2,"4,62773575390822","26,9","48,2","5,97826086956522","65,39","41,57","32,397","0,683","26,41",7,"41,8",20,"21,7","65,1","53,2","64,03","3,4","-0,41","91,4","11,08","27,85",0,"150,088",58,0,"17,4","0,176",161,"10,9","21,46"
05,200067320,CC Serre-Ponçon Val d'Avance,,,22,,,"36,1862280814028",2,"27,3333333333333","15,6","16,8","5,1","-1,7",7,"25,8","31,1","20,3","27,16","16,4","87,1","1,2","41,3","1,3","8,52525766636977","31,3877846042645","0,0989911727616645","3,5","5,92","2,54","151,2","16,6","24,4","3,39","62,8",0,"29,0626793473805","0,28473067736568","49,2414822183537","64,4","6,5",113,"7,44","43,93","5,64585834333734","20,36",0,"5,76496848739496","-3,2","84,1","9,03954802259887","90,53","35,27","34,136","1,997","28,79",7,"30,6","12,3","11,9","55,3","49,6","34,1","2,7","-3,01","44,1","17,75","17,75",0,"78,339",57,0,"24,3","0,045",91,"18,6","17,15"
05,200067445,CC Buëch-Dévoluy,,,38,,,"291,328234677842",2,28,"20,7","52,2","8,27",0,"4,9",37,"31,6","22,27","26,13","17,6","82,1","4,7","41,3","1,2","9,48212983223924","29,6115787919067","6,58573197152584","3,8","9,94","5,21","137,5","40,1","55,4","3,39","81,7",0,"48,8782441525152","0,11178780169698","72,6776508642475","73,7","22,6",129,"11,74","43,93","6,57779957857448","5,21",0,"6,08743052586576",0,"38,4","12,2448979591837","91,82","51,96","17,77","0,459","27,9",7,"37,1","16,2","15,6","66,2","62,9","50,54","2,9","-2,41","77,1","12,05","31,5",0,"60,649",57,0,"26,2","0,043",143,"18,6","23,94"
05,200067452,CC du Guillestrois et du Queyras,,,18,,,"427,24453154634",3,29,"17,2","73,8","4,93","3,78","3,1",24,"28,1","21,37","38,42","17,6","74,4","-1,8","35,9","1,1","19,610307982401","29,3103448275862","12,1724905789654","6,7","24,27","6,29","199,6","34,4",30,"3,39","94,9",0,"86,4844882192044","0,0755581391339451","136,474908200734",85,24,109,"7,81","43,93","5,7652635418891","6,29",0,"7,79658694569009","-13,6",43,"-26,2135922330097","78,28","49,68","6,873","0,057","29,1",7,"39,3",15,"9,3","69,6","68,3","67,5","2,9","-3,48","107,9",30,30,"2,514","189,718",58,0,"32,1","0,057",134,"18,6","35,38"
05,200067742,CC Serre-Ponçon,,,20,,,"134,314562069784",3,25,"15,7","50,5","11,94","-1,3","4,1","25,3","22,8","17,53","16,44","17,5","76,6","-2,4","41,3","1,5","11,2717615815875","34,4635544635545","1,54397106109325",5,"3,52","3,54","149,9","30,7","53,8","3,39","79,6",0,"59,0166677382024","0,238601861998556","81,8896740369273","81,6",12,126,12,"43,93","6,00820928480503","2,36",2,"5,3585500394011","4,2",24,"-23,134328358209","56,64","18,95","19,72","0,07","28,23",7,"41,1","13,8","14,1","62,2","67,2","45,74",3,"-1,75","87,6","11,18","11,18",0,"443,355",57,0,"35,3","0,043",141,"18,6","26,42"
05,200067825,CA Gap-Tallard-Durance,,,31,,,"54,6141690235557",2,27,"13,5",5,"15,15","1,27","8,3","23,2","47,9","6,38","5,38","15,9","71,6","0,2","41,3","1,8","1,04447904144414","39,3900812416636","4,80949152542373","4,6","0,37","2,96","187,4","28,8","62,3","3,39","52,7",0,"44,3901211982621","0,91445988051414","53,5799499895016","79,2","9,5",114,"16,33","43,93","5,78490684217852","3,74",7,"7,52619753037323","0,9","17,8","-25,4237288135593","24,5","26,39","37,494","3,099","27,39",7,"43,8","14,2","14,4","40,8","58,1","37,31",3,"-4,58","120,8","14,41","15,88",0,"311,516",,0,"29,5","0,071",122,"18,6","18,94"
05,200068096,CC Champsaur-Valgaudemar,,,24,,,"454,194670873872",2,"28,5","20,2","60,3","3,03","0,63","5,3","23,3","27,1","24,93","38,07",17,"81,8","2,5","41,3","1,2","14,6599583622484","32,8452380952381","7,66194968553459","5,6","17,24","5,2","175,6","13,4","22,6","3,39","81,8",1,"79,3280455894933","0,157813966461809","86,3739782590377","80,4","19,5",130,"14,68","43,93","5,15588660466425","4,34",0,"5,47147846332945","10,2","47,1","-25,9351620947631","88,12","37,62","20,705","0,066","26,08",7,"36,3","14,8","13,6",66,"56,8","49,44","2,9","-3,5","79,6","25,52","25,52",0,"122,188",55,0,"29,2","0,053",132,"18,6","23,08"
05,240500439,CC du Briançonnais,,,18,,,"334,248963978323",3,"23,5","16,9","61,7","17,99","1,91","4,8",24,"36,5","7,2","7,4","12,9","67,5","-4,2","35,9","1,2","7,17791734839289","33,8338808071328","4,49038388445458","5,9","6,6","5,28","150,5","31,4","64,7","3,39","95,6",0,"90,4067964706687","0,0987137212859149","87,891226269882",86,"14,1",101,"13,36","43,93","5,50399729492616","2,11",2,"5,20742067553736","-44,6","19,2",40,"42,11","30,43","4,248","0,075","23,84",7,"43,5","14,6","10,2","55,7",63,"55,79","3,1","-1,63","115,7","12,92","12,92",0,"212,93",59,0,"33,9","0,08",110,"18,6","32,06"
05,240500462,CC du Pays des Ecrins,,,23,,,"422,536132663928",2,26,"18,1","61,6","10,66",0,"4,4","37,6","39,8","13,34","18,09","15,9","81,9","1,3","35,9","0,9","8,96384077787906","28,6758563074353","4,62157382847038","4,1","0,31","3,04","140,7","44,2","43,1","3,39","96,1",0,"99,9875275409522","0,0690290703807643","97,7699010485896","83,2","21,6",111,"13,34","43,93","5,51860939151442","7,6",1,"6,89083496904726","-25,2","52,2","-16,6666666666667","16,47","55,06","4,536","0,079","26,63",7,"34,7","15,1","9,5","57,2",54,"49,23",3,"-3,97","69,2","19,5","19,5",0,"60,552",54,0,"34,9","0,058",109,"18,6","29,03"
06,200030195,Métropole Nice Côte d'Azur,,,21,,,"147,598897833679",12,12,"12,7","16,9","12,66","12,31","10,6","25,4","47,2","4,64","3,1","12,3","55,3","-3,1","46,1666666666667","2,4","2,94761130926","49,225019426088","1,53316549552688","3,6","1,33","3,9","267,5","22,8","97,9","3,98","86,8",7,"52,2682811273249","0,40479927161262","61,7656072605192","73,8",11,106,"10,31","38,24","5,74234401082382","1,2",21,"3,57701820120552","2,8","2,8","-45,5519828510182","0,22","7,61","8,773","1,376","24,24",8,"43,1","18,2","14,7",35,"50,8","25,11","3,9","-5,95","96,8","16,9","32,61",0,"1949,297",,2,"20,7","0,892",112,"12,2","14,99"
06,200039857,CA du Pays de Grasse,,,23,,,"253,731394354149",7,"11,5","12,2",14,"11,29","17,2","7,8","25,7","35,1","4,28","4,54","13,9","82,9","-0,3","38,15","2,5","4,71063917485304","47,9537815732152","0,984278414978383","3,5","1,18","3,04","208,9",24,"65,3","3,98","77,4",4,"74,6678335198942","0,565497054135244","55,6711959140407","66,4","18,4",107,"9,52","38,24","5,39984055835949","2,85",3,"3,62044903215502","-16,2",5,"-29,3286219081272","2,51","53,37","13,222","0,904","28,44",7,"32,9","12,4","17,1","41,3","58,9","25,03","3,4","-4,46","77,9","26,48","32,87",0,"3667,438",63,4,"24,2","0,658",100,"12,2","11,91"
06,200039915,CA Cannes Pays de Lérins,,,10,,,"28,9287719431954",11,11,"14,8","37,5","13,28","8,3",4,"24,1","47,4","1,64","0,62","12,7","65,7","-2,4","35,7",3,"3,58198262738426","53,6151454323612","1,86121727843081",4,"0,12","4,35","235,8","21,8","107,8","3,98","38,5",3,"14,54044079959","0,917745772557337","74,5338080092069","74,2","13,8",120,"6,54","38,24","6,24085024761422","0,51",5,"3,48361589068826","46,9","0,4","-50,3225806451613","0,12","89,24","2,659","23,794","26,21",6,"45,7","17,5","17,6","35,4","58,1","20,08","3,9","-6,72","110,6","1,2",6,0,"2317,649",62,0,"20,5","2,194",156,"12,2","14,53"
06,200039931,CC Alpes d'Azur,,,20,,,"641,619929185635",8,14,"23,9","53,4","5,21","-0,83","6,4","27,4","15,1","41,15","67,84","20,9","74,1","0,9","40,6","1,1","7,88816774837743","30,2679776363987","10,8522727272727","1,9","40,3",3,"133,6","0,1","51,3","3,98","97,1",0,"74,3702731868007","0,0522677441473329","78,5987636149544","79,6","13,3",123,"9,9","38,24","7,21396822115243","11,98",2,"5,15412445730825",-18,"54,8","-20,3252032520325","18,47","24,42","8,627","0,154","27,71",6,"38,2","18,2","17,6","70,8","37,7","44,63","3,2","-4,84","66,7","41,18","65,18",0,"476,891",58,0,"15,1","0,214",156,"12,2","18,32"
06,240600551,CA de la Riviera Française,,,20,,,"30,2298613119586",13,7,"14,4","42,5","10,19","21,15","5,9","27,9","35,7","6,66","10,92","11,4","45,2","-1,9","59,5","1,6","5,22705901875104","47,8948272899124","0,607695374800638",3,"9,58","4,29",155,"7,1","70,8","3,98","93,9",0,"63,1074214903577","0,111121851371312","56,0881482592628","83,8","10,2",104,"8,25","38,24","5,94077735668193","1,24",2,"6,4166046618596","32,5","7,2","2,02702702702703","0,99","13,99","10,937","0,093","24,96",6,"40,9","16,5","14,4","44,5",43,"25,08","3,7","-7,83","52,6",35,"36,6",0,"3016,596",62,0,"19,3","0,505",127,"12,2","14,75"
06,240600585,CA de Sophia Antipolis,,,24,,,"162,861500965543",8,"11,3333333333333","12,1","28,7","10,84","19,53","5,9","22,3","41,4","4,28","2,57","11,7","72,4","-2,9","38,15","3,1","2,80448500198379","52,5497160787812","1,53607553555633","3,5","1,5","3,48","200,9","22,3","82,4","3,98","74,3",4,"65,6061272745965","1,02297368557326","60,3512785427179","58,9","9,8",110,"5,15","38,24","5,22670176859836","2,34",6,"5,72553360933979","-6,2","1,8","-38,2585751978892","0,32","10,98","10,516","0,925","22,51",6,"40,1",13,"12,6","37,1","61,7","22,97","3,9","-6,82","105,8","10,17","18,08","0,109","6123,535",64,2,"26,5","1,105",123,"12,2","11,71"
06,240600593,CC du Pays des Paillons,,,20,,,"128,403335363283",6,"10,6666666666667","13,7","13,7","4,85","7,83","9,4","31,8","23,1","16,13","14,91","14,6","81,9","-1,2","50,05","1,8","5,69401661532717","40,8579668348955","0,246463932107496","2,2","5,53","2,33","197,9",11,"40,7","3,98","86,3",2,"5,48154029376737","0,443104168244987","47,7642276422764",76,"9,8",115,"16,56","38,24","5,62351107647779","0,93",0,"3,93599020371813","15,6","40,2","-49,2753623188406","0,52","72,71","7,415","0,626","23,51",7,"30,8","10,4","14,1","47,2","45,9","28,38","2,9","-4,16","43,4","5,82","20,55",0,"1294,346",63,1,"22,2","1,453",115,"12,2","12,61"
07,200016905,CC du Pays de Lamastre,,,72,,,"35,2479425407751",3,32,"23,3","29,8","7,07","-6,61","8,5","36,5","26,5","41,74","35,47",20,"79,6","-0,5","32,8","0,5","2,84516322252171","23,0926430517711","7,24756493506493","2,1","5,17","1,5",94,"4,4","56,2","2,58","59,1",0,"63,7066178440654","0,217641757435398","49,3754592211609","65,4","10,7",125,"9,83","55,04","6,15913661061909",,0,"4,89278227014076","-7,4","55,1","-4,54545454545455","81,78","15,23","26,783","0,944","28,19",4,"37,8","20,6","15,2",72,"76,1","43,73","2,9","-3,44","81,5","25,36","38,55",0,"86,701",51,0,"20,2","0,453",176,"12,6","17,14"
07,200039808,CC des Gorges de l'Ardèche,,,66,,,"81,7007585497557",1,"28,5","19,1","39,2","5,1","14,63","7,2","26,8","23,8","17,99","23,41","18,5","82,9","2,3","33,6","1,4","2,80594349850137","32,6088853975735","6,48132530120482","2,9","0,56","2,55","181,6","21,1","30,3","2,58","73,7",1,"16,3132065466291","0,900854338952955","74,1644761547127","77,1","13,3",131,"20,71","55,04","7,11654949381327","1,91",0,"4,80669291338583","14,9","43,2","-24,5421245421245","28,98","32,2","14,19","8,349","22,17",6,"37,7","15,5","20,2","57,5","62,5","39,16",3,"-6,37","91,9","17,4","26,5",0,"530,104",57,0,22,"0,605",177,"12,6","22,26"
07,200039824,CC Ardèche des Sources et Volcans,,,66,,,"417,47673939893",2,27,"23,1","36,2","4,55","3,54","8,2","32,6",30,"19,88","35,96",20,"79,4","-4,6","33,6","0,7","5,33223954060706","28,6316776007498","0,114629440472137","2,7","11,64","4,1","157,3","19,1","16,2","2,58","90,2",0,"100,005544317075","0,240198337150679","53,7990565090836","78,9","8,5",139,"27,53","55,04","6,85493099589705","7,18",0,"3,66339425587467",-32,"37,9","64,0625","15,58","35,44","5,707","0,089","28,64",6,"37,9","19,2","18,2","60,5","65,3","42,56","2,9","-1,14","63,7","16,44","18,5",0,"187,694",56,0,"19,2","0,474",169,"12,6","22,16"
07,200039832,CC Pays des Vans en Cévennes,,,66,,,"113,766239270955",4,"27,25","22,2","37,4","4,14",0,"7,7","25,4","25,7","27,89","29,95","18,7","82,1","1,4","33,6","1,2","2,51677852348993","27,9121863799283","2,62696772141835","3,3","6,61","3,15","136,7","27,6","27,5","2,58","82,1",0,"79,8578680203046","0,451176358035079","65,1659985610032","77,2",9,148,"10,06","55,04","7,71656436513934","1,05",0,"5,30130627226601","10,2","52,9","-12,5","34,78","20,29","12,822","4,783","17,12",5,"41,5","23,1","20,1","60,2","61,9","53,48","3,7","-2,93",88,"10,67","40,6",0,"112,036",56,0,"16,3","0,461",189,"12,6","21,43"
07,200041366,CC Rhône Crussol,,,72,,,"88,1118105688709",1,"27,6666666666667","10,8","4,2","6,44","18,74","6,2","21,8","52,5","6,19","6,84","13,9","83,4","-2,9","29,3","1,6","3,67035613924414","39,5053475935829","5,620499549955","3,2","2,11","2,58","163,9","26,2","64,8","2,58","48,9",0,"7,94313900456078","0,890158142993139","41,9790525931542","67,3","14,8",116,"6,86","55,04","3,79322140617473","0,86",0,"3,25693663846655","-4,9","19,7","-11,5606936416185","34,96","18,13","24,612","3,455","25,51",6,"33,5","8,3","10,4","42,2","77,2","22,05","2,8","-5,38","64,6","11,69","11,92","0,287","602,308",62,0,"31,4","0,728",112,"12,6","12,69"
07,200041465,CC Val Eyrieux,,,75,,,"86,8754356106654",2,"33,75","23,2",31,"7,97",0,"12,2","30,6","35,6","29,52","33,76",21,"80,6","-0,5","33,2","0,6","2,11536896916443","30,1409096116394","9,46364182692308","3,6","8,67","3,25","104,2","2,2",41,"2,58",76,0,"76,815506508206","0,154558800217972","55,1789374113196","54,9","8,2",138,"13,46","55,04","5,83972883017405","4,07",1,"3,60488310859331","-7,9","50,1","36,5957446808511","74,46","32,51","20,556","0,069","28,29",5,"40,7","15,4","15,8",55,"61,5","41,01","2,8","-5,14","101,2","16,34","46,24",0,"32,319",54,0,"19,8","0,379",193,"12,6","14,97"
07,200071405,CC Ardèche Rhône Coiron,,,71,,,"50,1698235319498",3,30,"17,7","6,5","11,31","0,18","10,7",27,"37,2","10,23","11,83","19,2",88,"0,2","36,55","1,8","2,21095070880479","30,8802308802309","3,28501195854372","2,3","3,11","2,6",158,"19,3",45,"2,58","61,8",3,"2,10528729145356","0,566092992015393","37,9269429612679","49,3","7,5",108,"12,72","55,04","6,43532970887408","2,6",0,"3,92568397053665","-0,8","37,6","-3,68098159509203","46,79","23,48","19,804","4,269","24,57",7,"33,6","15,8","16,6","51,1","50,7","28,14",3,"-6,84",78,"12,13","15,4","1,301","1537,418",61,0,"25,7","0,811",81,"12,6","14,95"
07,200071413,CA Privas Centre Ardèche,,,75,,,"92,2427104909749",2,31,"19,6","11,6","13,13","2,13","10,3",30,"42,4","12,93","14,01","18,7","82,2","-1,9","31,45","1,2","7,33645812105156","31,9139133868632","3,71771523178808","1,9","2,49","3,17","137,3",23,38,"2,58","70,7",2,"62,6489904005296","0,31809623153658","44,4365839099772","73,1","13,4",118,"20,15","55,04","5,90622125096171","3,62",6,"4,65296207173141","-11,3","34,8","-6,2780269058296","47,63","24,23","25,752","0,588","27,75",9,"39,2","15,2","16,4",53,"65,8",36,"2,9","-4,36","100,7","14,24","19,29",0,"1017,178",59,1,"26,6","0,672",116,"12,6","15,94"
07,200072007,CC Montagne d'Ardèche,,,67,,,"89,8308075565705",3,32,"22,4","58,1","3,22","-11,63","5,6","32,3","33,5","53,46","75,54","20,8","69,2","-0,3","29,45","0,4","0,830047727744345","27,0983213429257",0,"0,7","41,61","2,08","122,6","13,2","19,5","2,58","77,5",0,"43,0783786489695","0,0909201546672563","87,9657910812462","61,7","15,6",134,"14,38","55,04","6,11724401576192","6,23",0,"5,12412515438452","-3,1","62,2","-10,3274559193955","87,91","25,32","28,949","0,021","27,69",5,"39,4","22,9","13,6","78,7","30,7","61,84","2,9","-3,54","82,3","25,25","45,54",0,"16,29",52,0,"14,5","0,262",229,"12,6","19,95"
07,200072015,CA Annonay Rhône Agglo,,,63,,,"48,9277891854894",2,"31,2","15,8","3,8","15,6","3,73","10,5","24,1","50,4","7,74","5,53","15,5",87,"-0,5","30,8","1,2","6,2194491912729","32,2384811431517","2,17304625199362","2,6","1,06","2,98","144,5","27,9","41,1","2,58","46,2",1,"2,94660194174757","1,33132127050751","35,8877130530674","60,2","24,5",114,"15,08","55,04","5,35436364117741","0,99",2,"3,87243111898192","-2,5","29,2","-33,7696335078534","43,51","14,48","29,236","2,866","23,93",7,"35,5","12,7","13,7","42,6","67,4","27,12","2,8","-6,41","94,7","8,17",10,"1,192","589,294",60,0,"24,4","0,631",101,"12,6","16,49"
07,200073096,CA Arche Agglo,,,68,,,"66,4510627444312",1,"30,1666666666667",14,"5,9","7,07","9,11","7,7","23,9","45,2","11,5","9,86","15,9","83,4","-0,7","29,8333333333333","1,5","2,80979705140575","33,5173105870547","3,15236169191746","2,9","2,74","2,2","138,9","22,8","41,4","2,58","34,7",3,"3,52421102869529","0,814242055641877","40,4742301992426","53,3","25,8",109,"13,41","55,04","4,75947480228112","1,52",2,"4,12207873143372","-3,1","31,7","-15,6908665105386","55,91","20,5","38,172","7,118","17,07",7,"33,9","11,3",12,"47,9","70,7","25,95","2,8","-5,1","81,1","9,98","17,85","0,846","1024,37",61,2,"27,7",1,90,"12,6","15,03"
07,200073245,CC du Bassin d'Aubenas,,,70,,,"52,0984717345072",2,30,"18,2","12,3","8,76","-1,95","10,8","26,4",34,"10,15","6,17",17,"86,1","-1,6","33,6","1,4","4,78551094532247","34,0261047786847","1,408406052881","2,5","2,8","2,94","209,1",24,"64,1","2,58","73,6",1,"78,3544203844869","1,05185894037992","52,8653193055786","75,2","12,1",125,"15,96","55,04","6,31858962647724","2,21",4,"3,80107324657088","-10,2","26,4","2,30414746543779","13,33","39,62","15,374","3,204","25,04",7,"41,2","17,3","18,7","44,3","62,8","32,22","3,1","-3,68",110,"9,54","11,54","0,245","344,123",58,0,"24,4","0,86",135,"12,6","17,83"
07,240700302,CC du Pays Beaume-Drobie,,,66,,,"74,806967572305",3,32,"22,6","37,5","4,13","22,6","5,2","27,4","24,3","29,87","27,83","18,5","80,1","-3,5","33,6","1,6","1,41766630316249","31,2149831919321","0,0960362639679527","3,2","16,38","3,27","133,9","23,3","28,9","2,58",84,0,"95,804790719324","0,459214848404482","61,6621983914209","74,9","10,7",141,"20,85","55,04","7,32041805562266","3,27",0,"3,72066283395333","-15,6",48,"11,9047619047619","16,22","35,48","9,665","9,035","23,86",5,"38,1","23,2","22,5","62,9","59,8","49,73","3,4","-1,36","93,7","14,89","35,89","1,091","269,169",58,0,"18,6","0,581",166,"12,6","22,04"
07,240700617,CC Val de Ligne,,,66,,,"46,6846758349705",2,"30,3333333333333","22,6","26,3","7,51","3,38","10,1","30,3","30,4","23,69","24,09","20,1",85,-3,"33,6","1,2","2,48015873015873","27,8936910084451","1,0871945259042","2,4","0,8","4,96","115,3","20,6","22,6","2,58","74,1",0,"49,5504310344828","0,653434798082069","47,005795235029",86,"6,5",131,"35,18","55,04","7,59922972625476","1,65",0,"3,70299459990182","-12,6","39,1","-18,2795698924731","11,66","31,52","6,549","7,49","19,58",5,40,"18,6","26,8","58,9","53,5","53,41",3,"0,4","79,4","13,73","20,27",0,"117,514",60,0,"19,6","1,033",160,"12,6","21,03"
07,240700716,CC du Val d'Ay,,,69,,,"8,10236486486487",1,"31,5","17,2","19,2","4,79","-7,58","9,9","27,7","35,3","26,98","37,27","15,4","90,4","4,1","30,8","0,8","5,44310256846402","25,9215219976219","0,357588357588358","2,4","5,05","3,4","134,5","17,1","8,9","2,58",61,0,0,"0,441978733977153","39,5743265713336","77,2","4,4",124,"16,09","55,04","4,75554301088184","1,7",0,"4,32739196233395","-3,5","60,9","-13,1313131313131","81,07","23,73","18,634","0,332","27,79",5,"30,7","10,8","10,5","51,9","68,9","40,65","2,5","-6,29",34,"17,5","17,5",0,"502,162",58,0,"22,8","0,315",116,"12,6","14,49"
07,240700815,CC Berg et Coiron,,,71,,,"89,5659168028151",2,"28,25","16,9","17,3","7,22","2,07","9,5","31,6","29,2","19,78","18,12","18,1","84,5","-0,8","33,6","1,7","1,62886856283674","29,8769116001492","0,860606060606061",2,"6,17","1,25","121,5","24,8","25,9","2,58","59,8",0,"2,25444565414625","0,293734048499552","44,5042181195745","74,9","4,1",113,"13,1","55,04","6,2988179560298","1,25",0,"4,21931745009659","-9,2","58,1","20,8791208791209","76,49","30,65","44,181","1,428","27,96",6,"33,7","15,3","15,5","58,6","45,3","35,84",3,"-3,52","62,1","9,77","18,38",0,"370,461",56,0,"20,5","0,556",106,"12,6","18,08"
07,240700864,CC du Rhône aux Gorges de l'Ardèche,,,66,,,"92,4573618987608",3,"28,3333333333333","17,4",10,"8,45","13,44","11,4","29,9","35,9","11,52","7,8","17,1","87,7",1,"36,35","1,5","1,67145468790807","28,8413284132841","2,62140141227594","1,8","1,23","3,13","163,2","22,8","35,1","2,58","64,3",0,"7,77741482128613","0,449814343818767","39,7773692810458","74,3","7,8",119,"21,64","55,04","6,29806660925792","3,13",0,"6,43866328257191","8,7","33,7","-21,1538461538462","19,66","28,53","20,421","11,15","14,32",6,"34,3","16,9","15,9","53,1",65,"31,24","3,1","-8,66","55,1","9,22","22,78","1,045","567,3",56,0,"27,1","0,536",109,"12,6","15,79"
08,200041622,CC Ardennes Thiérache,,,32,,,"365,385461401487",1,34,24,"9,4","3,01",0,"11,5","31,3","45,6","26,73","38,63","16,9","84,8","-1,1","27,7","0,6","1,37362637362637","22,5419664268585","1,28867676102699","3,1","0,36","5,28","177,5","12,3",34,"2,92","26,1",0,"96,8345743332027","0,289198781414117","44,5708376421923","65,4","14,5",111,"28,21","44,08","6,8146824990117","6,34",0,"6,77985036384134","1,7",74,"-15,2941176470588","97,08","7,44","60,848","0,779","13,19",3,"33,1","19,6","18,6","63,2","51,6","32,23",3,"-7,7","57,9","23,57","24,05",0,"85,832",57,0,"12,9","0,41",96,"20,3","15,15"
08,200041630,CA Ardenne Métropole,,,34,,,"52,5938706165672",2,31,"21,1","1,7","30,53","2,45","11,1","24,6","68,6","3,24","1,45",16,80,"-0,8","28,4","1,5","2,64994185080578","34,8423709238162","3,13620386643234","3,3",0,"3,9","183,8","28,4","56,5","2,92","43,8",4,"33,63595774227","0,96495677758069","36,4538500267983","69,7",20,111,"11,66","44,08","6,71808272255373","2,41",6,"4,11862592528551","-3,1","21,9",-35,"50,35","6,63","34,31","0,688","14,26",6,"40,2","22,1","21,4",40,"60,7","23,13","3,3","-7,19","115,7","7,46","7,67",0,"419,678",60,2,19,"1,014",101,"20,3",18
08,200043156,CC du Pays Rethélois,,,44,,,"186,732962308795",1,"35,6666666666667","19,8",3,"14,49","-0,21","8,5","29,6","50,4","12,81","19,13",16,"85,2","1,4","33,7","1,1","0,399720195862896","28,437082554101","2,15563725490196","3,5","0,08","3,33","119,4","11,4","56,6","2,92",4,4,"3,45825314128103","0,294698492344774","41,8991678903573","65,4","18,5",110,"8,84","44,08","5,50901937451014","2,33",0,"5,63722735179981","1,6","59,5","-1,04895104895105","100,01","3,95","90,761","2,878","8,07",5,"31,5","13,9","19,3",55,"73,8","23,82","2,8","-6,84","68,8","13,62","14,11","0,666","494,697",60,1,"19,7","0,339",83,"20,3","13,85"
08,200067759,CC Vallées et Plateau d'Ardenne,,,34,,,"35,1139434001239",1,34,"24,8","4,7","11,97","1,35","11,8","29,1","56,5","10,17","21,22","17,4","87,3",1,"27,7","1,1","1,5433386168349","30,1799382301598","2,69745192763096","2,1","0,23","3,75","139,9","26,6",38,"2,92","64,3",0,"96,2797325996718","0,914342933588528","37,331150225133","53,3","38,5",106,"11,46","44,08","7,06079509895675","3,75",0,"5,17981592379728","-1,8","52,5","7,47663551401869","85,55","9,38","17,774","0,395","15,38",6,"32,9","17,2","21,4","53,4","59,8","22,65","2,9","-7,83","63,9","19,39","19,39",0,"283,258",58,1,"16,5","0,53",96,"20,3","15,11"
08,240800821,"CC Ardenne, Rives de Meuse",,,34,,,"75,3949365128523",1,"36,6666666666667","24,7","5,1","15,31","-8,7","14,6","30,6","63,8","4,62","13,33","17,9","82,2","2,3","27,7","1,3","0,427134702753077","28,6797771662528","4,36168642951252","2,3","0,08","3,88","124,9","26,9","34,2","2,92","75,9",1,"99,9156236355698","0,463566711370731","38,1574946792338","58,3",18,110,"13,6","44,08","7,5737714585947","4,27",2,"5,26041432109885","-3,9","24,8","-10,2564102564103","25,98",,"8,892","0,606","15,94",8,"37,1","21,3","23,5","51,1","54,8","21,98","3,1","-10,36","92,3","11,47","46,79",0,"280,48",57,1,"16,6","0,71",105,"20,3","17,22"
08,240800847,CC des Portes du Luxembourg,,,34,,,"76,1420631278364",1,"39,6666666666667","23,6","3,9",11,"2,24","11,9","33,5",57,"17,88","27,21","17,9","84,2","0,1","29,1","0,6","0,821692686935086","23,0763282035419","2,56622893185813","2,7","1,97","4,11","132,5",20,"25,8","2,92","25,3",1,"14,8743533870204","0,273090190873949","36,0728520256294","50,8","25,2",110,"7,64","44,08","6,85074820778962","8,22",0,"5,78860816265511","3,8","76,5","-35,036496350365","96,37","4,27","65,309","0,918","12,31",4,34,"18,8","19,6","53,6","57,6","22,6",3,"-9,87","62,7","20,86","22,8",0,"266,889",58,0,"16,1","0,548",95,"20,3","16,7"
08,240800862,CC des Crêtes Préardennaises,,,38,,,"222,034026465028",1,"37,2","21,8","7,6","2,41","-0,87","10,9","33,6","42,2","31,89","42,88","16,4","86,2","1,6","30,1666666666667","0,9","0,969797727902466","24,6711670958313","2,16767745793115","2,5","0,69","2,77","108,5","13,3","38,1","2,92",22,0,"5,48311461239244","0,238464845847319","40,023516642547","59,8",15,111,"14,31","44,08","5,34132162480377","2,77",0,"7,11991758241758","0,2","77,8","-30,1336573511543","99,72","8,12","61,56","1,26","11,31",4,"31,1","14,1",16,"62,1","57,5","32,1","2,8","-9,57","46,5","17,85","19,98","0,924","137,934",59,0,"16,5","0,48",89,"20,3","14,48"
08,240800920,CC de l'Argonne Ardennaise,,,45,,,"116,188860971524",1,"38,8333333333333","25,8","9,4","8,81","-3,94",14,"36,8","48,6","30,11","43,92","19,5","79,6","4,2","31,4","0,6","0,606575275991751","22,4504701908153","2,37372516796365","3,2","0,93","4,25","108,5","16,7","30,8","2,92","23,5",3,"4,24185918454184","0,143056010794875","47,5938033810449","59,5","15,2",126,"12,96","44,08","6,42210033816265","1,82",0,"7,06561847296357",0,"79,1","-30,5651672433679","97,51","4,1","66,21","1,766","10,58",4,"37,2","17,8","20,5","65,4","67,7","34,45",3,"-9,74","88,7","17,82","37,17","0,607","250,339",55,1,"16,4","0,298",132,"20,3","15,81"
09,200044469,CC du Pays de Mirepoix,,,13,,,"152,591102697586",1,"35,6666666666667","21,2","14,1","1,86","23,68","10,9","26,7","32,3","23,75","21,7",17,"83,8","2,6","34,7","1,2","1,60619803476946","26,1663819161519","8,38410814375206","1,7","2,01","2,83","133,4","8,4","16,1","2,29","41,5",0,"2,41995311433574","0,302737154033628","49,8253355396213",76,"10,4",130,"16,11","42,67","7,03197954721389","0,94",0,"6,6396995912159","9,2","72,2","16,2790697674419","97,61","39,31","47,567","0,712","24,09",8,"37,5","18,7","21,1","63,1","37,6","50,08",3,"-5,56","66,5","15,42","17,18",0,"347,49",56,0,"26,1","0,599",145,"20,1","19,63"
09,200066223,CC Arize Lèze,,,13,,,"99,1137784219585",2,"32,5","20,1","13,9","0,89",0,"9,1","33,4","26,2","23,07","35,28","19,1","80,2","1,1","33,5","1,3","0,27114967462039","23,3125433125433",0,"3,8",1,"4,52","150,9","17,6",41,"2,29","24,9",0,"38,4508936701616","0,263950749486646","58,1581759885999","68,1",18,122,"29,5","42,67","6,84036247727931","8,13",0,"4,11709385948737",-2,"67,2","-19,6560196560197","99,42","34,95","56,408","0,805","17,15",8,"38,4","21,9","17,4","65,4",44,"53,69","3,2","-2,89","70,1","21,67","29,37",0,"143,392",54,0,"25,3","0,78",130,"20,1","17,5"
09,200066231,CC des Portes d'Ariège Pyrénées,,,10,,,"91,7876158694846",3,"29,75","18,3","3,3","7,89","-0,48","9,3","24,9","45,1","10,19","4,95","17,6",79,"-0,5","34,7","1,3","0,639732296638945","31,1044153436088","1,61038186157518","3,7","0,21","2,21","249,5","22,2",67,"2,29","10,8",0,"0,80697102176354","0,901852352428364","47,3816656680647","67,7","29,4",105,"13,15","42,67","6,31868375277104","1,72",2,"6,30511606713414","5,3","26,8","-15,8110882956879","97,26","20,72","68,478","1,371","12,05",8,"38,5","16,7","17,1","50,8","62,3","30,36","2,9","-9,6","102,7","8,88","23,88","1,476","390,413",58,3,"27,1","0,541",93,"20,1","22,18"
09,200066363,CC de la Haute Ariège,,,6,,,"340,446739741428",1,"31,6666666666667","25,5",66,"7,49",0,4,"22,1","26,7","25,31","49,59","19,4","74,8","1,3","35,6","0,7","0,839278220730172","26,4743317776835",0,"2,8","12,2","4,2","97,2","36,2","40,7","2,29","94,6",0,"55,2749488138944","0,041741127107541","98,3206933911159","74,5","13,5",135,"7,11","42,67","6,62166228659699","2,8",1,"8,28240415671956","-10,6","48,5","63,2478632478632","63,95","59,77","5,566","0,013","27,78",8,"44,8","16,8","16,8","71,5",64,"65,6",3,"-3,91","107,4","35,51","42,12",0,"402,221",53,1,"25,4","0,219",227,"20,1","25,83"
09,200067791,CA L'Agglo Foix-Varilhes,,,10,,,"51,219405349986",1,"31,5","17,4","9,5","4,6","1,29","9,4","24,9","45,6","10,58","4,27","16,6","83,6","-2,8","34,7","1,4","3,10368139634933","31,4710471567268","1,66662016369048",4,"1,25","3,07","228,7","24,8","63,9","2,29","61,3",1,"50,2082178925731","0,444995670066503","47,5806210586091","78,6","7,2",112,"15,22","42,67","5,92166365791884","0,92",7,"5,4536652835408","-0,1","41,1","-20,9302325581395","75,17","33,64","32,687","0,207","26,19",9,"39,2","15,1",17,"53,5","56,5","41,61",3,"-2,57","107,5","9,69","10,95","1,536","243,881",61,0,29,"0,519",122,"20,1","17,3"
09,200067940,CC Couserans-Pyrénées,,,11,,,"169,490392954834",3,35,"22,6","36,9","2,35",0,"8,9",31,"34,3","27,88","36,65","19,7","80,6","-2,2","37,35","1,1","2,333100023331","25,3230959988555","5,3557516737675",3,"12,34","3,33","114,5",15,"36,9","2,29","73,7",0,"99,3566602668481","0,124699268833476","65,479274611399","75,2","9,6",134,"13,72","42,67","7,40276411427043",2,3,"6,01614628601992","1,9","57,7","1,34803921568628","75,06","21,44","22,092","0,083","28,08",9,"44,1","23,8",18,"64,6","56,2","60,46","3,5","0,11","95,7","16,54","17,76","2,333","87,759",56,0,"21,4","0,345",175,"20,1","21,38"
09,240900431,CC du Pays de Tarascon,,,8,,,"114,134142032741",2,35,"22,9",32,"6,88","-0,69","7,2","37,7",34,"14,54","13,54","18,4","82,6","-4,2","34,7","0,7","1,16536534203473","23,6190476190476","1,5372197309417","2,6","3,13","2,33","175,7",15,"48,1","2,29","86,8",0,"75,9085210227018","0,212027460688972","58,5466651360349","69,1","18,8",131,"4,01","42,67","6,99987219031714","1,17",0,"4,53691995705595","0,9","48,3","70,3125","45,36","16,55","22,958","0,033","28,4",8,"39,5","19,9","17,6","66,9","46,4","41,84",3,"-3,45","78,3","20,2","24,9",0,"152,681",59,0,"23,1","0,455",165,"20,1","17,2"
09,240900464,CC du Pays d'Olmes,,,13,,,"173,607450050796",1,39,"27,2","18,5","5,36",0,"9,9","35,6","45,2","9,77","12,22","19,2","83,4",-3,"34,7","0,8","0,744551238662515","25,0953623770327","1,01190149226403",3,"0,99","4,06","223,9","4,3","14,9","2,29","76,3",0,"28,7587144324292","0,198295405931101","50,4520074448285","69,9","13,9",150,"5,13","42,67","7,63480173891395","4,06",0,"5,22796434077351","6,7","30,8","20,8333333333333","68,51","58,01","18,664","0,025","28,48",8,"41,1","22,8","24,1","56,7",51,"35,26","2,9","-3,56",94,"7,75","7,75",0,"158,203",55,0,"18,9","0,517",212,"20,1","19,19"
10,200000545,CC des Portes de Romilly sur Seine,,,0,,,"65,8354712180642",3,31,"24,8","2,8","27,02","-2,15","11,2","29,2","63,1","2,67","3,1","18,5","75,8","0,6","40,1","0,8","0,583678234108033","28,1107333657115","1,29390003935459","2,3",0,"4,24","123,8","11,8","45,6",3,"19,5",0,"1,3825183490611","0,749084999265223","36,3948766010622","73,2","19,5",122,"9,66","40,9","7,60806337837105","1,59",2,"5,79608226165283",2,"21,4","-43,75","44,26",,"55,637","3,326","7,74",7,"41,2","26,2",25,"39,7","55,1","18,84",3,"-12,32","112,8","5,33","5,33",0,"1023,118",61,2,"16,9","0,298",93,"14,3","18,41"
10,200006716,CC du Nogentais,,,14,,,"70,2549815274665",2,"32,6666666666667",22,"8,2","21,2","-2,86","11,9","30,8","39,8","11,43","21,21","18,6","80,5","1,9","40,1","1,2","0,427715996578272","27,1404533306939","0,338181401740724","2,2","0,03","3,06","95,4","15,6","37,5",3,"18,2",1,"2,65999391336692","0,287206977352313","31,304347826087","43,6","9,9",108,"5,89","40,9","6,70471294425294","3,06",0,"4,60994888862475","-8,1","42,2","-36,9565217391304","69,89","3,93","67,46","4,034","7,74",7,"34,4","14,5","22,7","54,1",61,"20,77",3,"-4,44","106,1","9,3","18,61",0,"1700,75",56,2,"15,7","0,265",90,"14,3","13,94"
10,200040137,CC des Lacs de Champagne,,,29,,,"121,19905421753",1,"40,75","25,5","8,3","13,29","-3,56","11,2","31,2","37,3","24,9","30,77","20,8","82,8","-0,2","29,15","0,8","0,222816399286988","24,1350352704065","0,978247486148163","3,3","4,34","3,34","104,4","26,1",40,3,"17,3",0,"65,8533152603637","0,116862169386361","45,0164293537788",67,"13,5",124,"7,97","40,9","7,08570893296833","1,11",0,"5,91135852692431","0,6","54,6","-34,6801346801347","100,01","5,71","67,871","3,215","8,63",6,"38,8","14,7","21,5","62,8","68,1","31,31","2,9","-4,19",91,"10,79","34,63",0,"414,02",56,0,17,"0,332",151,"14,3","15,02"
10,200066892,CC de Vendeuvre-Soulaines,,,32,,,"77,1157413630864",1,37,"21,6","7,7","13,07","-12,97","10,6","33,9",34,"40,28","36,07","18,5","84,9","0,6",28,"0,7","2,58187253702949","23,7017033651849","0,180325255102041","2,1","1,44","1,36","97,2",29,"42,9",3,"33,9",0,"74,1781700368674","0,103821316775215","39,3407761828815","53,4",21,117,"10,24","40,9","6,90300001862787","2,72",0,"6,47124788107967","-8,7","69,9","-31,8801089918256","97,36","4,76","58,813","3,587","8,56",7,"33,3","13,1","17,5","58,6","50,6","29,08","2,8","-5,29","79,7","12,74","41,21",0,"571,505",54,0,"15,3","0,289",118,"14,3","15,5"
10,200069003,CC du Barséquanais en Champagne,,,38,,,"178,726555700609",2,"34,3333333333333","26,1","8,2","11,39","-4,48","15,5","35,1","36,2","26,11","36,55","20,6","83,6","3,5",28,"1,4","0,927947598253275","26,1794634597595","0,0608128834355828","1,9","0,87","3,28","93,2",25,"28,8",3,"42,5",0,"17,8982104966209","0,152755835666376","40,8434246866369",40,"11,1",118,"10,81","40,9","6,3957127667654","6,55",1,"4,87841573631047","0,9","54,1","-15,5674846625767","97,43","6,93","45,614","5,65","8,07",5,"35,9","12,8",17,"60,4",59,"27,46","3,4","-3,34","93,9","12,98","31,28","0,546","506,161",56,0,"14,7","0,272",121,"14,3","18,53"
10,200069250,CA Troyes Champagne Métropole,,,22,,,"64,378930665038",4,"33,3333333333333","20,2","3,2","27,07","3,09","7,1","23,9","56,7","3,98","3,14","15,6","77,9","-1,8",28,"1,5","3,66298279594395","36,836089544247","3,21558214052088","3,4","0,22","2,56","118,4","22,5","57,5",3,"19,4",5,"15,3442872663329","0,868498816359988","34,5751943600747","66,9","14,2",108,"13,63","40,9","6,21221639338282","1,25",11,"3,9592213400195","-0,3","18,8","1,82370820668693","45,39","4,56","60,723","2,74","7,25",6,"42,8","18,7","17,3","36,7","55,3","20,41","3,3","-4,07","107,9","13,32","13,52","0,171","2908,797",,3,"19,2","0,391",84,"14,3","17,48"
10,200070126,CC Seine et Aube,,,0,,,"65,7660158932601",2,31,"20,8",4,"11,96",0,"8,5","32,9",36,"17,24","40,46","18,4","88,1","1,2","34,05",1,"1,7624596103006","24,7361572936244","2,80574374079529","2,3","4,17","2,94","77,8","12,9","27,4",3,10,1,"8,11545393686596","0,308070294784872","33,6959661114855","49,8","18,1",112,"9,28","40,9","5,83878553878554","2,94",0,"5,45297297297297","2,1",100,"-20,6766917293233","90,05","1,69","83,731","3,558","6,56",6,"31,6","9,5","15,5","51,2","61,8","24,09","2,5","-7,49","54,3","20,24","20,48",0,"737,46",60,0,"16,9","0,204",92,"14,3","12,86"
10,200071041,CC du Chaourçois et du Val d'Armance,,,34,,,"100,036594835954",1,"36,6666666666667","23,5","11,8","8,15","-1,05","13,3","38,5","27,3","31,8","51,43","19,3","83,7","1,9",28,"0,6","0,971534052268532","21,8373717853427","0,321581943473485","2,1","0,29","2,91","71,4","5,3","22,9",3,"32,6",0,0,"0,104663384115623","39,3812867716834","65,4","14,2",130,"7,22","40,9","6,58107224583197","6,8",1,"5,19469870327994",1,"80,4","-22,3057644110276","98,27","4,48","58,099","2,001","8,12",3,"33,7","13,5","17,7","56,9",48,"32,35","2,8","-5,31","54,9","19,14","25,1",0,"707,914",57,0,"15,4","0,272",126,"14,3","16,53"
10,200071777,"CC d'Arcis, Mailly, Ramerupt",,,33,,,"81,2379015170777",2,39,"23,5","3,8","10,06","-13,32","11,3","30,3","39,8","30,9","37,58","19,8","78,7","-0,8",28,"0,8","0,593119810201661","24,0654205607477","0,240238450074516","2,6","6,81","2,54","104,5","12,7","30,6",3,"17,6",6,"2,24498959408748","0,179452657521953","34,7948845706693","65,2","32,5",102,"19,88","40,9","6,12209741478034","10,17",1,"4,83609073852976","1,8","59,6","4,33333333333333",100,"7,47","71,958","3,492","7,08",7,34,"12,2","13,6","56,7","70,2","25,08","2,8","-12,91","101,6","29,31","35,67",0,"620,329",59,3,"14,5","0,162",97,"14,3","22,84"
10,241000223,"CC Forêts, Lacs, Terres en Champagne",,,37,,,"20,680297940704",1,31,"17,6","4,8","8,69","-2,75","8,2","29,7","28,6","25,6","39,88","14,7","89,4","1,7",28,"1,2","0,734106592277199","26,6557978398207","4,39753086419753","3,2",0,"2,94","92,2","25,5",36,3,"14,8",0,"75,0452902468411","0,294390863871834","38,5057471264368","67,2","8,7",107,"11,98","40,9","5,13361006683375","1,47",0,"5,42777777777778","1,7","80,4","-46,0905349794239","98,12","1,71","70,093","2,659","9,38",6,"26,5","8,4",10,"58,4","69,8","23,64","2,6","-5,35",42,"19,27","21,4",0,"1689,655",61,0,"20,1","0,146",85,"14,3","13,75"
10,241000405,CC de la Région de Bar sur Aube,,,29,,,"83,7796801505174",1,39,"27,7","7,1","25,44","-1,28","13,7","29,4","52,2","23,1","21,61","21,9","78,8","2,9",28,"1,1","2,27639191880869","26,0448213204119","0,571934439498179","2,2","0,29","4,74","99,3","23,9","31,4",3,"47,5",0,"70,9925390070922","0,0448060930113544","40,9609720176731","49,6","12,9",122,"10,02","40,9","7,15843036375124","2,85",0,"5,76216265005867","-1,9","53,6","-9,11270983213429","97,12","18,26","38,973","5,009","8,32",4,"41,6","17,5","22,7","56,2","61,5","29,78","3,3","-3,6",117,"8,96","43,56",0,"127,025",56,0,"15,6","0,365",151,"14,3","19,23"
10,241000447,CC du Pays d'Othe,,,20,,,"783,894461175854",1,"30,5","23,5","15,4","11,14","-4,66","10,6","35,1","38,5","31,52","32,57","18,8",89,"4,9",28,"0,9","2,25225225225225","24,2429977289932",0,"2,1","0,31","1,32",96,"2,1",53,3,"37,4",0,"0,283018867924528","0,138584197883515","35,7422384555179",57,"21,4",128,"5,28","40,9","6,85707414058491","3,97",0,"5,50910723447922",1,"69,9","-31,0344827586207","89,7","7,74","52,526","2,387","6,46",4,"35,2",14,"18,3","58,8",54,"27,03","2,9","-6,23","52,8","26,21",33,"1,325","1394,469",59,0,"11,8","0,187",122,"14,3","13,06"
10,241000488,CC de l'Orvin et de l'Ardusson,,,28,,,"75,6452874925904",1,"34,6666666666667","19,5","7,6","12,44","-2,39","8,2",32,"35,3","34,37","37,83","17,3",85,"3,5","34,05","1,1","0,118217283366828","25,2605546723194","0,107971393685679","1,8","14,86","1,18","86,1","7,4","22,8",3,"9,9",1,"0,011662469085381","0,138990413750873","29,653654581258","53,2",18,115,"18,12","40,9","5,45452243064819","3,55",0,"5,00023637867864","5,2","75,9","-19,2926045016077",100,"6,52","84,638","3,215","7,5",5,"29,3","9,2","20,8","51,3","63,6","23,29","2,6","-6,72","40,8","17,6","20,28",0,"491,139",62,0,"15,9","0,141",96,"14,3","11,94"
11,200035707,CC Piège Lauragais Malepère,,,31,,,"25,8180413963547",1,34,"18,7","9,9","5,3","26,09","12,1",32,"29,7","20,24","21,84","16,6","83,8","3,1","35,6","1,2","0,552181115405853","26,9252494822067","1,46611909650924","1,9","1,17","3,68","156,9",16,"46,9","2,77","11,4",0,"36,4336659275684","0,306177134655072","38,7528103183055",63,"15,6",118,"12,59","48,42","6,51221703279297","1,23",0,"4,55027561300133","-0,9","49,4","2,80612244897959","80,87","19,44","74,258","3,411","9,7",5,"34,1","18,1","17,6","59,6","54,2","35,71","2,9","-6,78","65,3","19,29","20,84","0,614","523,607",56,0,"21,3","0,839",110,18,"17,44"
11,200035715,CA Carcassonne Agglo,,,39,,,"64,1152099238318",2,"35,1428571428572","15,8","7,2","12,28","2,91",10,"28,3","39,1","5,18","5,97",16,"82,1","-0,7","40,25","1,4","2,04525788604243","33,9275850640742","0,873434220326359","2,5","1,27","3,76","204,4","25,1","64,5","2,77","37,2",1,"20,3668138639751","0,644283379072666","47,0903718380105","77,3","7,2",118,"14,87","48,42","6,69557048027917","1,84",7,"3,64415490536597","-4,5","28,3","-8,42648323301806","20,32","28,02","37,371","9,299","9,61",5,"38,2","21,4","21,2","51,5","48,9","31,66","3,2","-5,42","105,2","13,57","17,19","0,437","1679,42",,0,"22,3","1,155",120,18,"18,34"
11,200035855,CC Castelnaudary Lauragais Audois,,,46,,,"50,8948352082809",3,32,"13,8",6,"9,08","16,41",9,"30,5","32,4","15,1","10,94","15,2","76,5","-3,9","34,1","1,4","0,90002520070562","29,6404610356098","0,591549295774648","2,8","3,8","2,52","152,7","21,1","72,5","2,77",12,1,"31,4137667304015","0,766047372303052","43,1458791496492","67,5","18,2",104,"13,39","48,42","5,80540490684376","2,16",2,"4,48636782881387","-1,8","47,9","-29,6442687747036","56,86","22,24","66,494","2,154","8,93",6,37,"15,8","16,1","55,3","50,9","32,58",3,"-8,97","94,4","11,4","13,14","1,44","746,326",60,0,"23,3","0,996",100,18,"22,28"
11,200035863,"CC Région Lézignanaise, Corbières et Minervois",,,46,,,"96,5957639119038",2,31,"16,3","16,9","5,24","3,24",10,"29,7","18,2","8,7","13,96","15,5","83,3","1,5","40,25","1,2","1,1106775132831","29,2458557086155","0,345607269269375","3,2","4,39","3,6","202,9","18,4","37,1","2,77","56,5",0,"57,5020341247192","0,379599802652758","50,5208487030425","65,9","13,4",130,"15,05","48,42","7,01867533402775","1,5",2,"3,67311789239956","-5,8","52,3","-22,1662468513854","19,84","29,51","26,913","11,288","10,91",4,"34,5","21,7",25,"58,5",46,"35,06","3,1","-6,83","83,6","21,26","32,87","0,3","345,265",54,0,"18,2","0,985",127,18,"19,49"
11,200042463,CC de la Montagne Noire,,,33,,,"461,566015293118",1,33,"19,9","28,9","5,99","-3,53","9,2",35,"22,6","33,07","62,81","17,6","82,5","0,9","36,5","1,2","1,17213663764233","24,554148358749","1,05808080808081","2,8","7,7","3,35","108,1","13,1","27,7","2,77","66,5",0,"18,6472230632085","0,351885215765479","48,4977139124755","72,2","3,9",137,"6,19","48,42","6,9003169979438","1,67",2,"4,88639479095271","11,5","72,9","6,34920634920635","94,34","40,1","26,55","0,845","27,34",5,"37,7","21,2","12,8","64,2","36,4","49,56",3,"-3,11","65,4","21,77","24,86","3,349","197,583",58,1,"16,9","0,732",158,18,"17,22"
11,200043776,CC Pyrénées audoises,,,35,,,"125,862739322533",1,"36,25","27,7","36,1","6,21","0,91","11,5","31,2","33,7","26,8","37,92","20,6","75,3","-0,8","35,7666666666667","0,9","1,47907114332199","23,6008164142228","4,04101479915433","2,1","16,15","5,18","173,3",19,"37,2","2,77","80,5",0,"75,7128765211507","0,0806211000984427","70,8233760590919","71,8","7,8",157,"9,81","48,42","8,01412518324283","2,96",2,"4,4509322156381","-2,1","45,6","11,849710982659","94,72","46,59","19,239","0,377","27,94",7,"45,7","28,1","25,4","65,3","61,7","75,28","3,4","-3,9","90,8","19,9","35,79","0,74","52,864",,0,"16,1","0,618",265,18,"22,23"
11,200071926,CC du Limouxin,,,37,,,"67,0485555795692",2,31,"18,2","13,4","5,76","13,99","10,1","32,4","29,8","16,77","15,02","15,8",82,0,"35,7666666666667","1,1","1,2198184623112","28,4948855333658","1,66452544207867","2,1","4,22","2,87","179,5","20,5","53,2","2,77","55,2",0,"23,6813269049109","0,346481699187566","50,4283965728274","68,5","9,3",132,"24,48","48,42","7,16162711090826","2,87",2,"4,32486203891955","-3,5","50,6","-23,3910891089109","54,93","45,05","34,181","6,903","14,2",6,"38,7","21,9","20,8","62,2","48,8","58,37","3,2","-4,02","92,4","14,67","33,17","1,435","544,501",57,0,"21,5","1,221",157,18,"19,78"
11,241100593,CA Le Grand Narbonne,,,41,,,"83,1686125646532",4,"24,5","12,7","39,8","12,76","5,24","5,4","21,3",21,"3,62","3,98","17,9","80,4","-0,3","40,05","1,4","3,43593522096748","35,2919244526781","2,70737296667197","3,7","0,14","3,53","230,2","28,7","60,5","2,77","30,2",3,"62,9357783403415","0,905268340904769","50,0653990821959","71,7","12,8",125,"10,07","48,42","6,93752869601998","1,13",7,"6,15815109420184",-10,"18,5","-15,6779661016949","6,59","21,91","25,717","16,14","10,72",6,"41,1","20,2","21,6","48,7","50,3","29,42","3,3","-7,06","100,8","10,03","14,78","0,226","477,968",53,6,"20,1","0,761",137,18,"17,65"
12,200067064,CC Decazeville Communauté,,,53,,,"102,450085441817",2,33,"27,2","8,8","12,25","-11,83","18,8","35,1",52,"12,17","7,34","20,9","87,1",-2,"29,8","0,7","4,07184292726461","24,7475971246265","0,576509511993383","2,9","0,64","5,02","172,9","10,4","38,1","2,48","46,3",1,"0,666684578183772","0,347690107530041","43,0043705822047","68,8","26,9",147,"11,11","50,98","7,25843857722461","2,79",2,"3,52087337177023","3,4","34,8","-3,53982300884956","78,69","7,27","42,248","0,251","21,73",5,"42,5","18,6","19,1","51,7","55,1","34,64","2,8","-1,15","102,9","8,17","8,17","0,558","123,563",58,1,"19,6","0,382",187,"10,1","17,66"
12,200067155,"CC Saint Affricain, Roquefort, Sept Vallons",,,68,,,"87,423998819972",2,39,"19,9","15,8","7,67",0,"13,1","28,1","47,4","22,29","19,35","19,4","78,6",3,"38,7","0,8","0,892591490627789","23,2372505543237","2,39480452674897",3,"7,34","4,46","207,9","39,3",44,"2,48","44,8",0,"99,906287591376","0,197137771469733","50,3211235796457","60,1","22,7",125,"8,47","50,98","5,5649407726759","0,74",3,"4,04768532083211","-1,6","46,2","-14,5833333333333","87,15","14,31","42,914","0,276","22,41",5,"41,2","15,4","14,2","63,5","70,9","60,62","2,9","-4,61","109,3","18,14","18,14","1,488","654,245",58,0,"26,9","0,215",146,"10,1","16,67"
12,200067163,"CC Monts, Rance et Rougier",,,79,,,"83,413140311804",1,"35,5","24,8","36,5","2,68",0,"9,7","34,1","35,4","47,69","69,67","22,1",72,"3,8","38,7","0,6","1,4233749802309","16,2007332722273",0,"1,3",33,"4,74","133,4","32,9","26,1","2,48","48,7",0,"100,020103344952","0,160956894525173","58,0635354917161","55,2","13,1",141,"40,46","50,98","5,88064926798218","3,16",0,"6,08131763208148",-2,86,"-12,280701754386","95,69","14,92","41,011","0,197","21,69",3,"40,9","19,4","11,9","69,1","71,3","81,13","2,9","3,94",91,"30,78","30,74","3,163","331,357",54,0,"21,6","0,217",180,"10,1","17,64"
12,200067171,"CC Aubrac, Carladez et Viadène",,,22,,,"893,925529788085",1,39,"23,2","33,5","2,67","-3,73","12,1","34,6","34,4","46,26","51,4","18,9","68,8","3,9","30,5","0,9","1,10797743755036","19,6791003839825","0,130621693121693","3,6","29,59","7,05",158,"25,9","67,1","2,48","34,8",0,"84,7515691224494","0,133377242972544","66,9493196608164",52,18,153,"24,85","50,98","5,56248063980175","8,06",0,"6,41464616597674","0,5","67,5","-12,7153404429861","86,06","2,4","74,845","0,053","21,49",4,"39,3","18,9","7,5","70,9",66,"48,25","3,1","-3,71","102,4","32,52","51,05","1,007","196,214",53,0,"26,2","0,058",230,"10,1","15,95"
12,200067478,CC Comtal Lot et Truyère,,,60,,,"3,13636363636364",1,"33,25","17,2","20,9","3,27","1,69","9,2","32,4","38,6","25,28","24,37","17,1","84,6","4,4","30,5","1,2","1,15403913697943","24,4724302246426","0,0129457364341085","3,4","3,38","4,01","200,6","28,7","49,4","2,48","39,9",2,"32,196529553025","0,309424394526912","53,3580451641223","58,6","18,1",133,"21,74","50,98","4,82864708270288","3,01",1,"4,11413071557737","-3,3","51,7","-18,6575654152446","86,97","14,03","58,341","0,143","23,75",4,"35,2","11,5","9,3","58,1","65,9","37,98","2,8","-3,78",87,"16,9","32,86","1,505","904,258",58,0,"34,4","0,124",160,"10,1","12,26"
12,200068484,CC des Causses à l'Aubrac,,,63,,,"118,737583293261",1,"33,2","19,2","25,6","3,34",0,"12,8","29,7","40,4","25,35","36,13","18,4",83,"6,9","35,9","0,7","1,51860288534548","19,2400891732093","0,176975457511704","3,3","2,69","4,14","193,5","25,4","19,5","2,48","41,7",0,"73,0102895364989","0,199089258481249","52,7022490768714","66,9","10,1",140,"26,1","50,98","5,31032625801629","3,45",0,"4,77471770862022","-2,1",56,"-11,6167664670659","87,65","19,67","63,846","0,085","24,75",4,"38,1","14,2","9,3","69,3","56,3","50,32","2,7","-3,17","77,4","19,41",42,"0,69","161,799",54,0,"26,6","0,134",158,"10,1","15,38"
12,200068831,CC Pays Ségali Communauté,,,40,,,"21,0905940594059",1,"42,5","16,5","16,3","3,41","1,12","8,4","31,1","42,1","35,58","25,09","13,7","85,1",2,"30,5","0,7","1,14641336390436","25,134168157424",0,"2,9","2,44","2,73","160,4","25,7","44,1","2,48","24,2",2,"4,83138996536233","0,562628940067842","43,2023689915922","54,3","23,7",121,23,"50,98","4,62375369019105","3,82",0,"4,14554670528603","-2,1","75,5","-24,6891651865009","93,1","7,98","68,258","0,285","16,25",6,"31,7","12,3","10,1","59,8","70,1","39,14","2,7","-4,3","69,3","14,91",29,"2,73","479,615",56,1,"32,6","0,127",120,"10,1","11,71"
12,200069383,CC Ouest Aveyron Communauté,,,65,,,"13,304316047217",2,"32,5","18,9","14,9","4,16","2,49",14,"29,4","45,8","22,75","16,35","16,8",83,"-0,9","29,8","0,8","0,587285273821759","24,9214495182237","0,0831398562741846","2,5","5,45","2,57","177,2",23,"42,1","2,48","26,1",0,"8,01405592527381","0,340030666645485","50,6499486416605","65,1",26,137,"15,21","50,98","6,60029061433002","1,84",2,"4,07881773399015","-1,9","51,6","-21,7297297297297","86,98","9,69","53,82","0,202",21,5,"38,1","16,3","17,9","58,5",57,"41,26",3,"-3,39","106,2","14,55","14,55","1,468","197,287",57,1,"24,4","0,218",159,"10,1","15,86"
12,241200187,CA Rodez Agglomération,,,79,,,0,2,"32,5","11,3","3,6","10,16","4,62",9,"20,4","54,5","4,43","0,75","14,8","79,7","-0,3","30,5","1,5","4,52906594675239","36,8551957419291","1,65571151432158","3,7",0,"3,91","198,4","40,8","99,7","2,48","13,3",0,"2,37148788259148","1,19667460707079","46,8554839145259","67,6","16,1",105,"16,33","50,98","4,53926831826531","4,09",8,"4,49994627699581","-1,2",12,"-13,2258064516129","63,49","20,27","63,514","0,459","17,4",4,"47,1","12,4","10,8","40,5","85,6","35,08",3,"-3,37","142,4","3,13","5,13","0,71","660,298",,0,"32,7","0,198",107,"10,1","14,26"
12,241200542,CC du Réquistanais,,,26,,,"8,04188982402448",1,"40,6666666666667","19,9","23,6","2,05","38,89","10,7","33,1","44,7","46,07","43,28",16,"66,8",3,"33,3","0,7","2,12068633121265","17,7103448275862","1,87873220027561","2,5","30,38","3,86","210,9","1,8","26,4","2,48","25,1",0,"13,0197076061055","0,132825595217105","47,5299401197605","54,3","12,3",150,"25,67","50,98","5,56686171643799","1,93",0,"5,51770244821092","-0,7","73,5","-17,6961602671119","96,95","12,31","73,605","0,244","16,45",3,"34,9","19,9","13,2","70,9","55,4","39,33",3,"-2,78","100,4","33,27","37,09","3,856","24,326",51,0,"20,8","0,165",219,"10,1","13,68"
12,241200567,CC de Millau Grands Causses,,,10,,,"71,0056520398726",2,26,"16,4","13,9","11,55","1,17","9,3","26,7","58,1","8,74","6,02","16,4","76,3","0,5","38,3","1,3","3,23415265200517","26,8257230214024","1,41438161338036","3,7","1,37","3,74","178,1",43,"73,3","2,48","67,5",0,"99,7278722128754","0,240289296422307","51,2744222949519","74,5","9,9",121,"17,46","50,98","6,04464860287892","2,72",6,"5,51088907705335","-6,3","8,9","-0,760456273764259","86,92","33,01","40,259","0,223","23,38",5,"40,1","14,7","17,2","53,4","73,2","52,77","2,9","-4,61","98,7","13,33","13,33","1,021","1539,555",58,0,"24,1","0,273",131,"10,1","15,19"
12,241200625,CC du Pays Rignacois,,,79,,,0,0,"37,6666666666667","14,9","15,2","2,9",0,"11,9","27,3","40,8","29,72","25,53","15,2","84,1","-1,1","30,15","1,1","1,07546155224951","21,4156548695428",0,"3,3","0,98","1,79","169,8","13,1","24,3","2,48","17,7",0,"0,312265370176626","0,467745991907144","41,7812929848693","59,6","12,9",114,"33,5","50,98","5,11550438259265","1,79",0,"5,11015428776462","-2,8","70,3","14,0495867768595","94,34","10,7","66,818","0,414","17,4",4,"31,5","11,8","9,6","64,4","62,9","38,9","2,6","-1,26","61,9","18,63","20,13","5,377","849,381",59,0,"29,1","0,16",104,"10,1","12,34"
12,241200641,CC Conques-Marcillac,,,79,,,"44,0660392933796",1,"32,5","14,6","19,7","2,44",0,"8,9","25,5",42,"34,26","29,52","15,3","85,8","1,8","30,5","1,1","1,15292761261632","24,1489604752113","0,0854082998661312","3,2","2,3","1,65","145,3","17,4","40,4","2,48","43,1",0,"0,105431694515337","0,312006010536206","44,2506201488357","64,6","10,1",126,"24,84","50,98","4,49041049397418","2,47",1,"4,38979659886629","-6,5","58,3","-17,2043010752688","87,14","15,15","56,429","0,445","23,03",5,31,11,"9,9","56,7","56,5","31,54","2,8","-2,03","57,3","21,27",22,"0,824","147,235",58,0,"36,2","0,139",126,"10,1","11,55"
12,241200658,CC du Pays de Salars,,,54,,,"874,949642991357",1,"32,5","12,1","12,9","2,65","12,35","9,1","23,8","42,9","28,1","27,21","12,4","83,2","1,5","30,5","0,6","0,999500249875062","21,0354877421567",0,"3,1","0,15","2,5","226,8","21,2","46,9","2,48","17,2",0,"0,108465508797046","0,297264189563541","45,0918762088975","58,4","9,7",109,"22,04","50,98","4,51160329920776","1,25",0,"4,80438085591289","-2,3","70,4","-3,57815442561205","90,98","15,46","72,322","0,246","16,14",6,"29,6","9,3","9,2","59,4","66,6","33,73","2,6","-3,18","51,1","17,67","20,56","2,499","191,006",58,0,38,"0,094",103,"10,1","10,33"
12,241200674,CC du Plateau de Montbazens,,,79,,,0,1,"35,3333333333333","17,5","14,3","3,75","17,78","11,4","26,4","40,5","23,67","25,19","16,3","87,4","0,6","29,8","0,7","0,966806316467934","23,1578947368421",0,"3,2","3,69","3,22","190,7","9,4","28,6","2,48","16,1",0,"0,20100341588386","0,268360817283961","48,9981214777708","52,9",19,131,"19,81","50,98","5,38047464314727",,0,"2,93176279447604","0,3","66,1","-32,741116751269","92,08","2,73","72,565","0,413","16,74",4,"32,9","13,5","10,9","64,5","60,9","38,67","2,7","-1,24","51,2","16,62","16,62","3,223","258,297",56,0,"22,8","0,171",144,"10,1","11,19"
12,241200765,CC de Lévézou Pareloup,,,36,,,"362,950414781297",1,"35,75","17,5","35,7","2,95","-1,33","8,7","35,6","42,6","52,36","69,71","14,6","68,1","0,7","35,9","0,5","0,562640660165041","15,4334038054968",0,"3,1","15,74","5,63","275,9","4,6","34,9","2,48","14,2",0,"41,9883011293364","0,219057210470598","59,6606458675424","44,3","21,3",132,"20,66","50,98","5,42376142376143","7,5",1,"5,12663673774785","-2,5","73,6","-20,4685573366215","98,13","23,16","73,153","0,171","18,33",4,"35,7","16,2","9,8","79,1","63,5","59,26","2,9","-9,32","82,9","27,6","30,5","9,377","49,261",56,0,"24,7","0,055",172,"10,1","13,23"
12,241200807,CC Aveyron Bas Ségala Viaur,,,50,,,0,1,40,"20,9","19,4","3,54",0,"11,9","32,4","38,4","42,54","42,57","16,4","77,2","0,1","30,15","0,8","0,897182845863987","19,5559754369391",0,"1,3","2,73","3,59",255,"10,7","76,5","2,48","25,5",0,"8,14103540159878","0,176952551056301","55,2746294681779","55,3","23,2",142,"14,01","50,98","6,16323050491063","1,79",0,"2,49021719619458","-3,5","64,7","-49,6478873239437","92,39","17,27","66,287","0,241","17,64",4,"35,4","19,4","11,4",63,"84,6","48,27","2,9","-1,33","83,3",22,"23,57","1,794","233,653",54,0,"22,8","0,093",203,"10,1","16,34"
12,241200906,CC Larzac et Vallées,,,29,,,"156,924576398261",1,"29,3333333333333","18,3","40,3","4,8","2,44","7,8","34,6","39,3","41,32","69,41","18,9",58,"-20,1","41,3",1,"1,63447251114413","22,2783531194746",0,"2,2",32,"2,97",233,"12,2","4,5","2,48","68,2",0,"100,0343430947","0,0872295562526019","54,0026342748427","69,2","20,5",94,"27,59","50,98","5,9037670669518","1,49",0,"8,05625925316664","-7,2","47,4","-11,0367892976589","90,26","24,82","47,276","0,106","24,81",4,38,"17,3","9,9","73,6","60,5","73,55","2,8","-5,68","102,4","25,63","29,31","2,972","4861,701",54,0,"12,7","0,122",154,"10,1","16,81"
12,241200914,CC de la Muse et des Raspes du Tarn,,,38,,,"344,838668138337",1,"35,3333333333333","18,5","36,9","1,55","5,41",8,"34,3",32,"60,17","75,1","16,7","72,9","0,4","35,9",1,"0,738961758728986","19,872328615043",0,"1,6","54,31","1,85","144,3",12,"15,5","2,48","47,9",0,"99,9798114228999","0,155184688501814","47,0225127087872","48,6","21,2",135,"12,21","50,98","5,59592940873374","1,85",0,"7,10513976555455","-2,9",91,"5,63991323210412","91,29","12,76","46,899","0,215","23,29",4,"35,5","18,4","13,7","68,9","32,4","64,84","2,9","-1,57","67,4","22,62","23,15","1,847","10,893",56,0,"18,6","0,126",175,"10,1","15,56"
13,200035087,CA Terre de Provence,,,20,,,"79,788479994705",3,22,13,"3,5","9,52","19,66","7,9","28,1","30,6","1,95","0,73","14,9","86,5","0,3","40,8333333333333","2,2","1,63798808735937","39,2835619410361","3,11741128883986","3,3","0,01","2,98","254,4","29,3","61,8","4,28","16,1",1,"18,010694980695","1,4692450378001","44,1300950644615",51,"26,7",107,"7,22","32,55","5,22985855301025","2,15",0,"3,28663040558689","-4,9","33,3","-10,6548279689234","9,88","43,63","34,321","21,319","14,92",6,"33,5","14,9","16,1","52,3",53,"27,6","3,2","-7,56","72,5","4,54","11,92",0,"703,705",53,0,"26,5","0,516",100,"8,9","13,41"
13,200054807,Métropole d'Aix-Marseille-Provence,,,43,,,"66,1532576331115",7,"21,1739130434783","10,3","4,4","17,93","4,73","7,1","27,2","39,7","1,93","1,01","12,3","68,6","-0,9","40,3","2,5","2,57824454678133","43,6974639826884","1,55453392517438","3,9","0,21","3,53","351,3","23,2","85,8","4,28",48,75,"44,9264095482406","2,08326106454531","47,4124475096495",67,"13,3",99,"10,18","32,55","5,65993090872411","1,26",61,"4,58266544999158","-7,2","3,7","-22,4765478424015","3,05","32,43","18,209","6,853","20,46",9,40,"18,4","16,5","39,4","50,8","28,74","3,8","-6,54","105,1","2,08","11,98","0,036","1590,898",,62,"13,1","0,585",90,"8,9","14,65"
13,241300375,CC Vallée des Baux-Alpilles (CC VBA),,,20,,,"103,336568995381",2,"25,2","16,6","21,5","4,4","-0,53","7,3","25,1","27,2","2,21","4,88","13,8","79,9","-0,6","41,9666666666667",3,"3,4288601746914","43,2075878422074","2,53437917222964","3,2",0,"3,25","187,3","20,2","52,3","4,28","39,6",0,"99,9387124945419","0,788067213973991","65,8616904500549","68,7","8,6",131,"8,58","32,55","5,6812336099436","1,08",0,"4,72691022739519","-0,5","15,1","-27,6923076923077","32,12","34,21","37,954","8,593","24,3",7,"33,6","13,2","13,8","51,2","59,4","37,75","3,7","-7,18","94,2","5,6","17,8",0,"218,831",50,0,"26,8","0,249",161,"8,9","13,2"
13,241300417,CA d'Arles-Crau-Camargue-Montagnette,,,15,,,"105,742763307723",5,"21,5","13,3","9,4","20,67","1,67","9,7","29,3",41,"5,93","7,36","16,3","78,1","1,2","46,5",2,"3,73169579593765","33,5327572198833","4,53158695360387","3,4","3,13","3,78","255,6","24,4","51,2","4,28","12,6",2,"91,895663815648","0,279444825822413","50,1624719022606","65,9","16,1",113,"11,21","32,55","7,13962742794299","2,01",3,"6,9806225643723","3,1","11,6","-23,5588972431078","58,15","32,47","48,1","2,52","17,35",8,"38,4","22,8","19,4","49,2",42,"34,72","3,4","-9,01","107,1","7,67","18,5",0,"1096,773",50,7,"20,5","0,053",100,"8,9","17,28"
14,200065563,CC Normandie-Cabourg-Pays d'Auge,,,8,,,"79,6100582858235",2,"28,6","17,5","54,2","14,27","-0,14","3,2","21,8","43,5","6,75","2,68","15,3","83,3","0,8","32,8","1,6","1,5839827662675","39,5563603440471","3,24094256259205","3,3","0,05","2,85","110,9","17,9","37,4","4,14","4,6",2,"2,27351281868171","1,49366306144386","48,4333146452377","74,2","17,5",133,"10,01","50,3","5,4019985172439","3,48",0,"4,8972001537673",-6,"26,2","-27,0142180094787","80,65","16,67","48,509","1,073","19,15",6,"35,2","10,8","15,2",48,"71,2","24,81","2,9","-2,74",73,"9,42","23,16","0,95","620,445",59,0,"24,7","0,713",143,"14,3","13,74"
14,200065589,CC Val ès Dunes,,,11,,,"90,8821282690574",1,33,"10,7","1,3","15,27","2,45","4,5","25,8","43,2","3,78","1,59","13,1","89,6","1,6",32,"1,2","1,79917335278386","30,5376821241032","0,891829020063972","3,3",0,"1,95",84,"21,7","28,4","4,14","5,3",0,"0,922505689304108","1,14157765130406","31,9726909947594","61,4","34,5",108,"6,61","50,3","4,38042639736307","0,97",0,"5,77210494736268","-8,6","42,8","-44,954128440367","64,31","6,15","70,565","2,827","9,04",7,23,"8,5","13,9","42,4","75,3","16,78","2,4","-3,7","49,7","8,32","19,95","0,973","316,361",64,2,"23,6","0,778",64,"14,3","12,52"
14,200065597,CU Caen la Mer,,,13,,,"51,7466479785937",3,35,"14,7","4,2","26,03","6,14","6,6","23,4","55,1","0,66","0,11",16,"72,5","-2,6",32,"1,9","2,76647622345337","43,6211073315844","5,32957099499631","5,1",0,"2,92","121,6","23,7","71,8","4,14","1,7",4,"1,0405249890399","3,28581564767924","39,3241091158017","67,5","13,3",96,"13,43","50,3","4,79939189343819","1,26",17,"3,27012789610351","-10,3","5,1","3,49127182044888","18,82","1,24","60,041","5,244","8,64",7,"46,5","14,6","12,2","39,5","79,5","27,65","3,3","-1,99",135,"5,38","9,65","1,19","921,582",,5,"23,3","1,217",87,"14,3","20,01"
14,200066710,CC Cingal-Suisse Normande,,,13,,,"125,84286232322",1,"33,8","15,3","4,9","6,56","0,66","7,7","32,3",35,"21,76","15,31","14,5","88,5","1,2",32,"1,1","2,2547434697524","25,8992805755396","3,88937165775401","2,9","1,82","2,98","72,9","13,1",18,"4,14","17,6",0,"5,01705086928525","0,830537738291452","33,5820895522388","64,2","19,6",102,"17,45","50,3","4,60399280322565","1,28",1,"7,29061371841155","-0,9","66,2","-19,8795180722892","85,07","10,75","64,364","1,742","11,6",7,"26,6","8,7","11,6","48,8","63,4","23,31","2,4","-5,16","41,6","15,71","21,61","3,829","516,938",60,1,"23,3","0,79",67,"14,3","13,88"
14,200066728,CC Vallées de l'Orne et de l'Odon,,,13,,,"10,674515500172",1,"34,5","8,4","1,1","6,63","10,2","3,4","23,3","44,4","2,2","2,19","8,6","91,2","-0,3",32,"1,7","2,04266908760781","35,9350894234615","2,83171090412494","3,6","0,01","1,89","80,6",19,"31,7","4,14","4,3",0,"0,0004582601390055","1,48922210408745","26,7614545725239","75,9","11,7",101,"21,03","50,3","3,2010563776515","3,78",0,"3,97258763292635","7,6","46,3","18,3673469387755","60,22","10,95","90,408","1,585","8,43",5,"20,6",5,10,"43,6","73,4","16,04","2,3","-2,6","28,8","5,59","14,95","0,378","565,005",64,0,"27,2","1,14",61,"14,3","10,82"
14,200066801,CC Isigny-Omaha Intercom,,,12,,,"93,583175588703",1,"36,75","21,2","19,8","9,44","-2,76","6,4","34,6","35,7","26,57",23,"17,5","84,4","0,8","34,85","1,2","1,0219530658592","24,9078641492317","3,61385061638869","2,6","0,48","2,27",98,"12,5","23,3","4,14","5,2",1,"37,9436517205775","0,531273939190538","33,4176838344745","51,5","29,9",121,"25,8","50,3","5,7276949731681","4,92",0,"8,27802354352553","0,1","61,4","-26,4026402640264","85,71","8,71","76,9","0,964","13,85",6,32,"12,2","12,8","53,2","57,8","21,27","2,6","-5,05","60,7","24,29","19,24","2,65","307,011",58,0,"16,8","0,714",114,"14,3","16,27"
14,200066827,CC du Pays de Honfleur-Beuzeville,,,1,,,"101,228979200472",3,"29,25","17,3","22,1","12,39","-4,31","8,6","25,8","33,7","9,84","4,29",17,"85,6","2,1","33,6","1,6","2,10308821901635","37,6752726463388","1,84685872503131",3,"0,05","2,21","96,8",19,"29,6","4,14","11,8",0,"28,0565701785623","3,70398609951457","52,6525150978194","64,4","19,4",111,"4,63","50,3","5,21516685345595","1,84",0,"5,36622919568883","-8,2",41,"-25,3393665158371","83,76","2,49","50,687","1,779","18,24",6,"34,7","11,5","14,5","43,6","78,7","20,51",3,-6,"91,3","8,13","11,87","1,107","607,529",63,0,"21,6","0,742",99,"14,3","14,57"
14,200068799,CC Intercom de la Vire au Noireau,,,19,,,"86,3075592083919",1,36,"22,5","5,8","13,02","-7,84","11,6","32,2","40,6","23,8","9,85","19,5","85,1",3,"32,65",1,"1,08255569749064","25,4302925989673","3,01397580308719","2,8","0,9","3,03",101,"13,9","42,1","4,14","6,5",2,"11,0445532159936","1,51736749967132","32,8370727615852","52,2","26,3",124,"10,87","50,3","5,91518047745099","3,03",2,"6,64556826914866",-3,"48,1","-18,6484174508127","84,5","5,81","71,219","0,467","10,14",6,"36,7","14,3","14,2","43,3","53,4","20,55","2,6","-4,77","104,6","10,18","15,12","4,547","887,188",55,0,"18,7","0,527",119,"14,3","17,43"
14,200069516,CC Seulles Terre et Mer,,,13,,,"304,488918160472",1,"35,5","12,1","16,5","4,44","-2,8","4,3","28,8","35,9","11,04","6,78",12,"87,5","-0,6",32,"1,5","1,99123855037834","33,6942257217848","1,46519831368838","3,3",0,"1,71","101,3","12,8","29,2","4,14",2,0,"2,75242348880881","0,758333754063138","31,869609051193","61,4",17,110,"8,97","50,3","3,47364570828331","1,71",0,"4,75420168067227","6,3","58,4","-4,73684210526316","86,99","7,14","84,804","1,088","9,28",5,"24,6",6,"12,2","54,9","69,1","21,96","2,4","-1,84",38,"10,96","15,64","0,569","343,34",60,0,"28,9","1,127",86,"14,3","11,12"
14,200069524,CC Pré-Bocage Intercom,,,14,,,"46,4405193967255",1,"38,25","15,7","3,2","11,53","1,04","6,8","30,8","38,8","21,57","10,93","16,1","88,1","1,4",32,"1,2","1,28081972462376","24,4495299356754","0,255692422545726","3,1","0,44","2,8","82,7","13,3","23,6","4,14","7,2",1,"8,23965007684124","1,20335124342263","32,2376987728367","61,4","25,5",108,"12,18","50,3","4,51825477008342",6,0,"6,33412810668822","-3,1","65,1","-18,503937007874","86,2","10,15","69,127","0,217",10,6,"28,9","10,6","12,3","48,2","62,4","16,61","2,5","-4,32","59,9","7,88","27,12","3,202","834,155",60,0,"19,1","0,693",79,"14,3","13,32"
14,200069532,CA Lisieux Normandie,,,2,,,"114,027770147778",2,"33,25","20,7","7,8","19,06","-5,79","8,6","30,2","40,9","14,28","8,67","17,2","80,5","0,4","33,85","1,8","4,98053189879339","32,7030202802681","2,11464174454829","2,3","0,22","3,3","104,1","20,5","42,8","4,14","9,6",0,"0,634766355140187","0,841975841206926","37,5684527005261","61,7","18,7",120,"14,15","50,3","6,23132128227685","1,65",3,"6,25068496866777","3,3","41,4","-6,90690690690691","87,62","14,59","63,094","1,231","16,82",6,"37,7","14,8","16,4","45,3","60,1","21,88","2,8","-5,04","95,3","9,85","12,49","1,238","465,21",59,2,"20,5","0,744",110,"14,3","16,84"
14,241400415,CC Coeur Côte Fleurie,,,0,,,"37,2949786739046",3,26,"26,1","69,1","20,34","2,51","2,7",31,"48,2","3,94","0,61","18,1","70,7","-1,2","32,8","2,2","2,99705128824866","51,5039613267088","1,02088720103426","3,4",0,"5,32","112,9","13,8","56,1","4,14","26,8",0,"1,26670019277512","2,77337056381371","81,8112633181126",82,"9,1",160,"6,68","50,3","6,42038906392505","1,45",1,"5,64403172760689","-12,1","15,6",-25,"39,19","10,54","28,883","0,687","22,26",5,"50,2","14,1","14,4","46,1","86,7","32,19","3,7","-5,55","156,7","5,5","11,25",0,"1402,207",58,0,"23,9",1,263,"14,3","14,83"
14,241400514,CC du Pays de Falaise,,,5,,,"6,57290830841053",2,35,"19,1","4,1","10,47","-0,08","10,2","29,8",41,"20,96","9,27","17,1","87,1","2,5",32,"1,1","1,27858551910572","25,9545428909819","1,50151357896558","3,8","1,09","2,56","80,6","13,8","32,7","4,14","10,3",0,"1,30495718150567","0,478148194057685","35,7692170118396","71,2","13,5",113,"15,8","50,3","5,64676497596561","3,65",2,"6,36837002190541","-2,3","54,3","-35,4124748490946","86,84","4,33","75,666","2,341","9,58",5,33,"12,1","17,1","49,8","74,7","23,53","2,6","-4,85","67,5","10,64","11,03","2,922","799,8",57,0,"22,2","0,672",89,"14,3","15,26"
14,241400555,CC de Bayeux Intercom,,,11,,,"38,1324242120392",1,38,"17,7","10,1","19,77","0,69","7,4","27,5","45,3","8,66","2,58","14,7","76,9",0,32,"1,6","2,73890243495107","37,1299446503834","3,38801020408163","3,6",0,"3,01",123,"13,2",42,"4,14","0,9",0,"0,339973041785233","1,47209399166153","46,5655839487615",71,"15,3",128,"15,05","50,3","5,69328757951122",1,2,"5,89631737529294","-2,7","34,4","-21,9745222929936","74,79","5,1","72,022","1,806","9,63",5,"38,2","10,8","15,1","45,7","79,2","23,98","2,8","-2,14","115,1","22,14","7,03","3,34","600,614",60,0,"21,7","1,204",129,"14,3","14,72"
14,241400860,CC Coeur de Nacre,,,13,,,"55,0850486409753",1,43,"15,6","32,4","10,15","8,65","4,2","22,9","50,2","0,55","1,18","14,1","83,2","-2,7",32,2,"1,77972766027896","43,8239469947941","4,84908620283944","3,6",0,"3,31","111,8","11,4","37,8","4,14","1,3",0,"1,56655791190865","2,62871130786273","38,6800876694537","78,3","13,4",144,"14,04","50,3","4,54107495928412","1,24",0,"5,52904799966346","-12,2","16,2","-5,95238095238095","29,83",,"67,772","3,139","7,4",5,"37,6","7,8","11,6","41,1","75,6","25,21","2,9","-1,31","59,1","3,58",16,0,"920,529",58,0,"31,1","1,644",165,"14,3","12,99"
14,241400878,CC Terre d'Auge,,,0,,,"299,2117635035",1,"29,6666666666667","15,9",23,"8,18",1,"5,9","29,7","33,9","22,61","9,33","15,9","86,2","1,2","33,7666666666667","1,7","0,959547497601131","36,7017935654965","2,66167176350663","2,7","0,22","1,52","95,9","20,9","51,3","4,14","5,2",0,"1,03279039862838","2,1722995111067","45,2729693741678","66,2","14,9",114,"6,74","50,3","4,93238354362256","2,02",0,"5,62039556299707","-3,5","60,3","-21,6867469879518","85,95","5,54","53,051","0,899","21,39",6,"30,9","10,1","10,9","50,6","66,8","23,18",3,"-4,87","68,9","13,93","16,43","4,545","376,288",61,1,"24,8","0,745",118,"14,3","13,86"
15,200066637,CC Hautes Terres,,,45,,,"239,67880618227",1,"37,6","24,5","33,3","4,89","-11,76","14,7","35,1","39,4","40,25","48,28","20,2",73,"0,6",39,"0,7","2,06871739521497","20,4901465386559","0,275744167337088","2,2","14,56","5,4","118,6","15,7","31,6","4,4","50,1",0,"75,2954598241442","0,107331772287232","55,8810668998688",62,"21,1",143,"9,8","46,3","5,33360544217687","6,3",0,"5,17082251082251","1,2","52,7","-23,6137667304015","90,36","5,77","49,313","0,059","14,5",7,"41,8","18,5","7,8","77,7","76,1","47,04",3,"-4,5","94,2","20,26","29,69",0,"174,027",53,1,"20,1","0,233",217,"17,3","18,19"
15,200066660,CC de Saint-Flour,,,42,,,"164,902343081922",1,"37,75","21,4","22,3","5,96","-2,28","12,5","32,3","37,4","38,01","37,6","18,4","79,5","2,8","33,05","0,6","1,97730398899587","22,1489621489622","0,464880521361332","3,4","19,3","4,3","123,5","19,3","40,3","4,4","37,1",1,"65,3942032762203","0,166974347716223","52,9557668458041","63,5","13,3",123,"13,64","46,3","5,04361134812287","3,44",1,"5,13216723549488","-2,5","58,8","-20,6091370558376","89,92","7,19","65,664","0,033","18,95",8,"37,7","14,6","10,8","71,6","62,2","35,72","2,8","-3,22","100,4","21,81",23,"3,009","57,462",54,0,"23,9","0,217",144,"17,3","15,39"
15,200066678,CC de la Châtaigneraie Cantalienne,,,37,,,"97,7178403532931",1,34,"20,8","21,8","3,84","15,48","9,9","34,5","40,6","38,06","49,97","17,1",81,"1,3","27,1","0,8","1,70624200199062","25,855381631805","2,19757688723206","2,7","6,9","3,32","147,7","13,9","23,4","4,4","39,6",0,"42,4132354585088","0,264948508444268","45,8897173893031","56,9",17,130,"21,68","46,3","4,98113801909614","1,9",0,"4,33012593745578","-0,1","65,4","-22,1071863580999","90,37","6,78","56,043","0,177","15,85",7,"35,2","15,1","12,5","69,7","64,9","42,99","2,7","-3,69","66,8","26,12","26,4","0,948","652,214",56,0,"22,9","0,223",161,"17,3","13,22"
15,241500230,CA du Bassin d'Aurillac,,,40,,,"74,5022624434389",1,31,"15,5","6,6","14,99","0,56","10,3","24,9","58,1","9,81","7,88","14,6",79,"-0,4","27,1","1,5","7,19212186036219","40,3507805831658","1,89351086623814",4,"2,27","3,69",144,"20,8","59,8","4,4","27,5",1,"89,6737135696673","0,878486548849574","42,3865755127408","73,2",14,114,"17,76","46,3","4,57910343624629","4,24",8,"5,56055226824458","-6,8","30,6","-5,89147286821705","80,93","10,16","68,373","0,09","16,87",7,"42,7","11,6","12,5","52,1","72,5","49,02","2,8","-1,96","116,8","12,92","12,96","0,922","242,031",59,0,"29,4","0,312",129,"17,3","14,14"
15,241500255,CC du Pays Gentiane,,,42,,,"294,102860620816",1,37,"27,2","32,2","5,97","1,03",14,"38,6","43,1","35,66","38,63",21,"76,2","4,2","44,7","0,4","1,07775211701309","20,8836255978137",0,"2,5","23,58","4,62","94,9",0,"15,8","4,4",44,0,"100,023708776828","0,110678614083976","66,7767106842737","54,4","22,9",148,"19,44","46,3","5,71517843936865","4,62",0,"5,02928560863778","-3,3","48,8","-26,027397260274","77,53","4,73","58,086","0,009","15,36",7,"42,1",17,"12,8","74,1","34,5","48,19","2,8","-4,65","99,4","12,65","43,41",0,"12,005",50,0,"19,8","0,197",262,"17,3","17,09"
15,241500271,CC du Pays de Mauriac,,,42,,,"1,95224378411158",0,35,"24,6","18,3","8,7","0,72","14,7","41,2","38,5","26,83","23,88","19,6","80,9","1,4","44,7","0,4","1,98412698412698","26,4339152119701","3,99076638965836","3,8","2,51","6,11","117,7",0,"53,7","4,4","26,9",0,"99,8078455409133","0,241744605427674","54,3510108409024","70,1","6,2",134,"23,32","46,3","5,53799448906357","4,58",1,"5,24372009569378","-4,2","46,8","3,40136054421769","88,96","6,87","62,41","0,07","16,52",6,"40,7","15,2","14,1","69,2","61,9","39,99","2,7","-4,4","113,8","9,82","9,91","1,526","89,364",50,0,24,"0,272",186,"17,3","16,2"
15,241501055,CC Sumène - Artense,,,42,,,"59,4724045708728",2,"35,5","24,2","25,7","5,41","3,77","11,5","34,5","43,7","25,16","35,34","20,2","86,3","1,8","44,7","0,6","2,31679063528838","24,7481764501563","4,25954400848356",3,"2,34","7,32","180,4",0,"45,7","4,4","39,8",0,"100,044174506043","0,236128340945392","44,9532486214337","57,3","18,2",141,"16,02","46,3","6,14255484024797","2,44",0,"5,09358607534573","-8,7",40,"-10,5714285714286","81,05","8,9","43,391","0,053","18,11",7,"38,8","14,9","13,8","71,9","79,8","34,75","2,7","-5,56","70,3","21,63","28,81","2,439","56,341",55,0,"18,6","0,279",214,"17,3","15,27"
15,241501089,CC Cère et Goul en Carladès,,,40,,,"142,570596505322",2,36,"20,7","30,9","6,26","6,57","10,3","28,6","43,6","26,62","45,94","17,8","79,5","3,9","27,1",1,"1,80108064838903","28,5198555956679","1,00322660709854","4,6","10,17",6,"131,3","10,5","26,7","4,4","45,1",0,"77,0575843289568","0,172786829804143","51,6532968108002","69,8","5,2",130,"28,57","46,3","5,11755588543486",4,0,"3,41136919315403","-4,7","44,1","-33,2326283987915","89,2","10,44","57,616","0,055","15,5",7,"37,8","12,8","8,6","69,9","58,7","50,43","2,7","-1,45","67,9","24,64",26,0,"31,305",58,0,"24,7","0,237",168,"17,3","16,08"
15,241501139,CC du Pays de Salers,,,41,,,"247,30812224997",1,"33,5","24,8","37,3","2,98","-8,96","9,7","35,4","38,1","41,86","58,72","18,3","76,6","-1,1","35,9","0,5","1,18821292775665","23,9985693848355","0,0615171937100397","3,9","18,94","5,94","165,9","1,1","7,8","4,4","43,6",0,"100,053585304448","0,158155895304768","57,5514475061039","55,4","7,3",150,"21,23","46,3","5,55359241722077","4,75",0,"5,05347907851434","2,2",77,"-0,280112044817927","89,36","3,79","54,723","0,061","16,3",7,"38,8","18,5",9,"74,7","59,4","51,09","2,9","-0,63","74,3","20,67","20,89","3,565","55,807",52,0,"17,6","0,209",237,"17,3","16,23"
16,200029734,CC des 4B Sud Charente,,,39,,,"29,5655103066868",1,39,"21,3","6,3","5,35","4,28","12,6","31,3","35,1","30,78","20,32","18,4","84,2",-1,"31,5666666666667","1,1","2,00601805416249","23,914188934889","4,48370429252782","2,2","1,05","3,01","75,7","9,2","44,5","2,82","22,4",1,"27,9681005009144","0,790241720784607","41,031652989449","54,1",15,126,"10,56","71,17","6,49768937110709","5,52",0,"7,48437813944143","-4,2","68,9","-34,5005149330587","100,01","4,86","58,868","6,693","11,79",5,"34,9","15,6","18,4",51,"59,5","27,93",3,"-5,36","95,2","12,8","13,95","1,505","384,428",55,1,"22,3","0,35",137,"18,1","19,92"
16,200043016,CC Val de Charente,,,28,,,"59,2710382513661",3,"42,6666666666667","23,9","14,5","3,87","57,41","12,5","32,5","39,6","27,48","18,02","19,5","81,3",0,"29,9","0,7","0,508130081300813","21,5532940546331","0,0850768697260432","2,7","2,49","4,36","107,7","17,1","31,3","2,82","14,2",0,"16,3359924251391","0,462851495283185","43,4782608695652","63,7",10,143,"16,58","71,17","7,45692503045444","2,9",2,"6,63701401936696","-1,2","62,3","-13,8461538461539","99,99","6,95","69,813","1,984","8,03",5,"37,3","19,5","21,9","56,8","58,5","29,69",3,"-4,34","107,1","10,03","10,03",0,"103,217",56,0,"15,6","0,39",187,"18,1","19,68"
16,200068914,CC La Rochefoucauld Porte du Périgord,,,64,,,"28,7577274606164",1,"35,5","20,2","8,3","4,01","-3,56","10,1","27,3","36,3","22,68","19,19","18,2","89,6",1,"29,9",1,"2,51348140023764","24,5124258039267","1,86702127659575","2,7","0,55","2,74","68,7","13,9","34,5","2,82","35,9",1,"11,9119581178574","0,742189934855178","33,9607385112978","64,3","9,7",127,"7,09","71,17","6,20758108533641","5,48",1,"6,23874908155768","-4,3","66,5",-25,"96,6","3,61","46,333","1,376","12,9",5,"34,1",13,"14,7","46,8","63,6",25,"2,6","-4,71","61,8","12,3","28,78","0,914","168,007",55,0,"21,6","0,568",151,"18,1","14,55"
16,200070282,CC Lavalette Tude Dronne,,,55,,,"151,312054716443",1,"36,4285714285714","22,8","17,3","2,25","1,67","12,3","33,1","34,6","39,2","40,02","18,4","82,6","1,4","31,5666666666667",1,"2,34594037878354","22,6738410596027",0,"2,3","0,7","2,86","76,9","3,5","30,6","2,82","27,2",0,"84,8744037315504","0,422480103072588","44,1325098259405","66,2","8,8",141,"30,19","71,17","7,33599309985157","8,58",1,"7,49884863802303","-2,7","72,5","-7,60667903525046","99,99","11,16","60,994","1,98","11,35",5,"35,8","17,7","18,9","55,3","52,7","29,81",3,"-5,99","83,7",22,"30,51","2,289","60,64",55,1,"17,3","0,655",181,"18,1","16,56"
16,200070514,CA du Grand Cognac,,,42,,,"97,0439732563705",1,40,"18,7","3,9","8,12","-0,34","9,6","30,7","48,9","11,9","6,14","16,4","84,1","-0,9",30,2,"5,54550061536234","33,7091913081965","1,15790831684871","2,9","0,05","3,76","85,8","20,1","53,9","2,82","10,7",8,"8,40903610467042","0,911165179430726","36,6183233109303","49,7","11,6",114,"9,66","71,17","5,93033699687022","6,66",3,"6,04477764029405","-4,3","44,3","-24,0095087163233","51,51","2,75","65,476","10,64","9,08",5,"38,1",11,"15,3","45,4","69,4","25,82",3,"-6,72","112,5","9,48","13,72","0,869","540,219",58,22,"20,5","0,594",130,"18,1","18,18"
16,200071827,CA du Grand Angoulême,,,45,,,"65,7317548962302",2,"33,5","15,6","2,1","16,52","4,64","7,8","24,8","52,8","4,86","2,63","15,3","81,4","-1,5","29,9","1,7","5,86137668646197","35,1829017673654","1,34358974358974","3,1","0,01","3,23","97,8","22,2","50,1","2,82","26,7",5,"13,014983248542","1,38428193557094","35,1161202185792",68,"12,3",108,"13,74","71,17","5,89275661801163","1,75",9,"4,66344987161037","-4,3","24,6","-11,5942028985507","49,3","5,32","40,053","3,583","13,12",5,"42,2","15,7","17,3","36,5","67,1","28,12","3,1","-3,77","116,1","10,45","11,37","0,421","615,164",,4,"23,1","0,756",109,"18,1","18,35"
16,200072023,CC Coeur de Charente,,,39,,,"101,416750205049",1,"41,1428571428572","21,1","10,1","2,02","1,55","11,5","34,4","35,6","23,62","27,56","18,8","88,1","1,2",30,"1,1","2,54476051985822","22,4332111052907","0,0107799852832965","2,9","10,73","3,18","72,4","18,4","16,3","2,82","15,4",1,"15,0571584735657","0,52131807624284","38,9947231911278","57,9","29,8",126,"10,26","71,17","6,56356664997952","0,91",0,"7,00532471669777","0,4","66,8","-4,80349344978166","98,84","6,53","72,618","2,361","9,08",5,"34,8","14,4","17,4",54,"63,3","27,04","2,8","-6,05","73,9","21,42","22,4","0,909","325,105",57,2,"16,3","0,546",145,"18,1","16,1"
16,200072049,CC de Charente Limousine,,,35,,,"115,266975396329",1,38,"23,3","12,6","4,76","-0,87","15,2","36,9","33,7","32,12","35,27",19,"83,4","0,8","31,2","0,8","0,653650495921789","20,9676748346299","0,427905308464849","2,1","8,44","3,69","91,9","10,6","31,6","2,82","20,1",0,"0,990478308913221","0,589189144239792","38,4881245334144","56,5","12,1",138,"12,1","71,17","7,44278868677404","3,69",1,"6,85290625353387","-3,2","67,9","-22,0843672456576","98,03","8,63","58,14","0,623","13,25",7,"36,4","19,8","18,6","57,4",54,32,"2,9","-6,01","88,4","16,52","20,28","1,421","56,129",54,0,"18,2","0,326",182,"18,1","17,26"
16,241600303,CC du Rouillacais,,,66,,,"90,4532615322089",1,37,"18,9","6,6","1,09",0,"10,5","31,1","34,1","32,84","28,47",18,88,"1,2",30,1,"3,4651447207501","22,5412339645693","0,168808699950569","2,5",0,"1,02","63,4","16,1","19,4","2,82","8,1",1,"17,6793948625632","0,55320913597942","33,5105849302699","48,3","6,7",117,"15,16","71,17","6,35486458734437","2,04",0,"8,18109214335629","2,4","83,8","-17,0792079207921","96,04","2,64","82,628","6,22","9,65",4,"31,7","12,6","14,8",46,58,"27,21","2,8","-5,13","66,2","17,92","23,38","1,019","203,672",59,1,"18,4","0,298",127,"18,1","17,38"
17,200036473,"CA ""Saintes - Grandes Rives - L'Agglo""",,,44,,,"153,191998812685",1,37,"15,9","3,7","9,29","0,95",8,"28,8","40,5","6,61","5,05","17,4","83,6","-0,8","33,65","1,7","5,14851485148515","38,5408515535098","1,63933823529412","4,2","0,04","3,47","156,8","26,9","55,5","2,85","18,6",1,"9,05999076096086","0,966034434317981","44,3817016686758","74,4","10,8",124,"14,15","65,29","6,08052436024034","5,28",1,"5,32390500259419",1,44,"-21,8992248062016","62,55","3,26","60,244","5,636","11,74",5,"40,4","12,9","17,7","46,3","76,7","31,14","2,9","-3,28","114,7","11,33","11,56","0,825","605,292",60,1,"22,4","1,214",143,"19,7","16,48"
17,200041499,CC Aunis Atlantique,,,66,,,0,1,"31,3333333333333","13,1","4,4","1,97","1,98","7,1","25,8",19,"8,77","15,59","14,7","89,5","1,6","35,9","1,4","0,525161409903926","29,8200393663886","1,44729344729345","3,6","0,61","2,47","89,9","24,6","41,9","2,85","6,4",2,"98,5877107394885","0,727565662561098","38,1239714755897","68,9","14,9",99,"13,11","65,29","4,63519681424975","7,41",1,"3,93404664104942","1,7","53,5","-31,2749003984064","95,81","3,05","75,784","1,868","11,81",5,"27,2","8,5","11,8","48,5","76,7","22,09","2,4","-3,16","40,6","7,85","23,5","2,162","6992,747",60,1,"23,6","0,648",70,"19,7","12,86"
17,200041523,CC de la Haute Saintonge,,,40,,,"81,1114551083591",1,"37,8","21,9","9,8","2,38","0,13","11,9","31,1",27,"21,27","18,81","19,4","87,4","1,7","33,7","1,4","0,726300804741292","25,9312046629369","1,421446651508","2,9","0,06","2,91","114,2","14,6","34,5","2,85","26,4",1,"35,7020050754343","0,636266626148936","44,4051242126124","62,4","13,2",130,"9,79","65,29","6,71405806771069","10,6",3,"5,57698860298437","-2,9","66,5","-25,8354755784062","98,79","3,19","50,995","6,588","12,26",6,"35,1","16,2","18,1","52,8","59,5","35,62",3,"-6,07","85,8","10,5","18,34","0,726","237,526",56,3,"20,3","0,897",144,"19,7","19,69"
17,200041614,CC Aunis Sud,,,59,,,"72,9592699619772",2,34,16,"4,4","2,94","-2,82","7,6","32,2","26,6","12,97","6,52","16,6","86,3","0,1","35,85","1,2","0,723305506163166","30,0480341576232","0,738596666333966","3,3","0,01","2,71","110,7","20,4","25,5","2,85","2,6",1,"8,07597465363548","0,627927265012686","38,8785488493013","62,4",21,112,"17,66","65,29","5,77235104518713","6,63",2,"4,61988358993616","-1,3","55,2","-35,7575757575758","95,79","5,4","84,326","2,008","9,85",5,"29,2","10,8","15,7","45,6","76,8","31,07","2,5","-4,35","63,2","7,58","24,33","1,206","2224,586",58,1,"22,2","0,678",94,"19,7","15,15"
17,200041689,CC Vals de Saintonge Communauté,,,44,,,"140,682205177373",1,"39,5","23,1","9,2","2,82","0,87","12,8","34,9","32,4","21,39","22,14","19,5","85,3","1,7","33,66",1,"0,743848941445737","24,60587153919","0,374453807740325","2,2","0,17","3,62",111,"11,2","25,6","2,85","11,9",0,"13,5148780470676","0,342713084970643","43,1621229590508",66,"10,4",133,"17,78","65,29","6,89309817799349","7,25",2,"5,78251783112202","-1,5","67,7","-11,4123581336696","99,13","5,57","75,105","3,981","8,2",5,"36,6","15,7","19,6",52,"57,8","28,69","2,8","-4,96","80,4","16,82","17,79","1,335","316,51",56,0,"17,8","0,769",155,"19,7","19,19"
17,200041762,CA Rochefort Océan,,,46,,,"212,148536737235",2,"33,6666666666667","16,3","13,7","10,98","3,86","7,6","28,8",41,"4,16","5,14","16,5",78,"-1,8","35,8","1,3","2,95584703491594","36,3846477097633","3,96860013125347","3,9","0,06","3,23",145,"22,4",66,"2,85","4,4",0,"38,5862441061249","0,90237719260528","42,0689031012429","73,6",20,121,"12,39","65,29","6,23989204470981","6,47",3,"4,89804473692537","-1,3","26,6","-27,6315789473684","94,52","2,25","56,047","1,776","15,9",5,"40,6","13,3","14,4","43,5","85,5","35,25","2,8","-5,52","104,1","10,56","11,96","0,77","3145,589",,0,"21,8","0,925",134,"19,7","19,18"
17,241700434,CA de La Rochelle,,,63,,,"4,87546081462487",2,"29,5","12,4","10,9","20,32","10,05","5,9","23,1","44,6","0,99","0,19","15,7","69,6","-6,1","35,9","2,5","3,01010179114864","45,3885369998455","6,77660506663528","5,1",0,"2,98","135,5","32,8","81,7","2,85",2,3,"11,5184983513326","1,92926193266875","45,7422371159095","69,3","14,6",112,"11,37","65,29","5,20180223183361","6,79",9,"3,46375453323011","-2,2","10,5","-17,7949709864604","39,82","10,46","66,164","3,092","9,5",4,44,"11,8",14,"40,4","76,4","28,71","3,2","-2,81","118,9","5,79","11,11","0,442","5050,672",,8,"24,3","1,081",123,"19,7","17,35"
17,241700459,CC de l'Ile de Ré,,,6,,,0,3,39,"21,4","61,3","10,11","9,04","2,2","25,7","12,3",4,"9,16","14,6","70,2","-3,4","35,9","2,7","3,74489967022525","45,0661311543522","8,17892156862745","4,3","7,3","5,03","108,8","11,7","60,4","2,85","17,4",0,"32,1425529397847","1,08266037754843","87,1882210746072","77,2","6,8",161,"7,02","65,29","5,87125139066299","11,74",2,"3,16613787135852","8,3",5,"-15,450643776824","11,46","18,73","16,73","13,291","13,86",5,34,"9,1","16,8","53,9","96,7","40,91","3,7","2,18","110,3","10,8","27,3","0,559","1096,583",56,0,"37,7","0,942",267,"19,7","19,14"
17,241700517,CC Coeur de Saintonge,,,46,,,"180,74554461083",2,"31,6666666666667",15,"6,7","0,39",0,8,"31,4","24,9","10,45","11,77","15,1","88,7","1,2","35,9666666666667","1,2","0,394033211370673","28,3177948925821","0,997645211930926","2,9","0,03","1,13","108,5","24,7","40,5","2,85","15,9",0,"8,25176746400967","0,737071552651381","38,7533431581246","66,6","13,8",114,"26,91","65,29","5,01855488939425","2,25",0,"4,46807525325615",-1,"62,3","-31,7848410757946",100,"4,76","76,405","2,586","8,79",4,"28,3","11,3","13,8","51,7","75,5","25,89","2,6","-5,51","44,9","14,33","17,33","1,126","648,982",60,0,"19,6","0,79",102,"19,7","14,22"
17,241700624,CC de l'Ile d'Oléron,,,6,,,"12,036531116603",2,"26,6666666666667","22,8",62,"6,36","15,69","2,5","28,2","12,8","6,65","6,35","18,3","80,5","-1,4","34,9","1,6","0,399680255795364","37,8729162822169","8,01521523998021","3,1",0,"4,44","147,5","30,6","33,6","2,85","24,7",0,"44,2333507216136","0,948145550210717","69,8995194408038","77,6",5,160,"15,38","65,29","6,39786933379898","16,88",2,"4,03535696500521","15,8",13,"-24,7148288973384","27,1","24,76","15,175","8,64","18,97",5,"39,6",13,"25,1","50,3",77,"47,38","3,1","-3,13","106,8","9,5","43,63","0,888","245,085",50,0,"23,7","0,756",258,"19,7","19,82"
17,241700632,CC de Gémozac et de la Saintonge Viticole,,,44,,,"51,9766904519198",1,"35,75",16,"9,1","0,29",0,"8,6","27,9","23,1","13,78","10,65","16,2","91,3","2,9","36,05","1,2","1,55342428745103","28,3160042755806","0,0334591194968553","3,6",0,"2,03","127,1","23,5","35,9","2,85","16,9",0,"2,04133539319492","0,807086883579868","38,7417218543046","61,3","8,1",119,"19,46","65,29","5,91622271825397","13,51",0,"5,63930555555556","-1,7","64,7","-28,0612244897959","78,38","1,62","71,071","5,704","8,18",5,"29,6",12,"16,4","45,3","65,9","21,07","2,6","-5,27","50,4","8,25","19,5",0,"104,636",57,0,18,"0,712",122,"19,7","17,33"
17,241700640,CA Royan Atlantique,,,37,,,"101,833683198274",2,"34,6","17,8",43,"5,39","34,73","4,2",23,31,"2,92","3,05","16,3","83,9","-1,8","36,05","1,7","4,92919358392967","41,9031131266087","4,32732029366645",3,0,"3,71","112,6","34,8","57,1","2,85","18,6",1,"39,9202899582722","0,952023295927236","55,7824212573795","77,8","10,6",183,"8,35","65,29","6,26793122641137","7,77",1,"4,22113060522613","-2,3","17,9","-19,8430493273543","61,49","4,69","42,859","3,731","12,93",5,"40,3","11,6","20,2","42,6","84,3","31,47",3,"-4,7","100,7","8,21","12,97","0,812","287,443",55,0,22,"0,862",306,"19,7","16,44"
17,241700699,CC du Bassin de Marennes,,,44,,,0,2,"31,5","18,2","17,2","3,7","1,12","7,7","32,5","25,8","6,29","6,05","19,4","84,7","-1,1","34,9","1,2","0,515397500322124","30,5252822778596","3,64846957820082","3,3","0,06","3,22","120,3","30,5","39,5","2,85","4,7",0,"69,2977704464428","0,511789027099334","44,1723985612419","68,9","8,9",137,9,"65,29","6,57786065968238","9,02",3,"5,33577351645504","9,5","17,6","-37,1824480369515","93,32","0,32","35,854","1,001","19,99",5,"35,5","12,8","20,7","51,8",71,"29,12","2,6","-2,35","79,1","7,5","22,17","1,933","750,3",59,0,"17,8","0,558",182,"19,7","16,89"
18,200000933,CC Sauldre et Sologne,,,53,,,"60,3693918590944",1,35,"25,1","13,5","12,85","-3,27","12,9","35,2","38,1","19,75","32,29","20,4","83,4","3,6","33,6333333333333","0,7","0,627833972793861","24,0575243965075","4,02409308692676","2,6","5,7","3,49","87,2",2,"29,3","3,12","50,5",4,"50,844731845009","0,165813979515195","38,8022800631825","46,8","26,2",135,"11,66","50,99","7,013905884426","0,7",1,"5,84369218118276","-8,5",46,"-25,9398496240602",100,"3,04","32,621","2,255","11,32",8,"40,9",13,"18,8","54,9","65,9","29,65","2,7","-6,7","96,5","11,86","31,64",0,"221,825",53,1,"18,4","0,116",167,16,"13,36"
18,200007177,CC Pays de Nérondes,,,60,,,"79,5344937380599",1,34,"24,5","13,9","7,23","-3,07","14,1",37,"36,1","26,77","43,87","19,6","85,5","2,1","30,05","0,6","0,861326442721792","19,856303069889",0,1,"14,64","4,31","99,4","8,5","11,7","3,12","7,5",0,"0,0088881897195894","0,145236479964462","38,7596899224806","70,8","8,3",131,"36,17","50,99","7,17754599789054",,0,"5,82054963084496","-2,9","73,7","-4,04040404040404","98,95","4,42","71,243","1,54","10,13",4,"38,8","16,9","19,3","54,6","55,5","30,58","2,8","-5,97","52,8","22,92","32,33",0,"257,7",58,0,"14,7","0,406",130,16,"14,98"
18,200011781,CC Portes du Berry entre Loire et Val d'Aubois,,,65,,,"48,086414536235",1,"30,5","24,4","7,9","6,96","-2,22","14,3","33,7","39,3","17,13","22,44","20,4",89,"2,2",30,"0,9","0,105507491031863","25,2766710934042","2,47786537295331",1,"2,33","3,17","98,9","18,7","17,5","3,12","34,3",0,"4,22008811785763","0,267072428579175","33,3713338169759","61,2","19,6",123,"2,63","50,99","5,92816108950567","1,06",0,"4,92961391160335","2,3","50,4","-26,9230769230769","96,88","2,79","46,271","1,105","15,09",7,"36,3","14,5","15,5","46,4","64,4","22,47","2,7","-3,84","43,9","16,33","19,33",0,"20,728",54,0,"21,9","0,324",123,16,"14,1"
18,200027076,CC Arnon Boischaut Cher,,,58,,,"122,561129316864",3,"32,75","26,2","10,6","4,55","-1,15","14,9","42,3","33,7","25,37","51,78","21,1","84,7","1,4","30,1","1,1","0,509229789942712","22,8340675477239",0,"1,9","0,09","3,82","65,6","9,3","27,6","3,12","25,5",0,"5,23267014053371","0,238715288000839","35,4601073791984","64,6","9,7",128,"15,48","50,99","6,48449120580875","3,82",1,"6,31704909943252","-2,8","59,8","-32,7731092436975","97,27","8,61","57,422","1,607","10,74",7,"38,8","14,1","19,4","55,5","58,7","30,43","2,8","-3,61","61,5","19,72","22,39",0,"394,556",55,0,"19,2","0,373",145,16,"13,64"
18,200032514,CC Berry-Loire-Vauvise,,,54,,,"553,426885487737",1,30,"27,6","17,8","6,1","-5,85","13,5","39,1",31,"37,05","27,59","23,4","89,3","3,7","32,9666666666667","0,6","0,737055463423623","24,8022454707834","6,69532374100719","0,7","11,5","1,84","86,6","8,1","7,3","3,12","16,5",3,"2,59227421501277","0,128439799731415","32,9232995658466","55,3","10,2",130,"6,06","50,99","7,04941611521993","1,84",0,"6,40563124432334","-2,2",100,"-1,72413793103448","98,67",3,"68,711","1,499","8,29",7,"39,8","15,3","19,6","59,5","58,6","28,75","2,7","-8,49","46,8","31,14","31,14",0,"66,932",58,0,"17,5","0,381",148,16,"15,51"
18,200036135,CC Coeur de France,,,57,,,"33,1783129867978",2,32,"24,1","6,9","19,23","-0,06","14,6","36,4","54,6","12,25","8,38","17,5",78,"0,6","30,1","0,9","0,219478737997256","27,4578961290892","2,72735712213519","1,5","0,38","4,39","78,7","2,4","35,9","3,12","24,4",1,"2,50539291217257","0,269253887200501","40,3937724038307","72,1","9,9",139,"14,01","50,99","6,47609360493692","3,29",1,"3,55589536344274","3,7","38,6","-13,963963963964","96,05","7,04","53,99","0,989","15,19",7,44,"16,6","20,1","52,3","84,6","28,09","2,8","-4,68","113,4","8,58","8,74",0,"130,544",56,0,"16,4","0,433",177,16,"13,95"
18,200049484,CC Berry Grand Sud,,,59,,,"215,723894883397",2,"33,8333333333333","28,3","20,3","4,63","-6,34","16,9","39,5","30,9","46,99","50,56",22,"78,4","0,7","30,85","0,6","0,786919646760514","20,0655737704918","1,3743694218083","1,1","8,92","2,62","67,3","3,7","21,7","3,12","8,9",1,"1,34811261439583","0,197280011876162","40,1685876483743","54,1","7,1",155,"18,75","50,99","7,04183020477816","1,75",0,"5,35051194539249","0,7","75,1","-15,1862464183381","98,5","7,08","73,295","0,848","14,2",6,"41,1","20,6","20,2","61,2","44,7","38,73",3,"-3,57","68,7",21,"24,09",0,"21,504",53,0,"12,7","0,345",208,16,"16,94"
18,200066330,CC Terres du Haut Berry,,,51,,,"44,8743666513128",1,"35,6","17,5","6,8","4,14","-6,25",10,"32,7","36,5","17,77","18,18","16,3","89,6","1,2",31,"1,1","2,15583615645211","27,2382681116865","0,279995724440169","1,8","0,35","3,08","100,9","12,5","32,2","3,12","24,2",1,"2,08039860402065","0,401062021307541","33,8233626847058","53,5","26,7",115,"10,72","50,99","4,72821007078878","1,15",0,"4,51232076269558","0,2",65,"-25,1082251082251",100,"6,74","61,291","2,861","8,86",7,31,"9,5","14,9","47,2","80,7","25,52","2,6","-3,7","51,6","19,47","20,7",0,"207,853",59,1,"21,1","0,369",107,16,"11,26"
18,200069227,CC Pays Fort Sancerrois Val de Loire,,,45,,,"243,230408647218",2,"32,25","25,6","17,6","5,94","-2,59","16,3","34,9","30,9","25,77","26,9","20,9","81,7","0,3","35,35","1,3","0,440941409910158","27,5708502024292","2,43171281794261",2,"0,59","3,86","77,7","11,1",24,"3,12","15,2",1,"4,12945463973956","0,283056115580024","42,401683120246","49,9","6,1",131,"8,66","50,99","6,11696293202141","4,41",2,"5,22276369937189","-1,9","75,5","-22,4159402241594","97,55","7,94","63,079","4,36","10,66",7,40,"12,5","15,3","59,2","61,6","31,53","3,1","-5,55","99,6","16,5","18,56",0,"212,548",55,0,"18,5","0,494",157,16,"14,01"
18,200070571,CC Coeur de Berry,,,59,,,"95,846713205352",1,"32,6666666666667","18,2","7,6","1,76","-3,64","9,2",32,"36,4","16,1","15,08","16,3","90,9","0,5","34,5",1,"0,290782204129107","24,005568814638",0,"1,7","0,33","1,45","87,5","13,1","39,5","3,12","16,8",0,"0,0702056432329029","0,330776453277081","31,0674077240986","49,7","26,4",113,"12,66","50,99","5,6478247834088",,0,"6,41496598639456","-0,8","86,2","-27,027027027027","69,27","1,72","72,372","3,014","7,45",5,"28,8","6,8","14,3","50,3","82,9","23,41","2,4","-5,6","39,9","10,73","14,73",0,"99,758",63,0,"20,2","0,512",100,16,"12,37"
18,200090561,CC Vierzon-Sologne-Berry,,,56,,,"78,5670490093848",2,"32,5","22,9","4,8","13,6","0,85","13,7","29,9","56,2","8,91","7,81","18,7","81,5","0,5","38,9","0,9","2,83070793908736","26,3843791136463","1,73434541882479","1,8","1,7","3,93","90,2","14,4","45,5","3,12","39,2",0,"12,0092301649647","0,438126422883195","35,5817788312893","71,5","19,9",131,"12,81","50,99","7,70386453847114","2,36",2,"8,02986492732782",-3,"25,2","17,3611111111111","63,65","8,54","33,378","2,353","11,52",8,"41,5","19,7","23,3","46,6","51,1","25,08",3,"-3,6","96,8","14,13","14,19","0,262","320,777",59,2,"18,3","0,404",137,16,"16,96"
18,241800374,CC la Septaine,,,54,,,"27,0053823311062",1,32,"16,3","4,7","15,26","0,77","10,7","31,7","36,5","27,26","32,51",17,"82,6","1,4","30,1","0,9","0,555864369093941","28,1411828836195","0,0294312607715763","1,2","1,66","1,85","106,1","8,2","11,7","3,12","14,6",0,0,"0,270563903868983","29,1587430951734","83,8","10,3",93,"11,51","50,99","5,50989373275313","2,78",0,"5,15026002971768","5,8","72,6","-24,6835443037975","83,18","5,96","79,14","1,951","6,95",7,"31,4","10,2","15,6","55,6","96,3","24,37","2,6",-9,"82,6","22,67","22,67",0,"374,898",61,0,"21,6","0,29",68,16,"20,82"
18,241800424,CC le Dunois,,,57,,,"22,6463888888889",1,32,"22,3","8,2","3,17","-3,7","14,6","41,2","36,8","28,03","38,5","18,8","82,4","-0,2","30,1","0,9","0,981491867638811","22,0625528317836",0,"1,4","1,01","1,4","60,6","15,5","41,5","3,12","16,9",0,"3,8145073127493","0,165601141417401","35,1578657107404","75,8","4,6",126,"6,42","50,99","6,58922858666261","1,4",0,"5,16582244734737","1,2","52,4","-15,7142857142857","98,87","11,26","71,235","1,72","10,75",5,"36,5","11,9","16,3","55,8","72,2","25,8","2,6","-3,96","58,3","21,13","22,5",0,"314,353",53,0,"17,4","0,353",133,16,"12,03"
18,241800432,CC les Trois Provinces,,,57,,,"150,83842010772",3,28,"29,6",12,"11,55","3,58","15,5","38,8","37,2","28,91","31,04","21,7","75,8","-1,3","30,05","1,1","0,199004975124378","20,4531722054381",0,"1,9","2,6","3,98","79,8","13,4","74,8","3,12","13,8",0,"4,66831919503507","0,204163155499289","37,7284338769896","58,5",19,158,"4,19","50,99","7,53667972439851","1,99",0,"5,73337222870478","1,6","50,1","-11,2244897959184","96,31","4,09","72,451","0,786","15,8",5,41,"21,2","27,8","48,7","37,7","28,46",3,"-7,26","95,3","8,82","30,64","1,99","60,916",51,0,"14,5","0,29",204,16,"14,65"
18,241800457,CC FerCher,,,61,,,"80,6981530343008",1,34,"19,7","4,4","11,61","-9,01","10,7",36,45,"12,48","18,29","18,6","87,7",0,"30,1","0,8","2,39022662889518","26,0594893392998","1,73933130699088","1,8",0,"2,66","72,2","12,3","31,4","3,12","25,9",1,"3,02877851204434","0,293328574485078","28,5913528591353","58,3","31,6",120,"2,99","50,99","6,81115366500583","1,77",0,"3,42859621724796","-3,4","47,7","-15,3225806451613","55,02","9,49","63,213","2,563","7,65",6,"37,5","12,7","19,4","48,8","87,3","20,54","2,6","-5,94","56,5","8,33","17,44",0,"381,799",53,0,"20,3","0,306",122,16,"13,59"
18,241800507,CA Bourges Plus,,,56,,,"37,9596015223185",2,34,"15,3","2,4","23,94","-1,72","10,4","23,1","62,1","3,01","1,98","15,4","78,9","-1,2","30,1","1,5","4,03241592608543","37,7092483471139","3,89715483677748","2,5",0,"3,13","99,6","20,7","64,2","3,12","8,2",0,"1,9900973600895","1,75612313935128","35,424908703591","66,8","17,6",113,"11,55","50,99","5,95562980352429","3,13",4,"4,27617646772324","-1,4","6,7","-5,70175438596491","35,84","2,34","62,17","1,924","7,06",6,"43,3","15,1",16,"36,8",69,"26,67","3,2","-2,86","133,8",9,"11,65","0,098","746,919",61,5,"23,2","0,359",109,16,"15,55"
19,200043172,CA du Bassin de Brive,,,22,,,"69,9035585114747",2,"30,3333333333333","15,5","6,5","9,56","2,51","9,5","25,5","54,9","7,95","4,34","15,7",84,"-1,4","32,5","1,6","2,37545000046036","34,5076411960133","1,28584791618697",3,"0,28","3,77","201,5","22,1","49,4","4,01","30,6",0,"99,9817099580492","1,51271810198703","43,6074699227869","64,8","19,5",119,"9,9","49,87","5,34876037012129","2,21",6,"3,86073535158067","-2,8","32,6","-41,2213740458015","71,6","4,9","40,322","1,633","17,86",5,"40,7",13,"14,2","47,6","62,9","25,31","2,9","-4,58","104,8","9,5","17,88","0,46","399,802",60,1,"28,4","0,572",128,"17,9","15,06"
19,200066603,CC du Pays de Lubersac-Pompadour,,,22,,,"113,685973575337",1,36,"23,5","14,3","7,19","-0,83",14,"39,8","38,3","24,43","29,07","17,9","83,9",5,"33,1",1,"0,294767870302137","27,5067230119093",0,"2,5","0,14","4,42","147,2","8,7","65,1","4,01","16,9",0,"100,012714682524","0,542805015919244","51,7415811533459",50,"15,6",141,"3,26","49,87","6,49399863476051","1,47",1,"5,91531722856384","-4,3","75,3","-29,3139293139293","94,64","4,92","62,091","3,245","14,3",1,37,"15,5","15,8","58,6","61,2","30,8","2,8","-2,04","127,4","18,3","24,4",0,"147,42",55,0,"25,2","0,245",215,"17,9","17,25"
19,200066645,CC Vézère-Monédières-Millesources,,,33,,,"150,250307827617",0,39,"26,5","40,3","6,04","-6,52","9,4","38,7",33,"38,45","53,2","18,3","77,3","1,4","39,85","0,7","0,702864171498858","27,2750775594623",0,"2,3","20,99","5,27","106,9",3,"16,1","4,01","58,7",0,"100,032605121835","0,134876167939286","63,7572451414934","70,7","10,1",173,"30,05","49,87","6,95036234985306","7,03",0,"7,03774715398442","-5,6","74,4","-24,8201438848921","85,66","13,06","31,3","0,093","19,84",2,"43,3","19,3","12,8","63,7","42,5","56,05","3,1","-2,15",98,"30,7","42,3",0,"49,437",53,0,"16,9","0,162",330,"17,9","17,37"
19,200066744,CC Haute-Corrèze Communauté,,,39,,,"150,214636127863",1,"36,6","23,7",22,"9,62","-6,99","14,6","39,6","39,4","30,66","36,58","20,1","83,8","2,5","40,15","0,8","1,71907232606114","25,8968211685313","0,357788549718328","1,8","7,53","3,75","188,9","13,6","44,7","4,01",59,2,"100,001871105344","0,225852818605947","50,2047946030599","69,5","11,1",126,"22,63","49,87","5,91612148130364","2,81",3,"5,5274593361743","3,1","47,4","-16,2830349531117","84,33","7,27","34,651","0,054","20,46",3,"42,3","14,6",15,"65,3","56,8","39,26","2,8","-1,83","107,4","19,4","19,53","0,313","528,25",53,0,"24,4","0,164",148,"17,9","15,36"
19,200066751,CC Xaintrie Val'Dordogne,,,32,,,"97,0309730552323",1,"34,5","25,6","26,5","4,04","-1,32","11,7","39,2","30,1","41,22","49,03","19,2","80,2","-1,4",35,"0,8","0,719424460431655","25,0930930930931","0,0930369324864737","3,8","9,1","5,4",195,"2,2","14,7","4,01","56,3",0,"99,9962230105817","0,242123934560477","57,8252121424197","63,2","11,9",151,"15,23","49,87","6,0382785168838","3,6",0,"6,47169314491354","-0,6","76,3","-17,420814479638","86,62","9,2","36,107","0,098","19,48",3,"40,3","16,8","12,9","69,8","53,1","40,65","2,9","-3,21","86,2","11,43","30,3",0,"83,107",52,0,"21,4","0,263",233,"17,9","16,02"
19,200066769,CC Midi Corrézien,,,26,,,"102,879087219542",1,"33,75","20,5","24,8","2,93","1,13","10,1","34,8","28,5","34,52","30,64","17,1","86,5","-1,4","33,75",1,"1,43776012107454","25,1989924433249","1,15011655011655","3,1","0,99","3,78","119,2","12,8","34,7","4,01","40,8",0,"99,9975146685798","0,724376508731778","54,3960923623446","58,4","27,4",131,"10,26","49,87","5,50460137876439","0,76",1,"5,02855383668129",0,"63,4","-19,4214876033058","80,63","9,93","46,657","0,272","19,08",4,"36,6","14,1",13,"68,7","55,5","39,73","2,9","-3,94","62,9","19,91","21,5","0,757","93,991",56,0,"27,7","0,668",178,"17,9","14,44"
19,241900133,CC de Ventadour - Egletons - Monédières,,,34,,,"101,971177573783",2,"34,5","25,8","24,3","11,21","-0,18","11,8","32,6","36,2","25,6","41,5","23,4","85,6","2,1","39,85","0,7","0,489620054837446","25,9922625017911","0,170947368421053","7,1","12,81","1,96","111,4","17,2","26,1","4,01","69,2",1,"99,943234017447","0,385477171607054","46,2838141457715","59,4","16,3",128,"14,86","49,87","5,66820276497696","2,94",0,"5,95289142407553","-3,5","42,6","25,5102040816327","77,65","7,04","20,489","0,127","22,31",2,44,"16,2","8,3","67,5","58,6","43,28","2,9","-2,1","93,5","12,21","28,37",0,"202,211",56,0,"22,1","0,179",121,"17,9","23,16"
19,241927201,CA Tulle Agglo,,,29,,,"36,4738998793453",1,"35,8","18,8","12,9","8,23","0,52","11,1","30,5","48,5","21,26","19,31",16,"82,5","-0,8",35,"1,2","2,68656716417911","32,1375186846039","0,179321428571429","2,3","3,93","2,99","144,9","16,5","43,8","4,01","43,5",0,"99,9860585768321","0,624347938969065","42,9985792931984","74,8","10,3",122,"16,21","49,87","5,04209997048936","3,9",3,"4,43430034129693","-0,6","53,3","-17,7556818181818","81,35","5,24","39,66","0,159","18,03",3,"40,9","12,2","13,8","56,1","52,3","37,38","2,7","-3,17",104,"14,47","16,84","0,459","304,342",58,1,26,"0,333",149,"17,9","17,6"
19,241927243,CC du Pays d'Uzerche,,,29,,,"313,52571486309",2,32,"22,7","16,8","6,73","-6,96","13,3","37,9","34,2","26,94","24,37","16,2","82,9","1,1","33,75",1,"1,79262194546655","25,7237505401123",0,"2,3","0,42","4,72","171,6","9,1","44,9","4,01","21,4",0,"99,8760881151182","0,53816241034931","46,0343871325569","63,8","13,6",113,"9,81","49,87","6,26656615537007","4,72",1,"3,1458142143367","-0,8","49,9","-23,5565819861432","94,45","7,39","67,466","0,392","16,29",3,"37,8","14,9","26,2","69,4","56,6","30,76","2,8","9,62","85,5","10,75","38,58","3,774","362,359",55,0,"22,6","0,183",160,"17,9","14,53"
21,200000925,CC de la Plaine Dijonnaise,,,61,,,"36,7994387362513",2,41,12,"1,3","8,57","-0,65",5,"23,4",48,"6,63","4,47","12,8",88,"2,2","30,2","1,5","1,35427952329361","33,3421226104153","2,07129024449286","3,2","0,05","2,71","95,9","18,6","30,1","4,56","25,2",0,"10,3914981145012","0,926250249394752","33,055654023396","55,2","30,3",98,"7,38","51,78","4,77670333166674","1,35",0,"3,93682105358847","2,9","60,2","-42,1052631578947","39,52","1,75","59,771","2,568","7,56",5,"24,4","5,9","10,1","46,2","83,6","18,19","2,3","-3,51",43,"5,77","21,18","0,903","354,484",61,2,"21,7","0,474",71,"15,4","11,35"
21,200006682,"CA Beaune, Côte et Sud - Communauté Beaune-Chagny-Nolay",,,53,,,"95,5135960044395",2,34,"16,5","7,7","14,48","-0,55","10,8","23,2","62,1","7,59","5,63","15,3","78,5",1,"30,45","2,1","3,06372549019608","37,6221498371336","2,73662790697675","3,7","0,23","3,16","91,9","24,2","55,4","4,56","31,5",0,"37,8172462548995","0,572379256197598","52,5526679993849","54,2","13,2",110,"7,47","51,78","5,27038889753971","3,36",1,"4,6285035814388","-1,5","33,6","-16,9793621013133","64,34","19,64","48,441","9,033","10,7",6,"38,2","9,7","12,7","48,9","77,6","29,17","3,1","-4,65","118,9","8,89","12,55","0,198","289,866",56,1,"21,7","0,332",117,"15,4","14,83"
21,200039055,CC Ouche et Montagne,,,50,,,"318,625685763108",1,"30,5","14,4","7,6","1,49","-13,58","6,8","28,1","37,4","20,57","22,83","13,8","87,6","2,3","30,2","1,5","2,48381087554333","31,5865384615385","5,12962962962963","2,9","0,94","2,66","101,1","10,8","32,2","4,56","48,9",0,"53,4846391849236","0,291452045101461","42,0116795955722","72,8","34,1",110,"10,54","51,78","4,24237148143254","1,77",0,"4,3113783533765","1,1",79,"-1,05263157894737","97,81","19,05","36,612","0,803","13,26",5,28,"5,4","8,5","56,9","66,6","31,93","2,4","-0,51","43,4","19,88","28,97","3,548","687,702",62,0,26,"0,232",86,"15,4","10,95"
21,200039063,"CC Forêts, Seine et Suzon",,,64,,,"1339,69375886525",0,"35,3333333333333","15,8","7,6","1,69","-7,55","8,1","29,6","48,9","26,92","35,18",14,"87,3","1,6","30,2","2,1","3,40232492203005","35,868034600684","0,47914940624137","2,6","25,25","2,84","84,2","13,3","18,2","4,56",51,0,"28,7770135449189","0,134430726662662","44,3733481708165","62,1","7,8",117,"17,07","51,78","4,62694781987134","2,84",0,"6,14510364546104","-3,1",100,"-32,7380952380952","97,83","19,8","44,575","1,258","9,37",5,"31,3",6,"11,2","63,2","34,2","35,02","2,9","-2,88","53,7","22,92","29,28","2,835","189,178",61,0,"23,6","0,099",116,"15,4",11
21,200069540,CC Norge et Tille,,,64,,,"51,7489035087719",1,21,8,"1,1","3,29","-3,59","3,9","15,7","65,5","4,18","2,11","8,1","88,2",1,"30,2","2,1","2,33939175814288","43,963032050195","2,06796690307329","3,8","0,02","1,8",91,"25,2","50,8","4,56","11,5",0,"0,028594122319301","1,1029093941951","32,4977882630492","62,5","16,4",111,"15,01","51,78","3,59857438090467","8,4",1,"3,15061372745491","-6,1","84,2","-32,6732673267327","41,25","10,73","64,023","2,327","6,29",5,"20,4",5,"7,7","45,8","68,6","21,11","2,5","-2,37","34,8","9,93","12,14","0,6","358,596",62,0,"29,4","0,386",87,"15,4","8,66"
21,200070894,CC de Gevrey-Chambertin et de Nuits-Saint-Georges,,,51,,,"48,6427994344577",1,"33,25","14,2","3,6","8,1","-1,59","7,4","27,2","55,6","10,72","9,41","15,2","84,3","1,1","31,1","1,8","1,45324275913346","37,9874890040074","1,01744421906694","3,3","0,17","2,37","85,9",19,"31,6","4,56","44,3",1,"58,1852227747894","0,441203011751069","40,2781897887208","44,7","21,3",101,"7,38","51,78","4,83725474653138","0,68",0,"4,98217648641378","2,6","63,8","-10,6907894736842","52,98","23,71","46,207","7,463","9,91",4,"30,9","5,8","10,1","51,3",68,"27,81","2,7","-3,27","85,3","7,55","18,05","1,69","668,117",62,0,"25,6","0,301",94,"15,4","10,65"
21,200070902,CC Auxonne Pontailler Val de Saône,,,66,,,"217,310218041898",2,"32,5",19,4,"9,94","-1,9","8,7","26,9","46,2","11,19","12,82",18,"82,6","0,8","30,35","0,9","1,0661890139884","27,5828204792458","0,239659260560288","2,2","0,01","2,99",89,"20,2","23,4","4,56",36,0,"5,95162252600451","0,34621984326093","39,9057080316552","74,7","17,3",106,"9,47","51,78","6,13687293371384","1,71",0,"4,78816785729563","4,5","57,2","-25,6505576208178","89,16","7,2","44,81","1,815","10,21",6,"31,8",10,"12,6","51,1","70,5","24,01","2,5","-6,1","54,4","11,17","21,83","0,853","312,763",57,3,"20,4","0,351",86,"15,4","17,86"
21,200070910,CC Tille et Venelle,,,67,,,"30,0401541269519",1,45,"20,2","8,2","4,89","-5,41","12,2","35,1","46,9","31,94","33,71",17,"81,7","3,2","30,2","1,1","2,43259679708088","26,3525305410122","0,0424994509114869","2,7","17,83","2,03","74,9","11,7","35,5","4,56","45,5",0,"10,3280229408953","0,140994996855214","38,5075818036712","34,8","4,3",115,"5,49","51,78","6,17872257730178","2,03",0,"7,09451833937928","-4,2",100,"-32,4324324324324","98,14","14,34","52,149","2,522","8,45",5,"31,3","8,6","14,6",65,"62,6","34,87","2,5","-5,28","111,2",19,"43,28","2,027","47,885",57,0,"21,9","0,082",107,"15,4","11,74"
21,200071017,CC des Terres d'Auxois,,,67,,,"62,99085209826",1,"35,6666666666667","21,6",15,13,"-0,72","12,4","31,9","43,5","30,42",34,"19,3","76,6","-2,1","33,7","1,1","1,92283040635816","25,8545560182047","4,99114863484715","3,1","15,98","3,2","104,9","8,6","23,4","4,56","19,1",0,"36,4465101235526","0,260607878254989","49,8575498575499","66,5","8,2",129,"11,8","51,78","6,3798569801291","7,05",1,"5,39539298822934","1,1","67,5","9,71563981042654","97,62","11,11","62,614","0,769","14,32",5,"40,8","12,6","14,9","66,7","61,5","35,25","2,8","-2,33","96,6","20,53","17,91","0,641","94,76",56,0,"20,9","0,24",133,"15,4","16,07"
21,200071173,CC du Pays Arnay Liernais,,,60,,,"149,366410037069",2,"37,6666666666667","27,2","19,7","5,93","1,51","13,9","41,1","34,9","41,52","35,88","22,3",84,"2,8","34,6333333333333","0,9",3,"21,0952945828391",0,3,"5,94","1,43","141,2","5,4","17,4","4,56","26,4",0,"30,8625724217845","0,18089474871832","47,8999859530833",53,"18,7",142,"18,78","51,78","6,32625130344109","1,43",0,"5,37128017967434","1,8","73,8","-26,1006289308176","96,35","4,3","61,151","0,313","16,49",5,"40,1","14,5","12,8","65,3","63,6","33,71","2,8","-5,53","69,6","10,41","28,68","1,429","22,475",55,0,"15,9","0,208",179,"15,4","17,1"
21,200071207,CC de Pouilly-en-Auxois / Bligny-sur-Ouche,,,58,,,"121,352325046041",2,"35,4","22,4","15,5","4,26","-2,27","13,3","36,8",38,"37,36","36,83","20,3","84,1","5,1","33,1333333333333","1,1","3,41802438190726","25,3662551440329","5,6306827309237","3,1","16,22","3,42","111,5","9,1","21,9","4,56","27,9",0,"20,3386662919544","0,284039740800367","55,1587737611252","67,1","12,8",120,"7,26","51,78","5,6794848267463","4,56",0,"5,33177624664253","-4,9","80,3","-13,1410256410256","98,44","13,81","60,421","0,562","15,23",5,"37,1","10,6","16,5","65,4","66,2","36,8","2,8","-2,75","74,9","12,21","31,81","1,139","630,7",55,0,"19,5","0,261",121,"15,4","14,5"
21,200072825,CC Mirebellois et Fontenois,,,58,,,"85,015126184221",1,"36,75","15,4","6,2","5,17","16,88","6,9",28,"43,7","20,38","30,15","14,3","90,4","5,8","30,2","1,3","2,07187823730975","29,4597470150136","1,03830882352941",3,"5,02","2,39","79,5","11,6","19,6","4,56","28,8",0,"0,204162350503814","0,324467401280773","36,4518147684606","65,4","21,5",109,"22,94","51,78","4,94188775510204","0,8",0,"5,44","0,3","85,6","-28,1954887218045",98,"8,33","65,707","2,46","6,43",5,"29,3","7,1","11,7","56,5","71,7","30,2","2,5","-3,73","48,5","20,25",23,"1,594","435,701",62,1,"23,8","0,181",89,"15,4","10,51"
21,242100154,CC des Vallées de la Tille et de l'Ignon,,,66,,,"102,378607437715",1,33,"15,1","3,8","8,89","-1,38","7,5","30,8","49,9","13,53","13,12","13,5","82,2","-1,1","30,2","1,2","2,70883666447031","30,207413945278","0,205525846702317","3,8","0,15","2,2","91,3","15,8","31,9","4,56","46,6",0,"2,04309838080479","0,402141599150792","38,8048956083513","54,1","25,4",104,"9,87","51,78","5,57108793627502","2,93",0,"3,73917828319883","7,2","58,6","-6,17283950617284","74,98","6,29","49,128","2,025","6,82",6,"27,6","6,7","10,8","54,5","73,8","26,28","2,5","-6,12","64,9","8,78","28,35",0,"111,591",63,1,"24,4","0,134",79,"15,4","11,74"
21,242100410,Dijon Métropole,,,57,,,"24,5384983261597",3,31,13,"3,2","20,01","7,99","6,6","22,6",57,"0,68","0,06","14,9","59,8",-3,"30,2","1,8","2,34698217530836","44,544325982182","3,8720785440613","4,4",0,"3,09","88,4","26,8","79,1","4,56",22,2,"9,67978019233171","1,63707437020962","38,9081889620438","71,1",11,92,"13,11","51,78","5,11641248227717","2,36",24,"3,09134821854229","1,9",4,"-3,04568527918782","7,75","12,64","38,38","3,812","6,55",6,"50,6","15,1","11,6","38,2","68,8","27,29","3,3","-4,77","131,4","3,26","8,09","0,116","494,402",,6,"20,9","0,671",89,"15,4","19,01"
21,242101434,CC du Pays Châtillonnais,,,71,,,"92,443919716647",2,40,"25,8","15,9","9,38","-2,01","14,5","35,7",44,"36,83","43,55","21,1","79,1","2,9","34,6333333333333","0,6","3,63487431526135","22,9345885408213","0,0867340466021059","1,7","27,83","3,07","73,8","6,7","33,4","4,56",48,0,"27,7867049258728","0,0753969020446776","47,7629688351583","59,4","15,5",131,"18,82","51,78","7,20904641502619","3,07",1,"6,50508217446271","0,9","70,9","-22,0238095238095","97,5","11,54","49,243","1,937","7,89",6,"40,5","16,1",22,"60,2","61,4","39,63","2,9","-7,04",89,"20,93","21,61",0,"38,151",53,0,"14,8","0,064",157,"15,4","16,81"
21,242101442,CC de Saulieu-Morvan,,,61,,,"98,7453475123433",3,37,"27,9","14,6","10,26","-0,74","17,9","37,9","36,7","25,4","33,24","21,7","79,8","2,3","37,2","0,7","1,33920030610293","20,6976073796483","0,0325825497485239","2,7","8,7","5,74","109,3","1,3","15,5","4,56","45,6",0,"99,9366542750929","0,223155505243712","60,7022786701532","64,7","15,7",137,"8,55","51,78","7,6335597057159","3,83",0,"5,30371627994718","0,2","49,3","8,69565217391304","96,1",11,"41,484","0,293","17,48",4,"43,7","15,5","17,3","62,8","56,4","31,76","2,9","-2,41","108,7",12,"27,33","1,913","72,843",52,0,"13,3","0,04",178,"15,4","13,76"
21,242101459,CC du Pays d'Alésia et de la Seine,,,69,,,"148,592401628223",1,"30,5","22,9","14,9","17,32","2,54","12,3","34,1","53,4","23,07","32,46","20,6","78,5","6,7","33,7","0,9","1,63220892274211","23,2112436115843","6,47382048331415","1,8","11,06","2,72","88,9","12,1","10,1","4,56",26,0,"59,0064505928854","0,241023456160238","44,3909613584704","66,6",38,125,"6,61","51,78","6,61379103282626","1,36",1,"6,31318388043768","7,6","55,2","-31,25","97,53","28,65","65,624","0,871","12,8",6,"40,8","14,1","14,1","61,3","73,7","35,23","2,8","-6,42","80,5","25,5","23,83",0,"36,101",61,1,"16,8","0,216",135,"15,4","15,03"
21,242101491,CC du Montbardois,,,68,,,"70,158239608802",1,"37,2","23,4",8,"21,19","1,45",15,"34,3","54,6","24,45","17,73","18,7","77,4","2,9","37,2","0,7","2,56309148264984","25,7793017456359","4,86564009661836","2,3","3,39","3,94","77,8","16,3","49,5","4,56","41,7",0,"0,0321773577038015","0,192166335199004","45,0476465492348","57,6","31,1",131,"12,62","51,78","7,15920846500824","3,94",1,"7,20485914161467","1,7","52,5","-26,1261261261261","97,37","14,88","54,159","1,625","9,59",6,"40,8","13,4","18,5","58,7","72,1","35,59","2,7","-3,5",105,"10,58","19,52","0,986","69,304",58,2,16,"0,155",171,"15,4","14,05"
21,242101509,CC Rives de Saône,,,62,,,"67,018587179237",2,39,"20,2","5,7","6,52","-6,21","8,2","29,1","42,9","16,5","21,58","17,5","87,8","1,6","30,9","0,8","1,55437897702434","25,6617483502632","1,76224846894138",3,"0,01","2,43","87,7","17,4","42,2","4,56","27,7",0,"13,0853434714211","0,440315410661849","39,7667527005066","68,7",13,111,"7,48","51,78","6,08265997132557","1,94",0,"5,83684107960635","2,9","68,6","-0,540540540540541","64,46","2,57","56,322","2,79","8,51",6,"31,9","10,1","13,7","48,9","69,7","24,68","2,5","-7,38","47,9",7,"26,68","2,429","171,59",60,0,17,"0,486",95,"15,4","13,7"
22,200065928,CA Lannion-Trégor Communauté,,,14,,,"76,3861698201658",1,"41,5","18,2",24,"8,03","7,9","6,1",30,"36,9","9,05","9,21","17,2","84,1","-0,6","35,4666666666667","1,5","2,22052598709319","35,4577304318104","1,89332937646322","3,3","0,33","3,07",158,"19,8","47,6","2,91","11,3",6,"5,1555703047646","0,849199869697304","39,8570853847775",70,"8,4",145,"13,13","70,68","5,25702872647401","1,78",5,"4,39254346296855","-0,2","34,2","-28,978745463971","94,65","15,03","56,532","1,12","12,37",7,"41,1","11,3","13,1","53,7",78,"27,36","2,9","-3,44",93,"10,11","16,68","0,694","2280,408",,0,"26,7","0,486",163,"25,7","16,96"
22,200067460,CC Loudéac Communauté - Bretagne Centre,,,14,,,"98,2847691113698",2,"40,3333333333333","20,8","9,8","5,9","1,13","11,9","32,8","37,9","22,48","23,09","18,9","84,8","2,2","32,975","0,8","0,328115651116558","22,6623259178875","6,93154673036728","2,3","0,53","2,51","125,1","11,7","34,5","2,91","9,7",21,"0,438277034455928","0,658560571213895","34,0631689638337","40,1","40,5",122,"9,63","70,68","5,67270446513989","2,32",3,"4,08818992951834","-1,9","63,9","-32,6209677419355","100,01","5,23","71,386","1,439","10,68",8,"36,9",14,"14,1","60,6","59,6",27,"2,6","-5,69","114,1","16,66","31,68","1,158","301,01",55,4,"22,2","0,287",112,"25,7","17,99"
22,200067981,CA Guingamp-Paimpol Agglomération de l'Armor à l'Argoat,,,14,,,"61,2194462190928",1,"39,7777777777778","21,6","13,6","8,7","4,81","10,7","32,7",39,"14,94","12,49","19,6","82,9","0,3","34,15","0,9","2,41078079501591","27,8872446517613","0,910435625605904","2,6","1,9","2,98","127,6","19,3","37,7","2,91","11,6",7,"4,20978883847793","0,737519491111145","39,5649949494287","65,9","17,6",136,"17,61","70,68","5,90403970663456","1,9",6,"4,77182688249629","-2,8","44,1","-23,5919234856536",100,"16,28","59,376","1,213","13,79",7,42,"14,4","15,5",57,"67,7","26,61","2,8","-3,79","100,2","12,84","17,74","0,542","915,793",58,2,"24,1","0,377",144,"25,7","18,38"
22,200068989,CA Dinan Agglomération,,,14,,,"242,677890141308",1,"44,4285714285714","16,4","18,1","8,66","7,18","6,8","29,3","36,6","10,31","8,53",17,"84,7",0,"37,7","1,3","2,59474157905823","30,3903203874065","2,84211472756699","3,2","0,16","2,87","116,4","22,3","58,2","2,91","8,8",12,"3,03714073538857","1,16168554863722","37,9792891127904",67,"16,1",128,"15,95","70,68","4,93024411740592","2,78",2,"3,96381282282529","-1,5","45,7","-19,3808049535604","86,34","6,56","63,881","1,055","9,19",7,"36,3","10,2","13,8","51,6","84,5","25,01","2,7","-3,73","82,8","10,36","16,28","2,011","644,277",,0,"27,4","0,412",127,"25,7","16,58"
22,200069086,CC Leff Armor Communauté,,,14,,,"48,4284186017243",1,"39,4285714285714","17,3","12,8","2,85","12,89","8,2","27,4","29,7","13,87","7,4","16,4","89,7","2,5","33,7","0,9","1,15394211576846","25,8516753119305","0,473332159831016","2,5","0,16","1,87","119,7","27,6","42,6","2,91","13,8",7,"0,28090865373606","0,964418109183542","32,7823691460055","63,7","18,5",122,"7,14","70,68","4,56545582451316","0,94",0,"4,73430754964346","2,8","63,3","-14,7445255474453","99,49","10,45","61,087","1,266","10,33",8,"32,6","10,4","14,3","56,5","77,6","24,3","2,5","-3,72","58,7","13,96","16,74","0,936","565,35",57,1,"28,1","0,404",100,"25,7","16,49"
22,200069391,CA Lamballe Terre et Mer,,,14,,,"8,68077971686422",1,"44,1428571428572","15,6","21,1","4,46","7,61","6,8","27,7","31,1","16,76","13,45","15,9","87,6","1,1","34,1333333333333","1,1","2,31592050602863","27,173464332893","1,2360475161987","2,6","0,54","2,89","112,3","26,1","43,4","2,91","8,4",22,"0,81000842678421","1,00104819249809","36,1969861736834","52,2","29,5",122,"26,54","70,68","4,38325056562041","1,74",3,"4,02529251861482","-0,9","52,4","-21,7746047934727","95,22","5,62","68,677","1,305","8,58",7,"34,4","9,1","11,2","56,9","77,4","24,13","2,6","-3,83","82,6","14,37","39,45","0,724","459,7",59,0,"28,7","0,276",110,"25,7","15,29"
22,200069409,CA Saint-Brieuc Armor Agglomération,,,14,,,"73,1960983818264",1,40,"14,2","8,6","12,48","2,99","7,4","26,1","50,4","4,15","2,62",15,"82,8","-0,5","30,9","1,5","6,07701447186459","35,1647252912063","4,99010787962905","3,1","0,01","2,92","120,3","30,7","73,4","2,91","12,5",5,"1,44189198122562","1,73227500480306","37,0627648355257","70,4","13,9",120,"18,16","70,68","4,90414197038044","2,53",11,"3,67615210937551",1,"18,1","-33,0949948927477","48,98","5,45","53,031","1,253","11,69",9,41,12,"13,9","44,7",75,"24,46","2,9","-2,84","112,4","11,69","34,53","0,39","570,498",,0,"30,2","0,431",108,"25,7","16,63"
22,242200715,CC du Kreiz-Breizh (CCKB),,,14,,,"302,612398862891",1,"38,6666666666667","23,4","16,3","4,37",0,"14,1","37,6","38,1","33,59","33,3","20,5",79,"0,5","35,5","0,9","0,543478260869565","23,3338928991103","10,4249645390071","3,5","4,78","3,26","136,3","3,2","13,8","2,91","12,7",7,"3,59450103566666","0,388043655607151","37,4180005247966","59,9","17,5",138,"35,88","70,68","6,76163447969375","14,13",1,"5,6027397260274","-1,2","85,8","-15,2152152152152","99,99","15,24","61,934","2,622","14,85",8,42,"19,1","15,8","63,9","65,3","38,48","3,1","-5,15","96,5",26,"27,04","1,087","91,839",53,1,18,"0,293",166,"25,7","19,12"
23,200034825,CA du Grand Guéret,,,61,,,"78,1172176598582",1,37,"19,9","8,9","15,43","0,65","13,3","28,3","52,3","19,44","11,43","16,4","82,1","-1,8","35,6","1,3","2,70650263620387","31,5413819286257","0,504149377593361","2,3","0,36","3,87","142,4","16,6","39,2","3,19","35,2",0,"1,05438567401758","0,389444782094056","42,3613935204013","81,1","7,7",119,"18,62","49,58","6,05525346103354","2,46",4,"4,38210108604845","0,1","46,5","-17,2680412371134","87,17","5,95","49,717","0,237","15,79",5,45,"15,3","18,3","49,6","68,6","34,31","2,9","1,57","126,6","10,52","10,52","0,351","461,231",58,1,"26,5","0,222",131,24,"14,94"
23,200041556,CC Portes de la Creuse en Marche,,,61,,,"58,8563192231831",2,"36,25","27,6","21,9","3,86","-3,08","15,8","37,3",32,"39,74","50,8","21,3","79,1","4,5","35,6","0,3","0,904977375565611","19,6828752642706","0,181413961760783","1,9","63,61","4,52","118,2","4,1",0,"3,19","13,1",1,"0,134428030412535","0,224347259155314","40,5285035629454",57,"8,9",152,"10,02","49,58","6,91253985007755","3,02",0,"4,20928829915561","-3,7","76,4","-6,34441087613293","95,4","8,91","68,226","0,331","14,11",3,"39,3","20,1","15,8",65,"61,6","31,52","2,9","-3,39","79,9","25,38",30,0,"5,938",52,0,"24,1","0,212",219,24,"17,27"
23,200044014,CC Creuse Grand Sud,,,61,,,"48,1839903389977",2,40,"26,7","22,6","13,63","3,58","15,9","37,4","45,6","31,55","33,3","21,8","75,3","-1,6","35,6","0,5","1,47710487444609","23,6184806522583",0,4,"5,43","5,21","142,3","14,8","23,9","3,19","49,7",0,"68,720110686091","0,219703962608523","50,6816090992724","72,9","5,6",135,"26,97","49,58","7,17697353431425","4,34",2,"5,92151431209603","-0,9","54,5","-3,18181818181818","86,3","13,97","42,256","0,072","18,81",4,"46,6","21,3","14,9","63,2","70,8","49,7","3,1","-0,15","111,1","15,85","14,81","0,869","30,944",53,0,"19,2","0,182",176,24,"19,17"
23,200067189,CC Creuse Sud Ouest,,,61,,,"87,7573824009497",2,38,"26,3","26,9","7,21","4,44","15,3","40,4","37,4","41,25","55,63","20,6","80,2","1,4","33,7","0,6","2,15085663428021","21,5142919485054","0,0703056768558952","2,8","10,48","5,19","122,1","10,5","19,1","3,19","53,2",0,"30,0614681201646","0,119183561179798","44,9095423909188","68,7","7,8",144,"12,22","49,58","7,12432574799831","3,71",1,"5,62669616519174","0,5","70,7","-32,3232323232323","89,85","8,32","38,766","0,131","19,54",5,"40,1","22,1","16,8","63,7","51,4","40,87","3,2","-3,99","82,8","22,51","28,4",0,"342,675",53,0,"18,5","0,202",185,24,"17,32"
23,200067544,CC Creuse Confluence,,,61,,,"52,5393059706044",1,"35,25","27,2","17,8","6,54","-1,87","17,9","36,9","37,9","41,67","49,98","21,7","80,9","3,6","35,6","0,7","1,09229929000546","21,8252595155709","0,0174731182795698",2,"23,08","4,25","119,3","3,6","10,7","3,19",14,0,"1,97679765253955","0,216905892400127","43,3273488928785","57,4","14,9",139,"15,57","49,58","6,57565976468967","1,82",0,"5,21451826841915","-0,4",72,"-38,5542168674699","98,21","8,83","69,401","0,319","14,23",4,"41,7","20,1","15,5","62,4","57,3","38,29",3,"-3,68","89,1","27,32","30,05","0,607","129,862",54,0,"23,3","0,18",189,24,"16,9"
23,200067593,CC Marche et Combraille en Aquitaine,,,61,,,"128,683805606338",1,"40,75",27,"26,8","5,03","-1,49","16,3","36,9",34,"51,12","56,03",20,"78,2","3,1","40,15","0,5","1,53362472203052","20,1880035810206","0,0082730093071354","2,3","16,42","4,6",114,"2,1","13,2","3,19","21,2",0,"18,4012953689525","0,149133553271491","46,0004532064355","56,1","12,8",148,"6,72","49,58","6,58583304174487","3,07",1,"5,52096786164923","-0,5","74,9","-19,3877551020408","87,86","2,95","65,667","0,133","14,59",4,"41,7","22,5",14,"63,8","52,3","38,42",3,"-3,09","75,9","24,78","26,5",0,"18,884",52,0,19,"0,217",211,24,"18,36"
23,242300135,CC du Pays Sostranien,,,61,,,"86,952172645086",1,42,"26,8","12,3","13,43","0,29",14,"34,1","47,4","21,12","13,24","19,9","83,6","3,7","35,6","0,9","0,882093501911203","25,6879432624113","0,0971558016612131",3,0,"2,94","149,2","9,6","51,9","3,19","9,6",0,"0,235242612185334","0,39835192673949","42,480561350275","69,8","17,5",133,"19,11","49,58","7,27511637578311","2,94",0,"4,59639402760823",-2,"53,9","-45,7534246575343","95,47","6,77","71,987","0,323","14,25",3,"43,6","19,1","20,1","51,7","52,2","31,56","3,1","-2,36","117,2","9,1","39,3",0,"397,307",54,0,"26,1","0,164",172,24,"14,77"
23,242320000,CC de Bénévent Grand Bourg,,,61,,,"69,4155136885487",0,"39,5","26,8","24,5","4,03","-0,75","14,6",36,"38,1","30,27","36,85","19,9","80,3","0,4","33,7","0,6","1,47383935151069","22,7474150664697",0,"1,6","3,04","7,37","148,4","9,3","20,3","3,19","30,5",0,"1,47441167403145","0,166328916721859","46,4646464646465","57,3","15,4",149,"13,67","49,58","6,75856482436951","1,47",0,"3,34209765963594","-0,3","71,7","-28,9473684210526","96,17","2,26","61,605","0,274","15,49",4,"40,5","18,3","16,9","58,5","47,5","32,87","2,9","-5,16","66,3","20,88","26,5","1,474","223,665",51,0,22,"0,185",206,24,"15,74"
23,242320109,CC du Pays Dunois,,,61,,,"175,160616537021",1,"39,25","26,8","27,1","4,06","-5,84","15,9","38,3","34,3","41,05","45,69","19,9",83,"1,7","35,6","0,7","1,43287003868749","22,0101285547332",0,"1,8","13,42","5,73","109,6","4,6","14,1","3,19","15,7",0,"2,44821826280624","0,241041656483434","44,8825503355705",56,"20,6",155,"3,33","49,58","6,7334976774509","2,87",0,"4,65815744438106",-1,"82,7","-22,554347826087","98,27","5,16","68,337","0,333","14,18",4,42,"19,4","15,5",59,"57,2","35,11",3,"-2,22","73,8",23,"35,29",0,"258,669",53,0,"18,2","0,222",237,24,"13,67"
24,200027217,CC Sarlat-Périgord Noir,,,55,,,"99,742185082018",2,"34,5","21,4","20,9","7,81","0,8","9,5","25,1","43,7","19,18","8,25","18,3","80,5",-1,"34,2","1,8","4,45324096981692","35,423954689322","1,0950565950566","3,1","3,12","3,71","120,1","11,8","42,9","2,68",52,0,"100,072654315718","1,11964214135487","68,6638705811863","74,2","10,2",132,"9,49","54,53","6,98517886120869","2,47",3,"5,57889152415429","-1,7","46,8","-23,2558139534884","76,63","8,66","25,038","0,62","22,98",5,"39,5","15,3","18,4","55,4","79,4","51,52",3,"-3,44","135,1","9,69","9,69",0,"189,934",53,0,24,"0,632",178,"17,9","14,75"
24,200034197,CC de Montaigne Montravel et Gurson,,,59,,,"85,8082997311828",3,37,"19,8","11,1","1,9","-1,92","9,8","28,5","31,5","22,16","21,75","16,6","87,1","2,4","34,7","1,2","0,505944852011131","24,6830092983939",0,"2,7","0,28","3,37","169,5","15,3",22,"2,68","34,3",0,"100,070434749821","0,445312843177657","44,4020250643207","50,6","24,5",125,"6,4","54,53","6,61194757623329","0,84",1,"6,30735930735931",-11,86,"-13,2183908045977",100,"26,43","29,109","7,76","13,55",6,"31,7","17,8","23,2","52,9","43,9","28,5",3,"-6,82",54,"10,33","14,78",0,"34,028",61,0,18,"0,7",131,"17,9","18,46"
24,200034833,CC des Bastides Dordogne-Périgord,,,59,,,"133,045",1,"36,2","21,9","22,2","3,68","-1,51","10,2","33,7","37,4","32,2","31,3","17,9","80,7","2,9","33,8333333333333","1,3","0,806408257620558","28,7220518956106","0,895409181636727","2,1","10,7","3,23","107,2","14,7",22,"2,68","47,9",0,"78,2499925156423","0,272431201483323","51,8616318986005","63,3","22,5",147,"9,84","54,53","7,296024312856","2,69",0,"6,41113192400321","-2,7",65,"-40,9168081494058","99,72","22,74","30,54","1,053","17,53",6,"36,2","17,1","16,7","61,9","49,5","40,48","3,1","-1,6","90,7","15,89","30,66",0,"5,281",55,2,18,"0,553",222,"17,9","16,99"
24,200040095,CC Isle Vern Salembre en Périgord,,,37,,,"37,6900960161265",2,"33,3333333333333","21,1","8,6","7,75","1,22",9,"31,1","39,8","16,4","12,85","18,6","90,4","2,6","30,1",1,"0,370135363790186","27,5891210817455","1,35470383275261","2,4","0,18","1,59","140,9","16,6",48,"2,68","50,7",0,"99,981349385852","0,764677711005737","34,1902581182348","71,9","20,1",129,"16,05","54,53","6,77746091302346","1,59",0,"4,32986312952492","-8,7",55,"-18,1034482758621","70,16","12,49","19,523","1,105","18,66",6,"35,3","14,4","21,6","58,4","61,7","25,65","2,7","-0,06","77,3",8,"25,63","0,529","80,662",56,1,"23,2","0,718",144,"17,9","16,31"
24,200040384,CC Isle Double Landais,,,37,,,"64,34859437751",1,36,"23,7","5,8","3,54","5,61",11,"28,8","32,3","12,39","14,38","19,4",86,"1,6","32,4","1,1","0,0797066794197353","27,5560349994007","0,707257383966245",3,"0,46","3,19","168,8","7,6","44,5","2,68","49,8",0,"100,071133760108","0,535694127172617","40,6171284634761","68,4","13,7",140,"2,24","54,53","7,50756896165059","0,8",0,"6,76080310666777","-4,1","49,5","-0,763358778625954","91,24","11,21","22,294","1,063","21,86",5,"36,4",17,"21,5","55,9","71,4","28,77","2,8","-5,32","92,4","7,89","28,33",0,"258,974",60,0,"16,7","0,57",170,"17,9","17,66"
24,200040392,CA Le Grand Périgueux,,,48,,,"91,3462950857495",2,"35,5714285714286","17,7","5,2","12,95","4,23","9,2","25,4","49,6","13,65",10,"15,8",81,-1,33,"1,6","5,31767889986944","35,3650142578207","1,73449240548973","3,2","0,24","3,72","146,6","24,5","65,3","2,68",49,0,"99,9806795535092","1,028746140047","43,555440500735","76,7","12,5",113,"10,52","54,53","5,90215225518614","1,91",8,"4,32336016193552","-5,5",36,"-28,2463186077644","64,15","12,97","26,184","2,036","15,68",6,"41,6","13,8","16,1",51,"63,5","31,56","2,9","-1,79","109,9","13,12","16,53","0,286","233,171",,0,"25,1","0,989",123,"17,9","16,18"
24,200040400,CC du Périgord Ribéracois,,,34,,,"99,0161066227551",1,"31,6666666666667","23,5","18,8","3,86","-0,55","12,1",33,"38,7","30,33","31,17","17,7","85,6","1,5",30,"1,3","1,28541313178055","24,3022415039769","0,0936374549819928","1,9","1,07","2,57","107,9","9,3","7,8","2,68","29,2",0,"100,0186516559","0,377608639845861","49,4346042229561","70,4","14,2",144,"12,09","54,53","7,24614854869153","1,03",3,"5,1468652757231",1,"64,6","-26,8251273344652",100,"6,63","51,878","1,346","13,37",4,"36,4","18,7","20,7","61,6","53,4","34,35",3,"-2,55","82,7","13,07","37,59",0,"52,036",56,0,"17,3","1,272",196,"17,9","16,91"
24,200040830,CC du Pays de Fénelon,,,56,,,"89,8849813818784",1,"32,6666666666667","19,1","27,3","3,12","2,16","9,2","31,4","30,6","27,57","34,32","16,2",86,"3,4","33,35","1,1","1,23355263157895","27,4041058887088","6,02140672782875","2,7","0,67","3,08","129,7","12,3","33,9","2,68","53,1",2,"99,9913392092055","0,479996721072473","53,2319391634981","64,9","10,9",133,"13,52","54,53","6,17926530612245","2,06",0,"4,15064935064935","-11,6","66,1","-5,29100529100529","97,67","10,63","26,184","0,606","22,93",5,"33,3","15,7","18,6","63,7","41,6","43,69",3,"-2,79",67,"14,35","17,29",0,"119,071",56,0,18,"0,468",182,"17,9","15,95"
24,200040889,CC de Portes Sud Périgord,,,45,,,"110,366718027735",2,"39,25","19,7","18,8","2,27","2,25",9,"34,4","30,4","30,28","31,02","16,8","80,5","-2,3","33,65","1,1","1,30177514792899","26,9622218388822","0,486753657572163","1,5","0,16","2,37","91,5","18,2","39,6","2,68","9,6",0,"27,0140464421607","0,289922488123371","52,4109014675052","60,2","13,1",149,"10,72","54,53","6,6959212782938","2,37",0,"5,41352668489243","-1,7","60,7","-26,6483516483517",100,"15,89","63,624","3,611","10,49",5,"34,8","18,1","16,7","60,7","46,1","34,44","3,2","-7,75",64,"17,88","19,72",0,"23,294",53,0,20,"0,694",186,"17,9","15,98"
24,200041051,CC Vallée de la Dordogne et Forêt Bessède,,,56,,,"132,544397226571",1,36,"23,3","29,6","4,22",0,"7,9","32,1","29,2","21,68","22,26","19,2","82,1",-1,"34,2","1,3","0,334634690462911","27,7888905985536","0,0208333333333333","2,7","0,09","3,35",148,"26,7","33,5","2,68","49,5",0,"99,919553247159","0,355695101382111","57,9424948070406","75,9","10,9",139,"10,54","54,53","6,87830878281095","2,23",0,"5,80562631520656","-0,8","63,3","-28,5714285714286","93,62","9,59","28,178","0,476","20,79",5,"38,6","19,5",18,57,"77,4","51,2","3,2","-5,49","84,3","20,65","29,25",0,0,52,0,20,"0,728",214,"17,9","18,14"
24,200041150,CC Terrassonnais Haut Périgord Noir,,,52,,,"69,3939668038533",1,"31,8333333333333","21,1",18,"7,31","-1,04","8,9","30,1","42,3","24,95","24,01","18,2","86,3","2,4","32,2666666666667","0,9","1,44397815983033","25,4991733435076","0,504621400639886","2,8","3,46","3,16","129,7","18,7","24,9","2,68","45,7",0,"99,9974726200505","0,407567562331572","47,2838358347722","58,6","20,7",130,"6,79","54,53","7,21088610427389","1,8",3,"4,57552025061535","-5,4",57,"-30,2721088435374","91,98","10,7","34,976","0,412","19,06",6,"36,3","18,6","19,8","64,3","52,2","34,47",3,"-6,59","86,1",19,"33,16","0,451","203,214",58,0,"18,1","0,776",156,"17,9","17,37"
24,200041168,CC de la Vallée de l'Homme,,,57,,,"175,6284432651",2,"33,3333333333333","22,6","26,7","3,3","2,76","9,9","27,8","32,1","30,79","32,26","17,5","80,2","-2,8","34,2","1,3","0,500343986490712","27,433110367893","1,90512594335","2,8","1,79","3,13",123,"14,8","39,4","2,68","59,1",1,"99,9710296034258","0,435383029804384","62,8413623810985","78,5","12,3",144,"6,22","54,53","7,2751709604871","1,88",0,"4,60092154102138","-13,9","62,7","-18,7713310580205","95,93","16,38","19,626","0,59","21,87",5,"38,6","20,8","19,7","62,6","63,6","65,36","3,4","-4,98",91,"14,42","30,38",0,"59,527",53,0,"19,7","0,566",208,"17,9","18,54"
24,200041440,CC de Domme- Villefranche du Périgord,,,56,,,"269,590187080833",1,"37,25","22,7","35,1","3,72","1,96","7,2","27,7","33,3","37,27","45,4","18,1","82,1","-1,9","34,2","1,2","0,116931711880262","27,7443260768875","3,31974025974026","2,5","0,78","3,51","110,2","10,8","24,5","2,68","58,1",0,"68,0873582310348","0,314773680851016","65,39166284929","65,8",11,147,"2,51","54,53","7,08694328099187","1,17",1,"4,93774091811704","-2,9","63,7","-37,2960372960373","93,56","13,44","25,506","0,488","22,98",5,"37,4",20,"15,5",68,"51,5","53,44","3,2","-3,47","78,3","20,7","24,04",0,"72,148",54,0,"17,3","0,371",215,"17,9","17,43"
24,200041572,CC Dronne et Belle,,,55,,,"65,1132108795479",1,"32,75","23,8","18,2","2,13","-0,88","12,9","36,8","34,6","43,06","39,59","17,4","84,4","-1,2","30,1",1,"0,702185552532257","23,3784917875555",0,"2,3","1,21","2,63","81,1","18,7","67,5","2,68","50,8",0,"99,9400567963773","0,269435057018527","47,7298182131472","53,1","38,2",133,"5,73","54,53","6,75563492063492","3,51",0,"4,9112","-4,9","78,6","-25,5172413793104","99,74","20,61","32,058","0,845",15,4,"34,7","15,6","16,2",58,"66,7","34,49",3,"-2,2","100,4","12,19","33,31","0,878","258,465",54,0,"20,2","1,042",189,"17,9","17,23"
24,200069094,CC Isle et Crempse en Périgord,,,50,,,"121,047909166436",2,"35,6","21,7","10,9","3,31","-1,32","11,6","33,3",36,"27,02","27,39",18,"86,7","0,1","32,4","1,2","0,552677029360967","26,4496338808629","0,268881506090808","2,5","0,86","2,07","119,1","7,6","44,7","2,68","56,6",3,"100,054688955113","0,308048606311666","41,8307754991172","71,6",11,139,"18,98","54,53","7,09939390624689","5,53",0,"5,63044688848671","-3,2",69,"0,823045267489712","93,62","16,71","21,603","1,037","19,87",5,"35,3","16,6","20,1","59,2","60,2","32,4","2,9","-3,55","71,1","11,6","23,44",0,"116,8",58,0,"20,7","0,779",172,"17,9","16,88"
24,200070647,CA Bergeracoise,,,59,,,"74,6479774874107",2,"34,3333333333333","17,3","5,8","9,16","3,26",9,"27,3","43,3","12,5","7,43","17,1","83,3","-0,8","34,7","1,5","1,28348848922032","33,4404450732596","1,70932615186465","2,4","0,15","3,57","147,8","19,8","45,1","2,68","29,6",3,"98,904873492953","0,815146373914118","45,6363952624172","71,1","12,6",135,"23,91","54,53","6,6930935871129","1,46",5,"5,50087502063728","-2,6","39,8","-19,6933962264151","58,94","28,06","36,407","8,581","11,47",7,"39,8","16,9","17,7","45,3","60,6","27,44",3,"-3,19","107,9","10,79","11,32",0,"97,883",60,6,"20,9","0,76",152,"17,9","17,7"
24,200071819,CC du Périgord Nontronnais,,,56,,,"75,2429857067231",1,"37,5","26,1","21,2","3,69","-1,39","11,2","32,7","34,1","31,07","34,84","19,5","83,9","1,8","30,1","0,8","1,05374077976818","25,6132292145154","4,43426086956522","2,4","1,69","2,63","91,7","12,8","34,8","2,68","49,5",0,"99,9747517779826","0,253371197998351","51,115121825448","55,7","19,2",148,"2,31","54,53","6,96578609645853","1,32",0,"4,75401281458485",-2,"55,1","-24,2130750605327","97,75",15,"29,837","0,408","19,89",4,"39,4","20,3","14,7","65,8","57,8","40,57",3,"-3,67","98,4","12,96","43,93",0,"158,566",54,0,"16,1","0,456",232,"17,9","17,71"
24,242400752,CC Périgord-Limousin,,,36,,,"125,930353578557",2,"34,75","26,1","17,4","4,01","6,11","11,5","35,5",36,"30,14","31,56","18,2","82,1",-2,"31,4666666666667","0,8","0,284131268646115","23,4361233480176","1,69930825767402","3,4","2,55","4,26","109,5","11,7","25,3","2,68","39,9",1,"99,998831957639","0,250118472089002","47,7966569968228",64,"18,8",143,"11,25","54,53","7,07405332283433","2,13",0,"4,99293336159989","-2,5","66,5","-32,5814536340852","98,44","8,97","40,641","0,94","17,73",5,"38,1","18,9","17,1","63,4","46,3","39,78",3,"-1,3","82,9","11,64","28,95",0,"43,514",56,0,"17,1","0,423",215,"17,9","17,39"
24,242400935,CC du Pays de Saint Aulaye,,,26,,,"93,6174265146971",3,"35,6666666666667","24,2","15,6","2,73","-1,16","11,1","30,6",33,"23,93","35,61","20,8","82,7","-0,8","32,4","0,8","1,64473684210526","24,3817078861409","0,141932700603969","2,1","6,12","2,99","120,4","4,1","20,4","2,68","52,2",0,"99,9524278215223","0,325564902268994","42,8571428571429","60,9","10,3",152,"4,63","54,53","8,06827778373165","2,99",0,"6,11177794448612","-9,7","56,4","-5,40540540540541","99,51","25,57","27,098","0,748","20,11",4,"38,3","20,3","24,5","58,8","35,8","33,64",3,"-3,94","96,8","18,17","44,17",0,"182,622",55,0,"16,6","0,531",191,"17,9","17,05"
24,242401024,CC Isle-Loue-Auvézère en Périgord,,,35,,,"119,069164897899",2,"35,3333333333333","23,6","19,6","1,84","-0,83","12,5","41,3",31,"40,38","41,84","18,4","78,3","-1,4","31,4666666666667","0,8","1,73850054328142","25,110829639012","2,16516816516817","2,5","39,97","4,35","118,2","13,1","11,8","2,68","38,1",0,"100,025644783118","0,312168922320209","43,2596998017559","63,9","6,1",136,"11,63","54,53","6,71584498213502","5,8",0,"4,88306274681878","-5,3","75,1","-30,6390977443609","98,72","11,36","40,59","2,992","17,76",4,37,"17,6","17,8","66,7","37,6","37,09",3,"-2,59","80,6","19,36","24,68",0,"58,765",56,0,"18,6","0,504",211,"17,9","18,13"
25,200023075,CC du Pays de Maîche,,,62,,,"112,401272511593",1,"40,6666666666667","21,1","6,7","6,35","-3,96","9,4","27,2","39,9","22,65","17,32","20,6","86,8","0,2","24,8","1,3","0,322980029068203","33,00926972643","0,0890629532927183","2,4","8,04","2,15","90,1","27,6","41,3","2,92","45,2",0,"28,779802621273","0,296225416939659","36,2116991643454","56,8","17,2",96,"18,57","53,35","5,76952467993272","3,23",0,"4,69990860706414","0,9","41,9","-8,56423173803526","69,93","5,29","46,623","0,063","15,24",4,"36,7","7,2",12,53,"81,5","23,2","3,3","-6,09","52,7","11,69","49,52","1,077","181,321",57,0,"21,4","0,314",80,"14,7","11,39"
25,200065647,CA Pays de Montbéliard Agglomération,,,60,,,"82,4856322456374",2,"35,3333333333333",19,"1,4","22,19","-4,33","9,9","24,1","63,8","3,49","2,56",17,85,"1,6","22,4","1,4","2,42042059296714","32,6386192974478","3,41410795482325","3,2",0,"3,52","135,3","22,9","50,5","2,92","45,7",3,"1,19083412552782","0,846632152036331","31,4781922241958","50,6","37,3",116,"11,31","53,35","6,51546778707482","2,51",3,"3,62630210193904","-1,4","14,7","-17,2248803827751","19,2","12,67","23,241","0,636","14,58",6,"37,3","17,9","17,8","40,5","55,1","18,57","3,2","-8,83","107,2","6,45","19,85","0,072","1576,377",61,1,"19,5","1,066",96,"14,7","18,3"
25,200068070,CC Loue-Lison,,,64,,,"253,023719314863",1,"38,8571428571429","17,1","8,1","3,78","-1,64","7,2","26,4","32,9","20,49","29,12","15,5",84,"-1,1",29,"1,3","0,672761090664451","28,7245884351749","2,60075303937579","3,6","1,13","2,77","96,4","17,1","40,8","2,92","52,3",1,"36,7542314490279","0,280441980831435","43,6635542985549","53,9","26,5",117,"13,44","53,35","5,0173481071203","3,17",1,"4,68528900821226","-2,1","61,9","-19,1321499013807","87,44","10,48","38,574","0,338","15,51",3,"34,1","8,5","9,9","62,2","78,9","29,4","2,6","-3,22","62,7","14,23","27,96",0,"505,986",57,0,"20,4","0,528",97,"14,7","14,72"
25,200068294,CC des Deux Vallées Vertes,,,57,,,"96,1464162514373",1,"37,4","21,2","4,8","4,11","-19,15","11,6","29,8","35,5","21,84","26,22","18,4","85,5","6,3",27,"0,9","0,128139415684264","24,781202435312","3,38518174068046","3,4","7,29","3,2","113,9","9,5","18,9","2,92","43,3",0,"0,0825251413802809","0,355051682740488","42,5985090521832","58,5","33,1",116,"15,93","53,35","5,62248992386923","4,48",0,"6,33329153605016","0,9","64,1","-8,21256038647343","95,56","11,63","38,957","0,539","14,5",5,"34,5","12,6","15,2","57,1","57,5","25,88","2,6","-6,13","61,7","11,26","37,26",0,"378,375",59,0,"18,3","0,817",109,"14,7","15,14"
25,200069565,CC des Lacs et Montagnes du Haut-Doubs,,,54,,,"124,665494452192",2,"31,5","12,9","33,9","1,11","12,5","6,2","20,2","32,8","17,48","31,81","17,7","87,8","1,2","26,85","1,6","0,777186584563879","34,2720510095643","1,75484693877551","2,2","1,28","2,39","66,1","16,4","44,2","2,92","64,9",0,"72,393017883933","0,344448669032108","44,1005352571562","70,2",19,79,"15,83","53,35","4,34232810807932","1,2",0,"5,26059401019013","8,8","36,4","7,72532188841202","66,81","10,72","30,825","0,011","19,1",4,"34,1",5,"8,3","57,8","80,8","27,68","3,2","-6,13","35,9","20,72","22,03","1,794","782,523",60,0,"32,5","0,223",52,"14,7","10,95"
25,242500320,CC Entre Doubs et Loue,,,61,,,"33,2418308652552",1,37,"12,6","6,2","0,29",0,"6,7",24,"37,4","34,18","42,18","14,7","89,2","3,4","27,2","1,8","0,726832222895215","32,7486376021798","7,41373534338359","2,2","8,92","1,21","59,9","24,6",32,"2,92","40,3",0,"2,57848954143202","0,469467165324644","31,5240578336099","60,1","25,7",91,"16,82","53,35","4,23250533457351","2,42",0,"5,62619685944083","1,6","56,1","-9,2436974789916","67,88","8,54","73,88","0,009","14,36",3,28,"5,3","5,4","62,8","85,2","22,05","3,1","-7,58",33,"14,17",16,"1,211","331,832",60,0,"23,7","0,217",51,"14,7","10,69"
25,242500338,CC du Grand Pontarlier,,,58,,,"106,969015474638",3,33,"14,5","3,4","10,61","2,6","6,4","20,8","57,4","3,88","2,94","19,3","79,6","1,4","27,2","1,9","0,419874037788663","40,372064340408","2,93373655913979","3,9","0,05","3,85","83,5","29,7","97,4","2,92","39,9",1,"15,1891367604268","0,754039599925055","48,0872844827586","70,1","15,4",91,"12,48","53,35","5,44126741208071","3,5",2,"6,57939804693193","-5,1","17,9","6,12244897959184","61,2","2,51","37,725","0,009","17,43",3,"41,5","9,3",14,"39,5","63,5","25,3","3,5","-9,99",107,"5,6","5,6","1,05","1137,19",61,0,"27,2","0,234",80,"14,7","14,64"
25,242500361,CU Grand Besançon Métropole,,,57,,,"71,2983280504724",3,"37,25","13,5",2,"19,14","1,48","8,3","19,7","58,6","2,75","2,14","16,6","68,9","-2,4","30,8",2,"3,71496116176967","40,2978323340547","3,79780570896549","4,6","0,02","3,07","134,5","30,9","76,2","2,92","41,3",1,"7,20949167876058","1,36350747858881","37,5713871112139","70,1","13,4",98,"12,88","53,35","5,25379306593514","1,92",12,"3,26106128665442","0,4","19,7","-9,9009900990099","21,8","9,11","31,866","0,974","14,51",5,"46,5","15,9","12,2","41,9","72,4","24,66","3,4","-3,44","120,8","8,9","13,01","0,302","744,049",,4,"23,9","0,914",82,"14,7","20,42"
25,242504116,CC du Val de Morteau,,,58,,,"98,0746318448268",1,34,"15,5","4,4","5,26","2,87","8,4","21,7","61,3","13,19","2,67","16,8","84,6","-0,7","27,2","1,4","0,332778702163062","41,6404839895715","1,01661554192229","3,8","4,02","3,33","60,2","34,7","56,8","2,92","40,9",0,"0,5683705480716","0,65746697247264","35,679756917269","61,2","18,3",86,"11,13","53,35","5,07616993886992","1,43",6,"5,40743060909792","0,3","20,7","-31,7972350230415","66,34",,"48,719","0,008","15,55",4,"36,8","5,6","11,4",42,"77,2","23,53","3,5","-7,75","60,6","5,63","29,5","1,426","1326,366",60,0,"26,6","0,258",72,"14,7","11,24"
25,242504181,CC des Portes du Haut-Doubs,,,64,,,"5,17111759425494",1,41,16,"3,4","3,36","1,92","7,6","20,6","35,1","18,45","21,04",17,"81,5","1,8",29,1,"0,260494194700804","29,1575252303642","0,487306201550388","3,9","0,36","3,35","113,5","26,8","68,1","2,92","38,6",0,"5,63411080976366","0,408696482868216","40,6185342480671",60,"18,2",97,"14,16","53,35","4,77769631935343","1,86",2,"5,67293577981651","-0,2","49,8","-12,5168236877524","85,23","1,86","54,387","0,145","13,66",4,"32,6","7,5","7,9","56,2",85,"22,63","2,9","-7,83","74,9","12,57",37,"1,489","1935,823",59,0,"26,9","0,203",63,"14,7","17,1"
25,242504355,CC du Plateau de Russey,,,61,,,"16,2571138211382",1,"37,5","15,2","4,5","2,07",0,"8,3","23,3","38,7","21,77","16,75","16,4","87,3","-3,2","27,2","1,6","0,856286570572285","33,5532893421316","0,0474074074074074","2,3",0,"2,85","85,8","39,9","41,1","2,92","39,5",0,"12,1914310540739","0,483306266130029","31,7089910775566","65,7","18,8",90,"18,45","53,35","4,63704455604231","1,43",0,"4,48421839940165","0,9","66,4","-29,1044776119403","66,94","7,01","53,442","0,014","15,19",4,"26,6",5,"9,4","64,2","79,2","23,55","3,1","-6,3","41,1","13,94","44,76","4,281","157,859",57,0,"27,1","0,264",55,"14,7","9,19"
25,242504371,CC du Pays de Sancey-Belleherbe,,,64,,,"58,9747364594693",0,"40,25","20,2","6,9","1,15",40,"10,7","28,8","30,6","35,56","51,3","17,6","82,6","0,7","26,8","0,4",0,"20,3215603584607",0,"0,4","7,3","3,62","125,8","4,7","19,1","2,92","41,6",0,"3,07988024471732","0,274802204271579","48,6984239419161","57,4","14,5",124,"20,87","53,35","5,2363803649181","7,25",0,"4,52866473149492","3,5","69,8","32,0574162679426","90,69","2,59","51,827","0,245","13,67",3,"33,8","10,6","7,6","65,8","70,9","31,7","2,9","-10,1","52,7","17,85","48,59",0,"10,625",57,0,"18,3","0,387",102,"14,7","14,38"
25,242504447,CC du Doubs Baumois,,,59,,,"90,0638973656349",1,"37,8","18,3","3,9","6,41","3,94",10,"27,4","38,9","22,26","24,05","16,8","84,8","1,2","30,8","1,3","0,123954136969321","27,6811730425792","5,00539682539682","4,9","0,69","3,1","113,9","6,1",69,"2,92","43,9",0,"8,90432495783666","0,354745044456266","42,8856987097947","56,2","26,3",114,"16,07","53,35","5,43664971307006","3,1",0,"4,79301714428732",2,"69,8","-4,31654676258993","95,28","10,34","48,004","0,695","13,14",4,"33,3","9,7","10,9","52,1","82,6","24,11","2,6","-3,73","72,2","12,45","31,22",0,"484,584",59,0,"23,2","0,642",93,"14,7","13,37"
25,242504488,CC Altitude 800,,,64,,,"15,5585421412301",1,37,"17,2","4,6","4,15","27,59",8,"24,6","33,6","22,46","41,32","17,4","83,1",0,"27,2",1,"0,149812734082397","29,4052127422589","0,212891986062718","3,5","0,05",3,"82,4","24,4","31,9","2,92",47,0,"0,463927563041573","0,360317716573349","36,6633508597414","60,1","16,3",106,"24,95","53,35","4,60112805491581",3,0,"7,27359524182188",1,"68,6","-4,52261306532663","74,48","6,74","49,785","0,065","16,02",1,"30,4","6,8",12,"63,4","160,5","19,93","2,7","-5,23","58,4","17,22","23,56",0,"247,264",62,0,24,"0,13",65,"14,7","13,23"
25,242504496,CC du Plateau de Frasne et du Val de Drugeon,,,63,,,"121,439195659113",1,33,"16,3","5,4","1,42","-5,13","7,8","25,8","40,1","18,79","31,2","16,9","87,9","3,3","27,2","1,5","1,2586532410321","31,4912280701754","1,52124597934654",2,0,"1,57","62,2","17,1","31,9","2,92","38,3",0,"24,9694413407821","0,410936333938508","32,5868725868726","52,9","32,1",88,"23,88","53,35","4,68926206244087","3,15",0,"4,93725165562914","6,1","68,7","64,6017699115044","69,05",,"50,252","0,013","17,42",2,"29,6","5,7","10,7",59,"89,6","26,43","2,9","-8,81","44,9",17,"17,2","1,573","179,151",60,0,"29,6","0,207",53,"14,7","11,93"
26,200040459,CA Montélimar Agglomération,,,54,,,"74,739984827707",3,"31,6666666666667","13,6","4,1","12,99","6,06","8,5","23,5","43,5","3,49","3,99","15,1","83,5","-0,6","39,5","2,2","3,81057653150271","38,9784009754398","3,03995058816924","2,8","3,38","2,62",221,"22,2","71,4","2,94","30,8",0,"3,63461086292029","1,26923041857726","49,0808849582607","64,5","19,4",109,"8,55","54,66","5,75742660366406","2,04",5,"4,94648619576909",-3,"27,8","-14,2857142857143","40,21","15,03","37,803","3,718","11,93",6,"37,4","15,6","17,5",44,"55,5","27,28","3,2","-7,74","106,7","12,19","12,44","0,145","846,55",60,0,"21,6","0,908",90,"12,3","15,21"
26,200040491,CC Porte de Dromardèche,,,72,,,"138,102926104871",2,33,"16,8","3,6","9,82","-0,6","8,8","26,2","46,4","9,9","8,55","18,3","86,1","0,9","30,8","1,2","3,64613717809818","29,6326763058816","2,1033950617284","2,2","0,48","2,5","125,5","23,2","48,5","2,94",24,2,"2,4996928601805","1,00663511886008","38,6671238679226","48,8","24,6",112,"10,02","54,66","5,87496899932857","2,08",0,"3,5599568107719","-2,3","36,6","-16,1904761904762","64,8","15,35","48,229","3,705","12,23",7,"33,1","14,2",15,"46,4","60,3","26,69","2,8","-7,57","83,5","7,47","12,71","0,625","3023,378",60,5,"22,8","0,947",85,"12,3","16,56"
26,200040509,CC du Crestois et de Pays de Saillans Coeur de Drôme,,,56,,,"15,8248043721277",2,"30,5","17,2","9,6","11,49","0,94","9,2","32,2","44,3","5,71","10,11","17,1","68,6","-7,6","29,3","1,2","3,10212185134632","29,7758804695838","3,68695228821811","3,3","4,17","3,1","180,1","26,9","40,9","2,94","67,8",0,"9,1463579516647","0,415911693721057","54,8418373530481","71,2","14,9",123,"20,54","54,66","6,35247545511728","1,86",4,"4,39321038861591","-10,6","37,2","-20,5128205128205","43,23","51,55","18,549","8,777","22,04",5,"39,7","15,8","19,9","54,6","72,4","57,2",3,"-2,49","106,9","15,93","15,93","1,861","931,402",60,0,"24,6","0,502",113,"12,3","21,19"
26,200042901,CC Drôme Sud Provence,,,48,,,"70,5703920747872",2,"30,1666666666667","15,1","5,1","13,38","5,17","9,5","23,9","31,8","3,64","1,1","14,8","88,3","1,2","36,7",2,"2,22639671606484","35,0931777669746","3,444555353902","2,5","0,05","2,32","174,6","28,5","50,5","2,94","20,4",0,"4,3556736609608","1,46238659411285","40,5945738360404","44,5","16,7",112,"6,89","54,66","5,66081022851218","1,39",2,"3,97926288999906","-4,9","27,8","-24,0700218818381","33,81","21,13","40,582","10,932","8,99",7,"32,7",15,"18,5",47,"58,7","27,74","3,1","-10,17","128,6","6,07","16,64","0,464","848,713",57,3,"26,7","0,688",85,"12,3","13,99"
26,200067767,CC du Royans-Vercors,,,45,,,"114,600665557404",2,35,"18,5","22,8","8,72","0,79","6,4","28,6","32,8","15,77","25,51","17,5","79,1",-2,"29,4",1,"7,60300010274325","29,5117428924598","0,367085953878407",3,"19,59","4,11",163,"10,9","31,9","2,94","77,5",0,"99,9879083803097","0,138531647603428","56,4774090363855","69,9","14,1",112,"35,73","54,66","6,30328308008275","7,19",1,"6,48327950828211",2,"48,4","-17,4273858921162","91,03","31,94","20,79","0,275","25,59",6,37,"12,4","16,5",62,"70,7","45,93","2,7","-2,52","78,6","22,72","32,22","2,055","244,902",,0,"22,7","0,174",123,"12,3","18,37"
26,200068229,CC des Baronnies en Drôme Provençale,,,44,,,"93,1215710723192",2,"29,8571428571429","18,8","30,3","4,84","0,2","7,5","28,7","33,2","22,14","22,15","17,9","72,8","-0,3","37,4","0,8","6,93875584252879","30,3809523809524","7,71871184371185","2,8","12,9","3,85","146,2","12,7","33,3","2,94","71,5",0,"68,4697125068669","0,113521678488619","65,8310164459733","66,1","10,5",148,"20,25","54,66","7,19865733225108","12,05",0,"5,47741477272727","-0,1","49,7","-19,0045248868778","57,3","42,55","20,496","5,634","21,3",5,"42,8","20,9","20,4",56,"64,3","53,1","3,5","-5,65","99,6","24,64","33,57",0,"162,104",51,0,"15,8","0,345",217,"12,3","22,7"
26,200068781,CA Valence Romans Agglo,,,60,,,"73,1574513913405",3,"33,7142857142857","12,7","2,6","16,9","6,48","8,7","23,3","58,9","4,26","2,3","13,8","77,8","-2,4","29,35","1,9","3,92721967968476","37,9026217228464","3,81331302937108","3,4","0,31","2,98","196,5","32,1","67,7","2,94","21,6",6,"5,70863182993943","1,25539714718029","44,1014380998436","62,6","17,4",108,"12,52","54,66","5,38128497159413","2,09",15,"3,7617981452541","-1,2","19,1","-23,021582733813","41,08","19,12","49,262","2,566","11,64",7,"39,8",15,"15,5","41,6",67,"27,39","3,1","-6,29","118,5","7,67","11,94","0,267","1420,282",,6,"25,3","0,567",93,"12,3","16,56"
26,242600252,CC du Val de Drôme en Biovallée,,,56,,,"108,992071197411",2,"34,4","13,6",8,"6,83","6,37","6,8","28,4","38,7","9,84","7,16","15,2","85,5","-0,5","34,4","1,6","5,60693455353978","30,9763993806597","1,81347606129482","2,9","3,06","1,93","168,2","31,6","49,7","2,94","53,9",2,"34,4698713951019","0,430915322852298","40,1274488154201",53,"26,4",110,"13,29","54,66","4,82988870662104","3,54",1,"4,91731010360985","0,4","50,3","-19,7657393850659","74,94","30,26","33,265","3,673","17,17",7,"30,4","11,3","16,9",46,"70,2","36,19","2,8","-5,03",71,"12,03","15,21","0,322","785,514",62,2,"26,5","0,521",85,"12,3","16,18"
26,242600492,CC Dieulefit-Bourdeaux,,,54,,,"241,368217863105",2,"32,5","16,9","23,1","6,5","19,26","8,1","26,1","31,8","22,36","22,59","15,5","75,9","-4,8","39,5","1,4","9,27856547122602","31,2240047534165","1,17991913746631","2,8","7,41","4,17","105,6","31,2","43,1","2,94","67,9",0,"21,7876242022781","0,259096703935821","59,7030003030609","77,5","6,2",142,"41,76","54,66","6,15762830869585","4,17",1,"5,57636613465807","-17,3","42,4","15,5",100,"69,85","23,281","1,029","25,66",5,39,"16,5","13,8","63,3","59,9","64,74","3,3","-4,39","81,3","12,9","24,57",0,"69,704",56,0,"21,9","0,461",155,"12,3","16,58"
26,242600534,CC du Diois,,,56,,,"151,230511876882",2,"29,75","21,3","32,3","4,94","3,46","7,7","33,4",28,"34,85","40,04","18,3","64,9","-1,6","33,35",1,"8,36023507987749","25,4250588543029","0,860040983606558","2,9","20,64","3,31","135,6","22,3","64,9","2,94","81,8",0,"46,5788200565782","0,0549566596395284","72,4475076133996","67,3","9,3",126,"23,02","54,66","7,13339365188047","19,87",2,"5,62033550154057","-22,1","59,4","12,2362869198312","94,33","68,19","14,823","2,932","28,23",5,44,"22,7","18,5","68,5","69,3","88,07","3,4","0,45","99,3","24,04","25,58","0,828","42,475",,0,"21,9","0,193",149,"12,3","23,53"
27,200065787,CC de Pont-Audemer / Val de Risle,,,3,,,"57,3742004920049",2,"33,25","19,9","6,2","17,4","0,12","8,7","31,5",39,"13,79","7,16","18,3","85,4","0,4","32,7333333333333","1,3","1,59690446211958","32,9965535149426","0,658791540785499","2,6","2,82","3,07","113,4","12,5","24,8","1,51",21,1,"45,2754411409234","1,25546677071331","38,2513661202186","68,3","13,8",112,"14,04","51,81","6,00074348314266","2,15",1,"6,28264497921282","-5,5","48,3","-41,7293233082707","92,51","4,51","47,062","3,13","14,66",5,"35,9","13,3","18,4","45,9","61,5","20,48","2,8","-7,67","81,2","11,03","12,47","3,071","706,202",61,0,"25,7","0,495",88,"12,4","16,01"
27,200066017,CC Lieuvin Pays d'Auge,,,0,,,"93,6920508665979",2,"32,4","18,3","17,1","6,11","5,51","7,1","31,4","26,4","17,08","11,89","16,9","87,2","1,6","35,15","0,8","0,344556014963576","28,033381712627","0,0145278450363196","2,1","0,09","2,95","97,9","18,9","27,9","1,51","5,7",0,"1,97525628286843","1,01532113626198","41,3763066202091","64,8",13,116,"12,67","51,81","5,43890128665574","1,48",0,"7,6437881376617","-1,6","63,7","-32,1199143468951","97,59","2,61","72,856","2,618","10,99",3,"30,7","11,6","13,6","52,5","62,6","25,74","2,7","-6,14","43,7","14,59","14,59","1,477","85,172",58,0,"19,5","0,365",92,"12,4","14,56"
27,200066405,CC Roumois Seine,,,2,,,"75,0110518475806",1,"32,6666666666667","11,5","3,2","6,36","11,15","5,4","26,2","38,1","9,8",7,"12,4","91,9","0,2","30,75","1,4","1,31663993488617","33,8592915378128","0,136842105263158",3,"4,99","2,15","95,4","13,8","34,5","1,51",14,0,"38,1057917545093","1,69291698797042","31,2338546803814","68,9","20,6",108,"3,03","51,81","3,70423806019833","3,35",0,"5,30620554329164","-1,7",46,"-20,4678362573099","71,21","0,5","65,394","4,499","9,01",5,"23,9","6,1",12,"46,3","62,9","18,03","2,5","-4,49","44,1",9,"15,68","4,07","3268,987",63,0,"22,6","0,686",76,"12,4","11,79"
27,200066413,CC Intercom Bernay Terres de Normandie,,,6,,,"93,431630789663",2,"33,1428571428572","19,3","10,1","11,21","0,36","8,3","32,2","41,3","17,6","10,75",17,"82,7","-0,3","35,3666666666667","1,3","0,883750046028648","31,0823337734206","1,5475897975898","2,1","1,99","2,21","86,1",19,"23,7","1,51","19,2",1,"2,67948245993937","0,63875309781546","36,7567761880797","63,3","16,8",120,"10,98","51,81","6,36007075759424","4,79",3,"6,33170412631502","-1,9","58,3","-23,6979166666667","97,76","3,52","67,408","2,401","8,67",5,"35,5","13,2","17,5","46,9",60,"23,79","2,8","-6,01",82,"13,21","16,04","2,578","271,048",59,2,"19,8","0,392",113,"12,4","16,52"
27,200066462,CC Interco Normandie Sud Eure,,,34,,,"127,570258918603",2,"33,6","22,6","14,4","12,84","-3,8","9,8","31,2","43,4","21,19","14,48","19,6","85,8","2,4","36,25","1,1","1,24980056373983","27,5709032503487","1,22263222632226","1,6","0,31","2,39","71,7","8,4","42,8","1,51","20,5",2,"0,584610276213198","0,399469980740399","37,4622668283495",63,"24,4",118,"13,59","51,81","6,50215424505906","1,86",0,"6,79523265475696","-1,7","53,9","-3,2258064516129","79,52","1,39","65,771","3,224","6,54",5,"36,4","13,9",18,"43,1","51,3","20,21","2,8","-5,79","77,1","10,68","12,78","1,861","411,517",56,2,"17,2","0,308",107,"12,4","15,89"
27,200070142,CC Lyons Andelle,,,0,,,"169,476601941748",2,"31,75","18,5","7,8","7,39","-1,35","6,9","32,5","39,7","11,21","14,07","16,4","89,2","1,7","33,65","1,2","1,60240846848597","29,9326957137797","0,186171497584541","3,2","2,26","2,91","107,8","15,6","22,7","1,51","36,2",0,"2,82462051226316","0,550843938931472","37,1133033234365","51,2","27,9",108,"4,23","51,81","5,28489583691548","2,91",0,"4,71744258822397","-1,2","52,9","-5,18134715025907","74,99","4,8","51,223","4,205","8,66",4,"30,7","9,3","14,9",47,67,"18,94","2,5","-5,38","56,8","15,3","26,07","1,457","2958,529",61,0,"17,2","0,414",87,"12,4","14,73"
27,200071454,CA Evreux Portes de Normandie,,,12,,,"81,5659576385759",4,"35,7142857142857","15,4","3,6","24,44","-1,25","7,9","24,7","49,4","5,77",2,14,"80,4","0,2","37,6","1,9","2,19085363138442","51,2771576307672","1,61716708368085","2,1","0,01","1,96",85,"14,5",63,"1,51","20,9",0,"0,611679893378567","0,765588885874103","35,7102467965168",71,"10,5",102,"14,52","51,81","5,98216785759741","2,32",9,"4,63819342169858","-1,2","36,8","-31,0650887573965","40,17","6,18","57,16","3,665","5,69",4,"36,8","16,2","20,4",41,"60,6","22,55","3,1","-3,89","108,7","7,26","13,26",0,"1524,71",,0,"20,3","0,545",73,"12,4","18,07"
27,200071843,CC du Vexin Normand,,,0,,,"49,8880590161927",3,"31,8","16,2",5,"17,16","1,25","6,5","29,5","45,3","13,12","12,36","14,9","80,2","2,1","39,4","1,2","0,99475492855851","29,0058877913484","0,943535388072095","1,9","0,03","1,51","102,4","14,8","24,2","1,51","10,4",0,"1,07021491417857","0,409601739938613","36,7760274783845","66,4","22,5",104,"7,4","51,81","6,52557829870251","0,9",0,"5,96420276840182","-0,6","50,5","3,52941176470588","62,26","4,3","73,657","4,955","7,39",5,"30,9","12,2","19,6","51,5","62,5","17,12","2,7","-5,59","64,7","12,36","15,26",0,"774,606",63,1,"17,9","0,396",75,"12,4","13,37"
27,200072312,CA Seine Normandie Agglomération,,,0,,,"92,4086627864854",3,"32,5714285714286","15,6","4,9","15,95","-0,58","8,4","29,8","48,9","10,98","7,52","14,2","75,9","0,6","34,6333333333333","1,6","2,75966787577879","34,2983819015499","1,58526457928939","1,7","0,96","2,41","59,1",12,"37,2","1,51","24,8",4,"4,17269243465905","0,722291696002142","37,1094209894276","62,8","19,1",109,"8,72","51,81","5,96947280250732","2,65",3,"5,29898118647558","1,3","40,3","-23,0576441102757","51,53","2,7","63,625","4,765","7,65",5,34,"12,9","16,6","42,1","57,3","19,87","3,1","-6,03","75,9","7,31","16,2","0,241","1259,036",65,3,"21,7","0,465",85,"12,4","14,93"
27,200089456,CA Seine-Eure,,,10,,,"62,3689430102289",3,28,"15,5","2,6","23,87","-1,59","6,8","26,5","48,6","6,4","1,55","14,8","84,7","1,4","34,6333333333333","1,6","3,22668429032383","34,8939681748825","2,02814273105535","2,9","0,03","2,53",106,"16,8",35,"1,51","32,2",4,"10,247269830166","1,33074440159388","31,1100524059076",45,"25,2",100,"4,14","51,81","5,97195309664039","3,5",4,"6,12402741938661","-3,7","29,5","-17,2413793103448","38,08","5,32","35,394","4,265","8,88",5,"31,9",14,"19,5","44,6","63,7","18,91",3,"-4,36","102,7","7,12","10,53","0,972","3998,475",63,9,"20,6","0,591",68,"12,4","16,7"
27,242700276,CC du Pays de Conches,,,30,,,"57,5382214434345",2,"28,5","17,5","6,2","12,72","-1,46","6,7","30,7","37,5","15,41","7,96","16,5",89,"1,7","36,65","1,2","0,881980045201477","30,6607640596819","1,48752136752137","1,3",0,"1,65","64,1","12,9","20,7","1,51","32,3",0,"0,078386167146974","0,471316210824163","34,4995140913508","68,6","9,7",109,"5,66","51,81","6,18501690617075","6,06",0,"5,22867132867133","-7,6","50,4","-21,025641025641","52,68",3,"53,811","3,926","7,13",4,31,"9,9","16,4","46,4","55,3","19,62","2,6","-4,44","38,6","7,88","19,2","1,102","517,223",62,0,"22,4","0,348",86,"12,4","14,01"
27,242700607,CC du Pays du Neubourg,,,9,,,"47,9945881204809",1,"26,5","14,2","3,1","5,17","1,68","5,6","30,4","34,9","14,81","5,92",14,"90,5","2,2","33,7333333333333","1,6","0,754315126236855","30,4511278195489","2,01483836777954","2,1",0,"1,33","67,7","12,4","35,6","1,51","13,6",0,"0,840489192635951","0,717287926103677","34,710815250281","49,6","27,2",103,"6,48","51,81","4,39980021978999","0,89",1,"6,27924763217573","-5,1","78,2","19,5652173913044","54,57","2,76","74,057","5,322","6,85",4,"27,6","7,1","12,8","49,9","70,1","19,39","2,5","-5,62",65,"8,46","16,44","0,444","932,394",61,0,"19,2","0,529",77,"12,4","15,08"
28,200006971,CC du Perche,,,78,,,"90,6531293463143",2,32,"24,2","10,6","15,04","-3,41","10,7","33,7","49,7","11,24","9,47","17,1","71,9","-1,8","36,75","0,9","3,22742195759835","27,2176507821684","0,266666666666667","2,2","3,62","3,34","79,2","13,8","34,7","2,84","11,3",1,"88,9440436495908","0,460679181669096","42,5337910319674","59,1","19,8",133,"10,08","47,13","6,47127167584825","2,23",2,"5,93273444347064",-1,"33,1","-17,4242424242424","96,83","1,94","72,787","2,405","7,28",6,"40,9","14,8","15,6","51,1",55,"38,45","2,8","-4,37","128,3","10,9","12,85",0,"187,192",52,1,27,"0,343",151,"13,9","18,11"
28,200033181,CA Chartres Métropole,,,80,,,"70,1985514978331",3,"36,5555555555556","13,2","2,8","24,83","1,09","7,8","24,4","49,9","4,1","3,75","12,7","73,3",0,"34,6","1,8","3,84893478721307","40,1959170233783","2,68408355644801","2,5","0,01","2,48","85,2","16,3","51,4","2,84","5,8",2,"4,80454766480654","0,652125092986581","35,0126878225416","65,3","14,6",105,"11,24","47,13","5,318795206878","1,39",5,"4,08666191940919","0,9","24,3","17,175572519084","33,73","1,6","80,019","4,369","4,87",6,"38,7","11,6","14,9","42,2","66,1","32,02",3,"-5,55","100,2","9,15","12,38",0,"875,745",64,1,"27,1","0,351",87,"13,9","13,93"
28,200040277,CA Agglo du Pays de Dreux,,,19,,,"220,18108061304",5,"35,5714285714286","16,6",5,"18,57","1,88","7,4","27,6",53,"3,35","3,55","14,3","82,4","1,8","38,75","1,6","4,67875416366196","30,42704875555","0,766650579150579","1,9",0,"2,32","94,9","12,7",41,"2,84","17,5",2,"3,0671992481203","0,377988477823265","36,7138026696348",64,"16,4",109,"8,05","47,13","6,17069321328434","1,46",3,"4,4764807300465","-2,4","32,3","-15,4704944178628","38,71","5,28","66,339","3,233","4,98",5,32,"15,3",18,"39,8","54,7","24,46",3,"-7,1","75,3","9,04","13,99","0,172","1428,162",64,1,"20,3","0,367",72,"13,9","14,47"
28,200058360,CC Entre Beauce et Perche,,,80,,,"122,939820316585",2,"32,75","18,4","7,1","7,61","1,85","8,3","30,9","39,5","21,44","18,87","15,8",84,"0,4","34,6","1,2","1,18125118125118","30,2963615023474","1,31410256410256","1,3","0,03","1,89","55,5","13,4","12,5","2,84","13,7",1,"7,60403362082209","0,432629696290982","32,6191237607931","64,4","14,3",106,"6,35","47,13","5,18943872254951","1,42",0,"5,779796168727","0,4","70,8","-27,719298245614","44,45","1,43","74,04","3,967","5,17",5,"29,3","7,9","13,3","45,1","78,5","28,82","2,5","-2,8",50,"16,21","24,48",0,"232,08",59,0,"24,6","0,219",79,"13,9","12,87"
28,200069912,CC des Forêts du Perche,,,36,,,"93,1871169644021",1,34,"24,1","15,5","11,64","1,76","10,4","38,8","39,1","21,55","22,81",20,"87,1",4,"38,75","1,3","1,55844155844156","26,1012611953939","0,0939362075008762","2,2","0,12","2,6","59,9","22,2","26,9","2,84","37,3",0,"40,3683894610476","0,281763433482035","40,2555910543131","58,6","6,3",126,"19,94","47,13","6,5047093256501","2,6",0,"6,90719938728619","-0,2","56,6","-34,9315068493151","79,27","6,97","49,877","3,271","6,2",5,"36,2","12,2","16,9","43,2","58,6","34,81","2,6","-6,72","73,3","14,67","17,73",0,"75,399",56,0,"17,8","0,145",129,"13,9","14,55"
28,200069953,CC des Portes Euréliennes d'Ile de France,,,73,,,"88,6770071112027",2,"34,6666666666667",13,"4,6","10,96","5,2",7,"27,2","40,9","3,62","5,7",14,74,"1,6","36,6","1,6","2,19721549139595","36,2906724511931","0,801517179830433","2,1","0,07","2,26",68,"11,3",27,"2,84","12,1",1,"1,58334567352782","0,523010187845241","33,210332103321","48,6",32,100,"5,55","47,13","4,69490674149702","1,03",0,"4,74799761154694",-8,"40,9","-27,027027027027","36,72","2,18","64,957","3,603","5,17",6,"31,1",7,"13,3","42,6","75,2","27,89","2,6","-5,12","55,3","6,67","19,59",0,"753,534",70,1,"23,6","0,478",76,"13,9","10,67"
28,200069961,CC du Grand Châteaudun,,,69,,,"79,7870188679245",2,"33,6666666666667","22,5",8,"14,71","3,69","11,7","30,3","49,5","14,78","9,98","17,3","82,6","1,4","34,6","0,9","0,780188251874969","26,47298508679","0,99510347376201","1,8","2,27","3,02","77,3","7,4","29,2","2,84","8,6",1,"17,6982490714773","0,307763206894751","37,6894312143279","63,2","18,1",131,"10,19","47,13","6,6859986224679","2,27",3,"6,37025590307825","-1,3","40,3","-10,3727714748784","51,52","1,23","76,807","3,459",6,6,"38,6","14,6","21,3","44,5","53,3","22,55","2,8","-4,03","93,4","8,39","13,35",0,"987,748",56,1,"20,5","0,256",134,"13,9","16,49"
28,200070159,CC Coeur de Beauce,,,30,,,"83,2287431064285",1,"33,8888888888889","18,8","7,1","8,14","3,62",10,"37,2","40,6","22,01","29,19","17,3","83,8","3,7","32,7666666666667","1,3","1,14725887076948","26,0789939564129","0,0604423868312757","1,8",1,"2,05","69,3","11,1","13,8","2,84","2,2",1,"52,7890264102802","0,354826308609464","36,9549447892319",40,"31,2",106,"8,9","47,13","5,61998566709199","2,46",0,"6,73624536074065",1,"64,7","-5,52407932011331","45,14","2,79","94,142","4,095","6,26",6,"31,9","9,4","13,7","49,9","61,4","28,89","2,7","-6,77","69,7","18,96","26,63","0,41","652,051",59,4,"23,6","0,147",79,"13,9","12,61"
28,200070167,CC Terres de Perche,,,81,,,"77,1703137171589",3,"32,5","23,5","14,8","11,13","-1,53","9,3","33,9","37,6","22,02","27,57","18,6","78,4",-1,"36,0333333333333","1,1","0,14168319637291","24,6232838486438","0,363440860215054","1,9","0,41","1,42","71,6","21,5","28,6","2,84","18,6",0,"85,4538542142454","0,273161172937446","36,9146005509642","65,6",16,129,"29,96","47,13","6,87173172320489","2,83",0,"5,50964573833743","1,8","65,9","-34,9090909090909","99,07","1,4","65,59","2,55","7,28",5,"36,6",14,"16,2","48,9",59,"33,58","2,7","-3,81","69,3","9,55","22,86",0,"80,579",60,0,"19,8","0,218",105,"13,9",15
28,242852465,CC du Bonnevalais,,,75,,,"59,6222642751358",1,"35,5","20,5","8,7","7,57","2,29","11,3","36,4","40,8","22,38","17,93","17,4","85,1","2,6","34,6",1,"0,655576497582562","27,1498926632151","0,198903480810914","1,6","0,03","2,46","67,2","8,8","32,2","2,84","6,1",0,"15,3943760984183","0,199179709619054","32,6964585498441","60,9","25,2",116,"12,06","47,13","5,67846455146277","1,64",0,"4,4217890650275","-3,5","57,6","-11,1111111111111","45,86","2,65","87,105","4,364",6,5,"33,6",9,"15,7","47,1","70,3","23,44","2,5","-5,5","66,6","8,26","20,16",0,"338,956",57,1,"20,4","0,18",95,"13,9","13,46"
29,200066868,CC Presqu'île de Crozon-Aulne maritime,,,22,,,"57,9067320552831",1,"47,3333333333333",21,32,"6,82","3,06",8,"29,4","31,5","15,22","12,31","18,3","81,2","-0,8","36,3","1,2","1,06180595496173","31,3617438158217","2,32714788732394","4,5","3,36","3,1","183,8","39,1","38,3","3,61","28,8",5,"99,4969551902566","0,627592985772536","47,7339307254868","73,4","21,7",130,"9,34","63,47","5,20935040240559","4,42",2,"4,70650924206244","2,8","35,5","-21,8487394957983","88,85","12,37","35,697","0,85","18,66",5,42,"10,5","12,8","51,5","77,6","46,94","2,7","-7,62","108,5",12,"37,1","1,327","331,294",53,2,"21,7","0,272",162,"20,8","20,34"
29,200067072,CC Haut-Léon Communauté,,,22,,,"5,11864192056756",1,"48,5","19,9","22,8","6,11","-1,29","8,6","27,3","39,5","6,8","5,07","17,6","83,3","0,1","36,25","1,2","0,97773292121365","30,664730407083","1,42597054886212","3,5",0,"2,52","189,4","14,8","47,6","3,61","5,2",4,"1,92601086300543","1,95664799213752","37,698778166636","56,5","9,8",129,"23,3","63,47","5,11045258133628","0,63",0,"4,56011516800608","-1,3",40,"-30,7808946171342","59,83","15,57","64,12","4,599","8,83",4,"39,6","10,5","12,8",51,87,"38,67","2,7","-2,43",99,"8,64","26,29",0,"249,893",57,0,"27,9","0,5",147,"20,8","18,19"
29,200067197,CC Monts d'Arrée Communauté,,,22,,,"168,705752212389",2,43,24,"27,2","3,81","-2,65","9,6","34,9","31,7","37,66","50,41","20,4","81,2","-0,4","35,5","0,7","0,51513200257566","23,0123070912288","3,34493073047859","1,3","6,27","1,29","174,4","4,9","12,2","3,61","30,9",3,"90,6788775716015","0,143628445453495","42,4925668979187","60,6","6,9",135,"19,83","63,47","6,58537166010045","3,86",1,"4,3836099856228",-3,"82,4","-5,05050505050505","96,11","15,51","40,438","0,785","20,37",6,"43,8",21,"16,6","56,6","41,6","84,35","3,2","-3,16","65,9","21,25",27,"2,576","234,143",54,1,14,"0,191",181,"20,8","20,17"
29,200067247,CC Pleyben-Châteaulin-Porzay,,,22,,,"293,444439564301",1,"43,75","18,5",16,"10,17","-0,29","9,1","28,8","37,7","19,44","13,55","19,1","82,3","3,7","37,3","1,1","1,0497310064296","28,2061420851457","0,812817730050837","3,8","0,53","2,62","207,9","19,8","23,7","3,61","12,3",14,"44,2338350447789","0,517595153872733","39,0752607111446",64,"23,8",106,"14,83","63,47","4,98071279021946","0,44",0,"4,47631510075896","-1,6","49,3","-13,8364779874214","99,12","9,85","68,257","1,366","11,25",4,"39,9","11,4","10,9","55,3",74,"50,3","2,6","-3,8","90,1","10,53","26,29","1,75","563,722",58,0,"20,3","0,317",105,"20,8","15,85"
29,200068120,CA Quimper Bretagne Occidentale,,,22,,,"52,049630380644",2,40,13,"3,3","16,23","10,96","7,7","24,8",55,"5,72","1,68","17,5","82,6","-1,3","40,1","1,7","5,70319964123462","38,8727440723685","3,13166291291291","4,2","0,1","3,12","183,1","31,9","73,7","3,61","8,3",6,"0,152751146310963","1,11511741822662","42,1826369114628","67,9","12,3",103,"14,89","63,47","4,61501128219401","1,17",7,"4,35355513364678","-0,5","17,8","-45,4674220963173","65,44","12,13","57,597","1,207","15,92",5,"45,7","11,4","13,8","43,2","78,2","27,84","2,8","-4,22",132,"12,43","12,71","0,487","675,641",,1,"24,6","0,23",95,"20,8","16,25"
29,242900074,CC du Pays d'Iroise,,,22,,,"30,8457713454075",0,"47,25","12,4","18,3","5,89","10,38","3,7","24,6","33,5","5,85","11,96","13,2","88,1",0,"36,3","1,6","1,23957854329528","38,0515406490955","2,75274697580645","3,9",0,"2,8","198,7","21,2","49,4","3,61",5,12,"3,23400348562181","1,63859898555168","33,3685404686461","71,4","8,7",123,"20,26","63,47","3,66148734616282","3,2",0,"4,05383009939454","0,1","45,9","-16,9761273209549","81,57","3,97","67,813","1,843","13,52",3,"31,3",6,"9,8","50,8","81,2","28,23","2,5","-2,92","52,2","10,11","23,63","0,4","476,861",57,0,"36,6","0,411",101,"20,8","12,69"
29,242900314,Brest Métropole,,,22,,,"23,1895479426199",2,"42,5","13,3","3,4","18,45","3,96","5,7","23,6","56,9","1,05","0,3","17,8","70,5","-3,7","36,3","1,7","2,59134126511811","43,9593222718459","3,10725923697799",5,"0,11","2,58","175,5","29,7","71,5","3,61",10,2,"1,92465564738292","2,89003977180868","32,3117676275271","71,8","7,9",91,"17,22","63,47","4,53067823129252","1,08",12,"3,02961428571429","0,1","3,2","-16,0287081339713","10,89","8,6","30,723","2,581",14,5,"48,7",14,"12,8","39,3","79,8","32,25","3,1","-3,75","130,3","0,75","8,38","0,234","923,87",,3,"29,7","0,431",84,"20,8","21,17"
29,242900553,CC du Pays des Abers,,,22,,,"23,7596650717703",1,"46,6","13,6","10,2","4,99","11,46","5,6","22,9",37,"7,01","9,63","14,4","89,5","0,3","36,3","1,3","1,59413738133194","33,0737661791013","1,31494395203337","3,8",0,"3,09","175,4","19,7","52,3","3,61","3,3",18,"4,19411807633365","1,11850414496108","28,677258537949","64,1","16,6",110,"16,44","63,47","4,01192816405776","0,48",0,"4,2520082514258","1,6","58,5","-4,26229508196721","84,62","5,26","69,05","1,909","13,15",4,"31,7","6,8","10,3","48,6","81,7","26,65","2,4","-3,28","53,3","4,85","20,62","0,952","419,093",59,0,"37,3","0,299",85,"20,8","14,03"
29,242900561,CC de Haute Cornouaille,,,22,,,"128,238724832215",1,"44,5","22,8","13,9","6,61","-1,25","10,8","34,4","38,4","24,36","31,1","20,3","86,5","0,9","37,8","0,8","0,87148890527586","23,0225275280331","1,46868534888095","2,9","0,89","3,35","185,3","12,4","36,4","3,61","10,5",6,"5,00280919461612","0,376252021955137","36,9590950940418","47,8","34,8",119,"15,9","63,47","6,45102239579335","4,02",0,"3,80816765180011",-7,"71,9","-17,3357664233577","100,01","8,59","63,825","1,027","16,78",5,"41,2",16,"14,8","56,8","62,9","47,8","2,7","-4,93","77,1",10,"24,82","1,341","127,581",56,1,"18,4","0,23",137,"20,8","18,08"
29,242900629,CC Cap Sizun - Pointe du Raz,,,22,,,"61,7160800732697",1,49,"23,9","34,8","6,42",0,"5,9",26,"38,5","11,19","9,12","18,3","83,6","-0,5","40,1","1,2","1,30607980147587","34,1928035405041","1,3","5,1",0,"3,92","207,3","15,8","23,3","3,61","16,3",3,"10,6475377837265","0,706431340578182","47,8450487429451","75,8","7,9",167,"23,97","63,47","5,3974227572584","1,96",0,"2,47482389773024","-1,5",52,"-28,6764705882353","92,19","11,38","55,995","0,904","13,53",4,"42,4","12,8",15,"56,5","74,4","31,93","2,8","-2,65","75,8",8,"21,1",0,"56,439",57,0,"16,5","0,387",266,"20,8","18,09"
29,242900645,CC Douarnenez Communauté,,,22,,,"72,6586520154491",1,42,"20,1","13,3","16,38","-0,68","8,7","27,4",60,"5,22","2,37","15,9","75,8","-3,4","40,1",1,"4,56224201607647","34,6833333333333","4,92241710408398","3,5",0,"4,34","244,7","30,9","44,9","3,61","6,9",3,"3,60565099033136","0,611020642547673","42,3746701846966","68,8","26,6",137,"11,98","63,47","5,99063385906934","2,17",1,"7,31811204911742","-4,5","20,4","-39,63133640553","74,47","12,03","60,467","0,962","16,22",4,"49,4","12,7","14,5",44,78,"38,51","2,8","-1,52","111,1","5,4","5,4","0,543","274,406",51,0,"20,5","0,355",197,"20,8","18,22"
29,242900660,CC du Pays Fouesnantais,,,22,,,"51,595579615199",1,41,"14,3","27,8","4,97","5,14","5,2","21,2","31,7","5,99","2,07",14,"89,9","0,2","40,1","1,8","2,28879855156629","41,1068769939738","3,15549932523617","3,7",0,"2,73","174,9","21,8","58,9","3,61",10,0,"2,83561222922108","1,81438956265585","41,0556216144801","60,8","26,2",141,"10,23","63,47","3,95679815753484","3,07",0,"5,48055090928503","4,8","35,1","-30,5","45,45","17,35","37,713","1,228","16,62",3,"36,3","6,8","12,1","45,9",98,"22,82","2,9","-3,66","79,3","5,57",13,"0,342","214,031",60,0,"27,6","0,346",178,"20,8","13,62"
29,242900694,CA Quimperlé Communauté,,,22,,,"72,0091182187666",1,"41,5","18,2","13,5","6,87","3,29","7,8","27,6","40,3","10,46","9,8","17,2","87,4","0,4","36,4",1,"8,84567457044071","30,6378666930282","1,9018158987733","3,6","0,05","3,16","193,4","23,4","53,8","3,61","17,3",8,"1,09119285045424","0,703534326023728","36,7668415027934","56,9","24,9",122,"21,39","63,47","5,25879245881754","3,33",3,"4,28244630349498","-0,4","44,3","-24,8185776487663","97,49","10,43","54,922","1,171","15,7",4,"37,3","9,7",14,"46,4","77,2","27,1","2,5","-4,23","79,5","7,5","10,13","0,878","682,544",59,1,"23,5","0,191",121,"20,8","15,59"
29,242900702,CC du Pays Bigouden Sud,,,22,,,"83,8231659008081",1,45,"19,5","32,6","6,53","10,07","5,1","24,5","33,4","6,14","2,76","16,8","86,3",1,"40,1","1,3","1,77735957552471","39,0266232101659","3,74872076023392",4,"0,76","3,4","209,1","18,7","52,6","3,61","12,3",0,"10,5756530017255","1,6552455940417","42,0136068237206","71,2",12,150,"19,78","63,47","5,13547707610969","0,26",0,"5,39061789183548","3,9","30,4","-31,2138728323699","45,73","14,47","32,967","1,626","16,52",4,"40,9",9,"15,5",49,"85,1","26,32","2,8","-2,25","78,3","7,75","7,75","0,261","283,306",60,0,"21,7","0,388",200,"20,8","15,23"
29,242900710,CC du Haut Pays Bigouden,,,22,,,"48,2402720060446",1,42,"16,6",17,"6,77","6,88","8,1","30,3",33,"10,38","8,67","16,2",88,"-0,7","40,1","1,1","1,18139834604232","30,3209722655033","0,608490566037736","3,5",0,"2,68",164,"24,6","43,3","3,61","7,1",5,"2,41097313376458","0,98419650976422","36,5399737876802","61,3","23,8",119,"17,14","63,47","4,58403545932376","1,07",0,"4,11021416803954","1,3","44,5","-25,0965250965251","97,33","11,33","59,507","1,398","13,69",4,"35,8","9,6","12,3","52,5","87,7","25,29","2,5","-2,45","53,6","12,3","13,4","0,537","185,583",56,0,"23,8","0,236",116,"20,8","14,04"
29,242900744,CC Poher Communauté,,,21,,,"133,585335677541",2,39,"21,8","9,1","8,6","3,32","10,7","32,5","43,3","17,76","14,14","18,8","84,9","1,5","35,5","0,9","1,03788271925272","29,2529623905204","8,33443708609272","3,3","0,72","3,24","181,6","10,8","42,6","3,61","13,2",4,"9,1284349062531","0,567449367798071","39,8757763975155","56,3","23,4",126,"13,47","63,47","6,06257889070389","8,43",3,"6,1029106029106","0,7","50,2","0,25","99,19","5,05","63,765","1,748","12,51",6,"44,9","14,1","17,7","55,2","67,2","51,89","2,7","-3,51","123,3","7,36","7,82","1,946","267,702",57,1,"20,4","0,347",148,"20,8","16,31"
29,242900751,CC du Pays de Landivisiau,,,22,,,"61,4353918317349",1,"43,3333333333333","15,2","4,7","5,63","0,38",9,"27,9","37,6","11,24","11,12","17,1","87,7","2,9","36,25","0,9","0,623756200433659","26,6525289897577","0,42003402003402","3,5","0,08","2,38","170,1","22,4","44,8","3,61","11,7",35,"25,7060919568476","0,89336411894643","32,4878387769284","55,8","26,5",100,"14,58","63,47","4,3753733633609","0,59",1,"4,78901025749645",1,"51,7","-34,7486033519553","96,24","7,45","66,205","4,436","13,73",5,33,"10,2","11,6","53,5","81,4",30,"2,5","-6,3","86,9","8,84","19,74","1,485","603,428",61,0,31,"0,343",73,"20,8","17,26"
29,242900769,CA Concarneau Cornouaille Agglomération,,,22,,,"90,6520926107995",1,42,"17,6","16,7","11,63","6,08","7,1","24,4","45,1","9,1","4,71","18,4","85,2",-1,"40,1","1,3","4,13366146273937","35,7303494048599","3,67322811885767","3,9","0,35","3,65","180,7","23,2","49,2","3,61","8,5",2,"1,04390493090283","0,87065118904707","38,3675601066905","63,4","19,5",130,"14,34","63,47","5,12659364997754","2,5",2,"5,36415590579209","0,6","29,6","-41,6481069042316","81,52","10,13","56,572","1,256","15,06",4,"41,5","9,9","13,8","39,5",89,"24,88","2,7","-2,38","83,5","5,44","12,78","0,385","390,017",58,1,"26,2","0,196",156,"20,8","14,92"
29,242900793,CC Communauté Lesneven Côte des Légendes,,,22,,,"158,934460121142",1,50,"16,5","14,5","5,6","5,34","7,1","26,5","39,2","7,38","3,29","16,3","87,9","-0,1","36,3",1,"1,37586444114559","30,3346834363675","1,40894971850126","3,8","0,07","2,9",196,"15,3","44,1","3,61","4,2",5,"1,30610139516605","1,39676931459729","37,9277465833245",63,"21,1",119,"17,9","63,47","4,59548798200815","3,98",0,"4,34699901607084","0,6","46,1","-26,0969976905312","83,42","6,18","65,628","2,905","12,6",4,"36,3","8,6","12,2","44,8","83,4","30,38","2,5","-3,63","74,9","6,07","21,21","0,724","659,321",59,0,"28,7","0,435",106,"20,8","16,33"
29,242900801,CA du Pays de Landerneau-Daoulas,,,22,,,"254,507909319899",1,42,"11,4","4,7","8,34","3,32","5,5","25,7","43,7","8,54","5,3","12,7","88,1","-0,3","36,3","1,3","2,56677628940403","33,6159541437784","1,73669264069264","4,2","0,01","2,41",174,25,"52,3","3,61","17,6",16,"30,4195880689398","1,05006152751997","31,3475343320849","62,8","18,3",106,"17,85","63,47","3,69647949867076","0,4",2,"3,77978620817005","-0,4","39,9","-32,5252525252525","84,56","8,83","54,07","4,269","16,65",6,"33,2","6,8","11,4","46,2","83,9","31,66","2,5","-1,87",80,"9,59","10,18","0,802","962,469",61,1,"33,3","0,431",78,"20,8","13,8"
29,242900835,CA Morlaix Communauté,,,22,,,"107,192008383031",1,43,"17,8","14,3","9,84","1,15","8,4","29,5","43,8","11,2","8,72","16,7","84,5","0,2","36,2","1,1","3,11417100462546","31,6529655547252","2,04380770074375","3,5","0,27","2,75","193,9","14,7","44,3","3,61","19,7",14,"32,5937254216552","0,840786053334969","39,6208250018514","69,5","17,4",128,"14,9","63,47","5,36269475429973","2,75",5,"3,6036690413","-2,7","39,7","-29,0476190476191","93,25","9,36","57,928","1,56","17,65",4,"41,5","12,3","14,5","48,4","76,7","41,71","2,8","-2,69","100,8","13,08","13,65","0,916","403,91",59,0,"26,1","0,332",134,"20,8","17,15"
2A,200038958,CC de la Pieve de l'Ornano et du Taravo,,,20,,,"46,261825095057",5,17,13,55,"0,52",0,"2,8",23,"7,9","35,11","48,79","13,7","87,8","0,3","55,2","1,9","3,23478522530655","42,8298708590679","0,0746539102703486","2,8","21,19","3,76","344,2","1,8","65,3","2,42","88,5",0,"42,409304518425","0,308671039918442","66,2811387900356","79,7","9,3",120,"6,25","31,15","6,0445200094347","3,01",1,"8,8800220143093","27,2","42,7","-7,84313725490196","18,37","20,49","18,592","0,282",30,6,"37,3","13,6","16,5","58,8","51,8","43,11","3,9","-8,75","66,4","16,68","43,46",0,"226,868",,0,"20,5","0,141",207,"8,1","13,67"
2A,200040764,CC du Sud Corse,,,20,,,"283,815613910575",6,16,"10,5","55,3","9,88","2,3","3,5",14,"6,6","26,58","26,79","13,6","88,3","2,4","84,2","1,9","4,22425272051058","41,1727432248002","0,0458098132870169","4,3","5,49","2,75","385,9","22,1","96,7","2,42","78,4",0,"20,3747023202014","1,29279781178675","116,16138797271","79,2","13,6",91,"4,37","31,15","6,90595005680002","3,21",1,"9,76310651873721","-3,7","38,3","11,8110236220472","15,87","16,04","14,104","1,37","29,41",6,"35,4","19,1","20,7","60,9","44,4","39,99","3,7","-13,08","108,8","18,71","18,71",0,"166,268",,0,"26,4","0,077",93,"8,1","13,18"
2A,200067049,CC Spelunca-Liamone,,,20,,,"223,09607665415",4,12,"17,9","65,4",2,"61,22","0,9","29,4","9,3","48,83","76,04","15,9",82,"1,7","55,2","1,5","1,7914267434421","39,9005964214712","0,0457941672692214","4,7","67,52","6,4","284,2",0,"21,4","2,42","93,6",0,"63,9192209624044","0,165492010962736","94,865649047559","78,2","6,8",136,"16,38","31,15","7,68615713722768","3,84",0,10,"-14,3","66,9","-11,7647058823529","28,84","18,89","17,044","0,167","28,62",5,"41,7","18,8","22,2","66,2","33,8","66,54","3,7","-9,39","73,7","42,82","52,94",0,"41,63",,0,"14,8","0,125",275,"8,1","13,37"
2A,242000495,CC de l'Alta Rocca,,,20,,,"274,250290765294",5,17,"15,1","61,6","2,13","-51,11","3,9",19,"6,9","35,86","53,11","15,1","85,3","0,6","71,45","1,9","1,81921546333144","35,3823577368335","0,0128098022834864","4,6","15,13","4,55","186,4","22,1","48,9","2,42",92,0,"79,1871885184806","0,316388005365527","89,839811806878","84,5","8,1",120,"10,06","31,15","7,89604441067207","5,69",0,"9,97695035460993",-2,"57,5","-13,4831460674157","11,48","11,39","7,285","0,144","29,79",5,"37,8","18,8","19,2","73,5","42,2","41,5","3,7","-13,09","66,5","30,67","48,56",0,"132,183",,0,"17,3","0,153",157,"8,1","13,19"
2A,242000503,CC Celavu-Prunelli,,,20,,,"1048,59170950454",3,12,"10,4","32,7","0,39","33,33","1,7","28,7","9,6","28,68","33,01","12,3","92,2","0,4","55,2","1,6","0,432619511139952","46,5591043793217",0,"1,1","12,84","1,08","283,5","9,3","18,3","2,42","90,1",0,"77,9792825979048","0,359015306445709","52,7039898401947","76,1","14,9",96,"6,54","31,15","5,70114826263575","1,08",0,"6,18658660926702","10,8","50,1","-7,14285714285714","10,46","20,87","12,932","0,381","29,99",6,"33,2",11,"13,8","49,5","44,5","45,53","3,2","-6,23","32,5","23,6","28,6",0,"454,016",,0,"22,9","0,094",122,"8,1","9,85"
2A,242010056,CA du Pays Ajaccien,,,20,,,"11,4766123549922",5,12,"7,1","10,4","13,53","9,57","3,5","25,3","31,2","10,16","4,63","10,4","78,6","1,6","55,2","1,9","1,64931117004075","54,6024856973762","1,16275162751628","2,8","0,94","3,45",413,"19,7","69,8","2,42","69,5",2,"6,7650486869283","1,38120225697675","53,0020659836851","80,2","9,6",105,"7,52","31,15","5,59925389785844","0,97",5,"5,23615655604072","11,4","12,7","-11,6822429906542","3,06","17,17","26,159","1,276","26,14",6,"27,6","14,3","13,9","36,9","33,1","33,78","3,4","-8,2","114,7","10,5","16,5","0,323","225,448",,4,19,"0,202",103,"8,1","8,96"
2A,242010130,CC du Sartenais Valinco Taravo,,,20,,,"191,034525894421",5,"16,5","12,6","43,4","6,63","3,26",6,"25,2","7,2","25,68","30,06","14,2",82,"1,9","58,7","1,3","0,971581248481904","37,1506475800954","0,38219696969697","2,1","7,77","4,05","270,3","14,3","49,5","2,42","79,2",0,"11,0148753761426","0,385440794586698","81,3545816733068","80,8","8,1",113,"9,21","31,15","8,07180133947986","1,62",0,"8,43420022614595","-5,4","29,3","-19,2982456140351","30,28","37,41","18,47","2,108","29,75",6,"39,1","21,5","19,5","71,3","53,5","41,29","3,5","-10,43","100,5","15,44","63,11",0,"73,307",,0,"21,6","0,114",158,"8,1","19,43"
2B,200015162,CC de l'Oriente,,,19,,,"126,101103243866",5,19,"13,1","53,1","2,74",0,"2,9","22,8","8,8","50,81","57,77","14,3","84,9","-0,5","56,45","1,7","0,809978940547546","37,6749393543572","1,03481012658228","1,7","26,2","3,24","215,3",0,"45,1","2,89","62,4",0,"12,2574192732485","0,287019016649225","55,9563892897226","54,5","9,1",112,"10,03","42,51","7,82757411501795","1,62",0,10,"-13,7","67,1","4,08163265306123","81,6","17,18","29,234","7,074","20,05",5,"38,5","26,8",16,"67,2","32,5","48,92","3,6","-14,5","87,7","29,95","80,27",0,"195,607",,0,"15,2","0,333",182,"9,5","14,92"
2B,200033827,CC de Fium'Orbu Castellu,,,19,,,"164,188402510017",4,20,"12,9","40,4","4,92","-12,8","3,9","24,8","8,6","25,22","24,02","15,2","86,8","1,3","56,45","1,5","0,451807228915663","33,2553996882654","0,442967032967033","2,6","11,16","3,01","381,7","32,3","45,1","2,89","79,9",0,"65,9861801505102","0,476812881588813","60,7434944237918","78,4","10,4",104,"11,35","42,51","7,95638225218378","0,75",0,10,"20,1","49,3","-23,5","27,13","17,95","13,761","5,242","20,54",5,"35,3","20,6","23,2","66,9","68,7","37,73","3,4","-13,01","93,4",19,"65,69",0,"87,732",,0,"18,6","0,14",122,"9,5","18,63"
2B,200034205,CC de la Costa Verde,,,19,,,"113,764841658203",4,19,"11,2","49,7","4,37",0,"1,9",21,"6,5","20,33","21,61","15,4","86,5","-0,3","46,1","1,1","0,365664137489716","33,6169619193751",0,"1,6","5,02","2,74","392,6","3,1",43,"2,89","77,9",0,"26,9197364156854","0,794430328495576","63,7605137017274","72,1","9,3",127,"10,5","42,51","8,16764709823522","1,83",1,"9,4310102241816","9,9","45,8","1,38888888888889","9,47",13,"27,072","4,373","28,49",4,"37,9","22,3","19,6","65,4","36,6","34,92","3,4","-13,73","72,2","16,96",55,0,"13,566",,0,"15,4","1,086",165,"9,5","13,77"
2B,200036499,CC de Marana-Golo,,,19,,,"179,38025955183",5,14,"6,9","15,9","7,14","15,58","6,7",14,7,"12,5","6,23","12,8","91,7","-0,3","36,9",10,"0,942137080945278","58,2504463147156","0,152636354471217","2,7","2,08","2,75",599,"20,4","35,7","2,89","58,7",3,"23,7582496019327","1,09245884137724","67,545113798833","70,7","22,7",87,"7,17","42,51","6,10695453322572","0,39",1,"9,3905001046244","7,5","18,1","14,1666666666667","8,44","18,18","28,752","2,887","26,49",6,32,"16,5","15,7","47,8","50,7","29,8","3,3","-9,64","99,2","11,1","31,4",0,"185,479",,5,"29,4","0,654",79,"9,5","10,29"
2B,200042943,CC du Cap Corse,,,19,,,"191,288322269161",2,13,"18,6","55,3","1,48",0,"2,9","35,2","9,5","48,65","62,23","15,3","83,7",0,"36,9","1,4","0,756773119418798","42,3817863397548",0,"1,8","39,73","4,54","451,8","42,7","17,4","2,89","91,7",0,"9,12613636363636","0,192141579772334","80,3398420032792","83,3","7,9",132,"4,96","42,51","7,2648096505683","1,51",0,10,"-19,9","58,8",-10,"7,6","11,63","9,21","0,86","26,49",4,"40,2","19,6","16,9","76,8","30,3","59,48","3,7","-7,47",59,"30,94","36,72",0,"5,962",,0,"15,7","0,401",254,"9,5","14,16"
2B,200073104,CC de l'Ile-Rousse - Balagne,,,17,,,"244,096293571232",6,20,13,"55,8","3,28",0,"1,5","28,5","5,5","30,42","24,17","12,5",83,"1,4","51,8","1,2","5,91877617920233","38,1395959065862","2,9947344666767","3,4","19,78","3,64","311,2","29,2","66,1","2,89","87,1",0,"39,6627258303905","0,420987283201625","83,5194283162126","79,9","10,4",117,"8,96","42,51","7,20002648772735","7,28",2,10,"3,6","34,7","-1,17647058823529","15,79","13,97","32,601","0,271","28,39",5,39,"20,4","21,7","62,9",57,"38,43","3,8","-13,29","91,3",18,"38,14","0,911","45,556",,0,"19,3","0,113",160,"9,5","12,71"
2B,200073120,CC Nebbiu - Conca d'Oro,,,19,,,"331,425315796328",4,"17,5","15,3","47,6","3,85",0,"2,1","28,4","9,7","32,4","35,26","12,9","83,8","1,3","36,9","2,1","0,513940639856097","40,2317544216304",0,"4,1","10,67","3,85","360,4","32,1","28,3","2,89","88,2",0,"19,1321283488456","0,237078020296957","66,243654822335","74,3","10,4",118,"8,78","42,51","7,23723974854375","6,42",0,10,"19,4","54,3","-3,2","15,19","48,74","21,372","4,352","23,16",5,"35,5","19,6","19,4","66,9","37,8","35,59","3,6","-7,22","65,1","13,67","23,8",0,"43,147",,0,18,"0,306",175,"9,5","13,01"
2B,200073138,CC Pasquale Paoli,,,16,,,"181,886996396987",3,16,"18,6","53,3","2,17",0,2,"30,2","10,5","57,03","57,79","14,3","87,4","1,2","57,6","1,2","1,47130946542423","33,8877925007048",0,"1,5","77,92","4,9","469,2",0,"4,9","2,89","96,7",0,"70,6017456879967","0,0933939923688435","72,6626836751171",71,"15,7",133,"4,97","42,51","7,36645531189425","3,27",0,"9,96272682687592","-14,3","79,8","-3,98009950248756","15,02","14,45","24,671","0,176","27,25",8,"39,1","21,8","13,7","71,6","40,7","55,42","3,4","-11,22","64,1","17,98","69,95",0,"109,801",,1,"16,2","0,209",211,"9,5","14,37"
2B,200073252,CC de la Castagniccia-Casinca,,,19,,,"288,327223300971",4,17,"12,2","35,9","8,05","73,09","6,1","26,1","10,1","24,49","22,32","15,7","89,7","0,7","36,9","1,1","0,225496091401082","37,3771989947453",0,"4,4","17,28","3,01","440,2","19,7","68,7","2,89",76,0,"48,8259684972329","0,687676215465927","58,0928295150253",73,"15,7",106,"9,14","42,51","7,93382074985395","3,01",0,"8,40934969128378","9,7","28,1","-2,06185567010309","13,29","13,3","39,051","4,056","20,33",5,"35,5","23,4","16,4","58,3","47,3","32,85","3,4","-16,51","61,5","19,9","47,74",0,"58,018",,0,"17,3","1,607",127,"9,5","12,65"
2B,242000354,CA de Bastia,,,19,,,"7,99078384949073",7,13,"10,6","4,1","20,37","4,65","2,2","23,1","33,7","5,17","0,22","9,2","78,5","1,3","36,9","1,6","2,39018087855297","50,7150307883845","0,502854633289416","3,4",0,"4,52","465,7","21,9","86,2","2,89",71,0,"2,08117070357555","1,75488150378727","50,7435595325287","80,6","7,3",100,"11,04","42,51","6,05506553090571","3,07",6,"3,50279655658772","88,9",6,"-27,4336283185841","0,14","37,9","10,52","3,835","26,39",6,"27,3","19,8","16,4","46,7","42,7","31,49","3,8","-12,59","121,3","0,6","3,8",0,"110,021",,1,"18,4","1,157",120,"9,5","11,17"
2B,242020071,CC du Centre Corse,,,16,,,"125,997085720028",4,17,"26,8","24,1","12,59","68,54","3,7","26,1","11,3","9,52","15,61","30,1",75,"0,8","57,6","1,3","1,49790293588975","40,3035036822138","0,523586910327242","2,8","5,6",3,"440,6","0,6","61,8","2,89","96,5",0,"97,3283111713156","0,0785753539466191","61,5702886415132","85,6","5,1",93,"10,1","42,51","5,96895691148009","8,99",1,"6,66639502903127","-2,3","24,7","10,7142857142857","2,88","17,04","14,418","0,05","26,6",4,"60,7","20,1","5,2","67,2","57,1","50,53","3,4","-9,58",121,"14,3","69,5",0,"190,129",,0,"21,3","0,052",80,"9,5","20,83"
2B,242020105,CC de Calvi Balagne,,,16,,,"136,682008368201",5,"18,5","13,8","57,4","10,78","19,72","2,6","25,9","6,2","20,12","28,07",13,"67,1","-1,2","51,8","1,1","1,58252888115208","32,9888027562446",0,"3,8","4,44","3,96","388,1","0,6","42,5","2,89","88,5",0,"58,1388402877189","0,300574340942775","85,7343092976172","83,2","13,2",93,"7,22","42,51","7,25622603699714","7,12",1,10,"5,1","37,7","3,35570469798658","18,03","31,57","16,917","1,423","28,48",5,39,"20,1","16,2",65,"53,8","38,06","3,5","-22,2","100,2","16,07","18,29","0,791","168,198",,0,"20,5","0,076",122,"9,5","32,85"
30,200034379,CC Pays d'Uzès,,,51,,,"120,637975258937",2,"28,1666666666667","16,3","19,2","4,65","-1,63","8,7","22,1","33,5","10,41","9,97","14,7","84,1","2,5","38,5666666666667","1,8","1,97449342914482","37,3757996461141","1,07304526748971","3,1","2,11","2,27",250,"27,5",85,"2,85","55,1",0,"47,2917525773196","0,899398258280868","57,7540106951872","71,8","12,6",133,"9,39","51,74","6,77577370070514","2,27",3,"4,15247503867248","-8,9","56,2","-21,9616204690832","32,73","27,85","29,885","7,82","15,16",6,"34,1","16,4","17,6","53,6","50,6","39,23","3,5","-5,35","85,6","10,14","23,57","0,324","354,514",59,0,"21,7","0,752",151,"12,6","15,3"
30,200034411,CC du Piémont Cévenol,,,51,,,"106,186269674006",2,"28,8571428571429","17,4","13,6","3,37",0,"10,3",31,"29,2","16,89","9,39",17,"83,5","0,8","40,1333333333333","1,5","2,39691064849749","31,9276324352467","6,85530804736103","3,8","0,13","2,66","198,3","24,8","52,7","2,85","60,4",0,"24,7103443705684","0,429085051994179","49,2224593805811","70,8","7,6",119,"16,77","51,74","6,83355102040816","15,54",1,"4,35968","13,7",52,"-19,7333333333333","30,99","42,17","26,819","7,985","16,68",6,"33,2","18,6","20,1","57,3","60,3","47,63","3,2","-4,8","63,1","8,21","22,29","0,444","1054,145",58,0,"19,8","0,85",123,"12,6","15,88"
30,200034601,CC Causses Aigoual Cévennes,,,33,,,"168,963275248267",2,29,"26,4","55,1","2,01","-28,21","5,5","41,8","26,8","45,54","67,41","22,7","71,1","-7,5","39,55","0,6","6,67779632721202","27,5224215246637","0,113668061366806","1,3","25,29","3,71","159,7","11,1","8,5","2,85","92,1",0,"97,7398205659075","0,0583733745538538","70,7290533188248","76,3","10,2",144,"26,18","51,74","7,70438052862969","3,71",0,"3,16314423433445","-1,1","86,9","-18,1395348837209","65,79","14,55","19,494","0,246","23,29",5,"44,1","28,3","16,8","74,5",48,"84,4","3,5","2,17","83,5",29,"36,47",0,"246,645",52,0,"13,4","0,269",212,"12,6","20,5"
30,200034692,CA du Gard Rhodanien,,,48,,,"97,080975790743",2,"29,4","14,6","7,5","12,41","8,55","10,1","25,7","38,8","5,72","5,66","15,3","87,8","2,5","35,1","1,6","4,05834530193826","34,0924521347792","0,438747666235818","2,1","1,11","2,9","184,8","27,4",53,"2,85","46,8",2,"22,0025269674811","0,858192081993403","40,099668203003","59,2","14,3",113,"7,97","51,74","6,1351539863247","0,66",3,"5,30906329386148","-3,1","39,1","-15,8119658119658","5,99","20,12","29,817","17,087","7,51",7,"35,5","17,2","20,7","49,4","54,2","27,71","3,2","-7,02","93,7","10,43","13,5",0,"904,76",60,2,"21,3","0,679",106,"12,6","15,82"
30,200035129,CC de Cèze Cévennes,,,43,,,"137,975673282284",3,"25,5","27,1","21,1","8,7","1,22","13,6","29,5","33,3","12,34","14,09","21,5","83,9","2,1","35,7","1,2","5,59009456141267","29,4201071541128","0,697674418604651","2,9","0,17","3,13","218,5","14,8","17,1","2,85","62,6",0,"57,3710308829926","0,379132230503028","53,5971964543393","81,2","7,5",148,"10,72","51,74","7,87162056367432","4,18",3,"3,36570981210856","6,2","49,1","31,1557788944724","35,36","16,77","21,07","3,161","17,08",6,"41,3","26,3","27,1","54,2","52,1","43,15","3,2","-5,09",77,"7,74","26,52","1,567","149,454",55,0,"14,9","0,907",188,"12,6","19,8"
30,200066918,CA Alès Agglomération,,,34,,,"94,6389941516978",3,"27,375","19,2","7,6","16,57","1,7","9,2","24,9","44,4","6,15","6,2",17,"87,4","0,6","40,3","1,6","6,48264786698785","34,8170515097691","0,978758538758539","2,8","1,55","3,39","263,2","28,9","54,5","2,85","61,7",2,"46,356501054225","0,823905578419307","45,6663964798518","73,8","12,9",123,"15,31","51,74","7,12278167186449","1,92",4,"3,80096683807002","2,2","28,5","-16,4473684210526","8,7","30,7","17,372","8,782","14,58",7,"38,9","22,3","19,4","44,5","50,8","33,89","3,2","-5,28",96,"9,86","17,55","2,799","602,275",60,4,"20,2","0,945",126,"12,6","16,11"
30,243000270,CC du Pays Viganais,,,39,,,"121,287718235947",2,"28,5","24,6","28,6","6,89","2,39","9,6","33,3","36,9","23,04","14,7","20,3","76,3","-0,4","39,55","0,7","6,28428927680798","28,6876907426246","2,70128676470588","2,7","7,41","3,99","235,2","25,9","29,7","2,85",88,0,"91,8426679847038","0,120712226642693","60,4438388164298","77,2","5,4",137,"26,79","51,74","7,8896606589894","4,99",0,"4,54939566476875","-11,3",54,"4,76190476190476","20,17","20,53","21,019","0,369","24,46",5,"44,3","26,1",20,"57,4","67,5","72,52","3,3","0,75",101,"10,52",23,0,"233,599",58,0,"19,8","0,353",175,"12,6","19,92"
30,243000296,CC du Pays de Sommières,,,52,,,"61,8647198558322",3,"30,75","12,5","9,1","5,88","12,05","7,5","26,7","22,9","8,28","3,95","14,2",87,-1,"42,8",2,"1,69341182162729","36,4614538118237","3,86965811965812","3,1",0,"2,02","222,7","35,8","44,1","2,85","41,7",0,"0,372437182056421","1,08798677951929","49,452294014923","73,6","14,4",109,"12,01","51,74","5,41242136276368","2,82",1,"2,95689290846082","-3,7","34,8","-41,0714285714286","15,68","29,94","29,805","13,538","18,66",5,"31,4","13,6","14,2","49,7",67,"35,96","3,1","-3,96","53,1","6,72","19,11",0,"1558,978",61,0,"21,7","1,2",86,"12,6","13,59"
30,243000569,"CC Rhony, Vistre, Vidourle",,,53,,,"75,6654653381387",2,"25,6666666666667","9,6","5,5","6,01","23,92","6,7","27,5","28,6","1,47","0,23","13,1","87,1","-0,4","42,8",2,"1,32358063392546","38,5537864870382","1,75356125356125",4,"0,09","2,44","277,4","46,1","64,8","2,85","19,4",0,"12,1487349545566","2,05185339483339","40,5396151475724","51,2","12,5",103,"7,04","51,74","4,43815479049343","0,7",0,"2,88447186611002",-3,"19,5","1,8348623853211","7,5","49,55","29,967","28,767","14,21",6,"28,6",11,"14,9","47,5","71,6","26,92","2,9","-5,74","68,8","3,7","12,6","0,697","2854,208",66,2,"24,6","1,585",82,"12,6","12,49"
30,243000585,CC Beaucaire Terre d'Argence,,,41,,,"1280,99926672193",4,21,"14,2","2,1","10,5","1,49","7,6","29,1",33,"3,84","2,71","16,3","86,2","0,5","44,65","1,3","0,728147655681135","29,6586059743955","3,86709816612729","2,4","0,23","3,17","258,7","21,2",48,"2,85",6,2,"28,6936433052867","0,762576061812536","40,4483125665268","62,3","13,5",109,"9,53","51,74","6,718103035438","1,58",1,"4,34824651882414","-0,1","7,3","-1,92307692307692","28,27","25,56","55,45","12,028","15,75",7,"34,4","22,6","20,1","52,5","49,8","23,65","3,3","-10,49","63,1","3,6","15,6","0,95","1125,164",58,2,"23,9","0,343",84,"12,6","16,29"
30,243000593,CC de Petite Camargue,,,52,,,"118,784513590844",3,"19,6666666666667",11,"4,2","11,68","1,02","6,3","23,1","32,5","2,64","1,84","14,9",88,"1,2","42,8","1,8","1,02607649577186","34,4519491570494","4,60198429102935","3,3","0,19","2,83","269,1","39,6","60,5","2,85","3,2",2,"70,502171473186","0,711995006573048","39,3998878295008","55,4","28,7",105,"7,24","51,74","5,75272944252162","1,06",1,"4,16488849373935","-9,4","4,1","-24,6808510638298","31,13","42,03","45,572","11,811","18,01",7,"30,4",16,"17,2","50,4","62,3","25,9","2,9","-10,07","72,6","4,8","13,2",0,"2614,624",54,1,"23,3","0,449",82,"12,6","14,61"
30,243000643,CA de Nîmes Métropole,,,52,,,"30,2433391304348",5,"25,875",12,"4,6","16,09",3,"8,9","25,8",40,"2,11","1,49","15,4","75,9","-1,1","42,8","1,9","2,56474941136899","37,9523148928446","1,49566104732196","3,3","0,04","3,13","255,1","35,3","75,6","2,85","28,6",1,"54,9208541445941","1,49287904927748","44,9987017434269","74,3","9,8",109,"13,26","51,74","6,21129140881062","0,92",12,"4,7760232920579","1,8","10,3","-13,3141762452107","9,55","27,04","36,038","12,67","12,93",7,"40,4","23,4","18,2","38,3","49,6","28,89","3,6","-8,24","110,1","5,69","15,21","0,076","989,986",,4,"21,5","0,716",90,"12,6","17,47"
30,243000650,CC Terre de Camargue,,,58,,,0,4,16,"15,7",65,"7,99","3,27","2,1","23,9","31,2","3,63","0,61","19,8","78,7",-1,"39,8","1,4","1,48531455129127","40,8414367930145","4,99623448866068","3,5","0,08","3,83","278,3","21,6","54,8","2,85","4,2",0,"100,185921547555","0,322014117016823","75,4922894424674","72,7","9,9",139,"6,36","51,74","6,77921568901923","1,92",1,"7,41707902601538","63,9","2,7",-44,"18,68","75,02","35,76",19,"20,43",6,"41,3",15,"20,3","51,9","75,9","31,57","3,1","-5,34","92,9","1,67","16,33",0,"2054,567",55,0,"19,2","0,146",199,"12,6","15,21"
30,243000684,CC du Pont du Gard,,,45,,,"94,2218838556867",2,"29,4","14,2","8,4","4,02","5,63","9,2","26,9","25,7","4,99","4,41","15,3","88,9","0,7","39,875","1,7","1,56620386048087","33,8488704865128","3,50974025974026",3,0,"2,54","246,7","24,4","48,4","2,85","39,2",2,"38,8358996539792","0,778402447188227","43,0455337148544","49,4","13,6",108,"2,78","51,74","5,63403088085652","3,81",0,"3,97181790027872","-0,2",34,"-19,6078431372549","9,2","39,07","30,86","22,298","11,41",7,"31,3","15,1",17,60,56,"34,67",3,"-6,5","67,6","7,4","20,67","5,08","700,008",61,2,"22,8","0,983",92,"12,6","13,26"
31,200034957,CC du Frontonnais,,,19,,,0,2,28,"8,5","1,4","6,62","30,31","6,8","20,5","26,9","1,43","0,52","12,6","89,1","0,4","32,3","2,2","2,08644851688285","37,267482343579","0,985211830535572","3,4","0,06","1,74","173,7","29,5","61,1","3,56",11,0,"0,462377518949898","3,36206475478793","43,9481514415678","53,9","32,3",93,"3,29","41,66","4,36523410352091","2,43",0,"5,93301399595839","6,3","37,6","-49,5098039215686","54,32","8,73","46,674","4,764","9,64",4,26,"8,2","11,1","49,6","69,1","22,36","2,8","-4,4","74,6","5,6",21,"0,695","2022,641",68,0,"27,4","1,136",57,"11,1","10,81"
31,200066819,CC du Volvestre,,,9,,,"105,093273367227",2,"30,8333333333333","13,7",4,"5,57","11,49",8,"24,5","32,3","10,79","9,26","13,7","86,4","2,2","35,6666666666667","1,6","1,75290527819256","29,4236650199953","1,83754779283976","4,2",0,"2,27","216,2","27,5","73,9","3,56","11,7",0,"3,0962587685113","0,927071259390969","49,1427844397086","69,3",14,105,"13,02","41,66","5,4148554669747","1,3",1,"3,68683722163309","2,2","38,7","12,0253164556962","96,16","19,99","62,425","1,413","12,87",4,"30,3","12,5","15,4","46,7","62,8","31,94","2,9","-4,75","61,4","10,5","27,94","3,246","1282,802",62,2,"24,3","0,941",84,"11,1","13,99"
31,200068641,CA Le Muretain Agglo,,,14,,,"217,10998425745",2,30,"7,7","1,2","14,89","14,44","5,6",18,"43,4","2,66","0,79",13,"85,6",-1,"32,3",2,"2,15003866976025","39,7428068115091","2,1012255204688","4,5","0,01","2,47","209,5","26,7","80,6","3,56","7,3",1,"3,72299841304416","2,32005468226748","41,7413494546891",74,"14,1",95,"5,75","41,66","4,66562093127093","2,47",3,"5,07672619584745","-9,3","14,4","-40,6474820143885","36,87","12,2","44,983","1,956","9,28",5,"30,8",11,"16,8","42,1","63,1","18,91","2,9","-3,1","67,2","4,5","11,85","0,387","1020,369",66,2,"26,4","1,309",72,"11,1","12,72"
31,200068807,CC du Bassin Auterivain Haut-Garonnais,,,19,,,"100,39309566921",2,"28,25","10,8","2,1","5,26","4,99","7,1","23,7","37,4","8,03","3,79","13,3","85,8","0,7","33,5","1,8","1,52015669307452","33,4509189095027","0,494867724867725","3,8","0,54","2,63","150,8","19,9","57,4","3,56","8,5",0,"0,747534016302452","1,14669430929795","43,6368859523126","69,1","10,6",100,"7,46","41,66","4,86759784069607","2,34",0,"4,75773706362961",-1,"46,8","-7,85340314136126","73,83","15,09","70,13","2,179","8,09",4,"28,8","10,2","14,3","49,4","67,9","23,18","2,7","-5,69","47,1","6,68","20,63","0,585","807,239",62,0,"27,2","0,908",72,"11,1","11,95"
31,200068815,CC Coeur de Garonne,,,14,,,"201,839183207197",2,"34,2","14,5","3,9","4,95","0,55","10,2",25,"32,4","13,14","11,36","15,2","86,7","-0,5","36,15","1,7","1,59585078795133","29,5643539779074","0,354565217391304",3,"0,34","2,56","178,5","17,2","43,7","3,56","13,7",1,"1,63142966520498","0,592909543982525","46,1572870362605","66,8","15,4",107,"16,82","41,66","5,63890177801503","3,13",0,"4,17872951997701","0,9","41,8","-9,46236559139785","97,56","14,33","58,735","1,231","11,25",5,"30,7",12,"14,7","55,3","51,8","29,61","2,8","-6,78","56,2","9,75","33,06","1,71","450,949",62,3,"23,2","0,893",88,"11,1","13,19"
31,200071298,CC des Terres du Lauragais,,,20,,,"12,4707863558188",1,"31,75","10,5","2,9","4,92","23,55",7,"25,1","23,5","12,99","9,36","11,4","87,4","0,5","33,3","2,2","2,39364853655646","35,1490019679505","1,9884133495953",4,"0,03","2,13","151,2","18,9","57,3","3,56","1,8",0,"0,0714584405558414","1,20076911440552","41,848583372039","68,8","12,8",96,"9,72","41,66","3,64095838390166","1,42",1,"4,9135504123172","-1,2","55,7",4,"71,73","18,24","78,379","2,079","5,98",4,"26,2","7,7","11,2",59,"68,8","29,25","2,8","-3,72","49,3","11,4","24,48","1,422","1176,033",65,0,"29,4","1,021",64,"11,1","10,33"
31,200071314,CC des Hauts-Tolosans,,,24,,,"96,9975433444401",2,26,"10,2","2,9","7,21","26,66","7,1","24,8","26,7","8,72","9,05","13,2","89,8","1,1","32,3","1,9","1,44460495610623","35,409081397782","0,466227625802094","3,3",0,"1,67","152,4","21,1","45,8","3,56","11,2",0,"2,23965653896962","1,24813433256775","37,009863862395",65,"12,1",90,"8,57","41,66","4,3703739524244","0,83",0,"6,13613752097254","-1,7","39,6","-11,1688311688312","75,47","16,68","65,53","1,682","9,02",3,"28,7","9,3","12,4","45,2","55,5","23,06","2,8","-6,6","38,3","12,03","22,28","0,556","1365,995",62,0,"28,1","1,138",54,"11,1","11,83"
31,200072635,CC Pyrénées Haut Garonnaises,,,7,,,"206,784273150543",1,35,"25,9",52,"2,32","-20,18","6,7","27,5","41,4","16,3","23,56",19,"82,3",1,40,"0,8","5,72208856232525","28,3208246676915","3,01728395061728","3,2","0,71","4,55","175,6","14,2","59,9","3,56","83,6",0,"51,7371093394768","0,264807087507938","68,0565990483346","82,5","8,6",145,"8,63","41,66","6,70038814882866","1,95",3,"7,93993569131833","-0,5","48,7","-14,7619047619048","81,38","21,42","11,701","0,317","24,52",5,"41,5",16,"14,9","68,8",54,"52,8","2,9","0,21",84,"11,75","36,33","2,601","700,601",,0,"27,6","0,786",208,"11,1","19,47"
31,200072643,CC Coeur et Coteaux du Comminges,,,20,,,"68,7512707633657",2,38,21,"7,1","5,37","-3,75","12,4","27,8","44,3","19,3","17,1","16,2","83,9","0,4","36,0666666666667","1,3","1,87600298352282","28,1096181987495","0,607491100448847","2,2","1,38","3,39","142,3","18,6","61,3","3,56",19,3,"1,03552564063868","0,589061733176469","53,4576637347618","74,7","8,2",135,"13,83","41,66","7,36768612718259","3,16",2,"6,34961946181027",0,"50,6","-28,6749482401656","95,62","15,9","57,6","0,682","15,12",5,"39,5","19,2","20,4","57,5","39,8","36,62","3,1","-4,54","107,4","16,56","22,88","0,678","210,965",57,1,"24,1","1,019",159,"11,1","16,46"
31,200073146,CC Cagire Garonne Salat,,,10,,,"94,06809371313",1,36,"21,3","18,3","3,99","-10,76","9,3","34,5","34,2","23,77","27,02","17,4","87,3","1,5",40,"1,3","2,86404223058348","28,5532994923858","3,310791015625","2,4","3,55","3,37","157,7","18,7","28,7","3,56","50,6",0,"8,70092180298414","0,379267596077406","51,3198080279232","73,9","13,7",128,"19,32","41,66","6,76085220673635","2,25",0,"6,34931120144535","3,7","67,4","-10,3351955307263","93,52","14,42","36,507","0,351","21,98",7,"38,8","16,9","17,4","60,9","45,7","41,16",3,"-4,49","64,6","19,67","20,65","1,123","45,812",58,0,"23,1","0,873",160,"11,1","16,78"
31,243100518,Toulouse Métropole,,,16,,,"54,0525418116998",5,17,"8,4",3,"18,22","13,75","7,1","18,9","46,8","0,66","0,21","13,8","58,5","-5,4","32,3","2,3","1,66757173682162","46,3438462051678","6,71365830558186",4,0,"2,88","184,3","27,8","92,5","3,56","6,4",9,"2,49146809479413","4,40170864505569","41,2586457683973","58,4","17,4",74,"8,73","41,66","5,07132524617948","0,83",44,"3,59975409867461","-0,6","1,7","-16,2337662337662","4,04",9,"24,048","3,644","8,35",5,"48,5","17,3","13,7",40,"61,4","29,26","3,9","-6,48","134,4","1,59","7,03","0,144","2331,261",,6,"23,9","1,672",66,"11,1","17,71"
31,243100567,CC Aux sources du Canal du Midi,,,22,,,"613,861447726121",2,37,"17,5","7,9","4,71","-1,04","8,8","27,4","35,8","16,8","6,41","16,5","84,8","1,2","32,6","1,5","1,88384488145562","32,0024036856513","2,59489998473049","3,5","0,82","2,3","158,6","22,2","50,4","3,56","23,7",1,"30,1348073171421","0,836863474144944","46,5616045845272","58,7","28,9",124,"11,13","41,66","6,35715779688589","1,38",1,"6,07185684406228","3,7","48,6","-27,8125","97,9","14,86","59,893","1,409","9,49",6,"35,5","14,9","19,2","51,6","54,7","35,24",3,"-4,44","87,2","9,39","24,14","0,919","360,405",56,0,"21,3","0,725",135,"11,1","14,86"
31,243100633,CA du Sicoval,,,13,,,"71,0185416187281",2,"30,5","8,1","1,5","17,27","19,99","5,2","18,2","42,5","2,72","1,07","12,2","76,7","-2,8","32,3","3,2","2,42364908426658","47,5468744440887","4,35075862068966","4,2","0,01","2,27","174,9","25,9","79,6","3,56","5,8",0,"1,24662351154799","2,94285790049136","37,1454903928042","54,1","8,4",95,"10,49","41,66","3,88117214272223","1,07",0,"3,48776679468614","-6,8","26,2","-44,4933920704846","43,32","6,59","56,474","2,224","6,44",5,37,9,"10,6","48,7","70,3","28,74","3,4","-3,71","94,7","5,28","15,94","0,358","2035,069",66,2,"29,2","2,048",76,"11,1","12,61"
31,243100732,CC des Coteaux du Girou,,,18,,,0,1,"30,75","7,6","1,5","3,46","18,15","5,6","20,3","29,4","8,39","4,25","8,9","86,8","-0,7","32,3","2,9","2,1928881627037","41,5412732257082","0,552210884353741","3,9",0,"1,72","158,9","29,3","61,7","3,56","5,8",0,0,"1,97775049599805","42,3685983827493","70,5",10,95,"11,85","41,66","3,69311195976155","1,29",0,"5,7948956780924","-1,9","40,3","52,4193548387097","64,02","9,68","66,698","2,403","6,93",2,22,6,"9,2","52,3","68,2","26,79","2,9","-2,79","35,7","6,61","12,67","1,29","997,305",64,0,"29,9","1,165",66,"11,1","8,54"
31,243100773,CC Val'Aïgo,,,37,,,"146,182815655876",1,32,"14,9","1,9","8,24","3,43","9,4","26,4","27,7","6,8","1,79","17,2","88,6",1,"36,15","1,4","1,99859558148328","30,8173037902768","3,80952380952381","2,5",0,"3,24","168,3","19,1","50,8","3,56","16,1",1,"1,29508531031201","2,25003261285257","43,1272572763969","62,5","11,9",102,"9,77","41,66","5,53643108224127","1,62",0,"5,64383716974714","-2,7","44,2","-31,5315315315315","64,14","5,95","52,304","2,968","8,97",2,"32,1","10,8","15,1",52,"66,3","27,44","2,7",-5,"62,1","3,89","23,67","1,62","508,817",59,0,"25,4","0,777",74,"11,1","12,55"
31,243100781,CC Le Grand Ouest Toulousain,,,18,,,0,2,25,"4,9",1,"14,25","12,79","5,2","15,4","47,5","1,73","0,35","10,5","86,2",-2,"32,3","2,4","1,42685338062333","43,3189655172414","5,55147058823529","3,4",0,"2,24","167,7","21,6","74,1","3,56","13,1",1,"0,467481703260146","3,10262348402642","34,1070109964676","70,3","18,7",92,"11,32","41,66","3,90628800736014","1,22",1,"4,65994194130705","-2,2",23,"-32,8571428571429","34,52","19,23","49,071","1,448","11,68",2,"29,1","8,8","12,8","44,1","66,8","18,69",3,"-6,62","42,1","4,75","17,13","0,815","1401,201",69,0,"32,2","1,31",54,"11,1","10,58"
31,243100815,CC des Coteaux Bellevue,,,15,,,0,1,17,6,"0,9","5,97","14,78","5,1","18,3","44,1","0,31","2,1","8,6","86,3","-1,7","32,3","2,6","2,47999625660942","45,6024055217659","0,920424836601307","3,6",0,"2,81","143,9","21,7","63,9","3,56","13,5",0,0,"4,09645068195634","40,33182089005",77,"9,3",100,"8,58","41,66","3,7303021233142",,0,"3,25713581464136","-5,5","9,2","58,3333333333333","26,91","4,86","34,849","1,974","9,27",2,"24,3","5,3","9,5","48,8","80,7","21,43","2,8","-3,15","43,9","2,29","6,71","0,468","737,431",68,0,"29,2","2,796",78,"11,1","10,12"
32,200023620,CC de la Gascogne Toulousaine,,,24,,,"46,0624851084108",1,"29,3333333333333","7,9",3,"6,65","15,4","6,2",21,33,"17,97","5,35","12,3","86,6","0,4","34,85","2,4","0,293083235638921","36,1303566846292","1,59665792922674","2,6","0,09","2,34","157,4","19,9","44,2","1,84","5,6",0,0,"1,62565373390878","46,6899353435944","56,8",11,97,"8,54","45,86","4,34062510116215","1,17",1,"4,67128937230909",-1,"37,8","-8,65800865800866","81,64","16,48","75,67","1,696","6,44",4,"30,9","8,1","11,1","48,4","84,5","28,72","2,8","-5,68","73,9","7,62","32,69",0,"2239,515",65,1,"37,3","0,908",60,19,"10,64"
32,200034726,CC Bastides de Lomagne,,,25,,,"75,2095061072756",1,"37,6",18,"10,9","5,48","14,11","9,2","31,5","30,1","33,1","27,41","15,9","85,4","0,3","36,0333333333333","1,5","0,265064499028097","27,4697259400892","0,0414719626168224","2,9","1,1","2,65","118,7","16,3","49,1","1,84","2,5",1,0,"0,546699492625707","51,5094661436125","66,3","13,7",123,"13,89","45,86","5,76129279020845","3,53",1,"7,51798304328425","2,3","64,7","-31,1578947368421",100,"23,05","80,347","1,5","7,46",4,"33,9","13,4",14,"64,2","69,6","40,47",3,"-4,5","64,4","10,49","36,12","0,884","170,561",60,0,"26,7","1,084",124,19,"14,92"
32,200035632,CC Armagnac Adour,,,29,,,"177,009968282737",1,"42,4","21,9",10,"4,03","-3,01","11,8","31,2","39,6","40,29","35,18","18,1","83,6","5,2","34,1","1,4","0,761266747868453","22,746157041961","0,317486860965122","2,3","0,62","3,05",108,"21,3","27,7","1,84","14,7",0,"2,84529110448961","0,442119909356344","52,2617479139218","49,5",12,139,"31,55","45,86","6,74269337364575","4,57",0,"7,67328042328042","-0,8","75,8","-32,4519230769231","100,01","10,97","66,82","5,11","10,73",3,"37,8","17,9","15,6",64,"56,8","46,89",3,"-3,95","114,2","19,63","22,96",0,"4,392",56,0,"24,5","0,721",213,19,"22,32"
32,200035756,CC Astarac Arros en Gascogne,,,24,,,"214,315488637948",1,"43,25","18,5","10,3","3,08","5,1","7,7",29,"29,8","47,59","34,25","16,1","84,7",-1,"34,1","1,3","0,697252823873937","21,4153046062407",0,"3,2","1,28","1,39","108,8",23,"40,6","1,84","15,8",0,0,"0,436912429155144","40,0924164175048","33,1","29,3",136,"2,99","45,86","6,12219917012448","4,18",0,"8,56832641770401","-1,1",83,"-35,8778625954199","99,57","21,13","66,555","1,076","10,57",4,"31,3","15,3","13,8","66,2","61,5","36,81","2,9","-1,76","57,7","14,41","29,62",0,"205,219",57,0,"22,4","0,669",179,19,"15,14"
32,200042372,CC des Coteaux Arrats Gimone,,,27,,,"51,3477251624884",1,"35,3333333333333","17,9","6,7","3,87",82,"12,2","31,2","34,1","30,33","30,05","15,4","85,7","5,2","37,4","1,6","0,463649851632048","27,650864914829","1,41611661166117",3,"6,56","3,71","116,7","18,2","53,5","1,84","4,3",0,"7,41583741769395","0,92942453914712","46,9585712990663","48,8","39,3",120,"3,63","45,86","5,27825584038727","1,85",0,"7,97163718056726","0,4","64,7","-20,4444444444445","99,93","36,17","78,286","1,205","9,64",4,"32,1","13,2","15,1","64,4","65,3","39,22","2,8","-2,92","77,6","12,37","27,8",0,"488,623",57,0,"26,5","0,953",124,19,"14,07"
32,200066926,CA Grand Auch Coeur de Gascogne,,,24,,,"109,209893957331",2,37,"15,8","3,9","12,06","0,34","8,7","25,3","45,7","14,85","11,4","16,8",82,-2,"37,4","1,9","3,39257683933364","35,2727811088904","1,37780729292442","2,5","4,23","3,29","162,3",29,"73,7","1,84","5,5",0,"0,0596685082872928","0,779971841844072","52,2404424843449","77,8","9,3",120,"19,17","45,86","5,73943627082194","3,29",6,"6,24854214298559","-0,4","33,4","-9,78886756238004","98,39","36,74","70,676","1,401","9,71",4,"44,5","14,3","16,4","46,7","74,1","43,6","3,1","-2,03","130,6","11,91","14,29",0,"734,875",59,0,"31,6","0,845",127,19,"15,84"
32,200072320,CC Val de Gers,,,26,,,"132,776413275145",1,"40,5","17,8","9,1","2,02","18,92","9,7","29,1","29,1","42,84","33,42","15,4","86,4","0,3","38,7","1,1","0,204436266993765","25,5029753471238",0,"2,7","3,75","2,04","106,2","15,6","45,1","1,84","15,1",0,"4,65138091753014","0,342364331082014","48,9402697495183",61,"4,5",131,"11,43","45,86","5,65468747784913","18,4",1,"8,11501438920314","-1,4","84,7","-31,413612565445",100,"32,1","66,745","0,915","14,09",5,"31,8","14,7",11,"61,5","63,8","40,07","2,9","-1,78","55,3","22,21","25,79",0,"223,507",57,0,"25,1","0,665",152,19,"15,14"
32,243200391,CC de la Lomagne Gersoise,,,26,,,"105,831548299886",1,"37,4","20,3","10,7","5,68","2,38","9,9","35,8","35,3","34,11","21,93","17,6","82,4","1,1","37,9","1,4","0,621471852504014","25,6394913986537","0,295263688276789","3,2","2,09","3,63","117,6","30,3",53,"1,84","3,1",1,"0,01405251124929","0,770487750640507","47,7332933473284","61,1","19,3",137,"12,07","45,86","7,16443805451471","24,86",1,"7,77040204411535","1,3","57,8","-30,0529100529101","100,01","18,05","80,662","2,028","6,99",4,"36,7","15,7","17,1","60,2","55,7","38,63","2,9","-3,71","86,2","11,16","24,74",0,"549,308",53,0,29,"0,774",167,19,"15,82"
32,243200409,CC du Bas Armagnac,,,32,,,"75,5863620629976",1,"39,2","20,2","6,8","4,45","-1,1","11,2","27,2","33,1","31,23","25,38",19,"83,7","0,1","34,1",1,"0,573789304567363","23,5821851970522",0,"3,2","3,01","3,44","106,5","25,3","38,9","1,84","13,9",0,"7,99297925258949","0,685417333791485","50,6651884700665",58,"10,6",135,"23,47","45,86","6,43841444086685","5,74",2,"6,60679668340535","3,1",65,"-48,2142857142857","98,66","10,08","66,81","7,576","11,89",4,37,"16,8","16,5","61,6","54,8","37,53",3,"-3,13","100,4","17,96","22,62",0,"73,171",54,1,"24,9","0,743",164,19,"20,18"
32,243200417,CC de la Tenarèze,,,27,,,"88,031559147276",2,"42,3333333333333","22,1","11,7","7,99","2,01","13,1","35,6","41,3","27,6","15,03","17,6",81,"-0,6","37,4","1,1","0,279193131848957","24,6268656716418","5,69946666666667","3,3","1,84","2,79","99,2","38,9","44,9","1,84","4,8",0,"0,0096242346632518","0,572487798998349","53,9399305319077","59,6","13,9",146,"11,91","45,86","7,32577037553659","10,47",2,"8,9024960462078","3,1","52,2","-12,143928035982","99,99","15,69","75,564","4,875","8,35",4,"38,3","19,3","16,8","59,2","55,1","44,53","3,2","-4,92",99,"10,31","11,35","0,698","170,946",53,1,"26,3","0,555",184,19,"19,11"
32,243200425,CC Coeur d'Astarac en Gascogne,,,29,,,"117,303689320388",1,"43,25","21,7","8,2","5,88","-6,61","13,6","34,2",40,"22,68","26,34","19,4","79,2","-0,8","37,4","1,4","0,38860103626943","23,7088323353293","0,581149425287356","3,2","2,58","5,18","130,2","30,5","37,1","1,84","14,6",0,"5,74652406417112","0,437166248991555","59,9135268684373","64,3","15,9",141,"6,95","45,86","7,27510856252088","6,48",0,"9,3398285268901",-3,"45,8","-28,5266457680251","98,31","34,81","62,423","0,893","14,06",5,"42,2","19,8","18,3",66,75,"48,7",3,"-4,76","112,3","12,32","32,58","1,295","601,606",54,1,"29,6","0,502",193,19,"19,01"
32,243200458,CC du Grand Armagnac,,,28,,,"176,089629352303",1,"39,4",23,"24,2","4,22","-0,36","10,5","34,8","26,1","29,09","24,72","19,8","79,3","-2,9","37,4","0,9","0,297596904992188","21,4950372208437","3,52345415778252",3,"8,8","5,21","140,4","25,4","49,4","1,84","16,9",0,"8,82915182152251","0,475742512004059","54,6424136167726","54,4",13,146,"7,26","45,86","7,05631038647343","1,49",0,"6,52981582125604",2,"61,8","-28,1027104136947",100,"11,84","56,732","9,366","12,38",2,"37,3","20,5","17,5","60,4","61,1","38,24","3,2","-5,51","95,2","15,08","29,96","0,744","642,121",53,0,"22,7","0,455",192,19,"23,17"
32,243200508,CC Bastides et Vallons du Gers,,,27,,,0,0,"42,8","23,4","12,9","5,78","2,04","11,5","28,4","30,4","30,75","29,28","19,8","83,6","4,1","34,1",1,"0,430477830391735","22,017982017982","0,322666666666667","2,2","0,11","2,87","106,2","20,5","11,5","1,84","9,3",0,"1,28050771229637","0,359383046438392","59,1584502152479","70,7","10,6",157,"35,61","45,86","6,84958018640527","2,87",0,"6,43025871766029","-0,5","73,8","-18,429003021148",100,"27,64","67,16","1,492","10,89",2,"40,2","18,1","14,4","68,2","56,8","48,93","3,1","-3,31","88,8","17,47","35,5",0,"51,382",55,0,"22,8","0,72",252,19,"19,87"
32,243200599,CC du Saves,,,25,,,0,1,37,"16,7","8,8","3,85","0,6",8,"29,9","26,1","32,06","20,58","15,4","88,1","-0,8","34,85","1,3","1,31993095745761","27,2959909013364","2,03841463414634","3,9","0,49","3,05",135,"11,3","48,2","1,84","2,4",0,0,"0,652650263305618","53,1988529615347","65,7","16,3",125,"7,38","45,86","5,63995333025184","1,02",0,"6,20018787182966","-2,2",58,"-34,6749226006192","99,57","27,59","81,963","1,227","8,27",2,"33,6","12,1","12,6","60,2","71,8","35,54","2,8","-5,01","67,9","9,13","38,53",0,"478,592",59,0,"29,8","1,162",131,19,"13,02"
32,243200607,CC Artagnan de Fezensac,,,38,,,0,2,44,"24,4","11,1","3,66","0,81",12,39,"31,2","38,51","30,77","19,2","80,8","-1,3","37,4",1,"0,143822810297713","21,4555577649632",0,"2,6","7,32","4,31","93,9","25,8","20,5","1,84","6,2",0,"0,9659549761157","0,266455123875535","50,7972343727953","60,6","17,7",141,"17,08","45,86","6,64309126814471","2,88",0,"5,75017813880576","-0,3","53,5","-25,754060324826",100,"35,96","72,801","1,959","12,2",5,38,"18,9",15,"69,4","67,8","45,45","3,2","-5,77","75,4","12,12","31,16",0,"183,434",58,0,"26,9","0,684",202,19,"15,6"
33,200023794,CC de Blaye,,,29,,,"65,7498399251342",3,"33,3333333333333","20,5","5,1","4,22","20,68","11,3","31,9","28,4","5,39","6,61","18,1","87,3",3,"32,8","1,9","2,39515104115749","28,8110612015722","1,03310104529617","2,9","0,04","2,44","200,5","12,5","42,9","3,94","15,3",0,"43,0573906265225","0,680744401414691","41,2622519722687","69,1","6,8",111,"10,24","48,78","6,08181154257214","2,44",1,"4,22773067331671","-12,7","44,8","-47,1563981042654","22,43","32,99","28,008","21,374","5,86",6,"35,2","15,6","21,3","48,9",66,"29,18",3,"-6,73","76,9","8,5","8,6","0,489","120,488",61,2,"19,9","1,515",109,11,"15,6"
33,200035533,CC du Grand Saint Emilionnais,,,39,,,"123,526564594652",1,"34,25","18,8","7,7","3,23","3,57","13,3",36,"41,3","11,83","6,92","15,5","82,5","3,4","34,7","1,8","6,27093280125419","31,6113161131611","0,317711700064641","3,2","0,22","4,28","212,3","19,7","44,4","3,94","10,6",0,"100,064099869699","0,355495462243257","51,0650107541803","36,1","3,5",110,"11,92","48,78","5,96340485212342","2,14",0,"5,31484671029969","-2,8","53,7","-15,0735294117647","29,15","21,15","60,94","25,067","4,44",5,"30,6","12,3","14,8","52,5","62,6","32,92","3,1","-5,38","116,6","9,05","15,73",0,"106,154",61,0,"24,6","1,332",113,11,"15,1"
33,200043974,CC du Sud Gironde,,,26,,,"44,4329723959128",2,34,"17,5","4,7","6,25","9,5","7,9","25,9","32,8","12,8","14,29","17,4","84,9","0,1",35,"1,5","0,829666876178504","33,5338057843325","4,44540708232445","4,2","2,12","3,02","214,1","20,1","50,4","3,94","73,9",1,"60,7968475721221","0,639726171621106","52,3467480074781","71,7","12,6",111,"11,83","48,78","6,03041986422668","1,01",3,"4,28941115702479","-7,5","45,9","-24,9315068493151","39,15","13,78",13,"10,887","9,2",4,"34,5","13,1","18,3","52,6","66,8","36,61","2,8","-5,44","86,7","12,19","14,84","0,503","306,012",63,1,"23,4","0,574",95,11,"15,36"
33,200043982,CC du Bazadais,,,19,,,"91,8481871196755",1,"35,3333333333333","23,3","6,1","4,7","17,93","9,6","29,6","32,5","19,17","17,4","17,8","86,3","-0,1","37,2","1,3","1,57183275699466","29,2725120640991","5,19719529085873","3,8","1,64","3,14","215,5","16,9","38,4","3,94","73,8",0,"44,0104518146655","0,43657515858103","49,6243334949103","64,5","17,5",126,"12,6","48,78","6,64977053798619","2,51",0,"6,83765903307888","-3,9","56,6","-35,361216730038","98,45","14,49","11,048","1,38","21,67",4,"35,5","15,4","16,9","64,1","56,7","35,71","2,8","-5,5","84,3","11,23","23,84",0,"106,641",59,0,"21,6","0,588",142,11,"15,45"
33,200044394,CC du Réolais en Sud Gironde,,,33,,,"132,794479936532",2,34,"20,8","3,6","3,89","3,01","9,7","30,5",36,"13,24","9,39","17,2","84,5","1,6","36,1","1,2","0,499770938319937","28,7952856090538","1,93209704406023","3,2","0,15","3,33","228,2",19,"32,1","3,94","20,3",0,"5,39808506720678","0,779248148276246","45,8352056865068","70,2","8,6",115,"15,27","48,78","6,88514387519837","1,67",0,"3,9390064975896","-3,2","58,8","-39,8773006134969","79,72","16,73","46,719","8,285","10,1",5,"33,8",19,21,"57,4","51,1","35,82",3,"-5,77","79,4","8,78","17,73",0,"82,52",60,1,"19,6","1,674",114,11,"18,98"
33,200069581,CC Convergence Garonne,,,27,,,"398,358521686011",2,35,"15,4","2,6","3,82","8,61","9,3","26,3","35,9","6,1","5,84","16,1","84,4","-2,3","37,2","1,4","1,40325188371313","31,0609991979997","0,163936897106109",4,0,"3,05","194,8","18,6","49,6","3,94","53,1",0,"3,58842619368935","0,888874041218427","40,6740965484094","60,9","5,4",101,"7,59","48,78","5,51895435593592","1,22",0,"5,07975422427035","-6,5","46,3","-12,2905027932961","13,14","14,3","26,712","21,661","4,46",4,"30,8","10,8","15,2","49,5","64,6","28,61","2,7","-3,24","60,8","6,26","15,59","0,305","428,37",62,1,"22,7","1,206",86,11,"13,33"
33,200069599,CC Rurales de l'Entre-Deux-Mers,,,33,,,"49,4065138721351",1,"34,7142857142857","17,9","6,3","2,59","-1,06","9,7","32,2","29,5","26,09","17,33","15,1","86,7","1,9","35,4","1,2","2,10653024375564","25,0469966878525","4,20186866692986","3,2","0,1","3,01","159,6","17,9","47,8","3,94","18,2",0,"35,1633798408014","0,407767751239382","44,8626893939394","49,5","7,1",109,"16,52","48,78","5,9840045960329","1,81",2,"5,80642235123367","-1,5","87,8","-41,1764705882353",100,"19,5","57,935","14,871","6,5",3,"30,6","15,4",14,"59,7","44,4","31,9","2,9","-6,7","60,4","15,1","24,55",0,"113,636",57,0,"17,5","1,307",108,11,"17,41"
33,200069995,CC Médoc Coeur de Presqu'île,,,23,,,"100,087365985597",3,"29,5","19,1","5,9","4,67","-4,46","11,4","29,2","26,9","11,69","14,14","19,4","86,7","1,7","36,8","1,3","5,43759709994821","28,4500651638751","0,246783625730994","3,5","0,03","2,91","168,3",19,"45,5","3,94","37,5",1,"21,1629221371902","0,407688837278406","46,4539119921092","54,3","7,2",116,"16,57","48,78","7,19930406447158","3,24",0,"5,94607031715553","2,4","53,2","-2,56959314775161","68,26","15,8","33,069","17,944","14,36",6,"33,8",15,"21,1",49,"50,6","25,99","2,7","-8,13","108,9","7,17","11,44",0,"182,952",57,1,"19,5","0,511",106,11,"18,43"
33,200070092,CA du Libournais,,,32,,,"94,778813239026",3,"31,2","14,8","2,7","9,67","8,33","8,2",27,"40,5","4,31","2,74","16,6","82,2","-1,2","33,75","1,4","2,6885463640356","32,7533230346139","1,52339160839161","3,5","0,03","2,89","215,8","18,9","56,1","3,94","25,3",3,"100,033936849471","1,01678343881362","43,375726438137","67,3","10,1",108,"10,33","48,78","6,40898617511521","1,18",2,"5,0727561992539","-7,8","39,7","-37,6126126126126","35,82","18,55","31,691","10,492","16,59",5,"35,8","15,6","20,2","49,4","60,4","26,5",3,"-6,75","91,5","8,96","17,42","0,321","628,422",63,1,21,"1,41",92,11,"15,98"
33,200070720,CC Médoc Atlantique,,,26,,,"144,295087923267",2,30,"18,7",60,"3,57","9,35","3,1","22,5","17,3","18,32","29,84","18,6","82,4","-2,3","34,8","1,4","4,41602487105207","33,077438071859","9,7864948164752","4,2","4,86","3,53","141,2",21,"55,1","3,94","59,2",0,"38,7928314375683","0,493347673859733","73,2021143413548","77,2","8,6",148,"7,99","48,78","6,82584531487711","3,18",1,"7,36695665216739","9,8","39,4","-46,1538461538462","91,82","9,76","11,119","7,429","19,98",4,"38,1","13,5","19,8","59,3","61,2","37,2","3,1","-5,68","73,5",9,"18,14","0,353","218,737",55,0,"27,9","0,184",211,11,"15,81"
33,243300316,Bordeaux Métropole,,,15,,,"46,7551200552232",4,"24,5","9,2","3,6","20,99","7,66","5,5","20,9","51,4","0,99","0,33","13,6",57,"-6,9","32,8","2,2","2,37395968890817","46,8983098213941","5,35888345046854","5,3","0,01","3,15",222,28,86,"3,94","24,5",14,"18,8649370932755","2,36104243059872","43,089119935809","66,9",12,80,"10,26","48,78","4,85376374782326","1,04",35,"3,88687245526701","-3,8","3,2","-12,0658135283364","1,52","27,32",11,"14,019","19,75",6,"46,1","14,4","12,8","37,3",70,"28,7","3,6",-5,"122,2","0,89","7,82","0,486","805,732",,21,24,"1,437",73,11,"17,07"
33,243300563,CA Bassin d'Arcachon Sud (COBAS),,,11,,,"108,090814528013",2,24,"11,5","33,3","13,29","13,5","3,6","23,2","41,2","6,34","1,78","14,2","79,2","-1,3","54,3","2,2","3,41956160934013","48,6106149021476","5,15508454393903","4,3","2,78","3,72","245,7","24,6","73,6","3,94","69,9",5,"54,1920334779913","0,853030377362598","54,0996276259397","78,3","10,2",134,"8,4","48,78","5,40610752560839",1,3,"5,84304872994257","-44,5","3,3","-27,9069767441861","1,99","2,19","0,746","21,637","11,33",4,"41,2","9,9","15,2","42,2","75,4","27,49","3,3","-4,78",100,0,"6,5","0,286","367,877",62,1,"29,6","0,165",191,11,"14,14"
33,243300811,CC de l'Estuaire,,,11,,,"95,9158807996982",2,37,"19,9","5,1","3,67","-4,73",12,29,"16,6","10,77","9,33","18,5","88,6","1,3","32,8","1,6","3,97540219889434","23,6691926279353","1,41294129412941","2,5","0,54","4,35","178,9","17,8","41,7","3,94","13,2",1,"40,6582332761578","0,482902173933409","39,5687859855445","44,4","4,9",118,"11,23","48,78","6,83322920345168","1,24",0,"6,29682449134817","10,5","78,5","-6,70241286863271",100,"20,86","39,211","12,458","16,08",5,"33,4","18,4","20,7","45,6","44,8","24,54","2,9","-9,44","110,1","11,93","14,57","0,621","200,294",56,1,17,"0,845",106,11,"19,46"
33,243301165,CC Jalle-Eau-Bourde,,,19,,,"99,0475178855947",1,18,"6,2","2,2","16,14","11,74","2,7","15,1","54,6","3,18","1,27","10,5","85,7","-0,8","32,8","2,4","2,91066728595758","45,242795104619","3,40403976843695","3,3","0,01","2,79","156,5","27,6","46,3","3,94","69,8",1,"0,844763011752551","2,23012319641496","44,4275274056029","40,4","20,4",109,"4,86","48,78","4,27922356498211",,0,"6,180024151519","-29,3","13,2","-11,1111111111111","20,18","1,27","18,316","14,972","10,76",4,"29,7","5,6","9,7","42,9","75,8","19,41","2,8","-3,54","143,7","1,67","11,67","1,239","1051,462",68,1,"29,2","0,253",104,11,"10,11"
33,243301181,CC Latitude Nord Gironde,,,38,,,"15,5692494853079",2,33,"13,7","1,7","3,59","80,95","7,5","24,6","22,4","8,76","6,16",16,"86,7","-0,4","33,75","1,3","2,49653259361997","26,8148884784771","0,107078367641748","3,2","0,23","2,77","186,3","19,8","39,8","3,94","43,1",0,"87,8694752680083","1,06862121145442","41,1453100739794","74,7",10,95,"15,67","48,78","5,70646885803502","0,46",0,"5,56757416081187","-12,6",55,"-14,527027027027","37,82","16,99","21,874","11,191","18,06",4,"25,7","13,3","19,3","50,1","63,5","19,56","2,6","-9,14","39,9","5,67",25,"0,462","666,271",66,0,19,"0,73",59,11,"13,69"
33,243301215,CC du Créonnais,,,30,,,"89,7312170474517",2,"32,6666666666667","9,6","1,6","6,24","16,38","5,5","19,9","26,9","4,1","2,83","13,3","88,4","0,9","34,9","1,6","3,94239719651755","36,1840480698","3,59303412809724","3,1",0,"2,19","178,8","17,6","49,7","3,94","29,6",0,"44,5862263846278","1,44456032118333","46,096814054693","71,6","8,5",100,"13,94","48,78","4,51532162306023","0,55",0,"3,98079678991115","6,6","57,6","-9,33333333333333","23,6","17,3","31,461","17,935","8,36",3,26,"8,1","10,8","51,9","66,3","25,57","2,5","-1,81","46,6","5,27","19,73","0,548","283,135",63,0,26,"1,728",68,11,"11,29"
33,243301223,CC du Grand Cubzaguais,,,41,,,"89,0597070872045",2,34,"12,1","1,7","6,41","16,82","6,9","25,5","28,3","1,35","1,03","16,2",86,"-1,4","32,8","1,6","3,64691476334984","31,0493614083535","1,13673570019724","3,8","0,12","2,4","197,3","23,8","49,1","3,94","9,8",0,"98,7807596233908","2,11818258707881","48,0380312023953","69,4","13,6",96,"5,41","48,78","5,16778432615464","0,8",1,"4,35604358571108","-17,7","36,8","-2,08333333333333","14,9","19,79","34,686","19,151","9,71",4,"29,9","11,5","16,5","45,2","62,9","20,44","2,6","-6,94","54,5",8,"17,88","1,331","843,095",67,0,"22,4","1,629",69,11,"12,77"
33,243301249,CC Les Rives de la Laurence,,,34,,,"96,4753402248443",1,25,"8,5","1,2","12,05","23,96","4,7","20,1",41,"2,63","0,81","12,9",86,"-2,6","33,75","2,1","2,32050704810723","39,3533323181564","1,48604600219058","4,2",0,"2,42","198,5","28,2","58,7","3,94","7,2",1,"77,3893645242976","3,07417837037786","50,3606960921741","53,7","25,1",103,"5,85","48,78","4,48897345114367","1,73",0,"3,06395813649248","-5,2",18,"-64,9253731343284","12,35","11,94","36,483","12,607","12,97",4,"25,5","8,7","13,3","40,7","72,1","18,84","2,8","-5,46","100,1","4,5","11,67",0,"524,804",68,2,"25,9","1,663",80,11,"11,39"
33,243301264,CC de Montesquieu,,,12,,,"273,895295805409",1,"29,6666666666667","6,9","1,1","8,14","22,98","4,7","19,1","38,2","2,69","5,16","11,4","87,3","-2,9","32,8",2,"1,75564768592944","39,4626261386989","2,19788519637462","2,9","0,24","2,75","139,5","20,9","34,6","3,94","63,3",0,"8,51308394270865","1,53615595668656","41,512629339722","55,4","15,9",97,"7,35","48,78","4,11721638608015","0,42",1,"4,35909481006369","-5,8",36,"-17,0542635658915","16,81","25,93","12,574","18,26","11,52",4,"24,1","5,9","11,2","44,8","75,6","22,46","2,6","-3,78","62,1","4,77","14,77","0,212","480,183",65,0,"34,5","0,815",67,11,"9,87"
33,243301355,CC les Coteaux Bordelais,,,31,,,"60,4636367839475",1,25,"6,3","1,5","11,54",19,"4,9","17,9","43,6","1,61","0,58","9,8","87,5",0,"32,8","2,5","3,53340883352208","43,7772493063813","1,45967741935484","3,8",0,"2,27","190,5","25,9","59,4","3,94","20,6",0,"54,2830133372417","3,11589818906323","43,2446951383293",55,"21,9",105,"12,79","48,78","4,18784426194509","2,72",0,"2,01997608847265","-4,3","27,1","-30,188679245283","13,5","14,23","28,118","10,39","15,55",3,"26,1","7,4","11,3","53,8","81,4","22,92","2,8","-4,21","64,9","4,5","10,5",0,"397,081",66,0,"30,2","2,928",86,11,"9,73"
33,243301371,CC du Pays Foyen,,,45,,,"128,182558841279",3,38,"22,7","5,5","7,97","1,99",14,"29,5","49,1","13,55","9,83","18,5","82,7","-1,4","34,7","1,3","0,120918984280532","28,9022381552175","0,172496263079223","2,9","0,65","3,02","155,7","17,5","15,3","3,94","14,4",0,"93,0485297418631","0,46516464321719","43,1198102016607","64,4","7,7",144,"9,72","48,78","7,64646718146718","2,42",1,"5,63831831831832","-2,6","43,9","-35,8606557377049","56,61","22,78","57,607","16,674","5,77",5,"37,6","23,5","20,8","52,3","56,8","28,6","3,3","-5,73","106,3","9,15","9,85",0,"61,684",58,0,"18,9","1,032",152,11,"24,52"
33,243301389,CC Médullienne,,,13,,,"61,2602013302175",2,"27,6666666666667","8,3","10,8","3,32","24,37",6,"16,6","29,8","10,64","17,33","12,3","89,6","-1,1","34,8","1,4","2,75751645614659","31,5782673299309","5,57523510971787","4,6","1,05","2,67",214,"28,7","47,4","3,94","87,4",0,"4,63965574001787","0,683262607348833","45,7931638913234","60,4","23,1",93,"4,66","48,78","4,84935152473038","3,56",0,"6,95211974711789",-1,53,"-16,3398692810458","22,08","16,4","5,599","11,702","11,81",5,"23,4","8,1","12,7","51,7","74,6","22,37","2,5","-4,81","42,9","8,7",29,"0,89","652,06",60,1,"27,5","0,174",62,11,"10,11"
33,243301397,CC du Fronsadais,,,34,,,0,2,"31,5","11,8","2,7","1,57",-5,"7,1","25,5","34,7","7,22","3,87","13,3","87,9","0,7","34,7","1,7","4,85546522131888","31,8953804347826","0,0504519655244902","2,9","7,38","2,26","176,2","19,1","50,1","3,94","9,6",0,"99,7637070835515","1,04640756928618","38,025979793494","57,4","11,3",105,"4,94","48,78","4,84097973029427","0,56",0,"2,76476780910048","3,7","56,1","-29,2682926829268","34,2","10,77","50,648","16,846","9,66",4,"25,7","9,7","14,1",51,"68,4","23,43","2,7","-6,42","42,5","8,67","12,83",0,"250,916",61,0,"21,8","2,157",84,11,"12,39"
33,243301405,CC du Val de l'Eyre,,,22,,,"72,1654597121643",1,32,"9,9","3,8","7,32","0,78","6,6","20,3","26,5","14,57","18,14","13,6","90,1","-0,4","43,55","1,5","1,56124542778125","31,2955516461422","3,00136215363659","3,1","0,07","1,78","188,1","18,7","21,8","3,94","83,2",0,"99,9182075903064","0,698080002816276","39,0477445425396","52,3","13,5",93,"4,49","48,78","5,09097478496359","2,23",0,"5,74987722227679",-17,"59,5","11,4754098360656","26,24",,"5,753","1,581","10,78",4,"25,5","6,9","11,7","55,8",75,"23,64","2,5","-4,89","56,2","6,4","36,6","0,446","585,057",60,1,"30,3","0,088",60,11,"10,35"
33,243301439,CC des Portes de l'Entre-Deux-Mers,,,20,,,"101,321876827568",1,28,"11,2","2,3","4,48","52,96","6,2","26,9","44,1","2,41","2,93","11,5","85,9",-1,35,"2,4","3,83688765949853","40,8431703204047","2,38540933614825","3,9","0,02","3,57","202,7",24,"58,6","3,94","15,5",1,"6,82721555174385","2,09050477655299","44,281729428173",64,"10,8",104,"12,48","48,78","4,62547267677275","0,89",0,"3,32241742796908","-9,9","44,4","11,6279069767442","10,82","24,73","24,347","19,842","8,82",3,"26,8","7,3",11,"48,3","79,4","30,74",3,"-2,42","58,9","3,09","13,64",0,"431,921",67,0,"30,5","2,795",88,11,"11,24"
33,243301447,CC Médoc Estuaire,,,29,,,"51,91921656555",1,24,"8,9","1,7","4,07","28,13","5,5","21,6","40,2","3,73","8,06","12,2","88,4","-0,8","34,8","1,7","3,36008351275527","36,777923529126","0,377765064836003","3,9",0,"2,28","188,5","16,5","37,5","3,94","32,1",0,"13,9832474925454","1,67646473044019","38,2684261345349","57,7","8,3",99,"6,24","48,78","4,26148290232797","0,98",0,"4,04308405716856","-6,9","33,2","-46,8965517241379","22,78","25,16","31,951","16,988","13,1",5,"23,4","7,2","13,9","42,6",70,"16,96","2,5","-5,19",46,"8,3","28,3","0,326","294,174",62,0,"27,9","0,812",64,11,"10,19"
33,243301454,CC Castillon/Pujols,,,32,,,"106,076401304028",2,"34,5","22,1",6,"4,16","-2,97","12,2","32,9","36,5","12,17","14,56","17,4","84,2","-1,1","34,7","1,5","1,57505118916365","28,6673136018114","0,759020914732245","3,3","0,15","3,68","211,6","19,1","40,4","3,94","12,6",0,"99,916324390457","0,499259144147255","47,6559673334367","54,9","10,2",118,"12,45","48,78","6,85771608407328","3,68",0,"5,67395751376869","-1,5","50,8","-45,6011730205279","40,47",18,"58,733","16,942","6,15",5,"34,9","19,3","19,1","54,1","56,2","30,08","3,2","-7,01","76,6","9,94","19,48",0,"105,96",60,0,"20,9","1,799",121,11,"20,39"
33,243301504,CA du Bassin d'Arcachon Nord (COBAN),,,18,,,"93,4503794431114",2,"30,25","11,5","28,2","7,63","16,26","4,2","22,9","33,1","4,91","3,39","14,8","84,3","-1,2","43,55","1,9","2,5170900788138","39,5413015103487","5,60858866604409","4,3","1,82","2,61","239,6","26,7","68,2","3,94","79,9",6,"76,4509666080843","1,28979340028711","53,9320375226406","76,5","9,3",122,"13,01","48,78","5,30127936132145","1,1",2,"6,88660908705628",-16,"13,4","-37,4301675977654","13,86","3,33","4,875","2,194","12,13",4,"33,3","7,7","14,2","44,3","78,8","24,66","2,8","-5,29",67,"2,38","13,25","0,688","449,434",61,0,31,"0,2",138,11,"11,08"
34,200017341,CC Lodévois et Larzac,,,41,,,"116,485828316309",3,27,"19,2","14,9","7,66","-1,1","10,3","28,7","25,5","20,05","18,93","17,5","80,1","3,4","40,55",1,"4,7220723151646","27,3226265501118","0,0977307890665291","2,2","4,84","2,7","184,1","17,1","45,4","4,07","75,2",0,"68,8732742596235","0,357147529348228","59,5222470140438","79,2","8,7",123,"11,95","72,25","7,01380654316428","5,4",2,"4,24880936181793","-13,9","47,9","-17,0648464163823","41,47","25,37","35,207","1,48","21,87",6,"42,7","24,4","21,3","61,5","56,1","56,93","3,3","-5,85","88,8","13,21","40,96","0,675","1143,195",43,0,"17,1","0,411",128,"12,8","19,19"
34,200022986,CC du Grand Pic Saint-Loup,,,40,,,"623,989838037582",1,"27,6","7,4","4,8","4,56","24,81","4,5",20,30,"8,63","9,59","9,5","85,4",-1,"39,8","2,6","2,51869496456255","44,200077851304","1,97438860003851","3,8","1,17","2,73","188,2",25,"59,9","4,07","69,8",0,"54,4030655592738","0,832819657669181","45,8727855833842","69,7","4,7",114,"7,2","72,25","4,01177792088047","3,71",0,"4,70294027251306","13,4","24,3","-14,1141141141141","8,4","27,83","26,229","7,725","25,12",5,"25,9","7,1","11,3","54,8","60,9","35,22","3,3","-2,91","57,4","9,5","18,92","4,295","4648,748",54,0,"28,9","0,741",95,"12,8","11,48"
34,200042646,CC Grand Orb Communauté de Communes en Languedoc,,,63,,,"180,25400250941",2,29,"25,6","24,9","4,82","6,53","12,8",29,"29,7","15,34","15,83","21,7","79,7","-2,2","38,95","0,9","3,80856928088199","27,799511002445","1,8682769726248",3,"2,96","5,01","233,1","18,9","50,8","4,07","78,3",0,"92,6391252312045","0,225152675230574","55,7923095762919","78,7","11,6",142,"8,51","72,25","7,72175614420285",2,0,"4,67079821517105",1,"31,5","-37,6923076923077","24,67","27,63","16,476","2,774","25,88",6,"44,1","22,1","25,3","55,1","41,4","42,7","3,1","-3,74","103,7","10,91","13,17","4,009","647,073",55,0,"17,5","0,546",191,"12,8","19,88"
34,200042653,CC Sud-Hérault,,,60,,,"366,271408077687",1,"26,5","17,8","16,1","2,42","10,38","10,9",33,"21,1","8,18","11,92","15,9","83,6","2,4","38,1","0,9","2,61309815449943","30,2091713596138","7,03431271830697","2,8",0,"3,27","254,3","21,1","31,8","4,07","34,5",0,"35,7234868986596","0,469585322225673","49,6658647420476","70,7","4,8",129,"19,24","72,25","6,90504668848671","9,8",0,"4,30171832884097",-7,30,"-0,811359026369168","10,81","19,09","32,544","14,424","9,91",6,"34,3","18,8","19,6","56,7","35,6","30,32","3,1","-5,49","62,2",19,"24,47",0,"577,92",53,0,"18,9","0,61",141,"12,8","18,21"
34,200066348,CC du Minervois au Caroux,,,47,,,"115,982794505342",1,"29,6666666666667","21,9","30,4","2,47",0,"12,3","37,5","21,7","23,41","36,77","19,4","77,7","-1,6","37,875","0,9","4,73142220985249","25,751380085872","8,00081168831169","2,3","4,14","2,78","127,4","20,3","12,7","4,07","75,3",0,"87,116827137665","0,138840127182037","63,8902035021297",67,"8,3",145,"15,57","72,25","7,62573362108532","5,57",2,"4,476655957345","-4,8","64,6","-27,2727272727273","27,19","51,47","16,301","12,659","15,69",6,"40,6","26,8","21,6","62,3","40,7","58,03","3,4","-2,64","84,1","16,61","31,25",0,"41,241",56,0,"15,6","0,445",193,"12,8","20,28"
34,200066355,CA Sète Agglopôle Méditerranée,,,36,,,"20,5019632492163",4,17,"11,4","25,9","13,23","10,46","4,3","25,6","35,5","1,79","0,71","15,3","75,9","-2,4","41,7666666666667","1,5","0,761643919927375","39,598181214397","4,55327246480062","4,3","0,02","3,77","269,2","24,8","57,2","4,07","21,3",4,"48,0455860295693","0,729990236192101","49,8017048821626","72,3","14,7",126,"10,13","72,25","6,40720402169774","1,77",4,"4,55814565942573","-39,7","2,3","-5,65635005336179","2,61","22,43","16,815","10,182","13,41",6,"40,3","18,1","19,8","50,4","50,3","27,23","3,2","-5,12","83,6","2,36",13,"0,385","1866,709",46,4,"22,6","0,552",141,"12,8","15,21"
34,200071058,CC Les Avant-Monts,,,56,,,"50,1320564152509",2,"27,6","14,5","16,1","2,81","12,46","8,2","30,6","18,2","6,07","11,27",15,88,"3,5","41,45","1,1","2,50277092495263","32,683408724588","0,254868340477649","2,7","0,62","2,5","220,9","21,2","26,3","4,07","40,4",0,"26,9496110923233","0,712418889192175","47,8531053610926",67,"7,9",123,"11,22","72,25","6,27508816717549","1,07",1,"3,68117170228445","-2,5",46,"-21,7717717717718","7,48","30,42","34,958","17,132","6,84",6,"29,9",16,19,"56,4","50,9","28,39",3,"-4,4","50,6","10,08","14,64","0,358","703,578",56,0,"18,8","0,812",117,"12,8","15,23"
34,243400017,Montpellier Méditerranée Métropole,,,34,,,"11,2186843629686",7,24,"8,4","3,8","16,98","14,68","6,5","21,2","38,4","1,16","0,17","14,1","61,2","-4,9","39,8","2,1","1,44002694243957","45,9865346836795","4,85015798368727","4,5","0,03","2,9","227,8","31,7","90,2","4,07","23,9",13,"17,8780748906706","2,28509658447306","48,225130900061","68,1","8,1",82,"12,33","72,25","5,37848904610004","1,24",33,"3,96454941241259","-9,9","1,1","-22,1859706362153","2,14","33,35","22,156","11,589","17,99",5,"47,2","19,9","15,9","39,2","54,1","35,4","3,9","-5,43","118,3","2,13","8,39","0,019","4557,54",,1,"20,3","1,337",74,"12,8","20,2"
34,243400355,CC du Clermontais,,,37,,,"83,4951581440713",3,"27,25","14,1","7,7","8,43","12,22","9,3","29,2","23,6","4,36","2,63","16,4","86,2","0,5","39,8","1,3","1,45007595635962","30,2930031488499","1,2773897861196","3,5","0,33","2,76","269,8","25,8","68,2","4,07",46,0,"46,0549204876197","0,996389690741836","53,9376885784995",71,"12,7",115,"15,75","72,25","6,60224907034675","3,45",0,"3,53922446202872","11,6","22,3","-8,2687338501292","6,43","27,72","30,943","12,226","14,43",6,"35,2","18,5","19,9","49,4","55,1","31,04","3,1","-5,06","82,4","7,76","20,29","1,036","2852,154",41,1,"22,5","0,731",93,"12,8","15,75"
34,243400470,CA du Pays de l'Or,,,28,,,"38,7326050087003",5,17,"11,9","49,1","6,37","28,55","3,5","44,3","28,1","1,02","0,37","17,1","81,3","-0,5","39,8","2,1","3,81378221988427","45,8810968757024","5,87919038583175",4,0,"3,51","241,5","31,2","74,8","4,07","4,6",0,"42,499018196099","1,44518898853311","69,5661605206074","65,6","12,1",124,"7,07","72,25","5,2451626044948","3,29",1,"3,59204203529887","18,8","5,3","-49,5454545454546","8,22","22,01","47,396","15,381","14,57",4,"43,6","11,8","12,7","46,7","84,3","37,52","3,3","-4,28","110,9","3,38",11,"2,192","7539,262",47,0,"25,4","0,536",153,"12,8","14,16"
34,243400488,CC la Domitienne,,,58,,,"173,895706791828",2,"22,5","12,5","12,5","5,34","33,79","8,1","26,6","24,6","3,04","2,61","14,7","88,5","0,2","38,1","1,2","1,77954211012628","34,41456098429","3,72296483622351","3,4","0,09","3,08",320,"28,7","67,4","4,07","7,8",0,"28,9421305682674","1,14578093357587","47,012568048928",69,"13,2",119,"8,64","72,25","6,18819094841762","3,08",0,"2,87706746945281","-2,1","1,6","20,6422018348624","11,85","12,59","49,608","10,063","15,23",6,"30,5","15,5","19,6","50,6","50,5","23,61","2,9","-4,16","63,5","5,88","11,63",0,"796,088",54,0,"21,3","0,608",105,"12,8","13,71"
34,243400520,CA Lunel Agglo,,,50,,,"90,0915037769644",5,"25,5","9,9",3,"10,83","5,77","6,5","25,5","30,8","1,23","0,3","14,1","84,2","1,4","39,8","1,5","0,712648548700861","35,8248301957014","4,24723412737965","4,1","0,03","2,7","271,2","37,9","69,4","4,07","9,2",0,"19,1980548187445","0,98646276172478","50,9293609573274","68,5","15,6",105,"10,94","72,25","6,26237515208104","2,31",1,"3,72376708259061",11,"20,1","-13,8613861386139","12,62","32,72","46,254","12,12","15,83",4,"31,1","18,6","18,4","47,5","46,7","26,29","3,2","-7,31","68,8","4,93","9,36","0,193","3022,278",53,0,"20,2","1,23",91,"12,8","15,72"
34,243400694,CC Vallée de l'Hérault,,,38,,,"69,4034607938045",3,"24,4","13,5","6,2","4,34","8,75","9,2","26,2","22,3","4,86","5,17","13,1","85,5","-0,2","39,8","1,5","1,62878152770126","31,4047461611932","0,882045297372061","3,7","0,04","1,92","223,9",27,"58,9","4,07","59,7",0,"42,1045648658734","0,78446748484532","47,7187206020696","70,4","9,9",107,"13,97","72,25","5,64670020833936","0,96",1,"3,43604415637027","-18,1","35,1","-11,9354838709677","4,08","31,07","22,469","12,523","9,96",6,"28,4","14,3","16,6","52,6","58,4","33,65",3,"-3,77","47,7","8,43","27,5","1,198","5578,786",55,0,"23,5","0,625",73,"12,8","13,76"
34,243400736,CC des Cévennes Gangeoises et Suménoises,,,39,,,"84,1081060196275",3,27,"20,2","17,6","4,47","-0,35","10,5","29,3","31,6","7,55","7,13","19,4","83,8","-0,1","38,8","0,8","2,35719336842932","28,3711770157553","3,88779402415766","4,7","1,76","3,93","206,3","25,4","31,4","4,07","86,9",0,"70,8753407682776","0,323783164536808","62,6053639846743","77,1",8,129,"19,82","72,25","7,48878567085089","1,57",0,"4,75357251444208","91,3","19,2","26,0416666666667","5,98","20,82","14,238","1,812","28,39",5,"42,1","20,7","20,6","53,2","54,7","51,23","3,2","-3,29",69,"7,15","7,54","7,857","2262,069",59,0,"18,7","0,55",141,"12,8","18,22"
34,243400769,CA de Béziers-Méditerranée,,,60,,,"58,4256390514321",4,"25,4","12,8","13,3","14,53","9,25","11,7","25,4","38,9","1,39","0,57","15,8","80,9","0,2","38,1","1,5","2,96080923711591","35,8643768152545","2,42843879976233",3,0,"3,81","293,2","27,9","75,9","4,07","4,1",3,"5,97539267015707","1,94500795961313","52,5490843095199","72,9","12,8",124,"7,73","72,25","7,02567968186749","0,99",3,"4,53361565281072","-19,1","9,6","-19,683908045977","5,89","16,34","45,491","14,617","7,8",7,"41,3","27,8",26,"48,8",39,"26,69","3,6","-7,01","127,7","5,88","9,12","0,533","1021,584",,3,"17,1","0,901",115,"12,8","17,8"
34,243400819,CA Hérault-Méditerranée,,,42,,,"297,971403791352",4,"23,1428571428571","13,2","49,3","9,06","27,17","4,4","22,5",20,"2,76","0,8","16,9","81,5","-0,2","40,9","1,3","1,63414634146342","35,703029241814","2,91891510953608","3,2","0,05","3,41","272,7","29,7","54,9","4,07",8,1,"18,7467594382167","1,25081853129992","62,4670658682635","76,7","10,4",135,"12,69","72,25","7,18119270993127","4,02",2,"5,46069603004157","8,8","9,7","-12,7634660421546","7,17","10,27","51,434","12,882","8,25",6,"38,9","20,6","23,9","50,3","50,7","29,67","3,3","-5,81","90,5","5,25","9,45","0,244","1165,629",52,0,"20,2","0,841",149,"12,8","16,88"
35,200038990,CC de Saint-Méen Montauban,,,20,,,"82,1352089794713",1,"40,8","13,7","2,8","5,39","4,57","7,8","27,9","29,9","15,9","12,18","16,7","84,4","1,5","31,6","0,8","0,694698354661792","23,8933456455243","0,525569000288102","3,7","0,04","2,56","96,9","10,8","56,4","3,46","5,3",8,0,"0,896552094154824","31,0893774985722","50,5","33,6",105,"13,24","60,61","4,2252743101094","0,73",1,"3,24677925119952",2,"41,3","-11,1791730474732","96,08","4,08","74,658","1,06","7,21",6,"30,3","8,9","11,1","51,4","67,1","23,29","2,4","-4,78","69,3","7,18","32,18","1,463","489,363",60,1,"28,4","0,211",70,"15,7","15,25"
35,200039022,CA Vitré Communauté,,,36,,,"153,415078607422",1,"39,4285714285714","11,7","2,4","9,86","3,99","5,8",23,"39,4",13,"10,01","14,8","82,5","-0,6","28,8","1,3","1,6514778918945","27,1593718191072","3,25173670668954",3,"0,58","2,29","87,5","18,1","44,8","3,46","7,6",5,0,"0,998535408354927","31,1175473297542","42,4","34,5",100,"11,56","60,61","4,15697975169968","1,21",2,"4,20217509114198","-1,3","50,5","-12,5204137180185","94,35","11,38","73,062","0,997","10,12",7,"31,5","7,6","9,7","47,3","72,2","21,17","2,4","-4,87","96,6","8,7","14,54","2,17","6105,067",60,2,"31,4","0,279",68,"15,7","14,49"
35,200043990,CC Vallons de Haute-Bretagne Communauté,,,31,,,"5,26410865569949",1,"37,6","12,9","5,2","5,38","5,8","7,9","28,7","27,6","17,64","11,18","15,2","85,2","1,4","33,4333333333333",1,"0,821018062397373","25,4230539518216","5,54558982683983","2,8",0,"2,22","118,4","16,5","41,9","3,46","11,9",6,"0,886765114525029","1,13853633967323","28,1974911407266",63,"24,1",96,"11,58","60,61","4,06273838567097","0,67",2,"4,18862719168244","-1,6",54,"-37,1165644171779","95,29","7,65","57,116","1,231","10,21",6,"29,6","7,4","10,5","49,2","67,4","24,65","2,4","-3,81","45,2","9,33","30,72","2,663","528,078",60,0,"34,9","0,351",57,"15,7","13,29"
35,200070662,CC Bretagne Porte de Loire Communauté,,,34,,,"71,022963418383",1,39,"13,5","4,1","4,27","3,31","8,5","28,3","29,3","19,44","15,39",16,"85,4","-0,3","31,6","1,1","0,426816255601963","23,491615020051","2,36845493562232","2,7","0,39","2,13","146,2","19,4","30,5","3,46","5,1",1,"0,420096904210617","1,03087165792386","32,078853046595","58,5","27,2",96,"18,64","60,61","4,26204582411431","3,05",0,"3,62468122162095","-0,7","60,6","-21,4697406340058","95,05","12,28","67,028","1,029","11,09",5,"29,8","8,7","10,7","43,1","80,7","24,18","2,4","-4,38","59,9","9,9","28,4","2,439","663,978",60,3,27,"0,246",61,"15,7","13,24"
35,200070670,CC du Pays de Dol et de la Baie du Mont Saint-Michel,,,25,,,"24,8581816653356",2,"34,6666666666667","20,2","12,3","8,87","7,26","7,6","31,5","24,6","16,16","9,83",19,"82,6","1,5","41,6","0,9","0,460116283933576","25,1465798045603","1,79269938650307","2,7","0,01","1,67","132,6","22,2","27,6","3,46","3,7",0,"13,5960831187937","0,753708098220935","37,258978435449","68,8",18,128,"18,56","60,61","5,3680260833136","3,35",0,"4,27880487908538","-2,2","56,5","-2,23577235772358","99,99","6,71","67,692","1,86","9,43",5,"35,9","11,5","14,4","48,1","77,9","24,72","2,6","-4,43","76,4","9,68","31,58","0,837","249,888",56,0,"24,1","0,28",110,"15,7","17,17"
35,200070688,CC Couesnon Marches de Bretagne,,,36,,,"246,257257257257",1,"35,5","18,4","6,5","7,33","5,74","11,4","32,2",27,"23,15","17,16","17,6","86,2","1,5","32,1","0,8","0,59233608238028","22,7288597165003","6,19431034482759","3,1","0,28","2,73","101,6","17,6","49,5","3,46","6,8",2,"0,478316294648437","0,546447950842556","28,9913338693827",51,"32,2",115,"8,27","60,61","5,01946782531889","5,47",1,"5,34929078014184","-0,1","56,9","-10,1326899879373","95,87","11,46","71,786","0,873","10,61",6,"32,5","11,3","10,9","56,1","59,8","20,78","2,5","-4,32","72,7","11,13","23,87","0,911","314,929",56,0,"23,8","0,237",97,"15,7","15,63"
35,200072452,CA Fougères Agglomération,,,36,,,"146,742678794364",1,38,"16,4",3,"15,39","2,49","7,7","27,9","48,9","12,42","7,95","15,8","81,8","-2,3","32,1","1,1","1,86746345107246","27,7535849998613","4,22157662249405","2,1","0,02","3,38","99,8","14,1","62,9","3,46","4,3",2,0,"0,766647790423656","33,4032848297751","56,7","17,2",113,"16,62","60,61","5,30827448769048","1,42",2,"3,55771059477886",-1,"43,6","-35,4679802955665","88,32","10,55","73,437","0,748","12,11",5,"37,2","11,3","15,3","43,1","59,1","23,9","2,5","-4,25","98,2","10,11","11,25","1,779","1838,048",60,4,"28,6","0,254",101,"15,7","15,83"
35,243500139,Rennes Métropole,,,29,,,"8,12715396551945",3,"36,7272727272727","9,5","3,3","21,78","8,64","5,5","17,5","53,8","1,67","0,39","14,8","60,3","-5,7","31,6",2,"1,92205041215428","41,6055893693636","6,34694641221177","4,5",0,"2,45","121,5","31,5","80,5","3,46","2,7",3,"0,0971571647606588","2,53273996135472","32,9388098899211","64,7",11,82,"12,36","60,61","4,32773022268749","1,03",23,"5,82047864685957","-2,3","7,2","-15,6536219816819","28,39","15,11","54,639","1,136","9,77",7,"45,2","13,9","11,4","41,1","73,6","30,31","3,5","-4,85","132,3","4,51","13,4","0,401","1427,135",,6,"28,9","0,428",64,"15,7","19,27"
35,243500550,CC Montfort Communauté,,,20,,,"2,02645502645503",1,41,"9,4","1,8","8,36","7,16","5,5","20,6","38,3","6,44","4,25","13,4","80,9","-0,9","31,6","1,2","0,681250473090606","29,3684996839625","3,02592458303118","3,4",0,"2,27","93,9","19,6","45,6","3,46","7,7",1,0,"1,1904776927236","28,5650772479716","60,8","26,5",99,"18,04","60,61","4,2135335434987","0,38",1,"4,38118466898955","-6,9","18,2","-33,4773218142549","86,63","9,22","62,316","0,756","8,83",7,"28,4","6,2","10,2","43,8","79,9","23,01","2,4","-3,03","61,4","4,38","26,75","0,757","428,661",61,1,"31,2","0,325",65,"15,7","11,85"
35,243500618,CC Brocéliande Communauté,,,20,,,"432,812565831051",2,40,"11,4","5,2","6,06","3,07","7,2","28,5","28,9","17,49","9,31","14,4","83,6","-1,7","32,75","1,3","1,15868752304208","26,9403045850639","2,04399701715138","3,2","1,14","1,58","136,9","22,8","35,3","3,46","35,3",4,"1,96372049356223","0,756078976751045","31,5713326099313","59,2","26,8",99,"18,82","60,61","4,2426719235144","1,05",0,"3,19162900796213","1,5","54,6","-27,75","94,29","11,21","47,509","1,047","11,08",5,"29,7","7,7","9,3","38,5","69,7","30,55","2,4","-3,12","51,3","12,75","28,38","4,74","805,56",61,0,"29,6","0,202",62,"15,7","13,45"
35,243500634,CC Roche aux Fées Communauté,,,34,,,"38,1557785209959",1,"39,25","15,1","2,8","4,79","4,79","7,8","30,7",30,"15,16","8,45","16,4",85,"2,8","30,2","1,1","0,370027752081406","24,6851970057448","0,737076648841355",3,0,"2,59","113,2","16,4","38,4","3,46","4,8",3,0,"0,859784298883059","31,2987342690313","55,4","27,5",106,"14,29","60,61","4,4664927162187","1,11",0,"5,00306145589236","-0,3",40,"-5,21739130434783","96,4","6,27","78,452","1,351","8,82",6,"30,7","8,6","10,7",46,"68,7","21,05","2,4","-4,51",65,"9,69","25,38","4,07","1048,127",59,1,"26,9","0,227",72,"15,7","14,16"
35,243500659,CC Pays de Châteaugiron Communauté,,,36,,,0,1,"39,75","7,7","1,3","7,86","8,05","4,4","20,2","47,8","3,86","0,98","11,5","87,4","0,6","31,6","1,7","0,89330379475452","35,9845360824742","4,11288457089984","3,9",0,"2,5","107,4","26,6","79,8","3,46","1,2",1,"0,0669629175605271","2,03915514470641","27,7292118329953","43,1","35,6",89,"15,39","60,61","3,36327781820142","0,36",0,"3,5294095453688","-5,6","16,9","-39,3103448275862","73,92","19,92","75,463","1,241","9,59",5,"27,6",5,"7,5","45,1","87,3","18,33","2,4","-4,65","81,9","3,6","14,8","3,216","3389,748",64,1,"40,3","0,309",52,"15,7","10,83"
35,243500667,CC Val d'Ille-Aubigné,,,26,,,"22,0652405306472",1,"34,75","8,7",2,"7,75","20,82","5,1","22,7","34,8","8,06","8,94","12,2","84,5","0,1","31,6","1,8","0,975084036847913","32,1691321889091","3,84796610169492","3,3","0,16","2,05","99,8",23,"46,3","3,46","5,9",0,"0,441311891098358","1,11220057431576","31,3987158504343","62,1","12,5",92,"12,65","60,61","3,56557608809324","0,51",0,"3,0651248542689","0,3","41,2","-21,4776632302406","89,23","9,09","69,478","1,054","10,03",6,"26,5",6,"8,7","52,3","76,8","23,22","2,4","-3,2","51,8","10,26","19,68","2,823","833,186",63,0,"34,4","0,347",49,"15,7","11,6"
35,243500725,CC Côte d'Emeraude,,,19,,,"127,837127783876",1,41,"17,2","40,8","13,56","15,6","4,3","26,3","47,2","2,02","0,36",14,"79,1","-2,9","41,6","1,8","1,35421368797528","42,824377457405","2,94028499448906",4,0,"4,17","146,3",27,"76,6","3,46","5,9",0,"8,63055062166963","2,71782227921677","45,9866501190756","71,9","17,6",161,"11,82","60,61","5,07100712686738","0,35",1,"2,83984649824113","-8,1","6,5","-22,4242424242424","30,07","15,08","25,952","1,652","10,97",7,"43,1","9,5","13,9","51,8","86,1","30,63","3,3","-3,69","98,9","4,75","14,88","0,694","539,362",60,2,"40,7","0,479",209,"15,7","16,86"
35,243500733,CC Bretagne Romantique,,,26,,,"18,9151798044523",1,"37,3333333333333","14,5","5,6","7,26","3,82","7,8","28,5","26,3","14,33","9,42","16,2","85,1","-0,2","36,6","1,3","0,602492126523347","24,9648472453023","3,33536021150033","3,6","0,07","2,46","134,7",20,"41,1","3,46","10,4",1,"0,249561620430736","0,703192169247788","31,6364220330817","58,4","11,7",105,"14,88","60,61","4,27043947032495","1,37",1,"4,1332994005203","1,9","63,7","-28,0272108843537","94,59","4,8","61,021","0,974","9,41",5,"30,7","9,3","10,9","54,4","77,6","24,04","2,5","-1,63","62,8",7,"24,28","1,643","819,549",61,0,"26,7","0,264",69,"15,7","14,94"
35,243500741,CA Redon Agglomération,,,44,,,"62,6904558852133",1,"37,625","18,6","6,4","5,55","0,78","10,5","29,5",29,"18,03","12,71","19,2","85,4","1,2","33,1","0,9","10,8460839379628","24,799820062978","3,35068524440384","2,4","0,86","2,68","121,2","20,6",30,"3,46","11,8",5,"8,87575623580488","0,801098244909135","34,2313467313467","62,6",17,118,"18,18","60,61","5,4330425644398","5,81",1,"3,85295002557391","-2,4","53,5","-25,5453905700211","96,73","22,44","61,652","1,028","12,65",6,"36,6",13,"14,8","46,9","68,9","37,45","2,6","-5,01","81,8","11,1",15,"2,086","681,739",59,5,"26,8","0,29",104,"15,7","16,92"
35,243500774,CC Liffré-Cormier Communauté,,,36,,,"1,01139208359032",1,"39,3333333333333","8,7",2,"9,73","25,33","6,1","27,1","31,1","6,72","5,57","13,2","84,3","-1,3","30,8333333333333","1,6","0,991466307850289","30,2214339460389","2,39747375328084","3,5",0,"2,12","99,5","23,9",56,"3,46","27,7",0,"6,54128404209199","1,346703909998","27,8085607424851","63,6","13,7",95,"12,59","60,61","3,94514197490524","1,77",0,"3,75937785910339","-6,4","35,2","-26,525198938992","85,96","13,91","47,281","0,628","15,17",7,"26,4","5,6","8,8","47,5","92,2","21,99","2,3","-3,1","63,6","5,33","19,44","2,479","3326,292",62,0,"36,6","0,18",51,"15,7","14,34"
35,243500782,CA du Pays de Saint Malo Agglomération,,,20,,,"43,7994889959933",1,"35,6666666666667","15,1","23,6","19,03","2,25",5,"22,5","51,6","2,49","1,65","17,3","77,2","-1,9","41,6","1,7","3,46884972942972","40,2882659828455","3,54238943957301","4,6",0,"3,47","173,9","26,1","75,4","3,46","5,8",1,"13,0458749386152","2,07580090125036","44,3005853361454","69,9","15,2",128,"11,13","60,61","4,98750837063556","0,69",4,"3,01130738677704","-3,7","16,6","-39,0070921985816","42,84","16,26","52,582","1,28","11,98",5,"43,2","10,4","13,7","47,1","77,1","26,17",3,"-2,16","113,2","11,5","14,44","0,809","893,455",54,1,"28,1","0,385",147,"15,7","16,26"
36,200007052,CC de la Marche Berrichonne,,,59,,,"36,3573752711497",1,36,"28,8","21,1","5,71","-4,12","17,6","35,5",32,"36,71","53,47","21,3","84,3","7,3","31,6","0,5","0,363372093023256","19,9572535399412","3,7047397047397","1,9","41,14","7,27","96,1","8,9","9,4","3,06","7,5",0,"2,80516079472049","0,241303874975849","47,9341799320336","64,5",11,160,"15,53","56,75","7,18996316294091","1,82",0,"5,54962910632285","-3,2","63,4","-34,1692789968652","97,14","6,55","75,047","0,39","14,08",3,42,"20,5","13,7","59,7","66,9","52,69","2,8","-2,34","79,9","20,67","43,56",0,0,52,0,17,"0,185",268,20,"15,85"
36,200018521,CC du Val de Bouzanne,,,59,,,"180,367654445003",1,35,"21,7","11,5","6,09","-4,97","17,3","34,6","29,5","33,14","44,41","20,3","84,4","0,6","31,6","0,7","0,335064499916234","16,4730978904954","0,0183035714285714",4,"0,57","3,35","94,7","16,5","22,7","3,06","7,6",0,0,"0,34543639194873","42,0292234444262","61,1","9,5",127,"12,77","56,75","6,64475753604194","3,35",0,"6,23603002502085","0,4","55,8","-16,6666666666667","96,24","7,35","74,091","0,605","12,9",4,"38,2","13,8","15,1","64,2","77,7","49,25","2,6","-4,26","55,4","16,75","30,58",0,"320,144",56,0,"21,8","0,386",135,20,"15,14"
36,200035137,CC Marche Occitane - Val d'Anglin,,,60,,,"81,4427609427609",1,37,"28,6","26,6","5,53","-3,14","14,3","38,9","30,3","38,11","57,03","21,4","81,2",6,"31,6","0,6","2,60856222188123","19,3875302930161",0,"1,8","5,97","4,6","74,9","6,4","17,2","3,06","16,9",0,"58,2688209674911","0,308159114438199","46,7501131051124","63,4","19,8",153,"12,76","56,75","7,27921980655654","3,07",0,"6,05122828040743","-8,1","74,9","-7,73809523809524","98,72","11,16","62,138","0,529","18,33",3,"39,8","19,2","14,4","63,4","71,9","46,8","2,9","-6,53","74,6","22,24","34,53",0,0,54,0,"17,4","0,318",254,20,"15,92"
36,200035848,CC du Châtillonnais en Berry,,,58,,,"93,3280028429282",1,37,"27,5","15,4","8,73","-1,6","13,7","35,3","38,1","21,55","28,94","20,9","79,9","-0,1","33,65","0,7","1,24157502660518","20,7077688692286","0,259344012204424","3,4","39,69","5,32","78,2","15,1","6,3","3,06","10,2",0,"2,23273333091884","0,209184484897884","38,3174386920981","67,4","17,9",168,"14,81","56,75","7,43459744722631","1,77",0,"4,98591065292096","2,5","44,6","-42,0634920634921","97,28","2,49","82,449","2,066","10,38",4,"42,9","15,5","14,7","60,3","77,4","40,79","2,8","-7,44",96,"19,4","28,7",0,"25,545",51,0,"16,5","0,378",251,20,"17,71"
36,200040558,CC Écueillé-Valençay,,,57,,,"81,4001281581838",2,34,"27,9","14,3","9,25","-7,18",14,"33,5","32,8","23,33","33,55","21,3","81,8",4,"34,0666666666667","0,6","0,914662032379036","19,1588785046729",0,"1,8","1,02","5,49","70,8","6,2","19,6","3,06","19,4",1,"3,762434603198","0,265138359958155","41,0247223217485","65,2","8,6",162,"30,23","56,75","7,08801676878426","4,57",0,"5,29968397291196","-2,3","48,9","-28,2258064516129","98,95","3,48","60,729","2,651","8,91",3,"42,2","14,7","15,1","59,3","59,5","40,98","2,7","-5,3","91,9","16,61","32,78",0,"137,048",53,0,"14,9","0,41",230,20,"16,75"
36,200068872,CC Éguzon - Argenton - Vallée de la Creuse,,,60,,,"60,5396858099408",2,"32,6666666666667","24,4","16,5","13,34","-1,69","11,7","30,5","44,1","18,52","16,28","20,6","84,6","0,6","31,6","0,8","0,466272925085483","23,962703962704","0,911918850380389","2,5","0,34","4,14","77,2","10,8",38,"3,06","18,7",0,"10,5282309485071","0,648522499287464","39,9556048834628","61,9","27,8",137,"7,32","56,75","7,01385813739084","3,11",0,"5,90360282534682","1,4","56,6","-14,5985401459854","95,5","4,54","55,696","0,762","14,87",5,"42,1","15,5",20,"59,2","72,8","35,23","2,8","-3,22","86,5","10,24","35,86",0,"266,371",57,0,"21,8","0,584",169,20,"14,28"
36,200068880,CC Champagne Boischauts,,,52,,,"95,9033921022786",2,"32,5","20,7","10,3","5,65","-8,42","12,8","35,3","29,4","35,72","41,43","19,2",87,"1,1","35,1333333333333","0,6","0,515942627179858","19,6733056311793","0,0220670391061452","1,4","2,38","2,06",57,"8,8","21,6","3,06","13,3",0,"0,660184137362561","0,236281833399384","32,3853860945249","56,7","6,4",112,"5,74","56,75","5,98260444573166","2,06",0,"8,24845413076533",3,"64,3","-14,5110410094637","98,23","2,66","78,463","2,4","7,36",4,"34,5","10,8","14,3","62,2","76,3","36,12","2,6","-4,19","55,7","20,5","20,1",0,"614,31",59,0,"20,3","0,327",112,20,"13,58"
36,243600202,CC Chabris - Pays de Bazelle,,,58,,,"121,221969819893",2,32,"26,6","13,8","6,11","-6,03","15,3","35,2",37,"26,57","29,84","21,9","85,6","4,5","36,9","0,8","0,646725949878739","22,20885466795",0,"1,9","1,39","3,23","73,3",9,"25,9","3,06","12,1",0,"42,9705976606313","0,287330339689071","36,0660946933588","38,2","43,4",140,"8,51","56,75","6,81015913840219","3,23",0,"5,38402186143707","-6,6","53,8","-3,04878048780488","97,44","6,45","60,562","2,241","9,76",3,"40,1","13,9","22,2","50,5","58,8","31,37","2,6","-6,34","85,4","18,6","22,4",0,"122,339",51,0,"14,8","0,631",189,20,"14,89"
36,243600236,CC du Pays d'Issoudun,,,55,,,"77,9508968728504",1,34,"24,1","4,5","22,46","-0,71","15,4","34,9","50,3","12,22","14,28","20,9","84,1","3,6","33,5333333333333","0,7","3,24848226648205","25,117332901764","0,726046889822469","2,4","0,09","4,79","90,3","1,3","44,8","3,06","13,4",0,"0,405305563517085","0,482981077219846","35,5988741790889","53,6","33,7",124,"6,06","56,75","6,50183635367559","1,6",3,"4,91578363104249","-0,8","28,8","-31,7972350230415","49,72","2,91","76,989","2,569","7,2",5,42,"14,2","17,3","47,8","80,9","31,85","2,7","-1,17","116,1","10,67","10,75",0,"1002,815",54,0,"19,1","0,293",150,20,"15,7"
36,243600293,CC Levroux Boischaut Champagne,,,61,,,"100,022340083574",2,33,"25,3","7,8","9,77","1,08",15,36,"32,3","30,94","32,01","21,5","84,8","0,2","31,6","0,7","0,486854917234664","21,1244794076816",0,"1,9","0,29","3,25","69,7",14,"24,1","3,06","11,7",0,0,"0,294772849431847","34,5655304848776","57,4","10,3",127,"10,77","56,75","6,36312713925419","4,87",0,"5,8031210592686","-2,3","61,6","-49,1071428571429","98,35","3,6","76,001","2,78","7,74",3,"37,9",11,10,"63,7","69,2","41,54","2,5","-2,5","54,9","21,6","24,2",0,"217,635",55,0,"22,8","0,252",124,20,"12,13"
36,243600301,CC Val de l'Indre - Brenne,,,57,,,"50,0412178336326",1,"31,5",23,"6,9","11,76","0,82",12,"32,7","42,4","13,93","15,63","20,4","87,1","0,1","31,6","0,6","1,05724210844283","23,1518170497","0,222820037105751",2,"0,07","3,78","90,8","16,8","17,3","3,06","28,7",1,"39,7240055541942","0,292238401939851","35,9920017773828","53,9","12,2",120,"8,16","56,75","6,98047384246604","2,27",0,"4,91102443332352","-3,2","43,5","-32,2033898305085","97,72","1,57","53,107","2,479","11,95",4,38,"11,3","15,7","49,9","69,9","31,49","2,4","-3,86","67,1","10,5","22,25",0,"97,756",53,0,"20,7","0,233",127,20,"13,29"
36,243600319,CC Brenne - Val de Creuse,,,58,,,"111,801944728762",2,"32,3333333333333","23,1","16,3","10,23","3,25","12,9","27,9","38,5","28,4","24,53","19,2","81,8","2,8","31,6","0,8","0,62624537432394","23,5314443676572","8,69811460807601","2,6","0,98","2,85","80,6","19,6","35,9","3,06","22,2",0,"99,9422235953988","0,214978198554331","41,4148694350502","71,9","11,8",135,"20,19","56,75","7,0444041306168","3,42",4,"6,82662573262629","1,1","63,3","3,16831683168317","96,69","8,14","61,715","0,965","15,77",6,"39,9","15,4","17,4","57,6","72,5","35,7","2,7","-4,09",99,"12,61","18,79",0,"211,232",53,1,19,"0,377",163,20,"16,46"
36,243600327,CA Châteauroux Métropole,,,59,,,"82,4454247194729",2,28,"17,4","2,6","26,46","-0,5","11,1","23,9","58,8","4,67","3,14","15,1","79,9","0,4","31,6","1,2","3,92745914064438","33,6681788723266","2,96824722239087","2,4","0,07","3,03","137,8","29,9","45,1","3,06",23,1,"6,79352472912214","1,35159672196803","36,7365457238554","66,4","17,5",118,"12,12","56,75","6,48296660375585","3,31",4,"3,87320469246793","0,5","17,4","-38,0503144654088","50,2","4,83","55,709","2,264","9,28",5,"42,6","16,8","18,3","42,9",69,"36,48",3,"-2,34","127,2","10,64","10,93",0,"488,264",60,2,"23,9","0,306",113,20,"16,43"
36,243600343,CC Coeur de Brenne,,,55,,,"80,676325391715",1,35,"27,4","24,6","5,73","-6,99","12,9","37,1","30,7","35,15","53,26","22,6",78,"-0,4","33,65","0,4","0,8585533376261","17,281934008494",0,"2,8","1,71","4,29","79,7","14,3","20,2","3,06","21,4",1,"99,9621483483106","0,133051930262877","44,5617740232313",54,17,160,"15,64","56,75","6,89563062653451","2,15",0,"7,01379164014428",-7,"67,9","-51,9031141868512","97,8","5,38","43,248","1,168","20,01",3,"41,5",15,"11,4","60,6","65,5","44,64","2,6","-3,02","71,5","20,82",27,0,"61,246",52,0,18,"0,224",201,20,"15,37"
36,243600350,CC de la Châtre et Sainte-Sévère,,,56,,,"141,750913256145",2,33,"24,7","13,2","12,91","-1,14","15,8","35,6","36,8","26,72","17,83","20,9",83,"1,3","31,6","0,8","0,371885459278542","22,5280598610369","0,753795799618147",2,"0,83","3,72","83,8","23,4","45,8","3,06","7,1",0,0,"0,363041679733786","42,9481346678799","65,7","11,3",141,"10,55","56,75","6,74139285932575","1,86",1,"5,32143512010268","-2,1","56,1","-17,7655677655678","97,97","4,44","72,624","0,96","11,49",4,"41,9","16,2","16,9","58,8","60,8","44,69","2,9","-3,55","91,8","11,77","40,03",0,"90,992",57,0,"20,5","0,407",202,20,"16,34"
37,200043065,CC du Val d'Amboise,,,39,,,"73,7688005414841",2,"30,6666666666667","14,4","7,8","17,85","6,14","7,9","25,9","50,4","9,65","3,77","15,1","81,5","-0,4","32,8","1,5","1,68014281213903","35,434677549267","1,9382010468967","3,7","0,15","2,8","80,4","17,9","45,5","3,74","29,8",1,"4,30049377839226","0,693072573431867","39,6435156730178","59,2","16,4",119,"7,78","47,43","5,20121463201908","1,05",2,"5,06783982761717","3,1","43,1","4,02298850574713","49,34","9,26","47,147","5,557","9,63",4,"34,3","11,2","17,3","44,2","65,8","29,58","2,8","-5,46","95,2","5,64","7,93",0,"966,332",64,1,24,"0,386",104,"11,8","15,64"
37,200043081,"CC Chinon, Vienne et Loire",,,45,,,"79,662486670932",1,"37,25",18,"8,4","16,82","9,11","12,2","30,6",36,"14,27","5,41","17,5","83,4","1,5","33,4","2,1","1,98019801980198","32,035319527379","2,21513409961686","3,7","1,27","3,37","108,9",27,"39,7","3,74","30,4",2,"99,9244599142767","0,568317186439808","42,9714754771188","55,6","7,8",123,"10,01","47,43","5,52555743109427","1,26",1,"4,72230516572111","-2,2","47,8","4,66101694915254","83,41","14,87","44,807","4,399","11,94",4,"37,1","13,2","19,5","49,3","79,4","32,32","2,9","-5,36","143,5","7,95","15,11","0,843","1171,352",59,0,"25,1","0,395",124,"11,8","16,96"
37,200071587,CC Loches Sud Touraine,,,46,,,"81,3730252764613",1,"35,5555555555556","22,4","10,4","10,27","0,9","10,9","34,1","38,4","22,38","22,97","18,8","82,4","0,1","34,25","1,2","1,06253197434182","26,7708364218579","6,31989815109517",3,"1,97","3,74","77,7","10,7","37,9","3,74","20,5",3,"4,93957433242088","0,298715434440443","41,9683561276482","60,8","14,2",129,"17,04","47,43","6,11840242725602","1,77",4,"5,15100547022523","-0,5","61,4","-19,1063174114022","97,4","5,98","62,666","2,332","9,59",4,"37,7",13,"16,7","52,1","67,6","45,87","2,8","-2,34","83,7","16,64","19,07","0,59","770,026",58,0,"19,2","0,289",148,"11,8","15,21"
37,200072650,CC Touraine Vallée de l'Indre,,,48,,,"59,6668641024692",1,"35,7142857142857","11,5","3,8","9,46","11,63","5,9","24,6","37,3","5,83","4,73","12,9","87,5","-0,6","33,1","1,8","1,40894036705641","34,995951417004","1,55192051086542","3,2","0,21","2,74","71,3","20,7","24,4","3,74","28,6",0,"47,187639643333","1,48018852105806","34,405358329293",59,"13,4",104,"9,15","47,43","3,65998120620061","0,55",0,"5,08419999622506","-6,1",35,"-34,5622119815668","60,38","6,33","45,425","2,925",10,4,"26,5","6,3","12,7","42,8","85,6","23,17","2,5","-3,02","55,8","6,09","14,41","0,183","1397,044",62,0,"30,2","0,499",76,"11,8","11,67"
37,200072668,CC Touraine Val de Vienne,,,62,,,"69,3689766317486",1,"36,3333333333333","22,1","10,8","10,05","-0,52","10,2","34,1",39,"23,24","27,96",19,"82,8","-1,2","33,1","0,9","1,49912888456708","23,4763948497854","1,98718735614547",3,"4,77","2,84","80,8","13,9","42,6","3,74","18,4",1,"67,3773815944839","0,758919478967211","38,9563831905995","63,9","15,1",135,"10,65","47,43","5,97375544360003","1,62",0,"5,91141661685595","-0,1","63,8","-34,2995169082126","99,68","7,59","66,013","2,354","7,92",3,36,"13,7","15,5","59,1","73,7","32,74","2,7","-4,51","69,4","15,85","27,85",0,"678,351",57,0,"17,6","0,288",141,"11,8","15,07"
37,200072981,CC Touraine Ouest Val de Loire,,,49,,,"68,7522658610272",2,"33,25","18,9","6,9","11,55","0,84","9,9","34,7","32,5","11,63","14,1","17,2","85,7","1,4","33,1","1,5","1,74257901694508","26,9826309411606","1,33471128608924","3,4","0,22",3,"82,7","16,9","24,7","3,74","41,5",1,"54,8984045696277","0,38062846504601","40,5593165223047",60,"17,3",113,"12,73","47,43","5,45324454914885","2,1",0,"6,20633204169295","-4,3","55,3","-38,0952380952381","98,01","8,64","32,893","3,358",15,4,"31,7","11,8","15,6",51,"78,9","29,32","2,7","-4,35","61,3","13,82","25,79","0,3","585,331",59,0,"24,2","0,202",98,"11,8","15,14"
37,200073161,CC Touraine-Est Vallées,,,42,,,"58,4871473816012",1,24,"10,5","2,4","12,64","10,94","5,3","24,1","47,7","3,42","2,32","11,7",86,"1,4","32,8","1,8","3,01248724551771","39,2948188574917","4,42789480244298","3,2","0,04","2,67","63,8","24,5","43,5","3,74",18,0,"2,87914458565868","1,18057636701045","31,4560045858412","62,4","13,1",110,"10,86","47,43","3,55650735373363","0,73",1,"3,38862344716592","2,8","38,2","-17,9190751445087","39,45","11,59","57,193","7,079","8,64",5,"26,7",7,"10,8","40,7",87,"25,12","2,6","-2,77","59,8","5,6","12,5",0,"1254,419",63,0,"29,2","0,624",87,"11,8","11,32"
37,200073237,CC de Gâtine-Racan,,,46,,,"65,0544306651635",1,"30,6666666666667","13,5","4,4","6,68","6,91","6,9","28,9","27,1","14,8","14,04","14,1","89,3","0,1","32,8","1,8","1,73765817144894","31,73828125","1,59741282339708",3,"0,17","2,23","82,1","14,5","23,3","3,74","22,6",2,"0,837266102028757","0,595241719218955","34,1077823390689","64,5","9,1",101,"19,03","47,43","4,21226805146694","1,78",0,"4,53336420467701","-0,8","83,4",-42,"95,02","3,85","59,023","3,214","8,24",3,"25,8","7,3","10,8","53,8","70,8","31,99","2,5","-3,13","40,7","15,84","17,74",0,"683,029",62,1,"31,5","0,269",67,"11,8","13,41"
37,243700499,CC du Castelrenaudais,,,36,,,"49,8502614580129",2,32,"16,6","3,7","14,34","-2,23","9,9",29,"39,5","19,79","18,52","16,2","86,3","-0,3","32,8","1,2","1,06177003310224","24,8467966573816","0,750159919583295","3,7","1,07","3,75","83,4","19,5","11,9","3,74","24,1",0,0,"0,386389240764756","34,3941248470012",54,"16,3",110,"12,44","47,43","5,67918870722988","0,62",0,"5,59371061633559","0,1","54,2","-31,5789473684211","64,82","1,98","64,727","2,82","6,78",2,"32,6","10,8","14,8","47,6","70,5","30,67","2,6","-3,34",74,"10,31","24,69","0,625","1113,831",61,1,"20,7","0,223",94,"11,8","13,74"
37,243700754,Tours Métropole Val de Loire,,,47,,,"73,1954432457707",3,"31,3333333333333",14,"2,9","24,36","5,28","8,1","21,4","52,8","1,44","0,65","13,9","63,7","-3,9","32,8","2,1","2,417906554433","43,3828403093163","5,1624063746381","4,2","0,33","3,21","94,2","27,6","67,9","3,74","17,6",4,"8,34974053331963","2,00369207695239","36,3181252278916",70,"12,6",100,"12,23","47,43","5,12038096435989","0,67",17,"4,41424428980817","0,9","4,5","-4,74452554744526","10,57","4,15","31,881","4,078","9,79",5,"48,8","16,2","12,9","38,8","72,9","34,33","3,5","-4,24","129,8","4,82","8,77","0,033","1600,415",,7,"23,2","0,946",94,"11,8","19,11"
37,243700820,CC Autour de Chenonceaux Bléré-Val de Cher,,,36,,,"65,7427395486497",1,"38,3333333333333","15,3","5,9","6,55","3,4",8,"28,8","38,8","9,7","6,69","14,9","85,9","1,8","32,8","1,5","0,956806998359759","32,7555643096317","3,28041130440406","3,8","0,14","2,73","73,8","15,9","39,9","3,74","23,8",0,"17,7274219533696","0,84776049233929","36,0130631235181",67,"15,6",112,"14,04","47,43","4,55006759591627","0,46",0,"5,325952170062","1,7",37,"-31,5112540192926","53,72","1,35","55,004","3,772","9,02",4,"28,6","6,9","12,2","47,6","69,7","27,25","2,5","-2,34","48,4","7,53","16,27","0,456","862,077",64,2,"25,8","0,394",100,"11,8","12,16"
38,200018166,CC Le Grésivaudan,,,30,,,"89,3331773696729",2,"30,8",10,"13,8","11,57","6,36","5,7","20,3","46,9","5,73","6,34","10,8","80,8",-1,"23,9","2,5","4,97112291174077","44,5828841819378","4,13846891822268","3,6","1,32",3,"116,4","23,1","44,8","2,65","70,8",5,"23,344041464949","0,726686917588207","40,7110576606879","53,9","9,1",106,"5,89","47,57","3,66000064605018","0,87",4,"3,87528141805205","2,9","21,1","-26,5193370165746","26,85","14,26","15,621","1,448",18,8,"29,3","5,6","10,2","46,5","83,8","27,27",3,"-2,91","82,8",8,"22,67",0,"3230,107",66,3,"33,6","0,31",81,"12,8","12,27"
38,200030658,CC du Trièves,,,28,,,"113,952831108079",1,"32,5","15,7","32,7","5,21","1,67",6,"30,2","27,3","34,56","53,99","14,6","80,5","4,1","23,9","1,5","16,444186496421","33,6515863689777","7,56315513626835","2,3","33,23","1,93",63,"6,6","12,2","2,65","69,9",0,"49,0163349369557","0,170188946023457","65,2317568205419","75,5","12,2",122,"19,36","47,57","5,28391796322489","1,93",1,"3,9780198019802","3,1","60,8","-6,53061224489796","91,34","40,42","22,854","0,139","23,4",7,35,"10,9","10,3","67,4","64,7","59,88","2,8","-3,03","63,8","24,22","30,22",0,"484,282",59,0,"25,1","0,122",116,"12,8","18,48"
38,200040111,CC Coeur de Chartreuse,,,50,,,"214,523147877868",1,"28,5","16,9",18,"9,22","-0,74","6,9","25,1","36,8","13,55","21,8","15,8","84,1",0,"31,05","1,4","9,14651907952228","33,8471078040571","5,05654616511969","3,6","10,61","3,5","117,9","19,7","39,2","2,65","72,7",0,"100,036349335656","0,238843076160228","47,8062678062678","68,9","18,8",108,"13,52","47,57","5,04432435377343","4,08",1,"4,73621215677071","5,1","40,8","-24,375","73,54","10,53","20,623","0,128","24,54",6,"33,4","8,7","10,6","47,7","73,5","34,84","2,6","-3,82","57,7","10,53","17,94",0,"1185,185",59,1,26,"0,197",90,"12,8","15,51"
38,200040657,CC de la Matheysine,,,27,,,"132,32290072307",2,"31,3333333333333","20,9","25,1","15,6","-0,72","7,2","35,9","29,5","19,58","20,94",18,"84,7","-1,3","23,9",1,"10,7837980010521","35,5133079847909","1,98079608938548","3,6","20,55","2,63",122,"18,5",11,"2,65","80,6",0,"36,2861749350903","0,145792392441166","50,3254240762569","72,2","10,6",119,"16,51","47,57","5,82893367912366","2,63",0,"5,328935563882",3,"49,5","-29,3388429752066","87,41","20,01","16,722","0,1","22,92",6,"38,3","12,2","13,5","53,5","73,4","37,51","2,7","-3,47","66,3","14,16","14,44",0,"224,978",58,0,"24,7","0,179",115,"12,8","16,97"
38,200040715,Grenoble-Alpes-Métropole,,,35,,,"78,8772180792368",4,"26,25","11,1","2,9","20,87","7,57","9,4","21,4","48,6","1,31","0,9","12,4",54,-5,"23,9",2,"1,9287711703214","46,0193350374583","6,06928361798565","4,1","0,15","3,23","162,1","29,2","59,9","2,65","54,7",10,"40,4699170506913","0,99410289208258","40,0100123837378","62,4",8,90,"10,72","47,57","4,77448492746253","1,78",33,"2,65022967737296","-12,4","5,7","-1,92307692307692","3,92","18,78","12,581","0,617","20,81",8,"44,3",15,"11,3","42,2","69,7","28,82","3,5","-5,35","118,1","3,94","11,22","0,067","1511,694",,17,"24,8","0,374",78,"12,8","19,38"
38,200059392,CC Bièvre Isère,,,57,,,"93,8596232919756",1,"33,875","15,1","3,9","8,04","4,77","7,9","25,5","35,6","9,43","8,4","15,1",88,"0,5",32,"1,2","5,91621077391878","31,9727891156463","0,177740668438507","2,7","0,28","2,49","142,1",19,33,"2,65",29,1,"3,08460545193687","0,799648860822207","43,5842094269999","63,9","17,1",111,"12,82","47,57","4,57125170018301","0,36",0,"4,58599075309296",-1,"55,5","-27,1067415730337","98,49","4,89","52,378","1,345","12,09",7,30,10,"13,6","45,8","80,5","29,55","2,7","-6,31","60,9","7,74","27,12",0,"1081,424",60,0,"25,5","0,71",82,"12,8","14,25"
38,200068542,CC Les Balcons du Dauphiné,,,38,,,"87,1015108834827",1,"30,6666666666667","13,4","4,1","5,87","4,39","6,8",27,"30,1","9,33","5,13","14,1","90,4","1,3","29,5","1,6","4,96791817546535","34,1596458127067","1,88006451612903","2,3","1,06","1,91","126,1","19,2","34,9","2,65",24,6,"22,2506814626042","1,01517851081788","38,9988069198648","60,3","21,1",102,"4,76","47,57","4,403693353418","0,64",2,"3,48414417706321","0,8","47,1","-5,51724137931035","73,24","12,83","46,331","0,956","13,47",8,"27,7","7,1","12,2","43,3",78,"26,36","2,6","-6,08","51,8","5,77","20,02","0,889","2050,606",63,0,"22,5","0,654",71,"12,8","12,24"
38,200068567,CC Les Vals du Dauphiné,,,44,,,"41,3854951098335",2,"35,5","14,8","3,3","11,91","1,64","7,4","24,7","40,1","6,23","4,32","15,6","85,4","0,8","33,3","1,4","5,9729742308826","34,0209561231172","0,336511397925806",3,"0,4","2,33","155,8","24,4","39,3","2,65","15,6",2,"0,384511803804722","1,59632309525104","40,9262902981686","59,5","18,7",105,"13,88","47,57","4,8381132225491","1,24",1,"3,46341734912936",-2,"26,4","13,38199513382","69,44","4,39","55,996","0,728","12,53",5,"30,3","10,3","13,5","40,9","59,8","27,29","2,7","-6,45","66,6","7,11","13,81","0,155","988,194",60,0,"25,7","1,096",76,"12,8","13,76"
38,200070431,CC Saint-Marcellin Vercors Isère Communauté,,,50,,,"92,6572984798089",1,"31,5","16,9","4,9","9,3","5,42","8,3","27,7","30,4","15,01","8,25","15,6","80,9",-1,"31,9","1,2","10,7218966435802","32,7311545409755","2,85107926718665","2,4","1,41","2,22","154,3","19,1","42,1","2,65","43,4",1,"43,2086768187237","0,51060977944298","41,9798548684068","59,8","19,7",114,"10,8","47,57","5,02242779783394","3,11",4,"4,69526173285199","-1,5",58,"-10,958904109589","81,41","11,48","38,398","1,55","13,14",8,33,"10,9","13,4","47,1","75,4","29,88","2,8","-4,71",72,9,"30,43",0,"488,249",62,0,"23,9","0,376",103,"12,8","15,21"
38,200077014,CA Vienne Condrieu,,,60,,,"73,5856776400171",3,"27,4","12,2","1,5","18,98","1,76","7,5","23,6","51,6","8,01","3,62","13,3",80,"-1,4","27,6","2,1","5,69235958846349","40,9455259283494","1,506798624948",3,"0,1","2,64","153,9",23,66,"2,65","27,1",3,"30,4303788403237","1,18391751543429","46,3037843442198","64,2","14,8",103,"10,87","47,57","4,83824371161667","0,95",3,"3,71227918714305","-0,9","28,5","-5,80524344569288","49,44","18,07","43,82","2,245","12,81",9,"34,6","12,3","13,6","42,3","67,3","26,42","3,2","-6,91","82,9","6,57","9,37","0,738","5252,773",67,7,"27,2","1,11",80,"12,8","12,79"
38,200085751,CC Entre Bièvre et Rhône,,,53,,,"71,6461505221462",2,"31,6666666666667","15,1","2,2","12,04","8,49","8,9","25,1","37,5","6,64","5,12","16,4","86,1","0,7","30,8","1,5","4,55922707523439","33,0782608695652","0,957087182137243","2,4","0,47","2,14","153,5","23,3","49,6","2,65","20,8",15,"1,58385229152476","1,23457767951714","44,3257676902537","60,6","18,3",109,"7,88","47,57","5,54649541157133","0,57",0,"3,93558543977871","2,6","27,5","-2,0746887966805","53,82","10,52","49,979","4,181","11,33",7,"29,6",13,"15,6","38,5","70,3","23,88","2,9","-10,17","77,6","7,46","12,57","0,143","1795,095",65,20,"20,8","1,259",82,"12,8","14,89"
38,243800604,CA Porte de l'Isère (CAPI),,,47,,,"82,9423628265926",4,"25,6666666666667","9,8","1,4","29,38","0,23","5,9","20,8","41,8","3,28","1,15","14,1","80,2",0,"33,3",2,"3,5352175863616","39,0826844968401","3,48919817199834","4,3",0,"2,42","151,5","31,7","59,8","2,65","15,8",1,"3,09175638759441","2,42664181508112","42,4490875429781","54,7","23,4",95,"8,79","47,57","5,19167089069025","1,26",4,"3,83048827051844","-2,3","12,2","16,6666666666667","29,63","9,83","47,048","1,194","9,81",6,"33,4","14,9","16,5","36,5","54,6","23,24","3,1","-8,01","114,4","5,95","9,14","0,449","4114,608",62,7,"23,8","0,897",54,"12,8","15,8"
38,243800745,CC de l'Oisans,,,27,,,"416,267845134019",3,"26,5",17,"75,7","11,62","12,89",3,"21,2","26,4","22,56","45,39","17,8",61,"-2,9","23,9","1,6","11,7970900511207","37,5018653932249","16,5656807887024",5,36,"5,9","141,3","12,6","34,6","2,65","95,4",1,"57,9885275183716","0,082802280114227","121,045524691358","86,7","26,7",94,"3,79","47,57","5,07400160814795","1,97",2,"5,51003752345216","5,6",49,"27,9069767441861","69,52",,"2,943","0,037","25,12",7,"40,7","14,1","9,8","61,9","103,3","47,38","3,1","-4,14","113,5","44,16","54,05",0,"392,554",58,0,"33,1","0,074",105,"12,8","37,2"
38,243800935,CC Lyon-Saint-Exupéry en Dauphiné,,,68,,,"83,4045300878972",3,26,"8,9","2,4","12,98","1,05","4,8","21,2","46,9","0,37","0,24","12,7","87,2","0,5","24,4","1,6","1,63638792412503","34,761610602572","1,38672168042011","2,4",0,2,125,"14,2","35,5","2,65","13,5",0,"4,12512124151309","3,50940399254343","33,7335053080663","54,2",18,100,"12,37","47,57","4,60264829556237",,0,"2,17919317625673","-7,4","17,2","9,09090909090909","27,81",,"53,819","1,899","7,15",6,"24,1","10,2","13,9","41,5","55,7","16,4","2,8","-8,14","52,8","3,83","27,67","0,334","3690,512",65,0,"20,6","0,823",52,"12,8","12,59"
38,243800984,CA du Pays Voironnais,,,48,,,"82,2791923841406",2,"33,1666666666667","11,3",3,"15,35","9,04","8,4","23,5","47,7","4,06","4,27",13,"76,2","-1,6","27,9","1,9","4,75757074300844","41,4296372283876","2,73182249439365","3,5","0,02","2,9",164,"25,4","54,2","2,65","31,5",2,"26,6300655343052","1,36336928234691","43,5343307641932",62,"15,6",109,"11,47","47,57","4,70671777614233","0,83",3,"4,56427823261581","-0,6","25,8","-9,06735751295337","39,11","9,56","38,371","0,69",15,7,"33,8","9,5",13,"42,1","82,4","25,1",3,"-4,9","84,1","4,58","8,84","0,207","2408,644",66,3,"29,8","0,544",90,"12,8","13,36"
38,243801024,CC du Massif du Vercors,,,38,,,"136,928887774714",3,24,"13,3","56,4","6,89","3,87","2,7","19,7","26,9","14,37","28,2","12,8",74,"-4,1","23,9","2,5","10,5859798282904","43,8115157480315","1,84019607843137","5,6","3,15","3,33","197,9","35,6","57,2","2,65","74,2",0,"99,968122185236","0,399063373318766","64,3326390001602","82,5","17,1",115,"20,18","47,57","4,55155444791755","8,34",1,"3,98901748753907","8,5","28,1",-26,"73,11","39,74","17,926","0,027","27,85",6,"35,8","8,5","7,9","58,7",84,"44,84",3,"-3,06","70,5","9,17","29,17",0,"1842,653",56,0,"41,6","0,133",97,"12,8","18,55"
38,243801073,CC de Bièvre Est,,,49,,,"82,6908535254311",1,"35,6666666666667",14,"3,5","9,53","2,55",6,"26,8","35,3","4,72","5,48","13,7","84,4","-1,7","31,9","1,4","4,34178534213269","36,4332742466447","0,361941402781888","3,1","0,37","2,17","153,9","22,2","32,4","2,65",26,0,"5,10440267765191","1,1579045997912","39,3828318131447","54,5","18,9",104,"6,55","47,57","4,76706532831022","0,43",1,"3,30212498315288","-4,5","50,4","-47,887323943662","71,4","3,53","52,296","1,065","11,98",6,"26,6","8,2","11,6","45,9","76,9","24,44","2,6","-5,88","58,3","8,07",18,0,"545,989",65,0,"25,4","0,591",72,"12,8","13,18"
38,243801255,CC Collines Isère Nord Communauté,,,70,,,"49,5535459305093",1,"29,5","10,4","1,6","5,99","4,12","5,3","23,2","35,9","2,72","3,91","12,4","90,7","0,2","24,4",2,"5,06776664702416","38,8134261338123","0,596049125246206","2,7",0,"2,36","110,4","19,1","31,3","2,65",16,0,"0,008389873787116","1,70734139171497","40,7241565660465","57,2","26,8",97,"4,03","47,57","3,75276082492118","0,39",0,"2,62186677465074",-5,"29,7","-21,4285714285714","54,59","8,73","48,378","1,271","10,44",5,"24,7","5,2","9,9",38,"84,8","26,71","2,6","-3,42","51,6","6,3","16,3",0,"966,957",64,2,"27,4","0,92",71,"12,8","10,5"
39,200010650,CA du Grand Dole,,,62,,,"72,7686684454841",2,"37,6","17,7","2,1","15,65","0,7",8,"23,4","58,4","3,57","1,33","17,3","81,1","-0,5","30,5","1,4","3,91246320639158","35,5966106403667","2,02257296361167","4,3","0,12","3,11","122,3","24,1","58,7","2,52","35,1",11,"22,9661965892054","0,732785428564094","42,3102872767302","62,4","22,7",118,"7,82","55,46","5,92878603488661","2,01",2,"4,75645323806907","-6,6","30,9","-2,60869565217391","57,36","10,26","43,274","1,758","11,73",5,"39,9","13,7","15,9","43,4","77,4","41,46","2,9","-5,22","110,2","9,04","10,64","0,731","326,87",61,5,"26,4","1,149",106,"12,9","16,17"
39,200026573,CC Haut-Jura Saint-Claude,,,62,,,"48,2366758381739",2,28,"18,6","10,4","24,07","-0,9","15,8","25,3","60,3","14,43","15,42","17,2","81,4","1,2","26,5","1,2","1,38953219082909","35,9717868338558","0,241884001557026","3,1","6,25","3,09","79,2","13,6","41,5","2,52","74,6",1,"99,993180578287","0,172634028951774","48,3879030242439","54,6","32,6",112,"10,4","55,46","6,18353845611313","8,23",1,"5,47682053813873","13,7","32,5","60,8695652173913","66,92","62,88","18,094","0,02","19,79",5,"38,4",14,"17,3","51,1","63,5","30,98","3,1","-6,84",96,"11,86","11,86","0,515","225,444",58,0,"23,2","0,269",118,"12,9","17,56"
39,200069615,CC Bresse Haute Seille,,,62,,,"192,216079087771",1,"37,25","19,4","10,1","3,71","0,62",8,"27,3","37,5","15,24","15,43","16,7","89,6","1,3","29,85",1,"1,14888505927203","30,1317435784206","2,47599329586907","3,5","6,71","3,66","85,2","14,9","29,1","2,52",35,0,"15,351179282688","0,453150545436815","40,403525755337","56,6","28,2",121,"20,75","55,46","4,68854812643289","3,66",0,"6,19589581689029","4,2","60,7","54,8387096774194","96,8","12,87","44,989","1,473","16,02",5,"34,4","9,3",10,"60,4","83,1","35,41","2,6","-3,68","60,6","15,67","18,44",0,"293,983",57,1,"22,4","1,082",122,"12,9","13,78"
39,200069623,CC Champagnole Nozeroy Jura,,,62,,,"124,176444833625",1,"39,25","20,1","10,8","11,08","2,29","8,9","28,3","47,3","17,27","13,92","18,6","84,3",3,"27,6333333333333","1,3","0,653993721660272","31,1753931661719","2,21076796674883","2,8","0,05","3,05","87,3","16,2","53,4","2,52","49,5",0,"19,7808260716908","0,397028639447934","42,7414957426283",61,"17,9",118,"13,3","55,46","5,67223573444904","3,05",1,"6,78832921665491","7,2","45,5","-19,0944881889764","75,57","7,55","44,124","0,118","16,83",3,"39,5","10,9","12,2",56,88,"36,23",3,"-5,18","77,9","12,42","35,36","2,18","186,653",59,0,"26,3","0,364",124,"12,9",13
39,200071116,CA ECLA  (Espace Communautaire Lons Agglomération),,,62,,,"30,4326241134752",2,33,"18,5","5,2","18,74","-1,44","9,3","21,1","60,7","4,41","0,73","15,5","76,7","-0,2","29,2",2,"2,33849751534639","40,6382794206921","4,64237759947601","3,6","0,01","4,09","85,2","21,7","72,4","2,52","34,1",0,"3,62554485554992","1,11104773516834","51,6227886892325","71,2","16,6",119,"16,14","55,46","5,69885689299769","3,22",4,"4,4085993295438","-5,6","22,3","-19,7183098591549","56,85","21,99","34,588","0,679","15,38",6,"46,4","14,3","16,1","48,6","60,5","40,63","3,1","-2,99","153,2","6,91","6,91","0,877","579,189",59,1,"29,6","1,369",125,"12,9","19,37"
39,200071595,"CC Arbois, Poligny, Salins, Coeur du Jura",,,62,,,"35,5735915656495",1,38,"23,7","8,7","6,33","-0,31","11,5","29,9","45,6","17,15","7,35","20,6","79,2","-1,3","29,85","1,2","1,16664333379999","30,3152961227098","0,76578073089701","3,7","0,12","3,27","99,2","13,7","50,7","2,52",46,0,"5,90594511941762","0,410118559988102","45,5275127084634","58,3","18,7",126,"19,17","55,46","5,67366613235631","4,67",0,"7,2839935882757","-0,3","49,3","-16,1921708185053","94,81","12,63","42,637","1,606","14,89",6,"41,7","11,6","11,3","64,7","81,7","40,23","2,8","-3,63","107,2","9,25","33,42","1,4","348,702",57,0,"23,8","0,681",134,"12,9","18,6"
39,200072056,CC Porte du Jura,,,62,,,"132,067951029705",1,"34,5","24,2","10,9","4,67",0,"9,6","28,8","41,7","15,43","18,62","21,7",86,"3,7","29,2","1,2","2,18631178707224","29,5937277263008","0,192087758198156","1,4","0,75","2,85","64,3","15,6","32,8","2,52","39,4",1,"0,0789019833285426","0,279315723114107","38,0908248378128","47,4","36,5",124,"3,45","55,46","5,98549096568992","3,8",0,"6,31226906679299","1,6","53,7","-10,5","91,8","11,83","47,074","0,788","15,3",4,"38,2","12,4","13,6","59,1","57,4","30,89","2,7","-5,68","78,5","22,43","23,95",0,"106,58",57,2,"17,8","0,899",125,"12,9","16,24"
39,200090579,CC Terre d'Émeraude Communauté,,,62,,,"135,868374739082",1,"34,875",20,"19,4","5,55","1,31","9,1","29,1",35,"32,52","37,19","17,6","87,2","0,1","27,85","1,1","1,15250051450916","29,2057868320047","0,733688776432315","2,9","6,61","3,29","68,8","19,7","33,8","2,52","56,5",0,"55,1974215224349","0,19181280585875","45,2627388535032","45,6","31,6",115,"10,34","55,46","5,47840079092853","3,29",0,"7,05201565715669","2,9","61,6","-17,2727272727273","85,57","19,92","32,834","0,196","17,68",5,"36,3","10,5","12,4","64,8",71,"35,77","2,6","-4,33","68,3","22,77","23,55","2,47","191,083",56,0,"22,5","0,436",120,"12,9","14,89"
39,243900354,CC de la Station des Rousses-Haut Jura,,,62,,,"103,398779811425",3,30,"12,8","47,7","8,17","1,49","5,3","24,5","41,2","12,26","19,57","17,4","87,4","0,6","26,5","1,5","2,46575342465753","44,0405452638937","0,367921640648913","2,8","1,66","4,11","84,3","28,5","38,6","2,52","67,4",0,"100,15302815475","0,495649117199636","49,5525577667958",79,"16,9",75,"8,03","55,46","4,61944583877121","1,37",0,"5,40632466619817","22,4","59,7",-25,"66,83","22,99","18,246","0,027","20,8",2,"37,7","5,5",10,"49,8",86,"31,51","3,7","-5,05","44,5","13,25","28,5","2,74","1632,162",58,0,38,"0,122",58,"12,9","14,16"
39,243900420,CC du Val d'Amour,,,62,,,"205,60160987981",1,"36,5","21,3","7,4","3,88","-0,63","8,2","29,9",34,"14,7","17,22","18,8","86,5","0,6","29,85","1,1","2,20896841175171","27,5862068965517","2,89517908674249","4,3","0,01","2,21","132,2","16,3",41,"2,52","57,1",0,"35,6123433332115","0,323610398683881","41,6710512469746","69,4","14,5",122,"21,19","55,46","5,7397211775998","6,63",0,"7,52538825861879","1,4","95,1","16,9117647058824","96,55","11,67","35,376","1,853","12,32",3,"35,9","10,4","11,5",64,"95,9","39,21","2,6","1,78","58,8","15,13","23,17",0,"15,784",57,0,"24,2","0,773",107,"12,9","15,77"
39,243900479,CC Haut-Jura Arcade Communauté,,,62,,,"85,4635943686758",3,"30,5",21,"12,1","19,84","4,98","15,4",23,"56,6","16,76","12,3","23,3","88,2","4,7","26,5","1,2","0,989337144113444","34,2408037595203","1,69932432432432","2,4","1,1","4,4","65,7","37,7","73,7","2,52","75,4",0,"99,8658075833221","0,243067715119829","37,9252060004226","52,5","21,2",96,"8,2","55,46","6,46192119288949","6,6",0,"5,27765796851413","-4,5",43,"81,25","66,98",,"12,087","0,001","20,65",3,"40,9","11,2","12,4","27,7","69,9","25,17","3,7","-7,12","70,4","6,25","25,25","2,199","364,462",61,0,"25,2","0,148",76,"12,9","17,82"
39,243900560,CC Jura Nord,,,62,,,"56,7435288126963",1,"39,5","18,2","4,7","4,22","-3,64","8,6","25,5","36,9","12,69","17,52","17,3","90,1","3,2","30,65","0,9","0,169434090138936","27,092268104399","1,42412764003673","4,2","0,27","3,39","92,6","20,2","19,8","2,52","46,9",0,"31,0749137506161","0,530898028677366","33,8530809638956","66,5","23,5",102,"2,98","55,46","5,31283789582082","1,69",0,"7,33347635801939","0,9","88,4","-28,5714285714286","96,78","17,61","42,622","1,101","11,39",5,"30,2","8,5","11,4","52,8",74,"41,09","2,5","-4,69","34,1","12,88","22,63","3,389","468,607",63,0,20,"1,064",77,"12,9","13,17"
39,243900610,CC la Grandvallière,,,62,,,"147,520902700703",1,"38,5","17,8","18,1","6,04","4,32","7,4","24,9","46,4","27,14","25,52",18,"86,5","1,9","26,5","1,1","0,924898261191269","32,3214285714286","0,1625",2,"0,37","1,85","46,7","29,3","69,9","2,52","62,8",0,"100,001471713663","0,364985984491805","48,2857655717106","71,6","12,3",102,"11,47","55,46","5,60907282132909",,0,"8,82098421541319","17,5","50,4","-18,1102362204724",67,"0,93","39,915","0,002","22,08",2,"32,7","7,8","13,9","48,2",72,"27,75","3,1","-4,38","50,5","15,5","30,38","1,85","265,661",60,0,"25,6","0,229",94,"12,9","13,73"
39,243901089,CC de la Plaine Jurassienne,,,62,,,"103,888729598588",1,"36,6666666666667","20,5","6,1","1,84",0,"8,3","27,1","34,5","18,55","18,81","18,2","87,3","0,9","30,5","0,6","1,54235981051008","23,4939759036145","1,96208530805687","2,5",0,"3,31","126,4","17,8","27,9","2,52","23,3",0,"18,4042714760323","0,300475271093481","34,0577359714564","73,6","8,2",125,"10,93","55,46","5,46038317277014","1,1",0,"7,81348730798562","3,1","65,9","-54,4871794871795","99,02","2,64","66,536","2,01",11,4,"33,3","11,4","16,2","56,1","72,4","37,9","2,6","-6,51","37,3","17,95",21,0,"64,872",58,1,"19,6","0,867",122,"12,9","14,5"
40,200030435,CC d'Aire-sur-l'Adour,,,18,,,"4,23385093167702",2,44,"18,9","10,3","6,49","-0,98","9,2","22,9","41,8","25,22","15,61","18,4","88,2","4,7","33,75","1,3","0,69648661197957","28,6238136324418","0,633017975402081","2,5","0,17","3,1","143,4","24,8","58,7","2,05","21,5",1,"3,02917824533545","0,690116522349772","48,6203334808913","66,6","17,3",132,"18,87","65,5","6,54252614597241","1,55",0,"7,28411214953271","-0,8","45,9","-12,7139364303179",100,"3,28","60,704","3,303","8,72",6,"38,3",14,"17,9","62,2","65,9","32,81","2,9","-2,76","111,3","9,18","10,91","0,774","238,306",59,0,"29,5","0,467",157,11,"17,55"
40,200035541,CC des Landes d'Armagnac,,,15,,,"109,08720282318",1,"39,75","22,4","11,9","1,51",0,"10,7","33,5","22,4","33,15","45,23","17,3","84,5","-0,1","35,2","0,6","0,837754817090198","24,7487273201932","0,849859681945744","1,8","11,84","3,72",128,"3,4","32,4","2,05","76,4",1,"19,0343031357256","0,525181293799977","41,3141314131413","49,4","42,6",136,"4,75","65,5","6,42034365578886","5,59",1,"6,28822658274713","-3,4","59,8","-41,5816326530612","96,3","6,14","15,154","3,302","10,14",5,"35,3","15,2","15,2","59,2","61,4","35,84","2,7","-4,57","87,5","28,26","34,33",0,"66,607",57,0,"21,1","0,157",171,11,"17,99"
40,200069417,CC Pays d'Orthe et Arrigans,,,14,,,"174,763470206343",1,39,"16,4","5,9","3,17","1,22","8,6","24,8","23,2","17,49","16,32",15,"90,1","1,1","42,3","1,1","0,0410458482124533","29,484943611208","0,189139941690962","3,6","0,25","3,28","154,5","28,5","41,9","2,05","24,5",0,"6,00194070631496","1,35679077859282","42,6619797075977","57,4","23,3",116,"8,91","65,5","5,72861830244465","2,87",0,"5,06839979808178","-2,4","57,9","-35,3146853146853","85,17","2,5","49,729","1,631","9,02",4,"29,8",12,"15,9","58,2","63,8","31,32","2,7","-6,13","62,6","9,88","21,5",0,"749,381",60,0,"27,3","0,633",112,11,"17,52"
40,200069631,CC Terres de Chalosse,,,16,,,"14,5014285714286",1,"40,2","15,5","6,5","1,72","-0,75","7,8","23,4","20,3","24,71","17,08",14,"88,1","1,1","39,5","0,8","0,27358284088422","27,8282284131138","4,97707197895132",3,"0,2","2,19",119,20,"39,3","2,05","18,9",0,"5,30191514531445","1,09014308371943","37,6684959241302","60,4","20,3",120,"8,83","65,5","5,57443316599548","1,64",1,"4,93374524190434","-2,8","68,3","-1,7921146953405","80,18","1,34","60,873","1,786","8,2",4,"27,4","11,2","15,2","62,6","68,6","32,94","2,6","-5,02","48,8","13,88","23,5",0,"173,691",58,0,"26,8","0,726",114,11,"17,15"
40,200069649,CC Chalosse Tursan,,,17,,,"245,441142638037",1,"43,1428571428572","17,8","5,1","2,85","4,09","8,4","27,6","25,8","28,18","15,84","15,8","88,9","1,5","36,7",1,"0,26748184944593","27,9392373015454","0,887703128789716","3,1","1,44","2,29","110,7","23,9","47,2","2,05","22,2",3,"2,07964631807613","0,648671407717422","39,0700798567057","50,5","26,7",122,"15,82","65,5","5,94704986833443","3,82",1,"5,61309523809524","-2,6",61,"-29,4117647058824",100,"3,24","59,85","1,859","8,14",6,"31,9","10,9","15,3","68,2","64,7","33,78","2,6","-5,25","87,6","10,62","22,36",0,"152,25",57,0,"32,7","0,569",127,11,"15,46"
40,200069656,CC Coeur Haute Lande,,,10,,,"89,9418401695549",1,35,"19,8","14,4","6,51","-0,21",8,"30,6","16,8","33,37","59,9","18,7","85,7","-2,2","41,2666666666667","1,1","0,122661760196259","23,465462451915","4,04352678571429","2,6","24,06","3,07","117,6","22,2","29,8","2,05","81,8",1,"77,3096348703299","0,416583209677518","46,6411208238534","52,4","11,7",116,"16,65","65,5","7,21640934030879","9,2",0,"6,79213984943218","9,3","89,5","-41,6988416988417","45,21","14,67","15,337","3,758","7,93",6,"33,8","14,9",17,"59,7","55,4","35,39","2,8","-6,97","78,2","27,15","43,88","0,613","124,536",56,0,"25,6","0,078",124,11,"20,32"
40,244000543,CC de Mimizan,,,4,,,"120,741306058222",1,34,"18,6","40,3","6,73","40,38","3,3","19,1","18,9","10,34","10,36","17,9","85,1","-1,4","54,3",1,"0,541502282045332","33,0198950806691","7,53939466730723","3,5","0,35","3,09","170,1","25,8",42,"2,05","88,7",1,"6,79290415353133","0,547061095272351","61,0623486682809","68,6","5,5",137,"2,28","65,5","7,26631475160293","2,32",0,"7,38577655795932",27,"51,2","-40,7894736842105","25,38","29,56","2,3","1,51","9,13",4,"40,2","12,8",20,"59,2","70,8","31,64","2,8","-6,98","94,7","7,33","60,17",0,"276,937",51,0,"27,8","0,114",203,11,"17,21"
40,244000659,CC du Seignanx,,,0,,,"25,3525263590305",2,25,"8,2","7,1","14,28","17,58","5,3","18,5","44,1","6,38","3,89","13,6","87,1","-2,1","43,7","1,3","2,56254636185852","40,1806526806527","6,78867137355584","4,9","0,11","2,36","171,2",31,"65,6","2,05",51,1,"33,9565934428392","1,82476010956288","39,3243599894431","56,6","34,4",104,"15,06","65,5","5,28741699918746","2,7",1,"4,13476796000435","-11,7","18,2","-36,1111111111111","31,73","1,53","19,697","1,463","16,31",6,33,"9,3","12,8","46,7","65,6","22,93","2,7","-3,14","73,2",6,"15,63","0,337","1571,985",60,2,"29,3","0,614",99,11,"14,61"
40,244000675,CA du Grand Dax,,,10,,,"75,0677121322636",2,29,16,"11,6","13,6","18,74","7,6","22,7","39,4","5,41","2,46","16,8","84,1","0,1","42,3","1,3","2,61906402922324","39,1613983357905","2,43148425787106","4,2",0,"3,45","162,5","37,6","84,3","2,05","55,2",1,"18,2033412473218","1,70885924253764","50,6640514619105","76,1","13,4",117,"11,3","65,5","6,8480756468094","4,31",3,"5,28300283798196","-7,1","25,9","-26,9911504424779","35,9","3,73","20,098","2,146","16,38",7,"45,3","14,1","17,4","48,7",71,"30,72","2,9","-4,01","118,3","5,35","7,65","1,034","712,422",61,0,28,"0,519",147,11,"18,08"
40,244000691,CC du Pays Morcenais,,,12,,,"69,2223404255319",1,"38,5",21,"8,7","9,81","2,62","8,6","31,1","29,4","16,8","41,11","18,3","85,2","-0,7","39,5","0,9","0,953996184015264","26,6276517922458","1,82172744721689","2,9","1,26","4,24","124,8","21,7","38,1","2,05","83,1",0,"5,03075770383463","0,868502656937589","46,1984669567019","66,9",12,143,"18,54","65,5","7,73081199640535","16,96",0,"4,75914276575328","13,5","47,4","-52,6315789473684","40,9","12,35","10,013","1,888","10,97",5,"35,7","12,4",17,"58,7","59,6","28,83","2,7","-6,71","87,1","13,83","37,17",0,"136,731",52,1,"25,9","0,074",175,11,"17,94"
40,244000766,CC du Pays Tarusate,,,13,,,"83,2967547674808",1,"38,75","17,3","4,9","3,8","-1,63","7,8","26,6","21,9","25,24","30,93","16,8","91,4","1,8","39,5","1,1","0,221312382427797","29,3558052434457","0,936868686868687",3,"2,42","2,77","134,3","22,4","42,1","2,05","66,1",10,"3,97911666666667","0,96957783162437","36,1145703611457","60,5","16,5",120,"8,32","65,5","6,41919705965508","5,53",1,"5,8360192253322",-1,"62,9","-34,8591549295775","56,11","6,99","20,375","1,885","10,5",6,"30,9","11,4","15,5","58,8","66,4","29,49","2,6","-5,37","73,6","9,41","27,47","1,66","1053,657",55,3,"29,9","0,158",121,11,"15,55"
40,244000774,CC du Pays de Villeneuve en Armagnac Landais,,,52,,,"246,965318842896",1,"37,5","18,5","5,2","1,18","22,22","9,5","27,5","24,5","32,94","32,26","15,7","91,4","3,5","36,7","0,7","0,480076812289966","26,334208223972","5,42579281183932","2,9","0,91","1,6","104,3","13,2","29,4","2,05","40,8",0,"6,72108938547486","0,426101740044865","35,652853792025","63,3","6,7",122,"9,63","65,5","6,30624601657107","4,8",0,"6,86918419375398","-5,4","63,7","-7,08661417322835","99,99","5,88","42,522","3,669","14,4",5,"32,7","12,4","12,5","56,6","66,5","30,4","2,6","-2,31","44,3","19,33","19,25",0,"93,823",55,0,"27,8","0,307",122,11,"14,67"
40,244000808,CA Mont de Marsan Agglomération,,,24,,,"73,0943721529555",2,38,"12,7","2,3","11,63","18,62","6,9",21,"41,6","8,64","3,96","15,2","82,3","-1,8","36,7","1,6","2,35537632489918","39,4198265244622","2,95593161025846",4,"0,34","3,39",193,"24,1","67,5","2,05","67,4",0,"4,26658499615872","0,89687254272834","36,865725536049","79,5",11,102,"13,11","65,5","5,74796610667293","4,28",5,"8,54119318181818",1,"26,7","-22,2222222222222","30,87","4,56","14,327","1,926",10,6,"40,9","12,8","17,4","43,2","74,4","30,17","2,9","-2,1","132,1","9,78","10,44","0,178","788,039",60,1,"30,5","0,253",96,11,"18,52"
40,244000824,CC du Pays Grenadois,,,35,,,0,2,"37,5","14,6","4,1","0,59",0,"8,8","27,6","31,7","21,42","11,25","14,8","89,8","-0,5","36,7","1,3","0,388953714507974","27,6652929582512",0,"2,8","0,03","1,3","127,8","21,5","47,3","2,05","26,1",0,"2,67840559609238","0,518036316663141","34,0032865630135","61,3","31,4",118,"9,79","65,5","5,52669943663023","2,59",0,"6,28127448419953","1,4","53,6","-39,8496240601504","86,21","4,81","46,798","1,526","9,45",6,"29,2","8,2","16,1","60,6","69,8","33,71","2,4","-3,29","54,3","6,91",13,0,"230,059",58,1,"30,7","0,406",109,11,"14,43"
40,244000857,CC Côte Landes Nature,,,2,,,"132,994851580726",1,"34,6666666666667",16,"40,9","3,47","13,04","4,5","21,1","16,8","16,22","36,83","16,2",85,"2,6","42,3","1,4","2,68308080808081","34,1942453108121","10,0870084487106","3,6","0,29","3,95","183,3","29,8","24,4","2,05","87,7",3,"5,18298686642351","1,10338620573235","58,1197900586601",53,39,131,"6,93","65,5","6,79398364066872","13,42",0,"6,41620626151013",24,"43,9","-27,3504273504274","33,98","7,52","4,017","3,182","13,91",6,"35,9","10,5","16,5","60,1","77,8","36,93","2,8","-3,82","109,5","22,7","40,8",0,"519,45",55,4,"33,9","0,074",181,11,"15,11"
40,244000865,CC Maremne Adour Côte Sud,,,0,,,"121,933228023737",1,31,"13,2","42,8","7,11","21,39","3,7","22,4","25,6","5,9","7,05","15,1","87,3","0,7",43,"1,6","1,65463086307229","38,8345203958931","5,25070690592713","5,3","0,05","3,23","183,6","36,6","71,4","2,05","60,1",2,"12,6157282851506","2,2914385662907","62,317629491623","66,1","22,7",112,"7,19","65,5","5,4322089848333","2,52",3,"4,49991040764521","-3,1","18,8","-26,0387811634349","33,76","3,13","16,73","3,27","11,7",6,"36,4","10,6","16,1","49,3","83,4","34,14",3,"-6,05","85,4","6,91","25,22","0,701","1406,085",59,0,"35,5","0,303",132,11,"15,94"
40,244000873,CC des Grands Lacs,,,8,,,"102,21008270224",2,34,"12,2","29,7","5,92","14,25","4,4","21,2","23,2","7,88","9,72","15,8",85,"1,2","54,3","1,4","0,790898582466387","36,4727644836272","5,82153584954943","4,4","0,46","2,43","177,1","30,6","69,5","2,05","73,4",1,"12,3773679165035","0,910900936052871","49,9316412054925","75,9","13,1",126,"8,21","65,5","5,76028342533998","3,35",1,"5,96250168304834","22,1",20,"29,6296296296296","32,15","4,45","7,411","7,272","9,43",5,"34,1",9,"16,6","48,4","72,7","28,78","2,7","-7,13","75,6","8,43","41,71",0,"291,862",54,1,"32,6","0,065",147,11,"16,61"
40,244000881,CC Coteaux et Vallées des Luys,,,17,,,"360,966858789625",1,43,"19,2","4,7","0,74","66,67","9,5","30,5","21,9","26,09","23,65","15,4","88,7","2,9",37,"0,8","1,04616189355303","25,5342267294459",0,3,"0,37","2,62","108,7","22,8","28,8","2,05","22,6",0,0,"0,679881271226461","41,9062220518717","60,8","16,7",133,"14,92","65,5","6,48590670170828","5,23",0,"5,47713534822602","-8,8","67,7","-8,79120879120879","96,71","4,94","55,355","1,496","7,53",3,"31,2","11,3","14,6","61,8","47,1","33,48","2,7","-6,05","60,3","14,88",18,0,"293,855",56,0,"25,6","0,605",145,11,"17,41"
41,200000800,CC Coeur de Sologne,,,55,,,"76,5980601357905",2,36,"21,5","20,2","17,58","-0,48","10,6","26,1",49,"9,61","17,81","17,9","79,7","1,4","34,9",1,"0,684261974584555","28,1063321385902","3,0371627994718","2,4","0,87","1,96","89,1",13,"41,4","2,84","67,9",0,"100,02201459854","0,146745901317049","40,537944284342","71,8","15,3",123,"15,97","46,63","6,58451410148736","1,96",0,"3,37729945002845","-19,7","22,8","-48,5294117647059","48,88","18,99","10,001","1,321","22,14",5,"38,3","10,4","14,5","54,2","73,3","31,38","2,7","-3,43","92,4","8,83","43,33",0,"256,484",57,0,"21,1","0,091",147,"15,8","13,28"
41,200018406,CC du Romorantinais et du Monestois,,,34,,,"72,1693601093221",2,"31,3333333333333","19,9","5,7","13,2","-0,15","11,7","27,7","48,6","6,74","6,59","17,4","85,2",0,"34,9",1,"0,972848677810206","28,176266861101","0,986611175635566","2,4","0,13","2,95","77,3","13,5","35,9","2,84","42,3",0,"77,1125678395024","0,761031567507048","37,0669512793146",68,"19,3",125,"6,37","46,63","6,70768279601931","1,47",2,"8,43367498957154","-0,3","21,6","-18,8888888888889","60,58","6,48","20,912","2,912","18,04",6,"36,2","16,4","20,7","48,9","64,1","23,35","2,9","-5,41",97,"10,88","11,75",0,"344,708",54,0,"20,8","0,307",124,"15,8","15,32"
41,200030385,CA de Blois ''Agglopolys'',,,56,,,"76,5579566854991",3,"34,6666666666667","16,1","3,9","20,81","0,54","9,7","24,8","51,4","5,86","4,6","15,4","79,6","-1,2","33,25","1,7","4,12858670970406","35,901092277612","3,91322952236564","2,6","0,32","2,44","92,6","21,7","63,3","2,84","27,3",2,"28,7055072463768","0,844911734471151","39,4165511201927","66,8","15,5",114,"12,44","46,63","5,47114378539469","2,81",6,"4,35118318181386","-2,6","24,4","-28,1904761904762","40,71","5,74","49,279","3,598","7,82",6,"40,3","15,4","14,3","41,5","61,9","29,06","3,2","-4,27","118,6","11,42","13,23","0,094","886,758",,3,"23,8","0,437",95,"15,8","16,61"
41,200040772,CC du Perche et Haut Vendômois,,,42,,,"79,7790405420173",2,"33,6666666666667","24,3","17,5","4,43","-12,92","10,7","33,4","38,4","33,66",43,"19,3","85,5","4,2","36,1","0,6","1,52921900600765","21,5127701375246","1,31099656357388","1,2","4,33","3,28","51,8","11,7","34,1","2,84","20,3",0,"0,0009797854785478","0,284719318935152","33,5945046688848","44,8",35,125,"6,57","46,63","5,78757787558504","3,28",1,"5,88782816229117","-4,7","88,3","-25,1798561151079","81,96","1,96","66,426","2,802","6,04",5,"34,9","11,7","18,5","52,6","55,4","24,47","2,6","-6,29","61,7","18,39","18,48",0,"1065,794",56,0,"18,1","0,264",123,"15,8","13,92"
41,200055481,CC Beauce Val de Loire,,,28,,,"75,3811668372569",2,36,"19,6","6,7","9,01","6,53","10,9","33,4","44,6","18,5","21,11","16,8","85,7","1,9","31,8666666666667","1,1","1,98392511954421","27,0528083028083","1,9006669006669","2,2","19,57","2,54","65,6","13,8","18,4","2,84","12,2",0,"51,8852955940843","0,274892712353012","33,3167082294264","57,2",17,113,"10,04","46,63","6,07765398079037","0,51",0,"5,44653705953828","2,1","50,2","-41,9270833333333","45,05","5,59","76,289","3,438","7,01",7,"32,3","10,8","16,3","50,4","60,8","26,45","2,7","-5,86","69,5","17,13","26,3",0,"468,329",58,0,"24,2","0,263",95,"15,8","14,95"
41,200072064,CC Val-de-Cher-Controis,,,42,,,"64,7658555278789",2,"34,6","22,9","10,9","8,29","3,8","10,8","32,5","40,8","13,67","9,68","18,7","86,4","0,9","31,9","1,1","1,25601396517222","26,2431907234558","0,558234249009157","2,5","4,21","4,04","81,2","14,6","30,2","2,84","28,2",2,"14,5199085118418","1,28940304518699","39,9309527275752","60,2","19,7",130,"10,1","46,63","6,36494541065123","1,92",0,"5,15562468471498","-1,3","47,1","-15,6918687589158","64,11","5,9","41,579","7,103","11,98",6,37,"12,3","19,3",53,"61,7","25,61","2,6","-5,16","86,8","6,24","26,52",0,"570,888",58,2,"19,5","0,426",143,"15,8","16,65"
41,200072072,CA Territoires Vendômois,,,42,,,"75,6836313617607",2,"34,8",20,"7,7","15,18","-0,53","10,9","32,4","47,4","19,04","14,35","16,6","80,1","-0,8","33,25",1,"2,41675617615467","26,6415008007321","0,877411859783817","2,2","0,32","2,88","59,5","26,6","38,9","2,84","12,8",0,"6,82874004414164","0,376422994634601","36,5858174412146","57,4","21,9",126,"10,58","46,63","5,61964885160786","0,96",2,"5,5749864036157","-1,1","45,9","-27,7566539923954","70,07","2,88","72,718","2,737","6,55",6,"39,3","12,2","15,4","51,1","68,2","29,67","2,8","-4,8","98,5","9,74","14,52",0,"1579,522",59,1,"22,7","0,372",139,"15,8","15,99"
41,244100293,CC des Collines du Perche,,,57,,,"170,444782682226",2,35,"27,3","18,3","7,75","-0,88","13,1","34,8","39,9","31,28","36,49","21,2","70,4","-8,8","36,1","0,9","0,679694137638063","18,7848101265823",0,"0,6","3,42","1,7","46,6","5,7","24,4","2,84","8,3",1,"0,0278989550573196","0,242766210618648","41,9860046651116","54,6","16,5",140,"16,12","46,63","5,98117345249917","5,1",0,"5,36660046342271","1,5","47,4","-33,5260115606936","98,7","3,67","75,228","2,155","7,05",5,"39,5","15,2","11,2","51,6","69,7","42,48","2,8","-3,81","88,5","18,92","19,83",0,"458,181",53,1,"16,6","0,208",182,"15,8","17,22"
41,244100780,CC de la Sologne des Etangs,,,56,,,"50,8335458444419",2,35,"21,9","17,2","6,48","-1,15","9,4","29,8","31,6","27,1","40,64",18,"84,4","2,8","30,9666666666667","1,3","0,809155010981389","25,9952766531714","0,533545901421549","1,7","0,68","3,47","67,3","10,4","16,2","2,84","55,1",1,"99,9762201023089","0,162592489910331","41,2593771311662","66,3","9,9",125,"9,62","46,63","5,88861818062095","1,16",0,"5,71537220557732","-8,3","45,4","-39,4230769230769","89,29","1,96","11,333","2,633","23,63",6,"34,4","10,5",12,"56,7","78,7","36,3","2,7","-1,53","50,9","17,75","23,58",0,"70,471",58,0,"21,3","0,102",144,"15,8","14,25"
41,244100798,CC du Grand Chambord,,,62,,,"84,2290261536222",1,"35,3333333333333","15,8","7,4","5,91","2,88",8,"27,3","35,3","10,83","11,33","15,6","89,6","0,4","28,9","1,7","2,13178294573643","32,6107257203842","4,72148268398268","2,3","0,03","2,42","76,6","18,5","39,9","2,84","58,3",0,"68,6994456057439","0,47270535784329","32,6840855106888","51,7","11,8",116,"2,5","46,63","4,60694433895169","0,97",0,"3,98772294455991","-7,8","47,6","-46,875","66,62","11,93","16,87","4,725","16,15",7,"30,8","7,2","13,3","43,1","61,4","23,55","2,6","-3,67","64,3","15,44","18,63",0,"384,323",58,0,"25,9","0,221",110,"15,8","12,25"
41,244100806,CC de la Sologne des Rivières,,,15,,,"77,8106423777565",1,"33,3333333333333","25,9","10,1","17,06","-2,46","16,9","29,6","46,3","11,72","19,63","19,8","79,1","1,7","36,9","0,9","0,576701268742791","27,9897494305239","1,06078860898138","1,3","0,69","3,84","73,4","14,2","29,6","2,84","72,2",1,"97,2311581988924","0,267225810360759","41,8437706621328","59,5","29,2",146,"10,13","46,63","7,08519930444088","0,96",0,"4,75674157303371","-3,8","36,4","-11,7647058823529","54,59",,"5,777","0,293","19,83",6,"39,6","12,3","18,1","55,9","63,8","34,6","2,7","-1,68","85,4","9,57","22,57",0,"226,693",55,4,"21,3","0,112",180,"15,8","13,99"
42,200035202,CC Charlieu-Belmont,,,48,,,"46,9340125325035",1,"37,75","19,5","7,4","6,12","-4,01","9,5","29,3","52,2","10,53","7,41","18,5","86,1","0,1","29,1","0,9","1,62393162393162","27,3320778405524","3,5426724137931","2,1","0,01","3,42","116,4","25,9","34,1","3,79","17,8",0,"1,47708125089248","0,702927559324776","38,7118029816325","59,5","15,1",125,"11,45","42,89","4,8416023537607","1,28",0,"4,25454467684674","-2,2","48,6","-10,4166666666667","86,68","2,41","61,186","0,158","16,92",6,"34,3","10,3","12,2",45,"75,9","51,79","2,5","-4,69","70,7","7,84","22,68","0,427","276,748",59,0,"23,8","0,764",113,"11,7","13,95"
42,200035731,CA Roannais Agglomération,,,48,,,"93,0202562634499",2,"33,6666666666667","17,9","3,2","15,23","-0,6","9,8","25,5","62,6","5,69","5,03","15,8","80,9","-0,5","25,8","1,5","3,31857320988503","34,8003888828876","2,83058666468887","2,8","0,17","2,95","143,6","33,3","64,4","3,79","19,5",4,"4,23406644020957","0,828642209597795","39,0323509647691",64,"18,6",123,"11,51","42,89","5,81288994100039","1,57",1,"3,58023078380723",1,"27,6","-16,3538873994638","80,5","6,9","55,711","0,258","16,53",8,"42,4","15,2","15,9","41,4","63,5","45,38","2,9","-4,55",111,"12,4","14,6","0,196","529,519",,0,"23,3","0,573",126,"11,7","15,03"
42,200065886,CA Loire Forez Agglomération (LFA),,,44,,,"57,5552741332092",1,"35,3333333333333","14,2","7,7","8,64","7,83","8,2","22,6",52,"11,54","9,56","14,6","87,4","0,3","30,9333333333333","1,3","1,69248447813577","32,1027454242928","0,947924528301887","3,5","3,34","2,14","185,1","16,7","57,9","3,79","39,4",2,"27,844545269245","0,677174813653488","38,9409722222222","64,4","17,3",112,"11,06","42,89","4,23276833621591","2,49",0,"3,57579732721161","-0,8","33,7","-12,2344322344322","87,86","11,65","44,349","0,345","16,55",10,"32,8",10,"12,4","43,4","69,1","26,41","2,7","-5,56","66,1",12,"18,37","1,247","272,309",62,4,"25,2","0,447",95,"11,7","14,47"
42,200065894,CC de Forez-Est,,,47,,,"19,9137308602017",1,"33,1111111111111","16,4","3,9","7,93","4,23","8,4","27,1","51,5","8,51","8,24","15,7",86,"2,3","28,8333333333333","1,3","1,17548798218208","33,1966934661986","0,476416366906475","3,2","0,07","2,63","163,7","19,3","47,7","3,79",15,3,"22,7719999280019","1,07851190977451","41,6142764084774","57,7","25,7",118,"12,87","42,89","4,31885499334729","2,01",1,"3,83836718026041",-1,"36,6","-22,1662468513854","88,5","8,63","59,421","0,426","12,46",8,"33,2",9,"10,6","41,2","81,4","27,41","2,6","-5,09","78,6","9,45","12,36","2,939","668,979",60,1,"27,8","0,638",105,"11,7","13,85"
42,244200614,CC des Vals d'Aix et Isable,,,45,,,0,1,"34,6666666666667","22,3","11,5","4,16","-3,48","15,6","34,6","33,1","36,41","44,64","18,9","84,6","3,2","31,8","0,9","2,69224297492849","21,4385150812065","0,108585301258","2,3","6,14","1,68","150,6","12,5","30,6","3,79","20,9",0,"14,7703162276027","0,423049612318852","42,601999016877","56,7","26,2",124,"11,6","42,89","4,88994855892887","5,05",0,"3,77250546861854","-5,1","65,5","1,171875","87,45","3,89","62,944","0,199","16,15",7,"34,2","13,7","11,3","54,4","62,9","45,77","2,8","-4,8","71,8",18,"26,92",0,"108,144",56,0,"22,9","0,506",118,"11,7","14,41"
42,244200622,CC des Monts du Pilat,,,42,,,"627,906810964941",1,"26,5","16,8","14,8","7,46","0,84",9,"31,8","45,5","24,87","18,99","16,1","85,4","0,3","29,85","1,3","4,00957123455992","31,2137592137592","1,83696211212069","2,6","0,67","2,59","106,3","13,6","32,1","3,79","58,2",0,"99,8311971372804","0,277934124609962","40,0579454556906","66,8","13,3",118,"26,56","42,89","4,43373107037367","1,94",1,"3,45973088283558","-0,5","34,4","-25,8389261744967","86,28","34,18","34,219","0,099","23,69",8,"32,1","9,9","8,6","48,8","63,3","41,45","2,7","-3,4","52,1","17,44","17,44","3,88","166,908",57,0,"26,3","0,3",106,"11,7","13,76"
42,244200630,CC du Pays Entre Loire et Rhône,,,48,,,0,1,"31,6666666666667","19,4",6,"5,03","-1,37","11,6","33,1","40,5","20,32","20,97","18,1","85,1","0,1","29,1","1,2","0,779865295994328","26,3895015438906","1,64227301321032","2,7","0,12","2,84","95,4","23,5",30,"3,79","12,7",0,"14,9256250995381","0,753316482437351","35,0621398319795","56,1","19,5",115,"11,04","42,89","4,86514751775962","7,8",0,"2,94890773210693","-1,6","65,6","-17,4358974358974","86,12","13,88","68,297","0,128","15,82",7,"29,9","10,2",8,"50,4","68,3","51,54","2,5","-4,33",56,"13,31","17,31",0,"372,145",58,0,"22,3","0,455",89,"11,7","14,31"
42,244200770,Saint-Étienne Métropole,,,46,,,"25,0533947722747",4,"29,875",16,2,"23,79","-0,09","10,5","20,8","68,9","2,04","1,11","15,3","73,8",-1,"28,9","1,5","2,97032131469218","36,3647003218474","1,30352697095436","3,6","0,12","2,85","211,2","24,1","58,1","3,79","29,2",5,"25,7975477931521","1,29523342078696","38,1949075073167","65,5","15,9",110,"13,84","42,89","5,89656710688666","1,99",15,"3,33878646752592","-2,4","5,4","-24,044734389562","16,34","19,86","35,679","0,548","15,46",10,"41,8",20,"15,7","35,3","51,7","24,33","3,3","-7,18","113,1","6,49","10,49","0,368","914,282",,4,21,"0,697",88,"11,7","18,82"
42,244200820,CC du Pays d'Urfé,,,45,,,"341,459064327485",1,"33,3333333333333","24,3","18,1","4,5","-1,85","12,2","29,9","33,4","34,51","49,52","19,8","81,7","1,3","29,9","0,9","1,76332288401254","22,1131639722864",0,"2,5","4,4","1,96","153,6","6,6","29,7","3,79","46,5",0,"5,77794538562698","0,325306462183692","49,952335557674","56,8",11,130,"21,47","42,89","5,26622129550879","5,88",0,"3,71423084309583","4,3","80,2","-34,4827586206897","86,57","12,22","42,037","0,119","19,34",6,"36,7","14,7","7,9","63,7","65,7","63,28","2,8","-4,33","78,3","25,36","28,09",0,"89,609",53,0,"17,8","0,251",146,"11,7","14,57"
42,244200895,CC du Pilat Rhodanien,,,46,,,"76,162783804612",2,"30,3333333333333","16,3",6,"6,62","-0,41","10,1",31,"30,6","15,11","11,62","16,2","86,2","1,7","30,8","1,6","2,30047779154132","33,8063779463339","2,30977953646128","2,7","0,02","2,36","97,8","18,4","38,4","3,79","37,6",0,"99,9508570638651","0,692874088008614","40,6943326819175","54,5","22,5",104,"10,53","42,89","4,29779843444227","1,77",1,"3,3789755807028","3,8","27,6","11,6666666666667","52,39","10,11","28,629","11,155","15,17",10,"31,1","7,4",11,"40,9","73,7","37,28","2,6","-2,55","56,5","12,5","17,29","4,129","1286,93",64,0,"24,7","0,832",92,"11,7","13,25"
43,200073393,CC des Rives du Haut Allier,,,41,,,"97,6150716541171",1,"37,8333333333333","23,9","26,3","4,22","5,25","16,8","35,7","37,4",37,"38,9","19,9","77,9","0,9","25,3","0,7","2,49756335282651","20,2110992001319","0,276168652612282","2,2","9,44","3,65","155,1","35,6","30,2","2,57","51,4",1,"48,7801875464054","0,154127050919603","52,7779421336016","55,3","21,4",135,"18,72","60,2","6,06606463878327","9,14",0,"4,70829372623574","2,7","61,6","-28,1910728269381","95,4","12,13","45,139","0,189","20,26",9,"41,8","17,2","11,5","66,8","77,9","67,07","2,8","-3,3","89,3","17,37","29,73",0,"46,743",55,2,"18,5","0,219",191,"14,1","20,22"
43,200073401,CC Mézenc-Loire-Meygal,,,47,,,"109,818221830986",1,"35,25","18,2","29,6","3,14","-2,47","12,2",31,"42,7","25,42","27,73","17,4","83,5","1,8","29,05","0,9","1,39994750196868","24,7867355520846","1,40836940836941","2,3","2,4","3,5","90,6","16,3","25,8","2,57","32,9",0,"43,4676556578235","0,355480373297132","47,8264582799556","70,1","12,3",122,"28,15","60,2","4,86804258856631",7,2,"4,46132497761862","0,8","52,6","-27,719298245614","91,04","21,91","55,468","0,052","16,4",7,"34,8","13,3","10,4","55,2","69,7","51,8","2,6","-1,98","60,8","20,55","25,55",0,"140,063",55,0,"29,2","0,386",123,"14,1","15,7"
43,200073419,CA du Puy-en-Velay,,,43,,,"104,488311057108",1,"34,875","18,1","11,1","9,64","5,02","11,8","25,4","53,7","11,67","12,21","16,3","80,3","-0,6","25,3","1,3","3,8638476678057","32,7417784884934","2,57604379091982","3,5","1,27","3,62",166,"19,7","63,9","2,57","37,3",1,"47,3041776829708","0,516928969249114","46,0598684672455","71,3","13,9",120,"20,57","60,2","5,11539923921516","3,74",5,"2,95367715554265","-0,7","37,5","-26,6470588235294","93,17","12,69","48,609","0,373","17,31",9,"41,9","13,1","11,9","51,6","81,6","45,68","2,8","-4,14","105,9","18,38","19,74",0,"415,077",58,1,25,"0,398",122,"14,1","16,58"
43,200073427,CC Marches du Velay-Rochebaron,,,40,,,"30,7012154058301",1,"29,8","15,6","10,8","6,3","-1,9","9,6","29,9",48,"13,29","9,05","15,6","89,3",2,"32,8","1,1","1,05300105300105","28,9345826826306",0,"3,4","1,77","2,55","157,6","26,4","54,3","2,57","44,1",8,"50,3589787379387","0,810666038682378","38,8566462865833","51,3","36,2",110,"14,29","60,2","4,16007626057947","1,28",2,"3,68520991434062",2,"37,8","7,93201133144476","75,7","14,26","38,165","0,23","19,52",8,"31,1","8,1",10,"47,7","90,9","37,49","2,5","-4,89","78,1","14,21","29,71","1,595","675,336",62,0,"28,8","0,253",88,"14,1","14,95"
43,200085728,CC Brioude Sud Auvergne,,,48,,,"65,7445137306631",1,"34,6666666666667","20,3","11,2","8,39","-8,64","15,2","27,7","44,9","18,49","6,96","19,2","83,6","-0,4","32,4",1,"2,15491440201125","26,7346766714442","0,38520369529002","3,2","1,08","3,59","142,5","6,4","61,4","2,57",41,0,"15,0680975838611","0,312584973380026","45,5741079597438","63,8",18,119,"15,98","60,2","5,99457686865006","34,12",2,"4,01909959072306","-0,4","54,3","-18,4269662921348","94,38","14,89","48,29","0,427","18,39",8,"40,2","15,3","17,1","59,2","74,5","57,88","2,8","-3,95","105,7","11,11","12,07",0,"159,538",60,0,"24,5","0,363",135,"14,1","17,44"
43,244300307,CC Haut Pays du Velay,,,42,,,"55,1732165206508",1,32,"18,5","14,4","4,95","-3,37","14,2","26,6","43,9","13,92","10,7","17,5","87,9","4,2","32,8",1,"2,86604361370717","29,0119131044149","9,73042452830188",4,"0,51","3,74","197,4",10,44,"2,57","57,2",0,"0,0944444444444444","0,609984825876837","46,7700573940652","49,4","32,6",117,"8,29","60,2","4,6703208650324","4,98",0,"2,75949211045365","-0,7","38,3","-50,7042253521127","89,58","19,86","31,379","0,148","19,68",5,"33,7","10,8",10,"59,6","92,1","52,59","2,6","-5,59","90,3","22,25","28,13","6,231","260,105",56,0,"23,4","0,249",115,"14,1","16,15"
43,244301016,CC des Sucs,,,42,,,"543,569752138627",1,"29,6666666666667","19,6","16,3","8,13","2,04","11,4","32,1","48,8","15,78","10,12",19,"87,3","0,6","32,8","0,9","2,01832860571678","29,5139704155905","5,2323560309426","3,2","0,52","2,18",170,"32,7",45,"2,57","40,9",0,"38,8139649816436","0,718092333832296","47,481181239143","61,6","25,6",116,"13,48","60,2","4,67110035078829","1,64",1,"5,17720747186963","-1,9","34,2","-19,8237885462555","90,08","11,12","40,131","0,21","20,06",8,"35,4","10,4","10,5","52,8","96,5","45,6","2,5","-5,83","81,6","8,44","30,22","1,636","1002,79",55,0,"24,5","0,251",102,"14,1",16
43,244301099,CC Auzon Communauté,,,48,,,"7,56712913553895",1,"32,5","23,1","10,7","8,06","1,39",15,"34,8","47,6","7,96","9,33","20,8","86,4","-0,5","32,4","0,7","2,88831835686778","26,2312002359186","0,0075093867334167","3,8","2,97","5,35","168,6","8,7","62,6","2,57",54,0,"38,1706998037933","0,510438834250817","36,0717264386989",48,"42,5",121,"18,3","60,2","6,33972181417554","5,35",0,"3,02538560411311","-0,2","26,7","32,4786324786325","83,46","9,04","33,717","0,426","17,94",8,"40,2","13,9","16,9","47,6","58,5","47,07","2,5","-7,66","71,2","10,42","17,25",0,"427,44",58,0,"21,7","0,582",127,"14,1","15,57"
43,244301107,CC du Haut Lignon,,,43,,,"82,5708964489695",1,"37,5","22,4","31,3","6,15","-4,15","8,9","25,8","44,8","10,67","10,29","18,3","81,5","-0,3","32,8","1,4","2,08563366458103","31,7542684968196","0,0204858062628036","4,5",0,"3,68","192,6","14,5",41,"2,57","43,2",0,"2,25258346581876","0,633907006683386","56,3414049388636","67,4","14,4",138,"23,75","60,2","5,05546596877093","3,68",0,"3,51073279052554",-1,"47,8","-23,7885462555066","90,21","18,84","36,668","0,155","20,04",6,"39,6","15,1","9,6","56,9","83,2","61,22","2,9","-6,01","87,4","18,83","38,83","1,227","46,751",56,0,"21,6","0,173",170,"14,1","17,31"
43,244301123,CC des Pays de Cayres et de Pradelles,,,42,,,"206,263209013209",1,33,"21,5","39,6","1,45","-2,78","10,3","30,5","41,9","39,25","47,88","17,3","75,7","4,3","25,3","0,7","3,10800310800311","22,5068870523416","4,31505791505791","1,1","6,45","5,83",171,"14,9","46,5","2,57","32,7",0,"37,773339451027","0,168850189750856","52,0714557202585","64,1","6,4",136,"38,03","60,2","5,24205814401232","7,77",0,"3,0082787832114","-0,6","66,2","-28,7569573283859","97,35","8,83","60,285","0,412","16,73",7,"40,1","18,3","9,3","76,2",51,"50,7","2,8","-3,7","71,6","22,1","29,15",0,"231,851",53,0,"19,8","0,273",162,"14,1","17,38"
43,244301131,CC Loire et Semène,,,41,,,"12,9683856174074",1,17,"14,8","5,4","11,12","-1,54","9,4","22,9","60,2","6,58","3,2","14,7","89,6","0,7","28,9","0,9","1,85837245696401","31,3795268997279","0,0859317681584739","3,3",0,"2,93","154,9","23,4","44,1","2,57","42,7",0,"9,33146212971759","0,953095773851512","33,3718578445536","51,3","22,6",110,"10,61","60,2","4,0940508701286","2,45",0,"2,779332878182","3,1","13,2","-2,4390243902439","37,51","10,72","40,479","0,196","19,28",7,"30,2","7,7","10,5",43,"105,4","34,23","2,5","-3,26","52,6","10,14",12,"0,978","714,148",61,0,"29,3","0,509",81,"14,1","14,16"
44,200000438,CC du Pays de Pontchâteau St-Gildas-des-Bois,,,58,,,"57,9763192757783",1,36,"12,8","3,3","3,87","-1,2","6,8","24,4","28,2","11,47","7,65","16,8","88,9","1,1","36,2",1,"1,63657192733621","27,3396164021164","0,573675341696311","3,1",0,"2,73",96,"21,3","32,8","2,96","8,7",0,"40,9388640948829","1,1337506098956","28,1170653481224","64,4","13,3",109,"22,85","56,54","4,23281393586664","3,82",0,"3,77900349847647","-2,5","68,7","-46,9287469287469","85,97","36,01","52,407","0,47","18,27",3,"30,8","7,9","11,8","32,5","76,3","18,85","2,3","-4,95","56,7","9,22","24,11","1,637","4313,511",59,0,"29,9","0,14",72,"14,2","14,72"
44,200067346,CA Pornic Agglo Pays de Retz,,,79,,,"22,5311989401634",1,32,"12,4","32,2","4,11","21,81","3,8","21,1","25,4","7,48","3,7","14,9","84,5",-1,"34,55","1,6","0,678680760122451","35,3065672017099","2,18125403544013","2,8",0,"2,6","85,4",25,"59,7","2,96","2,9",0,"10,5277730204944","1,13487738608617","38,8059278569607",72,"14,5",126,"15,52","56,54","4,34885344618235","4,77",2,"4,99746584398413","0,8","37,6","-32,9131652661064","94,46","17,95","62,542","0,938","14,58",6,"32,7","7,2",12,"43,1","72,8","22,25","2,6","-5,11","64,6","7,2","30,07","0,289","2644,017",61,0,31,"0,274",120,"14,2","14,29"
44,200067635,CA Clisson Sèvre et Maine Agglo,,,70,,,0,1,"32,25","9,4","2,1","5,15","9,92","4,3","22,4","37,6","3,24","3,28","12,8","82,7","-1,2","31,4","1,5","0,682211765529064","34,8425408426483","2,10323038959097","3,2","0,02","2,1","71,3","19,4","54,4","2,96","2,2",2,"2,05243385563833","1,28804201954186","32,4436224186788","53,5","18,7",99,"17,21","56,54","3,61296814863284","2,1",4,"4,43367475745663","-0,4","47,4","-31,8032786885246","92,37","20,42","68,637","6,438","10,17",6,"26,7","5,9","8,7",45,"78,8","23,32","2,4","-3,05","68,4","7,88","15,63","0,175","4476,948",63,1,"32,3","0,428",63,"14,2","12,83"
44,200067866,CC Sèvre et Loire,,,57,,,0,1,35,"9,8","1,5","6,85","14,42","4,1","23,4","34,4","8,08","0,76","13,8","86,2","-0,2","31,4","1,5","0,680816980376452","33,2615346194668","4,13769984528107","3,4",0,"2,4","57,8","20,9","50,2","2,96","1,6",0,"5,17539682539683","1,32357212709122","32,6894502228826","55,2","19,5",94,"13,75","56,54","3,57956382829288","2,4",0,"4,1607146593025","-6,5","35,7","-35,9722222222222","89,09","19,03","56,747","12,665","11,71",4,"27,4","6,1","9,3","41,8","79,5","21,83","2,3","-3,58","60,9","5,36","25,09","0,601","2918,785",62,0,"31,4","0,314",57,"14,2","12,54"
44,200071546,CC Sud Retz Atlantique,,,94,,,"12,4726485635577",1,"33,25","14,1","2,8","3,99","-0,24","7,4","27,9","26,6","15,95","12,03",17,"85,7",0,"32,85","1,2","0,468621861209825","23,8144392494991","1,63306304331945","2,6",0,"3,12","82,9","21,7","55,5","2,96","5,2",1,"8,50933447342169","1,18355826448338","34,07917383821","52,8","17,5",108,"23,05","56,54","4,75238479727781","3,12",0,"5,6220831651191","2,1","53,7","-22,3300970873786","100,01","19,89","69,092","3,305","11,82",3,"30,2","9,4",12,"43,7","72,2","21,01","2,4","-5,38","79,7","6,13","21,5",0,"3287,053",58,0,"26,8","0,192",74,"14,2","16,4"
44,200072726,CC Châteaubriant-Derval,,,67,,,0,1,"35,3333333333333","19,3","3,4","8,32","-0,25","10,3","29,7","32,5","17,96","15,01","18,7","84,7","3,1",34,1,"0,425084457569859","21,8910222410806","2,52883086706616","2,6","1,39","3,58","101,9","17,4","27,3","2,96",9,3,"0,0004297913250014","0,422939173560241","36,3087874644617","55,7","22,9",115,"12,8","56,54","5,91371560444509","7,16",4,"4,0441292356186",-2,"55,9","-8,53658536585366","96,99","13,35","70,055","1,013","11,4",6,"35,2","14,1",14,46,"59,1","24,07","2,5","-5,96","91,2","10,42","14,81","0,224","1709,53",56,0,"23,8","0,142",87,"14,2","16,5"
44,200072734,CC Estuaire et Sillon,,,50,,,"180,471067464127",1,41,"9,3","1,8","7,47","7,84","5,8","23,2","31,1","8,35","4,28","12,7","85,2","-0,3","33,8","1,6","1,16799688534164","34,0391801607972","1,55924902178986",3,"0,15","2,68",64,"19,1","39,3","2,96","3,2",2,"26,1020323517213","0,978128025574878","30,688032861271","57,2","26,6",100,"16,62","56,54","3,98325444176595","4,38",0,"5,08411645712237","3,9","56,9","-23,3766233766234","83,68","25,07","68,284","0,305","19,91",4,"24,2","5,7","9,6","43,4","82,6","19,83","2,4","-3,43","65,3","6,36","28,55","0,487","4732,166",64,1,"34,8","0,15",53,"14,2",12
44,244400404,Nantes Métropole,,,59,,,"100,194851883596",3,"25,5","9,1","3,4","20,52","10,91","5,2","18,4",54,"0,85","0,41","13,8",57,"-6,7","31,4","1,9","1,85385266549802","44,3635698819066","5,76710757123216","4,6","0,05","2,44","76,7","28,2","76,7","2,96","4,4",5,"13,2762916338841","2,17819042586499","33,4875586614757","61,6","12,7",84,"11,73","56,54","4,79147505995851","1,48",58,"4,1240154960315","2,3","2,5","-11,3345521023766","8,47","27,48","23,663","5,483","16,9",5,"45,3","12,8","11,8",39,"75,8","27,22","3,4","-4,28","127,2","1,08",13,"0,643","3082,483",,6,"29,1","0,393",69,"14,2","17,25"
44,244400438,CC Grand Lieu Communauté,,,93,,,"3,7879297908151",1,"30,3333333333333","8,2","1,3","4,97","19,06","4,8","21,9","32,8","6,37","3,78","13,3","87,8","-2,3","31,4","1,6","2,02202821324072","32,7490642096171","1,5499762695776","2,9",0,"2,38","73,2","24,6","48,6","2,96","2,8",0,"17,9622654066285","2,37788797717418","33,9173090399439","48,5","20,6",95,"13,39","56,54","3,62711229057748","1,9",1,"4,95042869065986","-1,5","35,3","-14,1689373297003","94,04","35,6","52,501","5,865","13,82",3,25,"5,7",10,"38,3","83,3","19,36","2,3","-4,13","65,5","6,44","22,56","0,476","3937,164",62,0,"33,2","0,15",57,"14,2","11,95"
44,244400453,CC du Pays de Blain,,,67,,,0,1,36,"12,7","2,5","7,73","2,33","6,7","28,3","29,6","18,71","2,55","15,9","86,9","2,1","31,4","1,2","0,949104282833076","26,1404167448846","3,46810239739943","2,8",0,"2,37","92,4","17,2","52,3","2,96","24,5",0,"20,8611772394156","0,573700670961451","32,6270939123329","73,2","16,8",102,"16,38","56,54","4,91014199049312","5,93",0,"7,84833629511612","-7,2","55,6","-17,1974522292994","95,45","34,07","49,382","0,691","12,77",4,"30,9","8,9","12,4","42,1","81,2","23,13","2,4","-7,21","71,6","5,75","36,25",0,"2566,392",60,0,"29,5","0,089",64,"14,2","14,31"
44,244400503,CC d'Erdre et Gesvres,,,57,,,"51,9652880464818",1,"35,5714285714286","7,4","2,3","6,37","24,98","5,5","22,3","32,3","9,85","5,96","10,9","86,2","-1,4","31,4","1,7","1,42445958646617","34,2799052683319","4,11611001964637",3,"0,36","2,06","84,7","21,6","52,8","2,96","3,2",0,"4,92107329329094","1,67565302326497","31,3996423008135",60,"15,6",97,"12,06","56,54","3,37636698378583","3,38",2,"5,02228262587313","0,7","41,1","-23,841059602649","92,02","22,42","61,732","0,874","14,46",4,23,"5,4","8,9","40,2","82,6","21,46","2,5","-3,76","51,5","5,42","23,17","0,147","2734,956",61,0,"36,7","0,139",52,"14,2","11,37"
44,244400537,CC de Nozay,,,67,,,"141,961016530965",2,32,"14,3","2,5","4,49",0,"7,3","28,9","21,7","20,61","11,13","17,8","85,3","-0,5","32,7",1,"0,609533097647202","21,6777809993235","2,9669384057971",3,"0,23","1,83","104,8","19,9","50,1","2,96","5,6",1,"0,0114246336863484","0,693950427434585","33,8708710508962","64,9",18,99,"21,23","56,54","4,27178065890016","11,58",1,"4,55781034698735","-2,9","61,4","-11,5979381443299","96,23","26,68","71,126","0,837","11,57",5,"30,1","10,2","10,5","39,3","82,4","22,61","2,4","-4,41","54,2","12,86",31,0,"4231,161",61,0,"27,8","0,145",53,"14,2","14,19"
44,244400552,CC du Pays d'Ancenis,,,58,,,"93,4205484216934",2,"34,2857142857143","13,1","2,9","7,97","3,84","6,8","27,5","32,1","12,78","11,32","15,4","84,1",0,"32,75","1,3","0,717710217322654","25,4617499945868","3,22498685824426","2,3","0,14","2,3",92,"12,1","37,3","2,96","5,8",5,"5,86027235050326","0,681627378791635","35,1025111364052","50,3","19,6",106,"15,58","56,54","4,16071798788228","6,46",2,"5,63857955218576","1,6","51,5","-11,0900473933649","98,05","13,71","66,416","1,398","11,82",6,"29,2","8,7","11,6","46,3","72,2","23,76","2,4","-5,61","87,4","11,7","15,8","1,005","3494,653",59,3,"29,4","0,251",67,"14,2","14,62"
44,244400586,CC du Sud Estuaire,,,78,,,0,1,32,"12,8","20,5","5,54","8,26","4,6","20,9","33,6","5,39","9,26","15,6",88,"0,1","37,7","1,2","2,24892372935809","34,0260114219897","4,49172538970745","2,9","2,24","3,21","83,1","26,7","48,9","2,96",3,0,"24,7359691590461","0,825219575338422","32,6594577652406","63,8",25,118,"11,04","56,54","4,73669620960335","2,25",0,"6,77102803738318","-3,6","52,2","-24,6212121212121","87,17","20,39","58,723","0,554","20,14",4,"34,9","7,9","13,7","38,5",85,"18,79","2,5","-3,55","71,5","11,33",21,"0,321","3653,659",60,1,"27,6","0,153",109,"14,2","14,42"
44,244400610,CA de la Presqu'île de Guérande Atlantique (Cap Atlantique),,,52,,,"243,70447332332",1,39,"15,8","47,6","8,7","16,36","3,9","23,8","38,5","6,77","5,79","14,8","83,1","-1,5","36,95",2,"2,94772613178524","44,329021964219","3,85517934446506","3,8",0,"3,86","97,9","27,2","68,5","2,96","7,8",0,"62,8630294072677","1,33572706210027","49,3961852450999","72,5","13,7",149,"10,74","56,54","4,44711761993414","3,22",3,"5,08895972570082","2,4","27,4","-1,71779141104295","74,55","21,73","39,616","0,691","14,8",6,"37,5","8,5","12,8","47,8","86,7","25,32","3,1","-3,9","86,6","6,53","28,6","0,257","2451,751",60,1,"35,8","0,199",191,"14,2","14,56"
44,244400644,CA de la Région Nazairienne et de l'Estuaire (CARENE),,,48,,,0,3,"33,6666666666667","12,2","12,4","20,98","4,26","6,5","20,3","55,9","3,35","1,99","17,1","78,9",-3,"36,2","1,6","4,34825650905823","40,8050374421434","2,99826985373515","3,5",0,"2,97","103,2","28,8","65,6","2,96","1,7",11,"72,6321299315048","1,26753502371425","32,6093446783102","52,9","31,7",112,"11,3","56,54","5,63187895847994","3,12",9,"4,33477673605594","1,9","23,8","28,0487804878049","35,98","14,99","29,907","0,386","20,28",6,"42,3","13,2","15,8","38,5","72,6","19,96","2,9","-5,25",126,"5,4","13,5","0,228","6934,319",62,8,"31,9","0,174",104,"14,2","17,39"
45,200005932,CC des Portes de Sologne,,,70,,,"68,2085692228513",2,34,"14,4","6,1","10,39","1,87","7,6","28,4","38,2","10,91","12,88","13,8","86,4","1,5","29,1","1,3","0,127762872109365","34,3416856492027","0,740453790813503","2,4","0,18","3,19","106,2","17,9","34,5","3,32","68,4",0,"90,4462308908803","0,443092425323634","34,5754657996749","51,4","29,9",111,"7,98","47,61","4,87200834879406","0,64",0,"4,45220779220779","-23,3","27,1",15,"35,56",,"5,497","2,5","19,04",6,"30,8","6,9","11,5","52,2","61,4","35,71","2,7","-3,24","60,9","9,71","25,86",0,"900,338",59,1,"28,9","0,146",95,"12,9","11,18"
45,200035764,CC de la Beauce Loirétaine,,,4,,,"54,9603919485272",2,"35,25","14,5","2,5","9,42","3,48",8,"28,6","40,9","22,78","19,5","14,8","83,4","-1,4","29,1","1,3","0,353128126655288","31,9561926809723","1,36317369840704","1,4","0,35","1,77","49,2","10,3","23,2","3,32","11,2",1,"7,34739336492891","0,549762943001002","30,2591154135992","54,9",26,95,"13,8","47,61","4,68655614827671","0,59",1,"6,00923113572747","-1,3",65,"-10,5431309904153","37,38","1,33","83,499","3,223","5,5",4,"27,3","7,9","13,9","53,1","82,4","26,48","2,4","-6,05","101,8","8,43","18,09",0,"2195,815",58,2,"23,5","0,313",66,"12,9","15,49"
45,200066280,CC du Pithiverais,,,4,,,"66,0360860038346",3,36,"18,2","6,5","16,13","-1,37","8,3","29,1","42,9","13,14","10,98","17,5",83,"0,2","41,6","1,1","0,446842883167772","28,3576485732675","1,23379929642659",1,0,"2,41","75,7","7,7","18,6","3,32","13,4",5,"7,79342426710098","0,678862494244088","33,6454263774754","53,6","26,9",107,"13,13","47,61","6,17496637072908","1,72",2,"5,11415853449752",4,"61,5","-18,1318681318681","39,69","1,89","76,657","0,581","5,37",4,"33,6","12,8","17,5","45,8",57,"29,11","2,7","-8,09","91,4","10,13","10,52","0,344","1100,296",60,4,20,"0,209",81,"12,9",14
45,200067668,"CC de la Cléry, du Betz et de l'Ouanne",,,48,,,"127,698188732113",2,"32,25","23,5","13,5","7,57","-1,12","11,7","29,5","29,6","29,79","24,75","19,7","85,4","1,4","37,65","0,9",0,"24,813419574952","0,0829","1,3","2,09",2,"97,9","15,3","10,7","3,32","15,8",0,"0,378594568651762","0,280765444546107","35,236461651556",54,"28,8",126,"6,56","47,61","7,05486993687905",1,1,"5,88542698632851","-2,4",62,"-8,94568690095847","72,48","5,03","63,237","2,293",6,4,"36,7","13,6",20,"49,5","52,6","33,23","2,8","-6,42","56,6","11,83","18,78",0,"240,627",57,1,"14,5","0,393",124,"12,9","14,02"
45,200067676,CC Canaux et Forêts en Gâtinais,,,72,,,"85,873964973987",2,"31,5","23,2","11,8","9,95","-2,9","10,7","32,1","30,2","22,51","25,81","19,6",86,"1,6","39,45","0,9","0,255960216469212","27,0319536778898","4,98515642840831","1,2","0,32","2,19","74,1","14,3","10,6","3,32","22,8",3,"6,85867751079556","0,358568497653414","33,4789458607849","58,7","21,9",124,"13,74","47,61","6,30550932263149","1,1",1,"6,01836527293844","3,5","53,2","-18,2","91,5","3,55","57,037","2,173","7,51",5,36,"13,2","16,8","50,7","56,9","33,17","2,8","-4,88","61,3","13,37","22,74",0,"229,519",59,0,"17,1","0,374",115,"12,9","14,62"
45,200068278,CC Berry Loire Puisaye,,,79,,,"76,845103924789",2,32,"24,1",13,"14,32","-10,19","12,8","31,4","44,7","17,71","14,8","20,4","84,7","-0,6","31,9",1,"0,228245363766048","25,5242290748899","5,15454418539718","1,4","0,64","2,85","89,9","17,5","35,9","3,32","27,3",1,"4,01870312868842","0,323132617235996","35,3450213531131","60,4","17,1",135,"10,82","47,61","7,22312666819791","1,71",0,"4,48577923157953","-10,3","37,2","-41,2751677852349","98,45","6,62","49,286","1,917","10,36",6,39,"15,5","17,1","44,7","52,7","33,32",3,"-6,5","66,7","14,1","21,3",0,"280,962",58,1,"18,2","0,238",140,"12,9","15,06"
45,200070100,CC du Val de Sully,,,61,,,"71,6359496605398",2,"33,3333333333333","18,6","8,9","10,21",-2,"11,9",26,"35,4","13,21","9,72","16,9","87,7","3,6","30,5","1,4","0,581371205514721","27,5180494733105","3,29624953236064","2,1","3,49","2,49","83,2","12,8","19,5","3,32","41,9",5,"65,8307477453224","0,491849094561548","34,6568926898799","40,5","13,7",113,"4,76","47,61","5,76050744622173","1,25",0,"5,10371875635034","-3,8","51,7","-23,444976076555","76,43","6,48","26,874","1,953","17,05",5,"32,9","11,8","18,1","45,9","58,9","31,27","2,8","-6,43","90,7","9,21",26,"0,415","946,854",60,1,"23,3","0,142",97,"12,9","13,04"
45,200070183,CC des Terres du Val de Loire,,,24,,,"62,7532713290655",2,"36,5","15,6","4,3","7,81","5,8","7,4","26,5","48,8","8,24","8,99","14,3","84,9","0,3","29,1","1,5","0,499221214904749","32,756201677662","1,84107018359284","2,2","0,38",2,69,"15,2","16,5","3,32","13,5",0,"6,54846992719693","0,785086762655421","34,0527015403863","61,1","13,9",108,"8,97","47,61","4,54923842922182","1,4",1,"4,75796726959518",1,"47,2","-27,5390625","40,26","2,01","69,733","3,228","6,72",7,"29,5","7,7","11,8","40,8",68,"28,66","2,6","-3,51","56,8","9,28","25,56",0,"901,361",62,3,"27,9","0,303",85,"12,9","13,17"
45,200071850,CC du Pithiverais-Gâtinais,,,35,,,"82,7956641886895",3,36,"19,7","9,3","9,25","-5,2",9,"31,4","36,3","11,83","21,77","17,4","82,6","2,1","39,45","0,9","0,547281185254681","27,0196836130902","0,679596547571256","1,4","0,02","1,56","76,2","7,1","15,8","3,32","9,6",0,"6,04962544658292","0,663525977424366","31,4638528883282","49,9","16,5",113,"5,36","47,61","6,36865213479201","2,35",0,"6,39388585912897","0,4","60,3","-29,7752808988764","43,93","2,97","72,89","1,768","5,83",5,"32,8","12,3","15,4","46,9","58,7","29,2","2,7","-6,41","67,3","11,77","18,1","0,391","417,097",61,4,"19,6","0,489",92,"12,9","14,3"
45,244500203,CA Montargoise et Rives du Loing (AME),,,69,,,"70,5638058809467",5,"28,5","19,1","2,5","25,65","0,33","9,8","24,6","54,3","3,67","0,42","15,5","77,5","-1,8","37,3","1,4","4,47697216974392","33,2157490570646","3,94403735632184",2,0,"2,7","134,5","12,6","45,4","3,32","25,3",2,0,"1,68580261708975","37,6529700070898","67,4","16,1",121,"10,76","47,61","6,81060771273848","1,27",4,"4,45253973100223","-11,6","16,1","-26,2773722627737","28,65","6,37","35,317","1,944","6,55",5,"40,2","21,5","23,5","36,7","51,3","28,13","3,3","-7,32","116,1","5,07","8,87","0,159","490,737",61,0,"17,9","0,554",97,"12,9","15,91"
45,244500211,CC Giennoises,,,64,,,"97,0386499501827",3,31,20,"6,2","17,63","-9,74","13,6",29,"47,5","12,91","8,51","17,4","83,5","-0,9","34,6","1,2","0,455580865603645","27,8474532889685","2,19394905997777","1,8","1,68","2,48","94,3","6,2","38,5","3,32","39,6",0,"8,54894497310716","0,737833809013697","36,7902431144496","58,5","10,2",122,"9,32","47,61","7,04707798842756","1,66",2,"4,8746474843667","-8,1","35,7","-17,5324675324675","60,54","1,73","30,861","1,662","11,77",5,"36,6","17,7","20,9","46,8","54,6","35,54","3,1","-9,2","121,4","10,82","10,73",0,"590,421",59,0,"24,4","0,19",108,"12,9","14,72"
45,244500419,CC des Quatre Vallées,,,52,,,"62,7121865889213",2,"32,1666666666667","18,4","10,9","4,94","-0,27","8,6","28,9","33,3","14,16","15,49",16,"83,4","3,3","39,45","0,9","0,463231036479444","27,2995283018868","1,17188240872451","1,2","0,83","2,32","98,6","11,4","24,4","3,32","15,2",0,"0,36482243773111","0,608938224853247","33,6440100022732","58,3","23,9",120,"17,96","47,61","6,40331489428555","0,58",0,"4,87052150257568","1,3","48,5","-46,6666666666667","42,98","0,21","70,926","2,73","5,79",4,"32,1","10,4","18,2","42,8","50,4","30,28","2,7","-5,68","49,7","8,55","19,55",0,"431,916",62,0,16,"0,346",100,"12,9","12,35"
45,244500427,CC des Loges,,,47,,,"79,2007839317191",2,34,"13,7","4,1","8,94","6,97","7,3","25,6","38,4","6,19","5,48","13,7","89,2","1,2","30,5","1,4","0,439346991629284","31,4160321840609","2,8668001525553","2,4","0,05","2,77","94,1","15,9","25,6","3,32","46,4",1,"38,9960299476098","1,45993419078507","31,2549579565286","50,9","29,7",107,"6,57","47,61","4,45452287788583","0,46",1,"5,25242787101641","-0,1","28,7","20,3007518796993","64,14","5,63","30,924","2,09","12,64",5,"29,1",8,"11,8","45,1","69,2","28,44","2,6","-4,24","55,9","8,45","26,55","0,462","883,026",62,0,"29,8","0,242",79,"12,9","11,44"
45,244500468,Orléans Métropole,,,35,,,"64,1898931852973",5,25,"11,7","2,5","22,11","3,91","7,6","21,4","53,7","1,15","0,18",13,"67,4","-2,6","29,1","1,9","2,33593146118302","40,402321736717","6,37303313938781","2,7","0,14","2,59","83,9","22,1","63,1","3,32","22,9",4,"8,98753912654643","3,44829071616632","32,3983815831642","64,2","13,7",99,"10,78","47,61","5,0019154832678","1,67",18,"3,23949178648342","-11,8","3,6","-26,9102990033223","6,21","6,38","20,48","4,947","9,65",5,"41,9","15,8","14,8","37,2",60,"34,96","3,4",-4,"124,4","2,14","7,27","0,102","1443,022",,5,"26,2","0,746",73,"12,9","17,65"
45,244500484,CC de la Forêt,,,6,,,"59,2576466560146",1,42,"9,9","2,1","8,36","-0,51","5,4","26,1","41,4","13,66","13,08","12,3","89,7","0,3","35,35","1,2","0,852224305437191","31,8962722852512","0,576967497112688","1,3",0,"2,27",57,"13,9","23,7","3,32","31,3",0,"7,60966169724771","1,69364768468234","29,3314002118999","60,4","21,6",101,"7,05","47,61","4,26487430519404","0,57",0,"3,99418126248971",-4,"58,3","-29,559748427673","37,89","2,08","54,866","2,595","6,02",4,"24,6","6,4","11,1",48,"75,3","22,84","2,4","-2,88","42,9","6,8",19,0,"647,967",59,2,"33,7","0,322",67,"12,9",11
45,244500542,CC de la Plaine du Nord Loiret,,,0,,,"67,7836403831982",2,"36,25","16,9","5,3","4,25","-0,83","9,7","29,5","40,2","29,57","28,25","15,1","89,1","4,3","35,35",1,"0,14883167137967","25,3984899328859",0,"1,5",0,"2,98","66,7","10,3","24,3","3,32","0,7",2,"4,01123144805455E-05","0,192793229019198","33,5619436743032","52,8","20,7",99,"8,77","47,61","5,82986579269431","1,49",0,"5,57746478873239","-1,2","98,9","-21,2962962962963","40,6","3,2","93,412","2,778","5,35",4,"29,3","7,5","16,9","51,4","40,4","27,68","2,4","-4,94","35,6","15,53","19,07",0,"417,335",61,4,20,"0,212",77,"12,9","12,04"
46,200023737,CA du Grand Cahors,,,74,,,"108,923605516326",2,"34,6666666666667","17,4","9,5","13,06","7,65","10,2","25,5","50,4","16,87","12,07","15,9","77,5","-2,9","41,3","1,6","4,94132180358246","34,0904454267256","1,36189051003866",3,"4,36","3,09","174,3","17,2","73,5","2,35","62,9",0,"29,1181755472181","0,477158987300436","52,8792086479539","77,8","7,1",125,"16,35","49,76","6,51761159533769","4,28",8,"4,84294918024905","3,2","50,4","-11,4864864864865","53,35","26,57","18,582","2,611","23,07",6,"42,4","14,8",18,"51,9","57,5","42,98",3,"0,3","120,5","16,53","16,53","0,238","178,559",59,0,"28,3","0,516",141,"18,7","16,94"
46,200035327,CC Cazals-Salviac,,,74,,,"69,0079866270431",1,36,"21,4","27,5","1,4",0,"9,7","33,1","30,9","36,7","42,97","16,6","84,1","-1,3","41,3",1,"0,184094256259205","26,8280753240401","0,479428571428571","1,8","1,04","3,68","123,9","1,9","22,1","2,35","56,9",1,"53,6852385526737","0,116104695839461","60,6607690918938","64,5","16,2",160,"6,16","49,76","6,47178731462712","5,52",0,"5,95108289768484","2,3","70,5","26,7515923566879","89,03","17,73","26,588","0,325","26,34",6,"35,2",20,"17,7","70,7",44,"41,24","3,3","-4,64","63,2","20,53","21,73",0,"18,054",55,0,"15,8","0,474",237,"18,7","14,81"
46,200039519,CC du Quercy Blanc,,,82,,,"37,2733039875712",2,"35,6666666666667","20,5","20,8","2,33","-9,89","9,4","31,7","38,3","42,69","43,5",17,"82,1","4,4","41,3",1,"1,42782969885774","23,1848474219572",0,"2,2","29,11","2,6","138,3","5,6","6,8","2,35","28,1",0,"1,8508912549348","0,1971565348727","51,0708401976936","59,9","8,5",142,"22,22","49,76","6,06548850787082","7,79",1,"5,32346094154165","-1,9","73,7","-16,632860040568",100,"20,28","57,979","2,258","11,53",5,"34,5","18,4","14,3","58,5","68,3","41,02","3,2","-3,34","66,3","23,67",25,0,"91,243",56,0,"22,9","0,571",202,"18,7","18,25"
46,200066371,CC Causses et Vallée de la Dordogne,,,58,,,"186,107987673754",2,"34,7142857142857","21,2","20,4","4,37","1,26",11,30,"35,5","20,93","19,18","17,7",83,"-0,2","32,8","1,3","1,23565754633716","26,925169245648","0,0973144518228125","3,1","1,48","3,97",136,"10,8","49,3","2,35","47,5",0,"100,00252900232","0,322962233418892","54,8822269807281","56,7","29,7",135,"13,29","49,76","6,30538321744627","3,97",2,"4,88230088495575","-6,7","47,7","-20,1005025125628","89,16","10,73","45,049","0,353","21,84",7,"38,8","14,8","16,7",63,"68,7","45,04","2,9","-3,92",102,"13,26","17,52",0,"127,195",56,1,"24,2","0,559",177,"18,7","16,2"
46,200067361,CC Grand-Figeac,,,63,,,"103,126705919942",1,"33,5555555555556","20,3","16,4","5,49","4,46","11,4","29,8","43,4","27,83","22,62","17,8","82,5","-0,6","34,6333333333333","1,2","2,98242418723249","27,3969597241812","0,690856031128405","2,5","2,49","2,96","144,6","28,1","39,4","2,35","46,8",0,"53,7288403327342","0,284647083615016","50,6276242608103","60,2","29,7",127,"17,07","49,76","5,47555324830401","4,78",1,"3,89792872232938","-1,2","60,7","-20,583596214511","87,52","9,91","49,245","0,206",21,6,40,"14,8",14,"57,4","66,2","57,24","2,9","-3,89","102,1","17,89","17,89","0,228","792,719",56,1,25,"0,478",160,"18,7","15,86"
46,244600433,CC de la Vallée du Lot et du Vignoble,,,76,,,"204,853380340108",2,"35,3333333333333","21,7","21,3","3,63","-2,26","8,5","27,9","40,1","20,45","20,98","16,9","82,7","-0,2","41,3","1,3","1,37779002480022","27,2148847970693","2,87024390243902","2,4","0,03","2,07","172,4","11,5","24,9","2,35","46,4",0,"0,0927390950961798","0,296373499540358","51,4934450601433","65,2","13,8",160,"18,35","49,76","6,93432124158564","11,71",0,"4,76591347478644","-7,7","73,1","-14,0589569160998","97,56","29,94","27,778","13,641","16,58",6,39,"15,9","17,6",61,"52,2","42,57",3,"-2,82","87,8","17,96","29,89",0,"26,355",55,0,"20,6","0,629",226,"18,7","18,06"
46,244600482,CC Quercy - Bouriane,,,80,,,"30,8995720115457",1,34,"20,7","19,5","3,87","-5,8","11,1","28,3",37,"28,23","19,34","17,2","83,1","-2,2","37,05","1,1","0,0975895384014833","27,4916301828483","0,421818181818182","3,7","4,04","4,88",173,"1,8","27,1","2,35","48,2",0,"90,0675596782564","0,341077546650223","57,2595195138164","74,9","14,9",152,"11,24","49,76","6,64095190877541","2,93",1,"5,05116509667824","-5,7","53,7","-46,9635627530364","87,96","9,28","33,383","0,339","25,69",6,"39,7","15,9","16,8",59,"79,2","42,06",3,"-2,05","100,2","12,05","12,05",0,"38,933",58,0,"22,7","0,49",235,"18,7","15,81"
46,244600532,CC du Pays de Lalbenque-Limogne,,,77,,,"78,1586411986732",1,"31,6666666666667","15,9","23,7","0,89",0,"7,1","28,5",31,"38,94","49,15","15,3","84,9","3,3","35,55","1,2","2,25073148773351","25,0800915331808","0,0134831460674157","2,9","15,42","2,25","161,5","7,7","26,2","2,35","54,4",0,"96,8571042983423","0,226891349573666","52,9728541597978",65,"9,6",136,"12,84","49,76","5,8534538384473","4,5",0,"5,31023416141685",10,"80,3","-11,7857142857143",100,"9,02","43,785","0,666","20,51",6,"35,4","15,4","14,9","65,2","60,3","47,94",3,"-4,3","51,8","23,87","25,52",0,"47,258",57,0,"24,2","0,264",159,"18,7","15,76"
46,244600573,CC du Causse de Labastide Murat,,,67,,,"8,79377233282287",3,"33,8","22,3","34,5","3,28",0,"7,3","29,9","39,4","55,61","62,99","17,5","82,7","3,1","34,6333333333333","1,1",0,"22,7289719626168","0,222619047619048","1,7","10,04","2,55","88,1","2,1","14,4","2,35","50,8",0,"99,9935807899195","0,126892522913075","56,196688409433","71,6","4,9",147,"43,79","49,76","5,98950493240775","5,11",0,"5,42864450127877","-5,1","86,5","16,7701863354037","87,93","19,59","57,171","0,176","28,96",6,"39,5","16,5","14,3","69,6","49,9","57,47","3,1","-7,13","75,5","26,71","26,71",0,"933,266",53,0,"11,9","0,363",242,"18,7","16,41"
47,200023307,CA du Grand Villeneuvois,,,70,,,"64,5313953733134",2,"30,5","19,3",3,"5,58","3,41","12,7","26,9","46,1","9,89","4,31","16,3",88,"1,2","32,25","1,4","2,23386709534646","30,2396580674706","2,40904088960964","2,6","0,05","3,34","195,8","27,7","49,3","3,34","7,6",3,"0,251523747998764","1,30071679435963","42,3503100538782","65,1","13,6",128,"13,21","50,66","7,01277360241938","1,46",3,"5,03261370781807","-8,2","30,1","2,12314225053079","64,12","11,34","48,719","4,497","10,12",6,"39,2","19,8","21,2","45,4","62,6","29,5","3,1","-3,6","109,1","12,37","12,37","2,505","658,737",60,1,"26,1","0,918",131,16,"18,92"
47,200030674,CA Val de Garonne Agglomération,,,66,,,"85,2037863578291",2,"34,3333333333333",20,"3,3","5,57","2,87","10,3","28,6","43,6","11,6","6,09","17,9","83,7","0,4",35,"1,1","1,94430713461855","28,3424223208624","2,5228663648558","2,6","0,47","3,46","168,2","15,4","41,9","3,34","10,6",4,"2,31425635526962","0,98198433192518","43,7341222625977","59,5","18,9",125,"14,11","50,66","6,85767322327346","2,8",4,"5,36859852826365","-1,8","43,2","-26,0105448154657","57,01","5,72","57,817","3,964","8,53",6,38,"18,2","18,1","49,9","64,2","26,58",3,"-7,52","104,7","8,95","13,05","0,33","296,17",59,2,"24,7","0,876",131,16,"18,2"
47,200036523,CC des Bastides en Haut Agenais Périgord,,,66,,,"56,6455010886836",1,"37,4",22,"17,3","0,96","-1,3","11,5","34,9","30,6","36,46","32,81","17,8","83,7",3,"32,6","1,1","0,29385836027035","22,9547192252145","0,181213017751479","2,3","6,44","2,35",104,"13,1",10,"3,34",12,0,"0,0006208884618227","0,442265121227642","51,3884088028575","57,9","13,8",140,"17,36","50,66","6,87949729240364","3,53",1,"5,71998591714588","0,9","69,2","-23,6501079913607",100,"19,82","67,678","2,656","10,79",5,"34,7","18,6","16,4","60,6",56,"32,85",3,"-6,04",76,"21,79","25,74","0,588","50,121",56,1,"22,9","0,728",170,16,"20,83"
47,200068922,CC du Confluent et des Coteaux de Prayssas,,,65,,,"101,887597765363",2,"33,6","18,9","5,9","1,56","0,83","13,9","33,7","34,5","25,61","25,51","16,3","87,9","3,6","33,1666666666667","1,3","0,168842863574966","22,7629132648937","2,27397536846356","2,6","2,71","3,38","137,9","22,9","23,3","3,34","8,9",0,"1,54689425522431","0,622457033698353","41,2286013100677","49,3","12,7",122,"17,13","50,66","6,74129295100995","2,81",0,"5,19155897268117",-4,"59,7","-37,403400309119","100,01","12,77","57,617","5,056","9,97",7,"31,6","19,6","17,8","56,7","48,3","34,78","3,2","-9,24","79,1","11,34","24,45","3,94","144,218",58,0,"23,2","1,066",119,16,"23,14"
47,200068930,CC Fumel Vallée du Lot,,,63,,,"18,4539580624187",1,"32,3333333333333","23,6","9,6","3,67","-7,41","11,5",31,44,"19,3","12,03","18,3","88,2","1,4","32,25",1,"0,772326328198041","23,1507931684191","0,713744121316825","1,9","2,03","4,47","125,1","17,9","27,2","3,34","31,4",0,"4,34045231679845","0,667577409421959","48,8437001594896",67,"19,1",150,"11,56","50,66","7,75905991687293","2,03",0,"5,64457338999673","-3,1","44,7","-16,3636363636364",100,"17,92","41,737","2,957","12,19",7,"36,5","19,1","18,2","52,1","67,8","29,39","2,9","-4,56","79,2","13,7","24,85","0,813","74,163",59,1,"19,3","0,837",174,16,"20,1"
47,200068948,CC Albret Communauté,,,37,,,"108,672248433754",1,37,22,"9,1","1,88","7,62",14,"33,3","40,1","24,12","20,84","17,6","85,8","2,4","31,9","1,2","0,773215804531045","26,0636783049496","2,41233243967828","2,9","0,85","4,64","135,4","25,3","23,2","3,34","28,2",0,"2,10135560948793","0,425647566539999","42,7235316124205","57,2","10,7",138,"14,82","50,66","6,7322642693441","1,16",2,"4,11207028265852","-1,7","45,8","-16,8674698795181","88,84","11,33","52,311","4,34","8,85",7,"36,3","16,6","15,1","55,9","68,7","40,21",3,"-4,7","78,4","12,52","22,18","0,387","344,183",58,0,"23,9","0,714",153,16,"19,94"
47,200096956,CA Agglomération d'Agen,,,58,,,"89,3517367530782",2,"32,5","19,3",4,"15,21","3,1","10,5","24,5","49,8","9,38","5,07","16,8","81,5","-0,3","31,9",2,"4,88562525189969","37,3396800211556","4,12549104467674",3,"0,78","2,95","189,9","31,8","60,5","3,34","6,9",1,"1,39143093567072","1,31933120015551","43,6437379261295","68,1","14,1",107,"13,24","50,66",,"2,65",9,,"-1,9","25,1","-28,4325637910085","56,56","14,4","56,949","2,37","9,62",6,"41,7","15,8",16,"44,3","66,2","30,79","3,1","-5,07","116,1","12,3","14,14","0,295","1070,67",,3,"26,1","1,234",102,16,"17,1"
47,244700449,CC du Pays de Duras,,,65,,,"182,875152571927",1,"37,5","21,3","18,5","0,38",0,"10,4","31,2","31,5","34,04","37,75",17,"80,8","7,3","34,85","1,5",0,"23,1641468682505","0,206167400881057","2,4","0,32","1,75","117,9","13,7",33,"3,34","13,4",0,"7,84529365149247","0,457820835777512","56,3549160671463","49,5",4,141,"4,07","50,66","6,69155050744333","3,49",0,"6,94204922325013","2,5","81,7","-22,3255813953488",100,"16,71","68,183","5,998","9,82",4,"34,8","20,5","18,2","59,3",57,"40,84","3,3","-5,64","76,6","16,65","20,76","3,49","13,703",55,0,"20,1","0,828",179,16,"25,42"
47,244700464,CC du Pays de Lauzun,,,66,,,"94,360793804453",2,"40,3333333333333","26,7","9,7","2,28",0,"12,6","30,7","38,1","22,61","22,41","20,5",83,"1,8",35,1,"0,193012931866435","25,7820171131996","0,0706967213114754","1,2","0,07","4,83","112,1","13,3","49,9","3,34","9,2",0,"0,15456146819057","0,539157451915707","46,0643587578572","62,1","9,6",159,"20,2","50,66","7,55920357383034","2,9",0,"4,96349313094438","1,6","43,7","-0,666666666666667",100,"14,05","61,563","2,765","8,79",4,"37,1","19,1","21,4","61,7","59,6","30,3","2,9","-8,01","79,3",7,"24,4","0,965","60,981",56,0,"19,6","1,152",217,16,"19,18"
47,244701355,CC des Coteaux et Landes de Gascogne,,,44,,,"95,9168074664092",2,"35,5","21,6","10,9","5,2","-0,64","10,6","26,1","33,2","29,42","13,33","18,2","87,3","-2,5","33,45","1,4","0,555996822875298","27,0940463946978","3,80070430285023","2,9","1,05","3,18","135,3","9,5","41,9","3,34","72,2",3,"0,962227152365276","0,402245810331966","42,3106947697112","63,8","12,3",140,"14,7","50,66","6,94357706827494","2,38",1,"4,67321946503384","-3,6","66,5","-16,9435215946844","77,25","6,75","16,347","3,544","9,38",5,"36,5","16,5","17,2","65,4","60,5","36,06",3,"-3,86","78,6","10,7","27,07","2,383","240,437",53,0,"21,4","0,418",180,16,"15,11"
47,244701405,CC Lot et Tolzac,,,67,,,"381,497965825875",1,"33,6666666666667","20,8","9,1","1,83",0,"12,7","31,2","33,1","31,68","34,19","17,9","83,5","-1,1","33,8","0,9","0,403985995152168","22,4947145877379","3,30878265703169","1,4","5,52","4,04","127,8","19,7","15,7","3,34","9,3",0,"0,272574924977591","0,629550391048816","44,2091330244871",57,"13,8",136,"19,4","50,66","6,91673338280091","2,69",0,"3,68985784581739","1,1","70,7","-31,4903846153846",100,"17,26","67,884","3,766","9,42",5,"34,9","18,3","16,8",54,"34,7","32,72","3,1","-6,88","68,5","16,2","22,4","4,04","183,984",57,0,23,"0,875",145,16,"20,84"
48,200006930,CC du Haut Allier Margeride,,,36,,,"145,520780978156",1,36,"27,2","36,2","8,27","-2,39","9,9",38,50,"31,19","33,61","22,8",73,"-1,5","35,3","1,1","2,32243081091543","25,0805742748315","2,20623193061356","2,4","22,49","7,74","116,1","29,7","49,8","2,98",63,0,"13,1373643849171","0,158748874094361","65,1051272593139","77,5","10,6",140,"33,65","99,87","6,01983438051146","1,94",0,"5,05979938271605","15,6","43,2","-13,9664804469274","91,64","13,12","40,788","0,023","25,75",6,"45,8","16,4","18,7","69,6","63,9","39,67","2,9","-1,4","114,2","11,3","44,3",0,"247,141",52,0,"29,5","0,251",170,"17,4","18,75"
48,200069102,CC Randon - Margeride,,,41,,,"269,633358807795",0,"33,75","17,5","41,4","2,53",0,"8,2","26,6","37,5","54,08","61,09","16,8","80,7","5,3","35,3","0,7","0,961353585848875","19,7766276219014","0,15211842776927","1,7","44,28","3,85","181,2","15,9","23,3","2,98","65,1",0,"8,11269416175683","0,131941827165918","50,215476859659","60,9","11,3",113,"47,36","99,87","5,55492643300966","13,46",0,"5,69760873658445","-0,1","72,6","-29,0756302521008","92,09","17,71","58,046","0,023","23,5",6,"35,9","14,1","16,1","80,3",65,"35,76","2,7","-0,12","64,5","22,53","31,53","7,691","297,92",57,0,"29,8","0,125",126,"17,4","13,01"
48,200069128,CC Mont Lozère,,,38,,,"133,20132704732",2,29,"19,4","51,7","3,78","10,99","4,7","29,4","31,2","55,06","63,84","19,4","85,3","7,8","36,55","0,8","4,97683198901665","23,9075841285786","1,80250347705146","2,2","43,18","6,86","126,6","17,3","1,7","2,98",81,0,"59,8871658646491","0,10409350400999","70,5256154357951","75,4","7,3",126,"20,61","99,87","5,94003711586379","3,43",0,"6,11973110465116","14,3","78,2","-8,84353741496599","93,22","20,45","34,927","0,022","25,3",6,"38,9","17,5","14,1","72,9","42,8","49,08","2,8","-0,38","68,8","23,29","35,33","6,865","647,039",55,0,"28,9","0,255",147,"17,4","15,73"
48,200069136,CC des Cévennes au Mont Lozère,,,41,,,"98,5893175074184",3,"29,6666666666667","20,3","51,8","2,58","8,06","5,5","28,8","22,3","65,36","75,3","19,1","72,1","-3,2","36,55","0,7","1,7643599294256","23,2889158086009","0,0570813139472267","2,7","76,73","3,92","133,9","4,8","1,1","2,98","96,6",0,"99,4071357011279","0,088588982864822","78,6282682834407","64,7","8,5",141,"20,46","99,87","7,42164390547968","19,6",1,"4,32943276477588","7,7","76,8","2,29885057471264",45,"40,56","17,325","0,01","29,79",5,"43,6","30,1",22,"69,2","60,4","85,87","3,8","-3,45","82,7","31,47","45,26","19,604","20,841",52,0,"16,2","0,381",216,"17,4","22,54"
48,200069144,CC des Hautes Terres de l'Aubrac,,,39,,,"103,714826624153",0,38,"21,2","34,4","3,75","4,71","13,2","27,1","38,7","50,75","55,85","20,2","71,7","0,3","35,3","0,6","1,40760104564649","19,6363636363636","0,0644768856447688",3,"36,39","4,02","124,9","20,8","16,6","2,98","58,4",1,"90,3554554244121","0,165432607457928","55,2550231839258","50,3",17,134,"18,66","99,87","5,88647030718642","2,01",1,"6,82707062758214",-1,"63,5","-12,0500782472614","90,3","3,16","71,002","0,029","22,53",5,"38,4","18,2","9,4","69,3","48,8","30,57",3,"-5,44","81,6","35,06","45,06",0,"129,444",55,0,"21,4","0,185",182,"17,4","17,93"
48,200069151,CC Gorges Causses Cévennes,,,36,,,"157,374547560446",1,30,"20,7","44,9","7,1","3,43","6,9","26,3","34,1","35,56","47,29","19,2","71,4","1,9","35,3","0,7","2,74249422632795","22,6357267950963","1,63168316831683","2,5","15,76","5,77","156,4","28,9","19,2","2,98","89,5",0,"90,881726580719","0,0543005018336443","85,6984632424201","71,8","8,1",122,"18,96","99,87","7,07478720131268","2,89",1,"6,56453697056712","-5,5","42,2","6,76691729323308","92,94","23,32","39,409","0,042","28,36",5,44,"19,3","16,2","68,7","51,8","67,55","3,1","-0,23","103,2","39,41","41,24","4,33","510,868",54,0,35,"0,128",156,"17,4","19,17"
48,200069185,CC des Terres d'Apcher-Margeride-Aubrac,,,40,,,"143,971336675811",2,35,"20,5","23,9","7,42","2,75",11,"30,2","43,6","30,34","25,55","20,4","80,1",1,"35,3","0,7","0,381533765738268","21,1811546118116","0,173738532110092","2,6","0,83","4,77","179,5","26,7","41,7","2,98","50,6",0,"24,0536954279821","0,253538950388661","47,7588046958378",69,"13,4",125,"21,88","99,87","5,67720167593264","3,82",1,"6,37037037037037","-3,8",38,"-14,0449438202247","91,3","6,19","59,998","0,016","27,66",5,"42,2","13,9",10,"69,2","71,5","29,57","2,8","-3,78","100,7","37,1","37,8","1,908","459,801",55,0,"28,9","0,184",143,"17,4","14,98"
48,200069268,CC Aubrac Lot Causses Tarn,,,38,,,"136,118541033435",1,"30,6666666666667","17,4","32,4","4,47","1,96","9,5","28,4","37,3","34,14","46,64","18,8","82,6","2,1","35,3","0,6","2,28310502283105","19,6712524566732","0,047945205479452","2,2","20,31","3,81","143,7","22,1","21,2","2,98","64,3",0,"35,3576394835086","0,189325592995653","59,1628820424696","55,4","26,9",115,"26,39","99,87","5,48895614743072","2,54",0,"6,21732580037665","-2,9","56,5","6,10687022900763","91,78","34,99","52,397","0,072","24,37",6,"38,1",13,"13,2","68,9","60,4","33,36","2,7","-0,21","86,7","21,73","40,93","6,342","889,898",59,0,"41,1","0,179",115,"17,4","13,41"
48,244800405,CC Coeur de Lozère,,,37,,,"25,032625383828",2,30,"14,6","9,6","18,2","8,36","6,6","24,5","37,8","10,16","4,94","15,4","81,4",2,"35,3","1,2","5,11672529581068","30,6974138735879","0,89392209110519","3,3","0,5","3,2","215,1","35,6","73,2","2,98","68,4",0,"26,9580150883276","0,461513104602443","51,1068102092658","82,1","5,2",101,"19,24","99,87","5,30107041526954","2,56",7,"4,93951508898633","-6,3","22,6","-17,3076923076923","34,73","26,74","36,331","0,058","28,01",5,46,"11,6","13,5","56,6",79,"44,96","2,8","-2,66","133,9","9,14","9,14","3,838","1348,131",54,0,"37,6","0,187",88,"17,4","13,16"
48,244800470,CC du Gévaudan,,,41,,,"99,7193545050171",2,34,"17,9",15,"7,69","3,88","16,4",28,"41,8","21,71","15,42","17,2","78,2","0,6","35,3","0,8","1,65665769310416","22,8876508820799","0,0839543726235741","1,1","2,58","2,07","114,7","20,9","44,6","2,98","55,6",0,"66,4852650767128","0,345093883802009","44,127901185377","80,5","10,4",121,"49,63","99,87","5,94541297302097","1,04",0,"5,31368486480887",-11,"35,5","13,6792452830189","91,1","21,21","60,088","0,049","23,57",6,"41,2","13,1","15,8","61,8","63,7","35,2","2,7","-3,03","111,4","7,67","25,58","4,142","1340,771",59,0,"37,6","0,23",126,"17,4","17,11"
49,200060010,CA Mauges Communauté,,,76,,,"84,4477003272327",1,"39,4","12,1",2,"10,16","1,31","5,9","27,3","35,3","12,35","7,95","15,1",86,"1,9","33,75","1,2","0,580188602154052","25,4879695168881","1,89660210903577","2,8","0,24","2,29","73,8","22,9","46,4","3,44","3,7",4,"3,0368949411622","0,715040683925763","29,763802116537","52,7","17,8",106,"20,48","57,73","4,02395652806152","1,55",0,"5,70364777145527","-0,8","62,5","-22,7211796246649",100,"12,01","79,211","0,919","10,96",5,"28,9","7,8","9,4","40,9","63,4","24,11","2,3","-4,67","73,2",2,"21,8","2,206","6523,413",56,1,"30,8","1,122",74,"15,5","14,86"
49,200068955,CC Anjou Loir et Sarthe,,,38,,,"73,2739550753483",1,"39,5","14,5","4,5","10,74","-1,73","7,4","29,2","34,5","12,55","16,09","15,1","86,9","0,5","33,8",1,"0,92002830856334","24,0260086340138","0,406713182775278",3,"0,24","2,48","80,8","18,7","29,5","3,44","20,1",0,"5,34278897717075","0,737015104248028","34,3579211195043","45,9","34,4",108,"7,89","57,73","4,5159235587174","2,83",1,"4,74332663605052","-5,6","51,3","-27,7915632754343",100,"16,15","51,134","1,797","13,86",5,"28,9","8,6","11,9","45,2","75,6","32,7","2,4","-5,04","70,4","10,41","24,71","0,354","3843,771",60,0,"25,4","0,436",75,"15,5","15,05"
49,200071553,CC Loire Layon Aubance,,,73,,,"83,3130598525245",1,"38,5","12,7","3,8","7,92","-0,92","6,1",29,"27,8","7,9","4,84","13,1",86,"0,4","33,0666666666667","1,5","1,60906674129005","28,6228972810451","1,24342918117489",4,"0,67","2,45","84,3",21,"44,6","3,44","8,1",0,"18,900660092902","0,727908520291481","34,6091274937923","57,4","12,9",110,"15,77","57,73","3,67777079617318","2,62",0,"4,82734463677639",0,"72,2","-10,1522842639594","98,79","16,39","58,712","2,121","11,98",5,"26,5","6,6","9,3","37,3","75,1","30,15","2,5","-3,11","61,2","7,84","23,89","0,874","4894,94",60,0,"29,9","0,952",79,"15,5",14
49,200071678,CA Cholet Agglomération,,,63,,,"48,0549152866852",2,"39,75","13,4","1,9","14,98","0,62","5,4",22,"54,3","5,64","4,17","16,6","82,6","-0,5","33,4","1,7","2,52122508618961","32,6860696961581","2,34172423073473","3,2","0,22","2,67","74,2",33,"56,4","3,44","6,4",6,"0,171558826900302","0,803800816434628","35,0503036765729","51,6","25,4",112,"11,52","57,73","4,88262016091721","0,57",3,"4,11060115363241","-0,5","26,2","-21,9858156028369","97,11","12,34","71,276","1,003","11,55",7,"36,3","10,6","12,7","39,6","74,6","28,79","2,6","-7,67","120,6","8,96","17,69","0,287","6532,802",55,2,"27,3","0,341",90,"15,5","16,94"
49,200071868,CC des Vallées du Haut-Anjou,,,60,,,"60,0605084138919",1,"36,8333333333333","13,4","3,4","12,01","0,88","5,9","27,4",26,"13,05","14,62","14,6",87,3,"31,5","1,2","0,959719213578656","23,5091693165483","1,42792182662539","3,3","0,18","2,19",87,"14,9","33,1","3,44","4,9",1,"1,88617395209117","0,720972169908083","32,0588869715272","59,6","20,1",106,"17,49","57,73","4,31357885570865","2,19",0,"4,97752158203933","0,9","59,9","1,338199513382",100,"12,75","73,67","1,772","11,01",5,"27,6",9,"13,2","40,1",65,"21,09","2,4","-5,31","52,6","9,6","23,27","1,371","5287,694",59,1,"30,5","0,385",61,"15,5","16,19"
49,200071876,CA Saumur Val de Loire,,,48,,,"79,2023987548448",1,"37,5714285714286",19,"6,2","15,43","0,84",9,"30,2","40,2","11,5","7,83","17,7","81,8","0,5","32,1","1,1","3,72891026163502","27,0285991274843","2,07197064118543","2,9","0,04","3,36","102,1","21,5","48,5","3,44","23,8",2,"86,5949670172507","0,428532860011652","36,9213941232039","61,1","17,4",121,"13,45","57,73","6,33109235651365","1,43",2,"6,22126025519563","0,5",47,"-37,0147621651176","82,49","10,74","51,684","4,329","9,52",8,"36,2","13,8","17,4","44,9","69,4","36,45","2,7","-6,48","96,5","8,76","15,91","0,509","2131,855",58,1,"23,1","0,887",105,"15,5","19,57"
49,244900015,CU Angers Loire Métropole,,,54,,,"74,524162065378",2,"40,2","12,3","2,5","26,35","0,14","5,4","20,5","51,2","1,11","1,75",16,"68,2","-3,9","31,7","1,9","3,23827904898221","39,6817379626714","5,44611726790891","4,8","0,01","2,85","101,3","26,2","66,4","3,44","8,3",2,"24,7932777580702","1,86971044006648","34,4072201663221","68,4","12,1",101,"16,31","57,73","5,03624745047054","1,23",17,"3,53331218168156",1,"14,6","-1,98019801980198","43,23","17,78","48,698","2,413","12,61",6,"44,2","13,9","12,3","39,1","69,3","41,35","3,2","-5,03","119,7","5,41","13,21","0,291","3661,271",,4,"26,7","0,851",78,"15,5","20,21"
49,244900809,CC Anjou Bleu Communauté,,,69,,,"36,87278978389",1,38,20,"3,6","14,53","-0,92","8,2","32,9","34,9","15,5","12,89","17,8","84,7","1,4","34,3","1,1","1,27440190001738","22,3408681181528","4,26317702653581","2,9","0,2","2,61","86,9","15,6","35,5","3,44",5,2,"0,0001525832341542","1,07302236241331","36,4596500098312","51,4","22,7",118,"14,26","57,73","5,57871882776239","4,05",1,"4,79251079616265","-1,8","61,8","-18,5786802030457",100,"16,6","73,008","1,349","9,82",5,"34,8",13,"12,9","42,3","62,3","25,29","2,5","-4,54","90,3","6,64","26,27","1,159","4232,465",54,1,"29,7","0,399",92,"15,5","18,67"
49,244900882,CC Baugeois Vallée,,,74,,,"64,6780816009661",1,"39,6666666666667","18,4","6,2","11,2","-4,45","7,9","32,5","35,4","15,63","10,83","17,2","85,5","1,1","36,45",1,"1,09801202034212","24,2395608351332","2,48456790123457","3,1","0,07","2,02","66,8","16,4","30,5","3,44","22,3",1,"26,8369572580099","0,350457429663166","35,1587953650452","57,3",18,119,"14,92","57,73","5,48708357661866","0,87",1,"5,05256584922798","-1,5","50,8","-19,2145862552595","100,01","9,72","54,045","2,513","8,91",7,"31,6","11,6","13,9","38,1","69,1","35,28","2,5","-5,86","71,8","8,14","28,43","1,156","4214,239",58,1,"23,3","0,907",96,"15,5","17,47"
50,200042604,"CC de Granville, Terre et Mer",,,11,,,"52,874537264172",1,39,"19,3","28,1","10,36","2,38",6,"26,9","40,8","4,94","5,74","16,3","82,1","-1,8","30,2","1,8","2,2207563764292","36,2092745272321","1,24643992371265","4,1",0,"3,08","154,9","21,5","60,2","3,11","4,9",1,"3,16959227918036","1,34263735704104","42,2709171830746","70,2","16,5",152,"8,44","53,22","5,28933331182032","1,98",1,"5,38317144793314","-1,7","25,1","-33,931484502447","73,86","13,21","60,731","0,802","13,04",4,"41,3",10,"12,9","47,2","90,9","35,58","2,9","-3,82","98,9","9,84","11,69","0,22","377,563",59,0,"29,1","0,708",186,22,"17,01"
50,200042729,CC de la Baie du Cotentin,,,14,,,"264,487411708628",1,38,"22,5","10,3","16,95","0,73","8,2","32,8","37,6","21,56","14,72","19,8","83,6","0,9","41,15","1,2","0,174200853584183","23,1106097803729","1,68313725490196","2,5","0,35","2,61","98,7","14,8","23,6","3,11","0,5",1,"101,01562950958","0,756010485912774","35,4065755068799","56,7","28,6",122,"17,63","53,22","6,23751945965726","3,48",0,"6,17457560890896","2,4","53,4","-23,1707317073171","77,37","12,24","74,885","0,67","15,73",4,"37,8",13,"14,3","45,5","70,3","22,73","2,6","-5,13","97,3","12,26","37,78","2,178","744,567",55,0,"20,3","0,705",129,22,"18,11"
50,200043354,CC de Villedieu Intercom,,,11,,,"89,4683649364745",1,"36,8","22,7","9,6","10,21","-0,41","11,5",34,"32,7","19,26","9,45","18,5","85,2","2,1","33,2",1,"0,51033426894616","20,3187998124707","0,103194103194103","2,3","0,03","2,55","116,3","13,3",27,"3,11","1,9",0,"3,9800640917524","0,773203676774956","39,3247889965614",56,"23,2",124,"5,33","53,22","5,96929264555669","1,91",2,"6,60048518896834","-0,5","59,9","0,573613766730402","78,94","7,75","76,352","0,668","12,06",5,"35,4","14,1",14,"51,1","82,6","29,73","2,6","-4,79","79,3","10,37","23,48","1,914","582,682",57,0,"21,2","0,403",123,22,"17,19"
50,200066389,CA Saint-Lô Agglo,,,16,,,"47,9772611639466",1,"38,2",17,"3,6","17,66","0,63","7,8","26,6","40,6","10,95","8,37","17,2","85,5","-1,2","37,7","1,8","1,14771630539688","30,6066893834117","3,15465775185528","2,9","0,21","3,13","133,9","20,2","25,7","3,11","2,7",2,"20,4299306076066","1,06661601425385","33,826051861568","66,1","11,9",114,"19,56","53,22","5,15394254043065","2,61",5,"5,70148369515133","-1,6","35,4","-37,0343839541547","77,1","7,97","70,325","0,549","12,22",5,"37,9","11,6","13,6","43,9","76,1","32,89","2,6","-4,57","106,1","12,21","12,44","1,435","1022,727",59,2,"27,1","0,553",98,22,"16,01"
50,200067023,CC Coutances Mer et Bocage,,,11,,,"62,3970122986025",1,"40,8333333333333","21,8","23,6","11,23","2,01","7,9","31,4","36,1","11,98","8,06","18,5","84,5","0,8","33,075","1,3","0,879489058737305","27,9389869648446","2,2861852433281",3,"0,03","3,14","129,3","21,4","43,8","3,11","2,9",0,"8,56616639729085","0,771787124838965","38,6011349736309",66,"14,3",132,"13,92","53,22","5,59627939481182","2,93",1,"7,58640297696199","-2,3",40,"-18,9853958493467","76,43","12,56","71,098","0,693","12,8",4,"38,1","12,5","13,4","51,2",78,"31,98","2,8","-2,21","89,9","10,38","11,98","1,256","493,693",58,1,"24,5","0,597",145,22,"18,2"
50,200067031,CC Côte Ouest Centre Manche,,,13,,,"218,523454109558",1,"40,75","23,3","26,1","9,9","5,18",8,31,"29,1","22,48","16,69",20,"84,7","0,3","33,3","1,1","0,225286113363972","23,3048620236531","6,30431486880467","2,5",0,"1,8",109,"14,7","29,9","3,11","8,9",2,"88,4219930569737","0,711329689405306","36,8704242744994","55,4","22,7",130,"8,26","53,22","6,18538849975566","1,8",0,"5,59958950969213",-3,"53,5","-17,032967032967","86,06","8,53","65,999","4,202","13,67",3,"36,6","13,9","13,9","47,4","73,7","28,3","2,6","-5,23","87,1","20,53","25,2","0,901","285,349",54,0,"21,1","0,651",140,22,"19,39"
50,200067205,CA du Cotentin,,,12,,,"71,472357038535",1,"37,75","17,7","13,3","23,16","0,22","6,3","28,6","36,2","10,99","8,41","16,7","79,8","-1,4","44,6","1,7","1,91958989053301","32,8033975376432","2,00820135746606","2,7",0,"2,52","148,3","20,8",37,"3,11","7,7",5,"16,9914082620789","0,935545087269356","30,5947060845651","61,3","14,9",107,"11,66","53,22","5,11971343228449","1,68",9,"5,10277858273333","-3,4","33,5","-29,6574770258981","77,94","9,84","62,638","0,876","13,94",5,"39,1",11,"13,4","41,8","82,3","24,99","2,8","-4,55","100,9","15,67","25,98","1,287","663,185",,0,"24,3","0,617",105,22,"15,66"
50,200069425,CA Mont-Saint-Michel-Normandie,,,13,,,"74,7105254126772",1,"36,8181818181818","20,2","11,2","9,72","1,53","10,5","30,4",34,"18,11","10,52","18,6","83,8","2,1","31,65",1,"0,492047144982263","24,5895405168565","4,33930630548184","2,4","0,02","2,29","107,3","17,4","47,7","3,11","4,4",7,"12,8906774449768","0,720032789578578","38,0596766866475","61,7","16,8",130,"12,61","53,22","5,55207687286449","5,03",5,"6,42515297576317","-0,9","51,9","-22,8601252609603","85,48","5,11","76,389","1,16","10,28",5,"37,2","12,6","12,4","52,7","78,4","29,2","2,6","-3,65","101,8","12,06","13,67","1,945","441,204",56,0,"21,6","0,354",138,22,"15,45"
51,200034718,"CC de Vitry, Champagne et Der",,,17,,,"133,178884884461",2,"38,5",24,"1,7","33,89","-8,9","11,6","33,4","48,2","10,79","10,8","15,5",83,"3,9","31,85","1,2","0,256278831368529","29,266695766041","2,5076909782233","2,7","4,74","3,42","100,3","18,4","58,2","4,03","14,8",5,"7,25695011876485","0,294477236565474","39,3274915097899","61,1","23,4",120,"12,29","42,13","7,134694852963","0,43",0,"4,48489256473131",-2,"43,2","-33,8028169014085","69,16","1,58","75,137","3,315","6,72",5,"38,7","17,6","20,6","50,4","58,9","20,16",3,"-8,85","117,5","12,8","12,83",0,"507,316",58,0,"18,2","0,228",113,"13,4",17
51,200042620,CC de la Région de Suippes,,,39,,,"95,8621712222795",1,36,"18,9",2,"14,46","-1,88","8,9","30,9","41,7","28,69","35,89","18,9","73,3","1,9","33,4","1,3","0,643915003219575","28,6390265885534","0,572488981674786","2,2","0,53","1,29","87,6","19,9",29,"4,03",30,4,"11,209963076538","0,138133646463551","26,9058295964126","75,2","26,3",95,"16,03","42,13","5,04607652399481","3,86",0,"5,10998702983139","1,2",100,"1,21457489878543","99,99","3,71","68,045","3,255","6,78",3,"28,8","11,9","10,6","52,9",49,"27,3","2,7","-14,74","93,1","23,69","27,56",0,"777,28",58,0,"21,1","0,085",58,"13,4","27,13"
51,200042703,CC de l'Argonne Champenoise,,,37,,,"95,568268821778",0,"40,8333333333333","24,6","5,9","10,47","-5,98",14,"30,3","43,8","37,79","39,03","18,8",84,1,"33,4","0,7","2,22850775692123","24,6026533561014","0,302863591479757","2,3","7,53","3,43",72,"9,6","36,8","4,03","29,6",2,"32,9115731913516","0,173169279365145","45,0525613215418","55,5",25,129,"16,36","42,13","6,91210858193804","1,71",0,"7,5692191941147","3,7","61,7","-28,7211740041929","97,21","2,82","62,14","2,539","8,72",4,"37,2","13,9","19,2","55,1",53,"31,63","2,8","-6,43","92,8","14,65","42,42",0,"289,504",54,0,"19,2","0,247",137,"13,4","15,65"
51,200042992,CC Perthois-Bocage et Der,,,24,,,"79,2273053462505",0,"37,6666666666667","20,2","14,9","2,43","-23,08",7,31,"33,5","46,49","53,26",17,"85,4","-4,1","30,3",1,"0,541320822807651","28,485796194944","6,93014705882353","2,5","14,63","3,61","85,8","21,2",30,"4,03","21,1",0,"97,7347604343753","0,259164484790006","42,1911008686403","52,7","46,2",127,"5,97","42,13","5,08587834427057","3,61",0,"7,50123674911661","-4,5","99,3","26,0504201680672","98,33","2,99","47,671","2,757","7,94",4,"31,4","10,3",15,"63,6","33,3","23,46","2,6","-6,9","63,6","15,04","15,6",0,"150,683",57,0,"14,7","0,491",130,"13,4","12,84"
51,200043438,CC de la Moivre à la Coole,,,23,,,"80,6890800934778",1,35,"13,4","1,9","2,59","-1,96","5,9","25,1",34,"23,84","25,09",11,"89,9","2,2","33,4","1,2","1,06678045658204","32,9874928936896","1,48739837398374","1,4","0,2","2,13","61,4","17,2","29,7","4,03","4,3",3,"0,074870982160998","0,306123599051206","32,8847515936457","44,4","21,8",110,"8,59","42,13","4,03692532194007","1,07",0,"8,46050968828981","-1,3","68,2","-25,748502994012",100,"3,08","81,311","3,195","7,15",5,"23,4",5,"12,1","49,4","48,7","23,68","2,4","-4,53","45,8","16,21","16,21",0,"200,344",62,3,"30,1","0,195",88,"13,4","9,64"
51,200066835,CC de Sézanne-Sud Ouest Marnais,,,13,,,"85,1515726552493",1,34,"21,4","7,5","9,19","-11,37","12,6","32,2","42,7","22,1","17,32","18,2","84,4","1,4","40,1","0,8","0,573696036716546","26,3083451202263","1,64664101805268","2,5","0,97","1,43","94,9",29,"36,7","4,03","20,8",0,"1,65364562865152","0,175344306346913","35,9163821727541","53,3","11,8",120,"11,47","42,13","6,05685551043346","4,3",0,"7,11628342621646","-1,6","68,9","-23,7247924080664","98,72","2,06","69,06","4,295","6,91",5,35,"12,4","18,8","56,5","52,1","25,86",3,"-6,39","72,9","11,95","22,05",0,"318,01",55,1,"18,7","0,285",118,"13,4","14,87"
51,200066850,CC des Paysages de la Champagne,,,14,,,"84,0705158997022",1,"35,8","22,3","6,1","3,6","0,6","13,1","34,7","34,3","18,42","23,6","17,5","84,2","2,7","33,75","1,7","0,193040876405579","34,3148357870895","0,543206955698823","2,5","0,08","3,86","98,2","12,6","52,2","4,03","34,5",0,"22,2080282583721","0,146455747203302","37,8978323767965","38,2","5,2",110,"10,6","42,13","5,47743184865187","1,93",0,"7,5284387145701",-1,"72,4","-7,8419452887538","93,77","3,12","52,609","9,543","8,19",5,"32,4",10,"14,4","50,4","57,8","24,47","3,1","-4,84","70,9","18,82","21,71",0,"223,877",57,0,"15,4","0,336",108,"13,4","15,38"
51,200066876,CA de Châlons-en-Champagne,,,26,,,"77,8367173852503",2,37,"16,6","1,8","33,47","-0,23",7,"18,6","60,1","6,31","8,34","15,2","75,8","-0,4","33,6333333333333","1,6","3,16738614013129","38,6009525246213","2,12405139129277","3,6","1,15","3,19","130,4","24,6","59,4","4,03","8,3",4,"0,163604549431321","0,488515188828145","33,6723079039864","72,3","14,5",101,"12,71","42,13","5,98667986206822","1,66",3,"5,5166098539641","0,6","18,5","-30,3834808259587",62,"1,64","83,942","3,959","7,51",6,"41,6","15,8","17,2","37,8","61,6","21,53",3,"-5,36",114,"16,09","16,11",0,"1407,182",62,4,"21,8","0,166",86,"13,4","18,39"
51,200067213,CU du Grand Reims,,,35,,,"54,6677326403382",3,"36,8",14,"3,1","34,23","-0,12","8,4","20,6","55,5","2,95","5,07","15,3","72,6","-0,2","31,5","2,1","1,50256141341616","43,1594037050026","3,26161218431507","4,5","0,03","3,16","143,7","24,7","70,9","4,03",18,7,"18,8009174822838","0,739600852900643","37,6430833933992","66,6","12,8",95,"12,13","42,13","5,24149479944008","0,54",16,"3,6125308844356","1,7","19,4","-11,8175535590878","42,56","4,4","68,809","6,369","6,73",5,"43,1","16,6","13,9",38,"60,3","21,06","3,6","-5,18","109,7","13,31","16,48",0,"1328,865",,4,"20,1","0,34",76,"13,4","16,58"
51,200067379,CC Côtes de Champagne et Val de Saulx,,,26,,,"64,3281728330272",1,41,"21,1","2,8","8,52","-0,46","11,1","31,2","41,2","26,26","27,51","16,8","89,6","2,8","31,85","0,8","1,05401844532279","24,491392801252","0,161504424778761","3,5","0,04","2,64","105,4","12,2","30,1","4,03","21,5",0,"61,8993082414304","0,204878820380197","35,3600689952566","54,2","15,8",114,"8,54","42,13","6,0536156482916","13,18",0,"7,36623687131757","0,1","69,5","-12,4087591240876","98,25","3,61","63,54","2,632","8,49",4,"33,1","11,7","21,1","55,7","48,1","22,4","2,6","-11,41","41,1","17,3","17,25",0,"73,307",57,0,"20,5","0,476",103,"13,4","15,81"
51,200067684,"CA Epernay, Coteaux et Plaine de Champagne",,,14,,,"84,5951832907076",2,"39,25","20,7","4,3","20,05","1,11","9,8","24,9",51,"8,37","7,76","16,1","77,2","-1,2","27,4",2,"2,09401709401709","39,7621188022958","0,953861174099269","3,6","0,17","3,63","121,9","13,1","58,7","4,03","17,5",3,"2,45011399598462","0,455504122308036","40,2670561235135","53,2","11,2",106,"12,42","42,13","5,83635413560782","0,85",3,"5,34374802352792",1,"34,8","-21,8818380743983","63,47","2,31","76,073","10,455","7,45",6,"40,6","13,3","17,6","38,2","70,8","22,65","3,2","-5,09","117,2",15,"14,89",0,"1039,224",59,2,"21,9","0,283",110,"13,4","15,53"
51,245100615,CC de la Grande Vallée de la Marne,,,29,,,"117,184435416083",1,"37,5",19,"3,2","12,35","-2,58",9,26,"48,4","8,75","7,61","15,3","85,4","1,9","27,4","2,6","0,987933102815609","43,1688087266443","4,55130540376442","3,1","0,28","3,53","121,1","14,6","57,4","4,03","41,9",1,"99,9228663710516","0,282422036114478","40,1878193619666","42,8","11,4",108,"9,96","42,13","4,31376318475672","0,71",0,"4,72616536236815","4,9","37,8","-20,1680672268908","47,48","9,43","40,188","10,021","7,91",5,"32,9",6,"11,1","45,6","64,1","23,57","2,9","-4,69",87,"10,71","10,71",0,"311,421",56,0,"20,9","0,456",118,"13,4","13,11"
51,245100888,CC de la Brie Champenoise,,,12,,,"92,5546730209161",2,"39,6666666666667","20,5","9,2","9,38","-1,89",10,"35,1",29,"33,31","32,26","17,4","86,8","4,5","40,1","0,9","0,530996946767556","24,3337433374334","0,834147223729427","3,4","0,29","2,65","62,2",20,"66,6","4,03",19,0,0,"0,185775382021656","35,9383167799268","44,2",9,118,"6,26","42,13","6,61787083010818","1,33",0,"8,7897449451566","-1,8","55,9","-34,6846846846847","97,26","2,17","66,749","3,584","6,36",3,"33,6","13,9","15,5","45,7","53,1","22,97","2,9","-8,02","91,2","9,4","31,8",0,"267,904",54,1,"18,1","0,243",105,"13,4","15,45"
51,245100979,CC du Sud Marnais,,,33,,,"101,651598487453",2,"38,5","23,4","3,4","15,68","1,46","11,4","35,4","39,3","27,01","46,81","18,7","81,4","-0,8","40,1","0,5","0,342817963661296","24,1948153967007","0,0590863952333664","2,8","5,05","5,14","77,5","22,6","65,7","4,03","4,4",1,"3,08774023363899","0,238800732488431","32,6160053799597",39,36,117,"23,29","42,13","6,76247724238379","5,14",0,"7,38045879354291","0,1","70,6","-20,2764976958525",100,"2,2","79,536","3,991","7,51",4,"35,3","14,7","22,2","51,3","57,6","25,03",3,"-11,86","79,7","20,07","31,14","1,714","378,278",55,1,"15,2","0,088",97,"13,4","17,65"
52,200027308,CC d'Auberive Vingeanne et Montsaugeonnais,,,35,,,"111,427692307692",1,"41,5","23,4","13,9","5,85","2,31",13,"31,3","29,5","41,38","45,23","19,7","82,8","-1,1","34,1","0,7","0,61751265900951","22,8438228438229","0,893943355119826","1,5","13,06","2,47","87,3","12,6","39,8","3,62",41,0,"3,33492760441169","0,135056297955807","49,7331392527899","50,6","30,9",123,"17,59","39,12","5,25787834057088","14,82",0,"5,62489486963835","1,6","84,4","-21,9512195121951","97,87","12,78","54,095","1,446","11,41",4,"36,1","10,5","12,6","70,3","62,1","51,62","2,6","-7,77","63,5","21,22","25,59",0,"18,195",57,0,"13,6","0,199",129,"18,5","14,69"
52,200044253,CC du Bassin de Joinville en Champagne,,,35,,,"80,2546002279759",2,39,"26,4","7,3","13,4","0,13","16,8","37,8","49,3","26,67","35,81","19,6","81,2","3,7","32,2","0,8","1,39389963922598","21,3819226750261","2,27304904769931",3,"9,87","3,28","100,9",25,"41,9","3,62","40,9",2,"9,6169340974212","0,135894674469129","42,3484119345525","55,1","31,2",127,"9,14","39,12","7,12217384357274","16,4",1,"5,47016058160901","0,9","68,8","-8,78378378378378","95,92","1,92","52,069","2,124","7,32",4,"37,9","19,4","22,1","60,2","46,8","32,63","2,9","-9,57","81,9","13,88","35,61",0,"103,465",57,1,"13,9","0,43",125,"18,5","19,23"
52,200068658,CA de Chaumont,,,35,,,"75,138700731918",1,"36,75","22,1","3,7",26,"-0,74",9,"28,9","50,9","14,03","10,44","19,3","76,2","-0,2","34,1","1,2","2,65658994618115","33,4976953585593","0,939484978540772","2,9","0,97","3,44","92,9","21,8","50,9","3,62","39,6",0,"10,8358610777416","0,217693484502645","39,771976933574","70,4","18,1",109,"12,73","39,12","5,66577099558391","2,52",5,"5,39998658888218","6,2","41,2","-35,9801488833747","97,1","16,52","49,985","2,112","8,92",6,"43,8","13,7","14,2","42,2","78,7","41,77","2,8","-6,02",118,"17,3","18,51",0,"421,27",59,0,"22,2","0,297",122,"18,5","17,76"
52,200068666,CA du Grand Saint-Dizier Der et Vallées,,,32,,,"62,7901437078772",2,"38,8","21,1","2,8","22,65","-6,26","11,5","28,3","49,6","9,5","13,73","17,1","82,4","-0,5","30,3",1,"1,76268503696243","29,8470804947224","5,17603393425239",2,"0,04","3,06","128,2",25,"35,6","3,62","42,2",4,"73,1936045154582","0,189378561872989","35,3741976440714","67,2","25,7",116,"10,65","39,12","6,66301110682877","2,52",2,"5,65668687151817","7,8","43,2","-35,3497164461248","95,85","3,13","46,315","1,798","8,64",5,"39,6","17,8","19,3","42,5","62,3","22,54","2,8","-9,81","108,3","9,52","17,43",0,"268,921",59,2,20,"0,494",109,"18,5","20,09"
52,200069664,CC Meuse Rognon,,,35,,,"125,003133605546",1,"38,4","26,7","11,3","9,64",0,"12,1","35,3","36,7","39,29","57,94","20,1","85,4","2,5","34,1","0,5","1,44899536321484","21,0776766969909",0,"2,9","17,51","3,86","81,6","11,4","26,8","3,62","44,2",0,"58,3099470165999","0,0938269662768254","42,6232593150169","52,4","28,6",127,"16,1","39,12","6,2035367865391","2,9",0,"5,64757505773672","-1,7",100,"-20,5378973105135","97,12","9,39","51,397","1,526","10,82",4,"37,3","13,8","14,7","70,1","59,9","35,55","2,6",-7,"75,3","25,2","26,07",0,"22,582",56,1,"18,1","0,301",160,"18,5","14,78"
52,200070332,CC des Savoir-Faire,,,36,,,"57,5160456172921",1,44,"28,5","21,6","7,14","1,16","14,3","33,9","41,2","36,11","32,69","20,5","82,1","4,6","30,95","0,6","0,730702803241663","24,2872228088701","0,0043492194295655","2,3","0,03","3,32","83,7","13,8","31,9","3,62","37,5",1,"16,8902499320165","0,143912885084272","41,993389929363","70,1","22,5",140,"9,41","39,12","6,35773323377048","1,99",0,"5,68409016661222",8,"59,5","-32,9411764705882","95,89","6,81","47,182","1,064","13,3",4,"39,8","14,9","17,4","64,6","73,8","39,66","2,7","-4,48","79,2","30,4","30,59",0,"4,536",55,0,"13,1","0,285",179,"18,5","15,26"
52,200072999,CC du Grand Langres,,,35,,,"133,19286746988",1,"39,25","24,7","6,8","20,11","0,95","11,2","31,4","48,3","20,97","19,2",19,"81,3","0,1","34,1","0,9","2,41534225399739","28,3869586930156","1,11811697574893","2,5","3,37","3,86","92,9",32,"56,3","3,62","22,1",1,"20,0893471280771","0,231184303597844","47,8924520375298","52,7","37,6",111,"9,4","39,12","5,94455413077191","3,86",0,"4,13567022141457","-1,4","49,7","-13,8810198300283","95,31","10,78","56,745","1,377","11,91",4,"39,9","13,3","18,8","57,1","86,9","42,51","2,8","-4,5","118,6","19,85","17,3",0,"333,287",58,1,19,"0,254",120,"18,5","15,11"
52,245200597,CC des Trois Forêts,,,35,,,"94,8068429661941",1,38,"23,5","16,2","5,2","-2,79","11,1","33,5","37,5","37,9","67,3",17,"86,1","3,5","34,1","0,6","0,959561343385881","22,0879556259905",0,"2,6","6,31","2,74","73,4","11,5","15,3","3,62",53,0,"17,9552404261445","0,0810627273455856","44,2026064758834","67,9","10,5",128,"4,9","39,12","6,45795443758899","4,11",0,"6,79029900332226","4,4","75,5","-34,7826086956522","97,9","11,47","43,882","2,363","8,49",1,"34,9","12,1","15,4","65,7",79,"51,13","2,7","-5,2","55,5","22,69","24,83",0,"64,49",56,0,16,"0,149",140,"18,5","14,73"
53,200033298,CC des Coëvrons,,,59,,,"127,964903810443",1,"35,75","19,6","7,4","8,07","2,16","12,3","34,2","36,5","22,01","22,97","18,2","81,6","0,2","28,1333333333333","0,8","0,934719210349211","22,77309438189","2,27929484963706","2,2","0,84","2,99","62,4","19,3","16,3","2,65","11,9",1,"19,9775702355759","0,453258641157376","35,0073313782991","49,1","37,3",121,"8,76","57,34","5,52516154218944","3,36",0,"5,45111194873728","-3,5","60,7","-23,778801843318","97,4","10,83","68,217","1,011","11,18",6,"34,7",13,"10,3","39,6","75,3","23,11","2,6","-4,74","86,3","12,48",29,"0,748","2684,751",54,1,"28,6","0,163",102,"14,4","17,61"
53,200042182,CC du Mont des Avaloirs,,,49,,,"76,7695958948044",1,34,"23,6","13,2","6,81","-2,7","15,5","36,9","35,5","30,07","33,53","21,4","83,3","1,8","30,65","0,8","1,09458502350138","20,6215213358071","8,90837724486504","1,6","0,33","2,58","63,4","14,3","11,7","2,65","11,4",2,"51,3208516081871","0,494888885210528","37,8902316213494","45,1",19,134,"8,28","57,34","5,5828911224872","3,86",0,"5,0571232363591","-1,5","57,9","-33,1353919239905","99,16","8,52","69,128","1,033","10,61",5,"37,3","14,5","13,2","51,1","62,8","33,61","2,7","-6,15","84,5","11,96","23,27",0,"1192,095",54,1,26,"0,131",155,"14,4","15,95"
53,200048551,CC du Pays de Craon,,,60,,,"12,4208247494675",1,"40,1666666666667",18,"4,2","6,68","-1,71","9,2","32,4","33,2","20,28","23,25","16,8","80,4","1,1","31,1333333333333","0,9","1,95845282227041","19,4147927390951","4,41935483870968","2,7","1,16","2,8","72,8","9,6","9,1","2,65","2,3",5,0,"0,580714704181182","34,7725099057248","48,8","24,2",120,"12,58","57,34","4,55434798815157","1,4",0,"4,6035694405789","-2,7","60,3","-19,2805755395683","99,99","10,37","83,141","1,302","8,5",5,"31,6","11,6","11,9","48,6","79,9","32,52","2,4","-5,27","78,8","9,97","23,89","0,699","3112,447",56,0,"28,4","0,258",92,"14,4","17,04"
53,200055887,CC Mayenne Communauté,,,48,,,"128,735073711748",1,"34,75","16,4","5,6","9,39","3,15","10,3","27,2","40,9","14,88","9,74","17,2","85,1","1,6","28,9","1,2","3,19567354965585","27,5910420255599","7,60082154267458","1,5","0,26","2,19","91,6","24,6","42,4","2,65","6,1",2,"16,1642053165163","1,00003032696419","35,6068998259218","54,6","21,2",116,"9,72","57,34","4,67574284391426","1,37",2,"5,50916469210447","-3,4",60,"-25,0886524822695","96,93","5,44","72,952","1,104","9,33",7,"36,6","10,2","11,3","49,2","76,6","27,04","2,5","-5,83","100,5","11,61","12,52","0,546","9172,865",59,1,"33,4","0,199",96,"14,4","16,02"
53,200083392,CA Laval Agglomération,,,48,,,"74,3408270401312",2,"38,3333333333333","14,6","2,4","18,45","3,78","6,8","23,3","51,9","6,11","3,47",16,"80,1","-1,8",27,"1,8","4,22209067483808","36,0215483905379","5,28437521827198","3,1","0,03","2,79","88,5","20,3","54,5","2,65",6,6,"0,0047775283485868","1,66971980934442","33,5258463426732","58,9","16,2",109,"14,32","57,34","4,47968514707359","1,92",10,"4,44776879831342","-2,4","27,3","-33,3941605839416","94,51","10,43","66,206","1,144","10,04",7,"39,3","11,4","11,8","39,5",77,"25,52","2,8","-2,99","119,6","13,15","13,32","0,958","7257,32",,3,"32,4","0,308",85,"14,4","17,45"
53,245300223,CC du Pays de Meslay-Grez,,,68,,,"85,8860374075685",1,"35,5","17,4","6,1","6,81",0,"8,7","34,2","29,4","29,33","27,43","16,6","85,1","3,5","29,2","0,9","1,8074031231926","20,6755712551054","0,314651799687011","2,6","0,36","1,45","88,8","15,6","23,7","2,65","2,5",2,"0,201236134611769","0,736166626352146","34,9314099844435","46,7","26,4",107,"11,02","57,34","4,54377290697196","1,45",0,"4,90638512539637","-5,2","68,3","-28,5","98,86","9,08","72,404","1,351","9,41",6,"29,9","9,6","11,2",50,"75,3","32,32","2,4","-4,23","59,5","17,23","24,45","1,446","2196,295",59,2,"28,2","0,2",76,"14,4","16,51"
53,245300355,CC de l'Ernée,,,45,,,"62,4710679232384",1,36,"18,3","5,2","6,32","-2,8","10,6","39,2","29,7","19,47","22,36","17,2","84,3","0,5",27,1,"1,17982499262609","21,598077500751","0,601649484536083","2,1","0,48","2,46","77,2","10,8",27,"2,65","4,8",0,0,"0,525863701910105","37,9838243789717","52,8","27,4",118,"10,02","57,34","4,59016578517033","2,46",0,"4,28564586426553","-2,5","65,6","-29,2962356792144","97,63","3,56","79,567","1,033","8,64",4,33,"10,7","8,9","50,4","76,6","24,33","2,4","-6,3","69,4","10,53","19,6",0,"4802,619",56,0,32,"0,188",92,"14,4","14,8"
53,245300389,CC du Bocage Mayennais,,,53,,,"88,4503704510787",1,38,"21,7","12,8","5,5","-3,18","12,2","37,2","32,1","27,56","26,85","17,6","78,7",5,"27,95","0,8","1,53374233128834","20,8018032522943","2,06635220125786",2,"0,54","3,29","77,1","9,2",23,"2,65","1,3",0,"7,27173215566376","0,733236753197554","37,4102261764391","51,8","23,9",141,"18,71","57,34","5,3950904736562","2,19",0,"5,73134646088345","-2,2","65,2","-26,6104294478528","97,29","5,23","82,364","0,956","8,43",2,"34,7","14,5","11,7",52,"67,6","29,2","2,6","-6,08","91,8","16,67","19,67","0,548","3606,496",53,0,"28,3","0,174",153,"14,4","16,7"
53,245300447,CC du Pays de Château-Gontier,,,59,,,"176,16438766344",1,"35,3333333333333","15,4","3,5","10,73","-3,66",7,"28,5","44,8","15,79","10,05","15,1","81,7",-1,"29,2","1,3","1,43649361929578","27,5458751364558","7,36999399279135",3,"0,18","2,34","76,8","16,7","29,2","2,65","3,8",3,"0,284510080112686","0,845759163390448","35,439187002395","55,9","21,1",120,"9,38","57,34","4,9463813459268",1,3,"6,65500826446281","0,1","44,6","-22,9346485819975","99,21","13,51","77,107","1,432","9,17",6,"34,5","9,9","11,3","41,7","91,6","30,53","2,5","-3,85","94,4","9,75","10,75","2,338","6579,067",54,0,"29,6","0,234",97,"14,4","16,4"
54,200035772,CC du Pays du Saintois,,,36,,,"77,8621269440942",1,"44,25","18,1","3,4","3,05","-6,6","10,3","29,3","38,9","19,93","22,63","14,8","90,8","0,7","29,3","1,4","6,60622672007871","27,7418028574365","2,40206552706553","3,2",0,"2,11",103,"18,4","49,7","4,41","16,8",0,"4,41942938659059","0,184118429291136","40,3482105844963","67,4","7,5",104,"23,22","50,66","4,77615484063448","2,11",0,"5,50748346675949","0,9","89,1","-17,9282868525896","98,75","8,98","72,194","1,223","10,36",4,"29,9","7,6","10,8","61,8","53,7","26,28","2,5","-3,15","38,2","9,65","31,35",0,"199,668",,0,"19,1","1,388",87,"11,1","11,14"
54,200041515,CC du Bassin de Pont-à-Mousson,,,36,,,"62,4849147571947",2,"27,6666666666667","17,6","1,3","12,92","-1,17","9,2","22,9","64,9","5,23","2,44","13,9","79,3","1,7","29,3","1,5","3,20871576748004","33,1004878048781","2,18395491066075","3,9","0,01","3,23","144,3","18,1","47,8","4,41","34,8",3,"50,1983351295106","0,942371872823366","37,4042803848419","60,1","26,4",103,"8,65","50,66","5,71949327544213","0,75",2,"4,87417840375587","2,2","18,4","-14,2857142857143","68,24","4,33","43,004","1,515","9,89",6,"33,5","12,5","13,7","40,1","64,2","20,97","2,8","-7,75","75,6","7,52","8,77","0,249","1752,651",64,1,"25,6","0,888",85,"11,1","13,21"
54,200043693,CC Terre Lorraine du Longuyonnais,,,31,,,"88,5975030886274",1,"37,6666666666667","23,4","2,3","3,18","-15,42","10,9",31,"61,8","21,99","16,32","16,8","89,6","3,1","28,85","0,7","4,49980435633233","30,8709175738725","0,210577673692428","2,6",0,"1,96","118,8",10,"31,5","4,41","28,3",0,"0,350775034856065","0,204877143196556","23,3408143635781","73,8",12,100,"5,57","50,66","6,85111082239834","0,65",0,"7,27997921268027","3,8","66,4","-40,952380952381","96,3","2,56","69,158","1,864","7,28",5,"31,6","14,6","14,5","54,3","32,2","18,13","3,5","-7,24","25,6","10,44","21,67",0,"23,084",57,0,"15,7","0,603",91,"11,1","11,33"
54,200067643,CC Meurthe Mortagne Moselle,,,36,,,"117,663617639932",1,"40,8","17,7","1,9","11,41","0,76","7,7","29,5","53,5","13,77","18,1",14,"86,1","4,1","29,3","1,2","4,43607194944093","29,1084953006661","0,821078431372549","2,5","0,04","3,04","94,9","23,9","43,3","4,41","25,3",0,"1,55520411916146","0,388847844910989","34,587995930824",75,"18,4",106,"16,94","50,66","5,20880759269357","1,82",0,"4,86080629770992",2,"44,4","-35,6481481481482","98,63","11,85","61,522","1,388","10,19",5,"30,2","9,3","15,4","54,5","69,2","25,28","2,5","-5,03","38,8","14,7","19,3",0,"234,576",64,0,"23,2","1,269",84,"11,1","11,44"
54,200069433,CC de Vezouze en Piémont,,,36,,,"114,143400138217",1,42,"27,9","9,8","4,04","-0,49","14,1","36,6","38,5","24,79","48,44","19,1","83,2","0,4","32,8","0,6","7,57641731254899","22,832689122032","0,314236111111111","2,8","8,83","2,61","120,2","17,7",14,"4,41","50,6",0,"4,23615924642318","0,271024839998034","37,037037037037","62,3","11,1",124,"15,38","50,66","6,94362712277071","3,48",0,"6,24107371112058","3,7","81,7","-12,3931623931624","95,28","17,37","41,246","0,838","11,18",5,"35,3","17,2",19,"63,3","46,5","28,3","2,8","-6,05","57,9","20,29","27,9",0,"79,548",57,0,"11,1","0,78",114,"11,1","15,83"
54,200070290,CC Coeur du Pays Haut,,,34,,,"37,9569878584345",2,"34,6666666666667","23,6","0,9","4,48","-1,74","11,5","33,8","62,8","6,47","10,63","17,2","90,9","1,6","28,6",1,"2,44845360824742","32,216844143272","0,486992567181247","2,4",0,"3,44",125,19,"28,6","4,41","17,6",0,"0,106786945638313","0,329749823399325","27,4699810406573","79,1","13,8",101,"12,39","50,66","6,56822174986792","2,15",0,"5,48860411112067","4,2","84,2","-23,0769230769231","85,83","8,32","64,429","1,745","6,93",5,"31,3",17,"16,3",44,"41,4","20,1","3,7","-8,33","30,3","7,84","18,24",0,"323,151",61,0,"16,7","0,67",83,"11,1","12,54"
54,200070324,CC du Territoire de Lunéville à Baccarat,,,36,,,"57,4394664168064",2,"40,5","22,2","2,3","13,71","-1,75","10,8","23,5","60,9","8,27","6,81","16,4","78,3",3,"31,95","1,2","3,66913738333867","31,2690355329949","1,76929267915183","3,9",0,"4,19","121,4",36,"67,7","4,41","41,7",0,"7,35513957018103","0,512975368583788",40,"73,8","8,9",112,"13,96","50,66","6,47914951846102","2,96",3,"5,72885517710841","2,4",33,"-19,3050193050193","92,92","11,03","42,029","1,065","10,96",6,"39,7","15,9","17,3","44,4","59,5","23,2","2,9","-5,55","90,5","8,81","17,44","0,493","493,147",62,0,"22,5","0,794",109,"11,1","14,63"
54,200070563,CC Terres Touloises,,,36,,,"67,8987100392597",2,"31,3333333333333","16,4","1,7","13,44","8,99","7,8","23,1","54,1","9,85","8,88","14,6","85,1","0,8","29,3","1,3","3,99611676788657","33,0265598208349","2,66612153554829","4,2","0,01","3,16","158,1","22,5","55,6","4,41","39,5",2,"43,2774157947238","0,284793690355569","37,5366699262157","64,9",24,99,"8,09","50,66","5,50703458313701","3,39",2,"4,51023358785524","2,7",41,"-37,5","94,19","22,97","40,449","1,387","11,12",5,33,"12,7",18,"47,1","62,9","22,37","2,9","-4,28","90,6","10,93","11,1","0,452","1154,769",62,0,"24,1","0,724",84,"11,1","15,35"
54,200070589,CC de Seille et Grand Couronné,,,36,,,"68,4123002011221",1,"30,6666666666667","13,7","1,3","1,44","12,12","5,9",29,"42,6","15,98","20,85","10,8","90,1",1,"29,3","1,8","4,74808757583751","34,9035579804811","3,55921052631579",3,0,"2,11","98,1","18,3","38,7","4,41",19,0,"0,39568241922502","1,1078118196572","36,1715415842615","65,2","12,7",104,"7,45","50,66","4,06274867753098","1,06",0,"4,64219400277452","-1,7","88,4","-4,86725663716814","96,26","14,86","66,227","1,367","9,23",7,"24,3",6,"12,1","54,7",72,"25,53","2,6","-3,54","31,3","10,69","16,95","0,528","301,863",61,2,"23,1","1,049",75,"11,1","10,67"
54,200070738,CC Mad et Moselle,,,35,,,"899,183826986366",1,"34,8","17,9","2,4","3,87","29,41","8,2","27,3","52,2","15,99","19,37","14,1","86,1","0,8","28,65","1,4","4,17885499373172","30,9960832501344","0,96195652173913","2,3","0,22","1,57","97,8","11,7",29,"4,41","33,8",0,"95,4364730939755","0,200548076486152","41,4222496655346","70,3",13,99,"10,89","50,66","5,11643485777149","4,7",1,"5,57210721072107","-2,5","84,5","31,413612565445","96,8","9,18","55,947","1,666","7,88",6,"29,5","7,4",12,"49,1","74,3","26,22","2,7","-3,36","51,4","12,94","20,17",0,"380,261",63,2,"20,3","0,532",96,"11,1","11,67"
54,200070845,CC Orne Lorraine Confluences,,,36,,,"108,041520268994",2,34,"22,6","1,1","9,59","2,64","10,2","27,3","66,7","3,97","1,64","17,9","89,1","0,5","28,3",1,"2,36518448438978","33,5194098715502","1,31995277449823","2,8",0,"3,22","137,7","18,1","41,9","4,41","20,6",1,"11,5793738954809","0,383634561438117","33,3296093546345","64,7","30,1",107,"10,76","50,66","6,48040947086457","0,76",2,"5,11487797983605","-4,2","42,7","-5,53359683794466","70,24","3,18","64,008","1,724","7,08",6,36,"15,3","16,6","36,9","50,8","19,43",3,"-7,06","67,4","6,2","12,9",0,"535,694",61,1,"17,6","0,968",98,"11,1","13,84"
54,245400171,CC Moselle et Madon,,,36,,,"716,211183419396",2,44,"15,5","1,2","6,3","2,95","6,9","27,2","61,6","4,18","0,74","12,6","86,6","0,2","29,3","1,3","3,58257661748014","39,2443270630087","3,21941410129096","3,1","0,03","2,84","110,5","25,1","47,2","4,41","48,1",5,"3,64823276088441","0,427832460514998","32,858592574448","67,7","15,4",111,"20,35","50,66","5,3562137354942","1,77",0,"4,79334733893558","7,4","38,9","-24,6575342465753","66,64","12,52","29,525","1,014","11,55",4,"30,9","7,4","13,2","46,8","66,7","20,32","2,6","-2,54","58,4","5,68","17,68",0,"557,091",63,1,"27,9","1,444",101,"11,1","11,6"
54,245400189,CC des Pays du Sel et du Vermois,,,36,,,"52,5569918558309",2,"41,5","18,9","0,8","10,49","2,96","8,3",25,"59,2","3,92","1,79","15,6",84,"0,8","29,3","1,2","3,066415778103","36,8389715832206","2,47694334650856","3,9",0,"2,79","113,3","33,3","53,2","4,41","14,1",7,"1,56352992194276","0,660643796556897","30,59365439483","66,4","21,6",107,"10,18","50,66","5,70750301152986","0,7",1,"5,17346411977285","-3,1","26,7","-68,4684684684685","80,27","9,76","57,5","1,172","11,32",6,"33,4","10,3","14,7",42,"73,9","19,72","2,7","-3,75","63,7","5,56","14,94",0,"833,247",62,1,"21,9","1,158",100,"11,1","11,11"
54,245400262,CA Grand Longwy Agglomération,,,32,,,"124,941965274044",3,"28,5","20,5","1,1","22,51","-0,02","8,3","25,2","78,1","3,12","1,21","15,1",83,"-1,7","28,6","1,1","0,974153507738236","36,4980087135488","1,84430789924187","1,9",0,"3,61","114,2","7,8","43,2","4,41",32,0,0,"0,966746478270145","27,2765227072413","76,4","17,4",92,"22,19","50,66","6,56239501889085","0,94",3,"3,79860193924556","-5,8",25,"23,3333333333333","39,66","3,33","43,87","2,099","5,86",6,"37,3","21,1",19,"34,4","24,8","15,54","4,6","-6,3","51,1","6,05","10,57",0,"300,753",,0,"18,5","0,734",77,"11,1","11,91"
54,245400510,CC du Pays de Colombey et du Sud Toulois,,,37,,,"111,279996442231",1,"40,8","17,7","4,1","2,27","-8,04","9,2","29,6","35,8","29,29","35,2","13,3","87,3","0,4","29,3",1,"5,87449933244326","26,4006239438451",0,"3,4","0,79","2,67","108,6",13,"38,7","4,41","46,1",0,"0,211299525409268","0,115535009789619","37,2349745926056","79,9","16,4",98,"23,01","50,66","4,51449648094945","2,67",0,"5,36770000878194","0,1","78,9",-21,"99,9","11,48","40,597","1,031","10,8",4,"27,2","9,4","13,4","61,8","78,4","24,83","2,4","-5,95","62,8","15,74","22,87",0,"254,074",62,0,"15,5","0,508",74,"11,1","15,87"
54,245400601,CC du Bassin de Pompey,,,36,,,"83,5598490566038",2,21,"17,8","0,7","15,8","-1,33","7,2",19,"71,1","3,11","1,43","14,3","85,3","2,8","29,3","1,5","3,53303386665321","39,226960549433","4,20394736842105","4,5",0,"4,29","140,6","26,5","59,7","4,41","56,9",1,"16,6093249647752","0,459152941333804","32,7516912553983","57,1","14,2",110,"7,97","50,66","5,52940546416356","2,78",0,"5,27973033262281","2,1","30,8","22,7272727272727","27,53","16,89","19,741","1,99","8,87",7,"32,3","11,4","13,7","41,7","71,6","17,64","2,8","-3,34","75,8","6,23","15,23","0,252","969,071",65,0,22,"1,103",103,"11,1","13,3"
54,245400676,Métropole du Grand Nancy,,,36,,,0,4,"34,5","16,1","3,1","22,43","0,93","9,4","21,6","62,8","0,51","0,06","15,6","61,7","-1,7","29,3","2,1","2,20364977072748","46,0854288775446","5,36224302013776","4,8",0,"3,8","144,6","27,3","97,8","4,41",21,8,"2,01716527709662","1,6688799875356","36,9061102149615","73,7","9,1",89,"12,73","50,66","5,5192315057339","1,55",18,"4,13040302433377","-14,6","2,7","11,9565217391304","3,73","4,16","19,467","2,362","10,39",6,"51,7",19,"12,1","38,7","71,1","30,72","3,9","-2,75","137,2","1,65","5,35",0,"1093,684",,2,"21,7","2,034",83,"11,1","20,25"
54,245400759,CC du Pays du Sanon,,,36,,,"137,09909137665",1,"35,25","18,4","3,6","0,4",0,"7,8","30,6","42,3","34,27","26,66","13,6","85,4",-2,"29,3","1,1","6,55737704918033","27,9217603911981","6,37081659973226","1,8","0,09","1,73","68,1","20,9",41,"4,41","23,5",1,"2,72027466570293","0,223330728004268","34,7929395790903","54,1","17,8",107,"11,17","50,66","4,70568269509019","1,73",0,"6,7651924375422",2,"79,5","-28,6486486486487","99,6","3,44","78,281","2,033","7,87",5,"28,1","7,9","13,1","65,1","49,8","23,3","2,5","-5,71","35,3","12,54","14,43",0,"151,052",59,0,"22,7","0,7",95,"11,1","11,76"
55,200033025,CA de Bar-le-Duc - Sud Meuse,,,43,,,"62,0284810126582",1,"40,5",23,"2,2","20,59","-9,48",12,"26,2","61,8","5,14","6,17","16,5","78,1","0,6","31,6","1,1","4,71853068538151","33,4972200523825","3,40285251782824","2,5",0,"4,18","103,6","21,7","55,3","3,04","44,6",0,"0,437816657099359","0,175380443524799","38,2266979193796","72,6","12,5",122,"11,57","43,5","6,17348330914369","2,39",2,"6,022206095791","-1,9","36,1","-21,6666666666667","79,76","7,43","41,801","2,042","7,23",6,44,"14,1","18,7","45,8","83,1","33,39","2,9","-2,77",128,"12,03","12,03",0,"915,01",60,0,"27,2","0,43",142,"18,2","17,49"
55,200034874,CC Côtes de Meuse Woëvre,,,48,,,"76,3895106063137",1,39,"20,7",12,"0,68","-5,56","9,1","28,2","31,8","42,36","39,46","17,3","86,6",1,"31,1","0,9","8,98353019464315","21,1533859775066","1,16726429023413",3,"3,28","1,66","91,7","18,2","17,2","3,04",39,0,"97,415033438603","0,146412232563816","42,4878836833603","40,8","27,8",111,"20,54","43,5","5,40072932582124","1,66",0,"6,98646390374332","8,1","88,3","28,5714285714286",100,"10,21","46,511","1,741","12,18",6,"33,5","12,3","12,1","65,3","64,4","50,07","2,8","-6,94","55,8","14,84","29,72",0,"195,477",58,0,"20,6","0,217",88,"18,2","15,99"
55,200049187,CA du Grand Verdun,,,44,,,"87,4034817100044",2,37,"21,3","2,2","19,12","2,26","10,9","24,4","63,3","4,32","2,92",17,"76,4","-0,4","32,9","1,6","5,56928410725482","37,0361445783133","2,95288432497735","3,9","0,75","3,69","149,6","39,4","90,3","3,04","46,5",1,"40,9054430799867","0,258800669440641","43,1174517974433","76,5","11,8",111,"20,05","43,5","6,47685831791499","1,48",7,"5,2930120134204","-3,8","17,4","-11,3095238095238","73,53","6,9","38,714","2,034","7,9",6,"45,9","16,9","18,4",44,"78,9","37,55","3,2","-4,58","133,8","11,24","11,36",0,"559,715",,1,27,"0,397",109,"18,2","18,65"
55,200066108,CC des Portes de Meuse,,,43,,,"150,607457500931",1,"39,3333333333333","22,1","5,1","5,62","-6,35","12,2","28,3","41,5","24,73","28,21","17,3","89,3","2,3","30,95","0,9","5,8114103605574","25,2136752136752","0,470502645502646",2,"0,14","1,87",103,"16,6","18,2","3,04","40,5",0,"2,058083214229","0,0741876186844218","38,0574221136225","46,4","32,9",116,"7,37","43,5","5,66192951252785","1,25",0,"7,14577541399734","-2,2","64,7","-20,6896551724138","95,88","3,09","50,053","2,157","6,55",5,"32,5","11,4","15,8","54,5","88,6","32,99","2,6","-7,99","54,7","21,18","23,47",0,"321,319",58,0,"21,6","0,315",123,"18,2","15,44"
55,200066116,CC Argonne-Meuse,,,43,,,"96,7283345349676",1,42,"24,8","12,2","7,17","-1,35","12,6","31,8","38,9","38,33","48,37","16,3","83,4","1,2",31,"1,1","8,86756796045937","23,0328738069989","0,0584795321637426","3,6","2,07","4,36","117,9","24,5","30,1","3,04","37,9",0,"11,4220985530709","0,0594329808044051","44,226393629124","55,5","16,5",126,"8,25","43,5","6,52569195799976","4,36",0,"5,73317375387215",0,100,"-20,6686930091185","95,61","5,44","55,235","1,793","8,58",5,"33,3","15,6","18,8","65,1","57,5","43,47","2,8","-6,53","74,2","23,63","30,05",0,"301,479",55,0,"18,5","0,358",134,"18,2","16,53"
55,200066132,CC du Pays de Stenay et du Val Dunois,,,43,,,"139,144045488049",1,"37,6666666666667","27,6","11,1","3,31",0,"16,2",31,"46,3","28,48","31,7",20,"83,2","1,1",31,"0,4","6,25662778366914","21,366824335345","0,0214440291166633","2,5",0,"2,12",89,"15,8","27,8","3,04","35,4",2,"6,29302083804186","0,0603972673013745","38,9221556886228","59,2","20,8",133,"6,66","43,5","7,37742212229684","3,18",0,"6,27075999171671","-3,9",61,-20,"96,25","7,38","53,662","1,243","12,63",5,"37,4","19,6",20,63,"61,1","37,43","3,1","-10,74","82,3","32,85","34,66",0,"238,489",53,0,18,"0,38",124,"18,2","18,03"
55,200066140,CC de l'Aire à l'Argonne,,,43,,,"151,510063972539",1,"40,75","21,4",9,"2,35",0,"11,6","31,6","35,9","56,44","62,36","16,2",85,"3,8","32,25","1,2","10,9683484801003","22,8178998670802",0,"2,9","32,29","1,57","87,3",16,"9,8","3,04","31,1",1,"12,1276336199756","0,0649475536237985","42,0939843869585",51,"18,2",128,"15,03","43,5","5,38788245652652","3,13",0,"6,81232665639445","2,6","96,6","-5,07246376811594","99,57","4,9","66,311","1,701","8,03",5,32,"10,7","12,2","69,2","56,5","42,15","2,7","-5,74","45,7","19,62","23,36",0,"560,233",58,0,"24,9","0,264",117,"18,2","13,35"
55,200066157,CC de Commercy - Void - Vaucouleurs,,,43,,,"86,0689639496295",1,"41,4","25,5","4,6","14,14","-3,96","10,9","27,1","50,7","16,31","18,73","18,2","82,6","0,8","30,45","0,9","4,96537900874636","25,531914893617","0,885646973541138","3,3","0,39","3,19","93,8","22,4","65,3","3,04","40,9",2,"16,5366878372302","0,0989729486404286","37,0304512113803","59,9","23,8",115,"9,16","43,5","6,91937258600557","2,28",0,"6,84218090361987","4,4","47,6",0,"95,96","10,7","52,009","1,614","10,08",5,"36,6","15,7","18,5","57,2","70,5","37,86","2,8","-7,97","84,3","16,67","26,85",0,"329,407",56,0,22,"0,374",103,"18,2","15,65"
55,200066165,CC Val de Meuse - Voie Sacrée,,,44,,,"119,562011173184",1,37,"18,3","3,3","6,57","-1,2","8,2","25,7","45,1","27,27","29,98",14,"88,8","2,8","32,9","0,8","5,96712452150417","28,3565004088308","1,06259666259666","3,6","2,33","1,13","105,8","22,7","32,4","3,04","42,7",1,"4,98890505119649","0,121862680710812","33,9264007072605","54,2","26,8",114,"6,47","43,5","5,45867425311138","1,13",0,"6,48079877112135","-1,7","99,9","-10,5769230769231","97,3","3,94","47,264","2,048","7,16",6,"27,8","11,3","13,6","61,9","65,3","29,27","2,6","-7,94","51,7","16,8","16,96","1,126","424,356",59,0,"25,7","0,309",96,"18,2","15,38"
55,200066173,CC de Damvillers Spincourt,,,44,,,"75,7944375772559",1,"37,3333333333333","23,9","6,8","2,49","-2,3","11,2","32,3","40,9","39,34","40,14","17,9","88,7","5,1","30,2","0,8","8,21304131408661","23,1515151515152",0,"3,4","0,04","2,49",110,"10,3",24,"3,04","30,1",2,"24,6821265374318","0,0791672912427634","33,8427947598253","57,7","13,4",103,"12,33","43,5","6,412032540068","3,73",0,"7,71576007770763","0,3","92,1","-6,25","98,64","5,56","62,233","1,537","9,55",6,"31,9","15,1","13,7",68,"53,2","35,59","3,2","-9,45","40,2","16,12","28,68",0,"35,177",58,0,16,"0,343",77,"18,2","14,51"
55,245500327,CC du Sammiellois,,,44,,,"148,823402210476",2,40,"24,5","5,1","10,06",-23,"13,1","27,2","56,6","13,05","17,44","18,2","81,1","2,3","32,9","0,8","4,38009490205621","27,6993438059256","0,0690322580645161","2,9",0,"2,43","118,4","37,1","28,1","3,04","49,9",0,"45,8793110402969","0,107242360243401","40,9875359539789","57,6","23,6",116,"4,92","43,5","7,70754126018976","2,43",0,"7,03858746492049","-13,4","32,7","-48,9473684210526","96,01","15,38","37,713","1,499","12,82",6,"37,4","16,3","26,8",57,"84,4","42,46","2,8","-0,43","88,1","9,26","29,37",0,"173,778",57,1,"28,9","0,415",131,"18,2","17,8"
55,245501176,CC du Territoire de Fresnes-en-Woëvre,,,49,,,"25,2504712041885",1,"39,6666666666667","22,5","6,5","0,43",-10,"9,7","30,8","38,9","40,73","39,68","15,7","88,4","3,6","32,9","0,9","8,74817746302854","23,6486486486487","0,844961240310078","3,2","1,54","2,08","129,5","8,6","15,5","3,04","30,2",1,"43,8129725119218","0,115278378919673","41,9995902479","66,7","2,6",108,"35,79","43,5","5,65753322605638","2,08",0,"7,70838548185232","-2,1","95,4","-24,1228070175439","100,01","3,82","59,722","2,195","8,67",6,"31,5","12,8","10,9","69,3","54,6","43,74","2,8","-8,54","44,6","18,13","25,44",0,"65,56",58,0,"18,7","0,405",100,"18,2","13,41"
55,245501184,CC du Pays de Revigny-sur-Ornain,,,43,,,"311,427749820273",0,"40,5","21,2","2,3","9,86","-23,02","10,3","29,5","47,1","17,79","16,31","16,6","84,8","2,4","31,6","0,7","4,25157601524703","25,5995080959213","0,123301630434783","4,7",0,"2,93","143,9",13,"41,9","3,04","28,4",1,"21,8249362763707","0,0708782644753746","39,449146463922","53,9","38,4",121,"18,96","43,5","6,59279367723766","4,4",0,"5,54546716645842","11,9","57,5","-37,5","98,99","3,65","60,157","1,468","10,07",6,"34,9","12,4","14,6","54,8",84,"28,73","2,6","-9,18","86,5",18,"18,06",0,"292,641",55,0,"22,7","0,511",112,"18,2","15,26"
55,245501242,CC du Pays d'Étain,,,49,,,"17,8324425440941",1,"37,3333333333333","24,2","2,3","7,03","-0,92","9,9","34,8","50,2","21,87","22,38","17,3","87,4","4,9","32,9","0,5","5,77724036006987","24,2201834862385","0,301867219917012","3,3",0,"2,69","170,2","12,2","31,1","3,04","22,7",1,"4,36877283294587","0,143319060129761","35,8039371119038","77,7","20,9",101,"8,69","43,5","6,4623786407767","1,34",0,"4,98819207557072","2,5","53,5","-32,5443786982249","96,65","4,11","59,72","1,924","6,89",6,"30,8","16,1","17,3","59,8","46,3","34,53","2,9","-13,82","75,8","8,69","19,15",0,"725,327",60,2,"22,4","0,543",88,"18,2","20,55"
55,245501259,CC du Pays de Montmédy,,,43,,,"332,954932832587",1,"43,6666666666667","22,8",7,"7,08","-3,18","14,6",29,"44,8","38,26","29,31","19,4","89,2","-0,8","29,1","0,7","5,3935860058309","26,8936170212766",0,"1,7",0,"2,92","144,6","11,3","21,1","3,04","31,2",0,"1,19339796294024","0,193276349864233","34,3408542642259","66,7",6,94,"17,22","43,5","7,12270502457452","1,46",0,"6,36138754620415","-0,4","93,3","-42,0765027322404","96,35","11,37","55,384","1,063","9,28",5,"36,2","16,2","20,3","63,5","44,7","35,13","3,3","-0,75","47,1","25,76","39,36",0,"78,047",54,0,"14,1","0,469",86,"18,2","13,46"
56,200027027,CC Arc Sud Bretagne,,,14,,,"33,5372432996867",1,39,"14,5","27,9","3,31","8,93","5,5","24,9","26,3","15,23","8,52","16,7","87,3","1,9","36,25","1,1","0,583931576958747","30,2288605155384","4,15675160513644","3,6","0,12","2,4","110,1","23,1","45,8","3,32","10,1",1,"16,6219330541581","1,06051662763136","45,6367249334815","64,7","16,4",139,"8,68","74,41","4,69403411283476","0,34",0,"4,25845488924905","2,5","61,8","-18,9300411522634","92,07","8,93","62,141","0,71","13,08",5,"34,5","9,2","12,5","45,9","89,9","31,36","2,6","-4,67","76,9","8,67","28,92","2,061","1915,395",55,0,"30,7","0,244",140,"22,5","15,58"
56,200042174,CA Lorient Agglomération,,,14,,,"67,3965529762049",2,"39,5714285714286","14,4","8,2","17,48","3,16","5,9","24,3","55,5","4,65","2,7",16,"78,6",-2,"35,5","1,4","5,62194576984619","37,5093551203692","4,68327622873346","4,2","0,35","3,36","203,9","32,5","72,1","3,32","24,7",4,"3,43282547535235","0,981297742237558","39,0042660916038","69,2","16,1",117,"13,81","74,41","5,43579065894488","1,3",7,"4,65537822249881","0,5","15,2","-29,3375394321767","43,5","12,71","42,56","1,187","11,81",7,"43,7","12,7",15,"42,3","74,9","27,59","2,9","-3,21","105,7","5,44","16,12","0,577","945,056",,4,"27,8","0,252",123,"22,5","17,15"
56,200043123,CC Auray Quiberon Terre Atlantique,,,14,,,"68,7348904914827",1,"42,3333333333333","14,6","35,7","7,66","5,84","4,6","20,9","38,5","3,48","3,13","15,8","84,6","-0,7","38,6","1,4","1,55985675681614","37,7971373258434","4,92120422022799","4,2","0,06","3,19","195,1","25,5","55,4","3,32","23,2",1,"23,8305396873121","1,47904537066833","50,6878918201853","70,1","15,9",130,"12,98","74,41","4,71498743431574","1,76",2,"4,53843957048207","1,9","28,4","-23,202614379085","56,93","10,79","36,523","0,934","12,68",6,"38,2","9,6","12,2",46,84,"32,28","2,8","-2,85","82,5","13,5","31,5","1,428","1258,425",59,0,"32,4","0,22",140,"22,5","15,57"
56,200066777,CC Ploërmel Communauté,,,14,,,"64,4870531081973",1,"39,1666666666667","18,6","10,2","4,38","-3,32","11,1",30,"32,8","19,71","15,76","18,2","86,7","2,1","34,8","0,8","0,0700247420755333","24,806800618238","5,60551787916153",3,"0,52","3,03","172,6","18,9","32,7","3,32","17,1",10,"0,781307811844799","0,58421253272825","38,1555153707053","55,7","21,4",124,"15,26","74,41","5,54481037414966","0,93",4,"4,19609523809524","1,3","63,3","-35,341726618705",100,"10,41","62,214","1,599","8,51",6,"37,2","12,4","12,9","57,1","70,8","29,55","2,6",-4,"97,8","14,03","15,77","2,101","1130,425",57,0,"28,6","0,29",120,"22,5","16,79"
56,200066785,CC de l'Oust à Brocéliande,,,14,,,"77,2808897671708",1,40,"17,2","8,8","4,03","-2,9","9,9","29,4","31,3","16,75","13,62","17,4","85,1","1,5","35,4666666666667","0,9","0,476369562492165","25,3549544163802","3,46112027365463",3,"0,06","2,26",167,"18,9","27,9","3,32",22,9,"0,584491895261845","0,670540620329052","36,3032272249774","48,9","20,1",116,"5,64","74,41","4,8631030261716",1,4,"3,48744195592499","0,5","57,3","-21,5508559919436","99,61","11,9","58,187","1,287","9,93",6,35,"10,5","11,7","49,5","76,5","37,16","2,5","-3,36","102,7","9,04","18,5","1,254","1923,143",57,0,"29,2","0,348",105,"22,5","16,33"
56,200067932,CA Golfe du Morbihan - Vannes Agglomération,,,14,,,"49,5518231590005",2,"42,4444444444444","11,2","20,7","13,77","6,91","5,5","18,4","43,7","5,74","3,28","14,7","80,6",-3,"37,7","1,8","5,76753189023121","41,1371538430073","3,77035991658277","4,6","0,91","2,7","165,1","31,1","74,3","3,32",17,4,"59,5443690803544","1,42141603408805","43,5968197647677","71,1","13,5",121,"14,27","74,41","4,56926842978656","0,73",4,"3,87582761951886","1,2","24,6","-24,4827586206897","56,55","16,49","43,916","1,119","11,67",6,"41,1","9,9",12,"44,5","78,6","34,84","3,1","-3,83","111,4","10,97","15,41","1,125","3348,775",,0,"32,4","0,212",123,"22,5","17,14"
56,200096675,CC Baud Communauté,,,14,,,"135,729225830349",1,"40,5","18,1","8,9","2,33","-3,41","9,4","32,3","36,7","18,04","10,12","17,9","90,2","0,4","29,8","0,9","0,669955539314209","26,0657954033348","5,89654545454545","2,3","0,01","3,05","161,7","25,3","36,3","3,32","20,6",3,"0,126893180543313","0,621183265085552","34,5361438609027","57,8","23,7",112,"5,03","74,41",,"0,61",0,,"-4,1","50,8","-27,0618556701031",100,"4,72","57,734","2,53","9,47",6,"35,8","9,9","10,9","56,5","75,5","25,88","2,4","-4,44","65,9","8,5","26,5","1,218","497,201",,0,"25,2","0,289",100,"22,5","15,09"
56,200096683,CC Centre Morbihan Communauté,,,14,,,"0,700498734554116",1,39,"18,1","4,4","5,44","-0,32","9,6","26,6","35,7","13,93","9,12","17,9","87,7","2,4","33,75","0,8","0,48142798948265","25,6088111578481","0,306173289585612","3,2",0,"2,96","160,2","23,3","39,1","3,32","13,4",7,0,"0,854741192800678","34,0500503379836","39,8",43,109,"13,93","74,41",,"1,11",1,,"-1,4","48,7","-12,0715350223547",100,"6,8","65,623","1,786","8,55",6,"34,6","10,6","12,1","44,9",72,"23,4","2,5","-6,07","92,2","11,75","25,75",0,"1908,169",,0,"29,4","0,192",84,"22,5","15,8"
56,245600440,CC Blavet Bellevue Océan,,,14,,,"8,88499701783875",1,"41,5","10,9","13,5","6,61","7,33","5,3","19,8","33,2","6,71","1,7","12,8",90,"-0,9","35,5","1,1","0,86174395432757","33,1117915017549","2,74674957603166","3,9",0,"2,69","208,6","31,9","40,5","3,32","28,5",1,"13,8549536999099","1,50439565370752","31,7802174712402","48,3","45,8",117,"6,21","74,41","4,21103373654422","0,54",0,"4,1888802574631","-7,8","46,1","-28,2828282828283","56,4","8,91","34,269","1,382","14,96",6,"28,5","6,9","10,8","55,9",95,"25,74","2,5","-2,92","64,4","7,6","16,4","1,616","576,772",55,0,28,"0,139",98,"22,5","13,91"
56,245600465,CC de Belle Ile en Mer,,,14,,,"101,790203493607",2,30,"19,9","57,2","6,69","-2,11","2,1","20,1","6,6","23,64",,"18,3","68,2",-2,"38,6","3,2","7,32928137289954","41,1176183504148","0,703817463799912","5,7","0,77","1,79","88,2","20,1","61,9","3,32","27,3",0,"47,4350040513948","0,877588942424009","82,0674000349223","76,9",7,128,"8,72","74,41","6,59175985719536","1,79",2,"4,80117603822124","11,5","49,3","-38,0165289256198","84,58","24,41","37,228","0,151","17,89",5,"42,3","11,2","17,3",60,"62,4","53,99","3,1","-3,75","96,9","23,5","68,5",0,0,51,0,"15,9","0,216",174,"22,5","19,91"
56,245614383,CC Questembert Communauté,,,14,,,"5,63759193455086",1,39,"15,7",11,"3,87","4,06","6,5","21,2","28,9","15,44","11,56","17,2","86,4","1,5","36,25","0,9","0,327922610263978","25,7316027917228","2,54163992297818","3,2",0,"2,46","146,4","20,1","36,1","3,32","20,1",0,"7,56819912865978","0,9192544802013","37,7049180327869","59,8","31,4",117,"10,66","74,41","4,99691946559819","2,46",1,"4,00574469882572","-5,1","62,8","-38,7931034482759","96,01","19,83","53,486","0,893","13,53",6,"32,6","10,5","12,6","51,5","76,4","35,83","2,5","-4,34","66,4","10,92","24,38","1,23","982,007",58,1,28,"0,182",94,"22,5","15,69"
56,245614417,CC Roi Morvan Communauté,,,14,,,"75,4604429741397",1,"40,3333333333333","25,8","13,4","3,33","-1,23","13,2","36,7","36,7","29,23","32,08","20,6","84,2","1,6","34,3","0,8","0,957739734227224","23,7996713929289","2,53348390739695","2,3","0,19","2,79","197,3","10,3","21,4","3,32","17,8",8,"3,9789454554895","0,337466473767018","42,781574578169","55,1","33,1",134,"15,69","74,41","6,86564376696839","9,18",1,"4,09848207382086","-0,8","67,3","-35,8715596330275",100,"11,85","54,841","1,013","12,09",6,"41,3","17,7","16,3","56,4","66,2","36,55","2,8","-5,16","88,9","16,95","29,38","0,798","217,383",53,0,23,"0,205",163,"22,5","19,33"
56,245614433,CC Pontivy Communauté,,,14,,,"148,5763926476",2,"40,4",18,"6,3","6,9","-1,3","9,5","25,1",43,"15,35","11,78","17,7","86,1","1,3","29,8",1,"1,58585331942996","28,9917640807651","5,62696871628911","2,5","0,1","2,61","172,3",21,"45,8","3,32","10,1",8,"0,566908828748891","0,727982611729446","37,4795279889136","58,1","26,4",117,"14,77","74,41","5,53603978846949","1,09",4,"4,25888730508401","0,8","53,1","-34,6688470973017","99,99","6,09","67,487","3,128","8,34",8,"38,2","11,9","15,5","52,8","63,4","28,78","2,6","-4,95","109,3","12,71","15,54","0,434","550,75",59,1,"25,2","0,248",105,"22,5","16,22"
57,200039865,Metz Métropole,,,30,,,"37,6892999532749",3,"29,6666666666667",16,"1,8","26,43","3,74","9,3","18,4","71,4","1,13","0,23","14,4","67,6","-3,1",28,"2,1","2,6485580555242","42,163186695607","4,45576515570297","4,2","0,16","2,65","166,5",30,81,"3,32","20,1",2,"9,28462202491059","1,45549038091565","40,1218220338983","74,3",11,92,"13,27","45,4","5,73296239311277","1,48",15,"3,84509020298494","13,9","10,2","34,3949044585987","19,66","6,25","50,562","2,135","7,89",6,"44,1","18,5","14,9","35,7","60,2","26,71",4,"-5,74","123,5","4,7",9,0,"1523,288",,1,"21,4","1,41",87,"10,7","16,46"
57,200039907,CC du Sud Messin,,,30,,,"2,6378818495186",1,"39,5","12,6","1,1","3,77","6,17","5,8","19,9","59,6","14,43","15,77","10,6","90,9","2,6",28,"1,4","3,11160688076088","35,0282010270225","0,614382978723404","3,1","0,03","1,76","115,6","20,3","47,4","3,32","14,6",0,"0,742495797646682","0,599395835330437","36,1902573529412","71,3","15,5",98,"17,98","45,4","4,11015240194921","7,63",0,"6,78718843774879","-0,2","70,2","-34,1463414634146","95,74","4,88","80,854","1,691","8,2",5,"24,2","5,8","9,9","53,7","85,1","20,25","2,6",-3,"46,4","6,97","17,15",0,"479,665",62,2,30,"1,036",69,"10,7","8,81"
57,200039949,CC Rives de Moselle,,,30,,,"32,9504754358162",2,"32,3333333333333","14,8","0,7","15,58","9,86","6,4","17,4","81,9","2,03","0,07","13,8","83,3",1,28,"1,4","2,50367079552728","35,8622916177506","5,01554604363593",5,"0,05","2,26","211,9","34,3","92,7","3,32","16,4",2,"0,0012661232887552","2,00364391548837","38,3365821962313","50,3","29,8",96,"6,82","45,4","5,30466559348385","0,75",0,"3,22315323124338","-0,2","14,7","-5,26315789473684","31,17",,"43,367","1,482","8,25",6,"33,8","14,1","15,1","37,2","68,6","17,11","3,4","-6,36","108,4","4,8",13,0,"1217,117",67,4,"19,1","1,594",86,"10,7","12,31"
57,200067486,CC Bouzonvillois-Trois Frontières,,,30,,,"36,2191175863635",2,"37,5",17,"3,1","1,84","-1,06","9,8","25,1","49,4","23,14","25,03",14,"92,2","3,8","30,2","1,1","4,51271011012669","30,0888142102737","0,555106621773288","2,4","0,09","1,66","130,5",12,"25,9","3,32",28,0,"3,58048499894039","0,45719360154943","30,181004677649","63,3","30,2",97,"12,01","45,4","5,65443287155224","9,52",1,"6,85815264871734","-1,7","62,2","-9,95670995670996","95,53","10,35","52,271","1,072","11,23",6,"28,7","13,9","12,2","56,5","35,9","21,65","3,6","-10,34","36,1","11,85","27,05","0,414","189,953",62,0,"18,8","0,868",80,"10,7","10,47"
57,200067502,CA Saint-Avold Synergie,,,29,,,"72,6820901246405",2,"41,8",19,"0,9","19,68","-3,31","11,8","22,2","73,2","6,67","5,61",16,"88,5","0,8","31,55","1,3","4,21256038647343","32,6808314354081","0,287167547613055","3,4",0,"2,71","278,9","21,9","53,6","3,32","21,1",12,"7,84229442208166","0,820450203458701","42,4978152665375","62,7","24,5",109,"14,93","45,4","6,78586071934679","2,32",3,"5,29128011336797","4,3","24,1","26,4900662251656","91,49","12,06","59,862","1,117","13,22",6,"33,9","17,3","18,5","49,1","54,1","26,74","3,1","-6,58","94,2","9,1","16,51",0,"1102,056",61,22,"19,5","0,703",106,"10,7","15,17"
57,200067650,CC Houve - Pays Boulageois,,,30,,,"77,6739500939562",1,"40,4","16,8","1,2","4,83","-11,9","7,7","25,4","59,7","15,18","11,94",14,"92,2","0,9","29,9","1,1","4,17233958452282","31,6782140107775","0,188095791676354","2,6","0,33","1,76","186,3","17,2","24,5","3,32","18,1",0,"3,47263091283025","0,512930241149477","32,6641862074933","72,1","7,7",100,"17,31","45,4","6,25118058646096","7,03",0,"5,96850121149187","3,1","62,6","-27,3743016759777","95,05","4,55","71,811","1,389","10,25",5,"28,7","10,5","12,9","47,8",56,"19,94","2,7","-7,65","36,6","7,24","22,78",0,"1031,41",60,0,"20,4","1,197",91,"10,7","12,19"
57,200067957,CC Haut Chemin - Pays de Pange,,,30,,,"0,410208430791621",1,38,11,"0,9","0,99","-12,64","4,5","21,5",58,"13,08","12,77",9,"90,5","-0,5",28,"1,8","3,88883127657368","39,2250018558385","2,30310388513513","2,7","0,15","1,56","139,9","17,7",38,"3,32","26,1",0,"0,0148967782295902","0,472301438270998","32,4397726701202","59,9","21,3",103,"8,68","45,4","4,05505511085346","9,33",0,"6,12663232922325","0,1",79,"-11,1888111888112","95,62","2,06","60,71","1,6","8,48",4,23,"5,8","9,3",45,71,"21,52","2,7","-2,6","32,7","10,82","12,46",0,"466,227",62,1,"28,5","0,94",81,"10,7","9,38"
57,200068146,CC Sarrebourg Moselle Sud,,,27,,,"76,1961905182308",2,"47,75","20,2","13,9","3,95","0,25","8,9","26,4",50,"15,15","14,94","15,8","83,3","2,8","34,5","1,3","4,2088474403562","33,3559958559959","3,60242226621637","2,8","2,65","2,66","216,2","21,6","55,8","3,32",46,3,"29,4742147746274","0,433032518591482","45,0434820324868",69,"14,2",103,"10,56","45,4","5,62908709944544","4,43",1,"6,46122431055682",-1,49,"-33,9506172839506","96,26","11,7","41,176","0,769","13,59",6,"35,2","12,3","13,8",55,60,"25,81","2,8","-2,25","93,6","12,32","13,78","0,222","592,483",60,1,"21,8","0,703",113,"10,7","15,24"
57,200069441,CC du Pays de Bitche,,,25,,,"68,0175749032781",1,"47,2","20,2",5,"2,06","-1,64","9,9","26,3","56,8","22,83","26,15","15,5","86,2","1,2","31,3","0,9","3,46552555448409","26,1991711460342","2,04215508054911","1,8","3,91","3,01","205,4","13,2","43,3","3,32","50,3",0,"84,2159902948117","0,200022194036744","37,1840094062316","73,5","16,5",106,"10,08","45,4","5,64667757019144","1,81",4,"5,65815353001615","2,5","58,9","-0,938967136150235","93,22","17,87","34,715","0,814",14,4,"30,5",11,"10,8","61,6","50,3","26,55","2,7","-9,38","54,9","10,07","29,61",0,"1000,588",57,0,"20,4","0,444",122,"10,7","17,09"
57,200070746,CA Sarreguemines Confluences,,,26,,,"84,5014004720692",2,"44,75","18,9","2,9","8,22",0,"10,1","20,6","72,3","6,77","5,09","15,7","87,9","-0,2","30,9","1,3","4,48338138842242","32,7798828797795","3,62823247134098","2,8",0,"2,69","247,8","16,6","48,3","3,32","23,2",4,"2,07815108819825","0,731664303776241","41,8426938369781","58,5","29,6",105,"7,28","45,4","6,59980062493656","1,74",4,"4,42594766597671","-2,3","53,3","-4,9645390070922","77,84","15,67","40,869","0,619","13,62",9,"36,6","14,8","16,8",43,"51,7","20,28","3,2","-6,45",103,"7,92","12,53",0,"6627,423",58,3,"20,3","1,163",123,"10,7","13,93"
57,245700133,CC du District Urbain de Faulquemont (DUF),,,30,,,"271,595093041568",1,"42,8","19,4",1,"9,83","-2,75","7,4","21,7","71,1","7,96","5,37","14,3","87,8","0,4","29,9","1,6","2,9120559114735","32,7942497753819","0,239655172413793",3,"0,4","1,66","248,1","20,9","52,3","3,32","23,1",0,"2,35908061854879","0,550449508223472","37,0976987961674","53,9","16,7",104,"7,81","45,4","5,62534096708531","4,58",0,"5,51492629244857","2,6","60,2","21,5686274509804","95,22","7,92","61,533","1,421","10,04",5,"30,3","11,9","13,8","46,1","68,9","21,97","2,8","-6,23","75,6","10,21","17,33",0,"886,086",59,0,"21,8","1,126",95,"10,7","12,73"
57,245700372,CA de Forbach Porte de France,,,26,,,"10,1906264439897",3,34,"19,9","0,6","27,84","-1,46","11,3","22,4","72,9","2,12","0,28","14,9","89,8","0,6","30,9",1,"3,47484714651388","30,4068150208623","2,24903555416536","2,7",0,"2,39",250,"19,7","46,1","3,32","28,7",0,"0,0091993675434813","1,67565702580065","31,1235116123708","73,1","13,1",110,"12,63","45,4","7,48400777547078","0,66",2,"5,70736039621932","8,7","30,8","-33,3333333333333","19,58","23,51","35,144","0,705","12,03",6,34,"21,8","21,1","38,7","37,2","15,88","3,5","-8,2","66,6","3,33","7,14",0,"2483,593",61,2,"17,1","0,913",103,"10,7","15,73"
57,245700398,CC de Freyming-Merlebach,,,28,,,"27,9915471554754",3,"38,6666666666667","20,4","0,7","37,3","-5,82","11,9","25,7","70,5","3,92","0,44","16,2","89,3","0,5","30,5","0,7","3,1249003539428","28,8446546437295","1,20950638138138","3,9",0,"2,87","362,5","26,4","75,3","3,32","22,6",2,0,"1,73575105724952","35,9483301827347","69,3","12,6",119,"17,87","45,4","7,92529548803403","2,23",0,"6,33656120871842","2,8","10,2","-51,6129032258065","30,84","18,12","40,524","0,895","11,15",5,"34,2","23,2","22,3",39,"32,8","26,47","3,1","-9,07","76,4","5,36","11,36",0,"1817,265",60,0,"16,5","1,176",101,"10,7","18,94"
57,245700695,CC de Cattenom et Environs,,,30,,,"177,483643757035",1,"33,5","11,5","2,4","2,78","-1,8","6,8","18,8","57,8","13,63","8,97","11,8","82,9","0,7","28,6","1,8","4,08133781196952","43,788243006993","2,24080309265495","2,1","0,87","1,81",63,"11,3","29,2","3,32","24,6",2,"0,382918437563246","0,744211987133202","20,9886576446062","49,5","5,2",78,"7,09","45,4","4,22328817212578","6,86",0,"6,57107116739156","7,3","54,3",-24,"95,09","2,98","57,358","0,996","10,95",7,"30,3","9,5","10,8","35,4","44,3","17,19","4,5","-5,59","39,6","10,64","15,32","0,361","765,344",64,0,32,"1,112",61,"10,7","7,23"
57,245700950,CC du Pays de Phalsbourg,,,25,,,"110,436383669682",1,45,"18,1","5,5","2,89",0,"9,7","25,8","48,1","14,2","21,23","15,2","86,1","-0,1","34,5","1,3","2,22274216190922","33,9121967053477","1,25438771439968","2,9","1,28","2,34","203,5","20,2","59,9","3,32","51,2",0,"2,04710793082886","0,75523033420361","40,5927103440445","69,3","15,5",94,"6,05","45,4","5,00658711997385","9,94",1,"3,9854118993135","-1,5",62,"-6,25","89,33","8,39","33,65","0,757","11,37",4,"30,5","9,4","16,5","56,7","64,6","26,32","2,6","-6,63","65,3","7,58","13,54",0,"2440,104",62,0,23,"0,75",97,"10,7","13,98"
57,245701164,CC du Warndt,,,26,,,"109,016821146584",2,41,"22,2","0,7","25,74","-0,67","10,6","22,3","76,9","1,32","7,34","18,1","92,3","3,3","31,8",1,"2,13023202256895","32,5133321864786","0,868576388888889",3,0,"2,88","221,4","19,6","38,1","3,32","50,2",0,"0,0382916053019145","1,60732199475418","36,8540601930721","59,5","29,1",112,"7,51","45,4","7,4645104825556","4,61",2,"5,66532999164578","-30,7","18,6","13,3333333333333","15,42",,"13,496","1,125","12,3",5,"36,3","20,2","20,8","40,9","43,6","22,17","3,2","-8,93","87,1",6,"12,2",0,"488,927",62,0,"21,2","0,959",118,"10,7","15,71"
57,245701206,CC du Saulnois,,,29,,,"102,146431355872",1,"42,125","21,2","2,6","2,81","-9,31","11,7","29,7","48,6","29,74","34,62","16,1","86,2","3,9","30,98","1,1","5,0530211372856","25,6289223837365","0,988557663354411","2,8","1,13","2,14","154,7","20,9","41,3","3,32",20,1,"37,7466296871984","0,41020561253393","43,9982027442713","63,3","17,2",112,"13,63","45,4","5,82419773513122","7,47",0,"6,94736112074346","-1,4","83,4","-3,73665480427046","97,04","8,06","69,419","1,459","10,32",6,"32,8","11,9","14,6","64,9","52,3","27,4","2,7","-7,93","62,9","10,88","30,06",0,"372,931",,1,"20,7","0,83",98,"10,7","13,89"
57,245701222,CA du Val de Fensch,,,30,,,"32,2038127712337",3,29,"18,9","0,9","18,39","1,43","9,1","22,9","78,5","0,99",0,"14,9","83,9","0,3","28,6","0,9","2,67990634432565","32,5430065545065","1,5286072047775","3,3",0,"2,82","153,1","25,4",60,"3,32","46,6",2,"0,909374278457631","1,87749209667337","25,3846046557039","59,4","39,1",101,"13,7","45,4","6,8048619609801","2,4",3,"2,99613575984884","-31,5","10,4","53,3333333333333","4,96",,"13,421","1,252","11,12",6,"35,1","21,8","17,9","35,7","40,9","16,09","3,8","-8,28","62,5","1,9","11,2",0,"613,275",64,2,"17,9","1,244",83,"10,7","14,52"
57,245701271,CC du Pays Orne Moselle,,,30,,,"13,1170929176755",2,"32,6666666666667","18,9","1,5","17,16","7,06","8,5","21,2",81,"1,07","0,02","15,1","87,9",0,28,1,"1,85665839380103","33,8455593865177","1,64398343402105","2,9",0,"2,46","131,7","20,9","44,4","3,32","43,8",0,"0,0965242655762401","2,43940703730087","29,5597956730769","76,3","18,5",97,"15,63","45,4","6,28912075482693","2,46",1,"4,0754297157479","-31,9","25,3","72,7272727272727","9,5",,"8,464","1,151","7,55",6,"34,3","16,1","16,4","39,9",61,"16,29","3,2","-7,41","47,7","2,83","13,92",0,"634,766",65,3,"17,8","1,505",90,"10,7","13,49"
57,245701354,CC de l'Arc Mosellan,,,30,,,"24,5255110660585",1,"34,25",10,"0,7","7,05","2,92","5,3",20,"60,5","5,74","4,99","10,4","88,1","0,3","28,6","1,3","2,62481849659332","37,6254451278731","2,89397321428571","3,3",0,"1,68","136,4","22,2","53,6","3,32","33,2",0,"0,376231005748407","0,912421272973616","23,2794077323828","74,1","14,7",94,"16,38","45,4","4,36121704714405","4,47",0,"4,37088822901952","4,6","50,4","17,910447761194","81,81","7,49","52,493","1,301","9,63",7,"25,3","9,3","11,5","41,3","61,4","13,46","3,3","-5,73",26,"10,5","14,35",0,"484,234",60,0,"26,1","1,097",71,"10,7","8,9"
57,245701362,CA Portes de France-Thionville,,,30,,,"15,6591809775429",3,"31,6666666666667","13,2","1,6","20,91","5,71","7,8","18,7","76,9","1,19","0,33","14,1","74,4","-0,8","28,6","1,9","2,64064701772668","41,8657500238709","5,61365628469584","3,8",0,"2,49","148,7",24,68,"3,32","29,7",2,"0,0748294983746574","1,91425264334253","35,7097101061042","78,6","10,5",89,"13,25","45,4","5,49729452782325","2,49",3,"3,65422441048199","1,8",18,"8,16326530612245","24,36","2,29","33,931","1,779","8,64",7,"41,6","16,6","12,9","34,7","51,6","19,09","4,7","-5,82","78,5","5,85","9,77","0,237","690,085",,1,"26,1","0,892",91,"10,7","11,23"
57,245701404,CC du Pays Haut Val d'Alzette,,,31,,,"152,18162647529",3,"29,5","20,8","1,9","12,67","21,71","7,5","21,5","80,8","4,12","6,7","18,4",81,"0,6","28,6","0,8","1,62905141693535","37,4253642225937","0,51374339690214","1,9",0,"3,39","89,6","9,4","30,4","3,32","35,5",0,"0,344997941539728","0,911950688027865","20,9338156484459","87,7","7,4",86,"19,55","45,4","6,92468591814822","6,11",0,"3,55671781372311","-1,7",25,"-58,3333333333333","36,13",,"46,721","2,425","7,39",5,"36,9",19,"15,3","38,9","17,4","13,78","5,1","-8,02","22,5","4,5","21,88","0,339","333,601",62,0,"15,7","0,569",85,"10,7","11,33"
58,200067429,CC Haut Nivernais - Val d'Yonne,,,44,,,"81,1682464454976",2,36,"32,1","19,3","13,14","0,52","19,7","39,2","43,3","23,6","31,7",24,"81,7","2,6","37,5333333333333","0,6","1,51962853524694","23,8602023387203","3,33338613861386","2,5","19,21","4,22","93,7","1,1","2,4","3,35","40,4",0,"1,05433253413121","0,0765673238214285","44,7507093635995","58,9","28,7",148,"15,67","51,89","7,8793202528528","6,75",3,"5,72120515557015","-6,1","49,9","-51,6806722689076","98,44","7,41","47,272","1,5","8,15",6,"44,4",19,"23,5",62,"45,1","40,35",3,"-3,62","118,7","11,53","11,53","1,688","67,288",55,1,"16,1","0,364",178,"15,3","16,8"
58,200067692,CC Tannay-Brinon-Corbigny,,,50,,,"152,194972539079",2,"33,4","29,7","31,7","1,2",0,"14,2",47,"33,6","47,39","51,99","22,2","82,1","1,6","35,3666666666667","0,5","0,851607408984458","21,8271892758269","5,74278846153846","2,5","24,44","3,19","66,8",0,"24,1","3,35","27,7",1,"24,1152934742982","0,0696896243199322","49,1140814423376","65,9","12,3",158,"22,49","51,89","7,34091477406449","2,13",0,"6,96035831960461","1,4","84,8","-8,94495412844037","97,18","10,14","62,891","0,54","14,05",5,"43,8","17,2","20,4",70,"48,9","45,24","3,1","-3,69","82,9","13,86","26,5",0,"11,398",53,0,"15,7","0,451",257,"15,3","15,76"
58,200067700,CC Sud Nivernais,,,59,,,"95,9832569264501",2,"29,3333333333333","27,8","5,9","9,33","-14,4","15,2",36,"44,8","18,99","19,14","21,4","83,4","1,8",30,"0,6","2,22548176622326","26,3312466187495","3,36867924528302","1,8","1,9","3,54","103,1","4,5","39,3","3,35","29,3",0,"36,3145439791663","0,286265327610807","36,0891089108911","61,6","31,5",138,"14,56","51,89","7,04266921830282","4,55",2,"5,87216992517499","-3,6","50,7","-12,8813559322034","96,26","3,82","58,907","0,485","18,26",5,"42,9","15,1",19,"52,1","81,1","32,22","2,6","-5,04","101,7","10,9","10,9","0,506","67,822",54,1,23,"0,276",176,"15,3","15,3"
58,200067882,CC Bazois Loire Morvan,,,54,,,"137,579468886247",1,"32,3333333333333","29,7","27,2","5,33","-10,24","13,7","36,1","34,1","40,13","48,35","21,6","74,7","-3,1","33,2666666666667","0,6","1,79652671501763","21,5665236051502","6,14756801319044","2,5","17,32","4,66","76,7","10,7","27,8","3,35","29,7",0,"46,9325151857316","0,0834089424970862","48,0183426138225","62,7","17,7",167,"17,78","51,89","7,20217725433553","9,32",1,"5,95132542614557","-1,5","61,5","-17,0610211706102","96,1","2,68","59,423","0,43","16,31",4,"43,3","18,8","13,8","67,2","48,6","35,66",3,"-6,3",88,"23,59","33,72","0,665","5,241",52,0,"15,7","0,244",251,"15,3","17,66"
58,200067890,CC Morvan Sommets et Grands Lacs,,,53,,,"168,476586974444",2,"34,8","30,4","38,8","5,42","-2,33","11,4","38,6","34,9","48,18","51,1",23,"72,1","-1,3",34,"0,6","1,07982390564","21,7423044165957","0,066461116820829","1,5","42,06","4,15","79,2","0,2","15,9","3,35","53,4",0,"98,7201976719098","0,0780757084616854","52,6608419380461","70,8","9,3",156,"16,93","51,89","6,87322880371661","7,48",1,"4,89886178861789","0,3","70,3","-24,2125984251969","88,6","6,52","37,716","0,203","19,94",5,"44,4","17,8","13,1","63,6","48,6","48,18",3,"-2,92",97,"14,68","36,59","0,831","102,462",53,0,"16,9","0,185",234,"15,3","18,56"
58,200067908,CC Amognes Coeur du Nivernais,,,51,,,"72,2497067792634",1,"31,25","22,7","20,3","1,33","-20,9","12,5","44,8","30,4","49,96","53,87","20,2","85,2",1,30,"0,7","1,05547085727689","22,2372195039649","2,96069423175089","2,9","18,95","2,35","78,2","5,1","25,1","3,35",33,0,"26,2762301483989","0,146157963254518","37,7228292121909","62,9","9,8",130,"19,38","51,89","6,09903601006482","3,52",0,"6,84147906217194","4,8","92,2","-22,1183800623053","97,68","4,99","61,446","1,209","13,06",4,"35,5","14,5","12,6","62,8","60,1","46,56","2,7","-4,18","45,8","22,39","25,36","1,173","39,103",56,0,"20,9","0,288",134,"15,3","15,47"
58,200067916,CC Coeur de Loire,,,33,,,"29,455773262377",1,33,"25,1","15,1","9,06","-14,32","13,7",42,"41,4","22,03","15,89",20,"82,4","1,9","38,8","1,2","0,198381209331852","29,1258700011797","0,303198887343533","2,2","0,28","3,17","85,5",13,"29,9","3,35","25,4",0,"4,53328416775666","0,207362499104291","41,9740622815873","63,3","12,8",141,"10,21","51,89","6,60878009885875","6,74",2,"7,96758431652962","1,1","47,1","-13,8075313807531","98,54","17,39","59,204","2,611","8,94",6,"41,5","15,2","20,6","53,4","71,3","24,28","2,9","-7,39","96,7","17,6","17,6","0,397","264,813",53,1,"17,6","0,349",177,"15,3","14,45"
58,200068088,CC Les Bertranges,,,44,,,"82,539847715736",1,"31,6","24,9","11,9","8,12","-7,92","14,4","33,4","40,2","21,06","20,88","19,9","87,1","2,4","34,4","0,8","1,57961783439491","28,6270616982285","0,51207729468599","1,5","0,3","2,55","99,1",14,"35,7","3,35","46,6",0,"1,69368094853139","0,168171101574482","37,1745346912156","74,3","7,6",133,"14,14","51,89","6,19603979112867","4,08",0,"5,5334565065415",-3,"53,4","6,66666666666667","98,39","7,41","38,118","1,061","12,14",6,40,"12,7","17,1","54,4",66,"29,96","2,7","-2,16","73,2","26,84","28,38","0,51","318,567",55,0,"22,3","0,414",159,"15,3","13,1"
58,245801063,CC Loire et Allier,,,67,,,"43,4462992759453",0,"28,5","14,8","4,2","3,6","14,49","10,7","24,9","45,6","26,38","23,78","13,6","91,7","2,2",30,"1,1","0,60265166733628","28,5101822079314","2,07805133577789","1,9",0,"2,01","110,4","16,4","43,5","3,35","20,1",0,"19,8968368948449","0,333454159243318","32,5059101654846","48,2",20,111,"18,35","51,89","4,23595483280983","4,02",0,"4,40829390481492",5,"83,1","-37,5","98,07","5,01","67,874","0,922","17,2",4,"28,8","7,1","9,8","55,4","70,8","39,17","2,4","-3,62","52,9",15,"15,8",0,"179,275",59,0,"24,1","0,229",118,"15,3","11,78"
58,245804406,CA de Nevers,,,58,,,"71,1830474688723",2,28,21,"2,7","24,25","-1,34","12,2","26,9","57,6","3,71","1,43","17,1",78,"-0,3",30,"1,3","4,88072632328507","37,2215354034858","2,36801397205589","2,5","1,05","3,86",136,"26,6","67,5","3,35","15,9",0,"13,1290640394089","0,805804478941576","36,7050727885158","74,1","15,2",122,"13,69","51,89","6,4328888685937","4,6",7,"5,6379895581229","0,8","17,2","21,830985915493","45,68","3,54","53,605","0,772","17,68",5,46,"16,9","17,7","42,6","67,1","44,13",3,"-3,34","131,4","8,07","8,07","0,148","218,438",,0,"24,8","0,536",127,"15,3","17,39"
58,245804497,CC du Nivernais Bourbonnais,,,71,,,"95,4650984891949",2,"30,25","26,7","8,9","4,72","-0,87","16,9","33,2","33,4","30,69","46,01","23,6","88,3","1,9",30,"0,5","0,579598145285935","19,5334457560427","3,80489192263936","1,6","5,67","3,86","86,6",15,"36,4","3,35","26,6",0,"13,7461804012715","0,178693283590058","37,9794910748196","66,8","14,6",119,"15,71","51,89","6,65444441525001","3,86",0,"6,01158727239286","-7,8","68,6","-23,6842105263158","98,72","12,3","49,298","0,378","19,7",3,"37,5","17,7","14,5","50,1","69,4","33,81","2,8","-5,5","57,9","20,11","23,44",0,"220,281",54,0,"20,2","0,222",138,"15,3","15,86"
59,200030633,CA du Caudrésis et du Catésis,,,55,,,"42,0604383509953",2,"37,8571428571429","23,8","1,4","8,44","-0,13","10,4","33,4","65,4","5,96",3,"15,5","83,3","2,4","30,35","0,8","3,33517742827788","31,972018465547","1,38075390584041","2,7",0,"3,79","221,8","8,9","37,3","4,11",4,1,"19,8544376485671","0,592432205927476","30,8629441624366","65,8","15,8",109,"13,52","45,15","6,63002367859079","9,48",3,"4,38028038107041","-2,3","25,1","-11,4470842332613","69,89","2,79","81,677","3,175","7,35",5,"32,6","22,1","25,7","52,8","57,2","31,71","2,9","-8,47","70,6","6,72","10,61",0,"345,646",58,0,"16,2","0,447",78,"13,4","18,14"
59,200040947,CA Coeur de Flandre,,,42,,,0,1,42,15,"1,3","12,8",12,"5,7","26,6","52,7","3,69","0,93","12,6","80,4","1,7","29,8333333333333","1,5","2,93481016360835","35,0151346676551","3,33351648351648","3,7",0,"3,02","136,8","21,2",53,"4,11","4,9",2,"2,73659179733484","0,997094369100115","34,4959754695286","66,4",17,105,"13,72","45,15","4,62532529054638","5,95",4,"4,28623475058849",2,"35,3","-19,9077632590315","52,98","1,88","75,761","4,626","6,88",6,"30,1","10,8","14,2","49,6","74,6","25,62","2,8","-6,04","72,2","6,7","11,72","0,098","626,964",64,0,"24,7","1,124",86,"13,4","13,26"
59,200040954,CC des Hauts de Flandre,,,49,,,0,1,"39,4","13,4","3,2","9,53","1,78","5,5","26,5","50,8","3,66","3,89","11,8",87,"1,1",32,"1,5","3,04530593180757","32,7209476165833","2,62137279475562","2,8","0,03","2,99","140,4","14,6","37,3","4,11","1,4",4,"5,42603720868351","1,08982922431467","31,4085306668132","60,3","16,3",107,"10,05","45,15","4,35655960624232","6,73",0,"3,9009499990668","-0,4","50,6","-31,3358302122347","50,1","1,1","81,5","5,797","7,46",5,"25,4","10,4","13,4","48,2","79,5","23,56","2,7","-7,33","56,7","7,85",19,"0,56","623,592",60,0,"23,7","1,155",80,"13,4","13,45"
59,200041960,CC Pévèle-Carembault,,,48,,,"40,2082779764946",1,"39,2","11,9","0,7","11,07","11,54","5,5","21,9","61,2","2,29","1,59","10,1","83,9","0,4","27,5666666666667","2,3","2,71942416951414","43,885037147333","4,77620435120435","4,3","0,05","3,03","172,1",21,54,"4,11","8,6",1,"19,2010566762728","1,79493574988325","32,1824529477505","61,5","13,3",100,"10,98","45,15","3,38168922938825","4,75",0,"2,80447148955713",-2,"26,5","-33,7614678899083","39,72","2,02","60,074","3,27","7,33",7,"26,6","7,4","10,1","45,8",76,"22,42",3,"-4,03","54,7","4,76","14,55","1,618","629,308",65,3,"28,1","0,904",74,"13,4","10,41"
59,200042190,CA de la Porte du Hainaut,,,54,,,"62,4534773724837",3,"34,4","19,2","0,7","25,65","0,58","8,1","29,3","72,3","1,49","0,45","12,8","84,2","1,4","29,3666666666667",1,"3,01861055503281","31,4279839621672","3,55958910370675","4,1","0,01","3,41","210,6","19,4","44,6","4,11","18,2",6,"56,3419320310409","1,68918206069526","29,0351464906733","63,6","23,8",105,"10,52","45,15","6,61978251698496","4,04",1,"3,43314632564524","-1,5","14,9","-17,8451178451178","34,79","3,95","46,347","3,925","8,2",7,"31,3",23,23,"45,8","52,9","17,79",3,"-10,39",75,"4,87","11,72","0,063","808,563",65,6,18,"0,508",67,"13,4","17,63"
59,200043263,CC Coeur de l'Avesnois,,,55,,,"104,946800467386",2,"37,6","24,9","2,2","10,23","0,85","10,8","31,9","57,8","12,45","9,91","17,5","84,5","1,7","29,8","0,8","5,5420852095601","29,7333102931859","3,09363733306251","2,6",0,"2,77","189,2","15,9","37,4","4,11","14,2",1,"99,9781747924816","0,453236197456584","35,2160598843144","69,3","12,9",109,"7,25","45,15","6,92194252713677","8,31",1,"4,78907430413323","0,2","50,3","-36,1022364217252","87,06","15,04","73,031","0,593","12,57",5,"34,7",20,"22,4","52,7","52,9","29,2","3,1","-8,08","73,7","9,53","17,49",0,"372,916",59,0,"16,9","0,48",90,"13,4","17,48"
59,200043321,CC du Pays de Mormal,,,58,,,"79,9742676003812",2,"38,2857142857143","18,7","1,5","9,36","3,38","8,4","28,4","63,3","9,68","5,62","13,7","88,3","3,5","29,7666666666667","1,1","4,00980636582731","33,6538461538462","0,71468583968584","2,8",0,"2,91","175,8","12,7","36,7","4,11","23,1",1,"77,5186371889352","0,553435180706058","32,4240444299249","75,7","11,4",106,"9,59","45,15","5,53356841682562","9,35",0,"4,57610268281592","1,7","61,6","-21,0526315789474","94,32","3,95","56,051","1,769","11,3",6,"28,8","14,1","15,9","56,4","55,6","26,88","3,1","-6,49","52,6","6,85","15,19",0,"374,469",62,0,20,"0,455",85,"13,4","14,84"
59,200043396,CA Maubeuge Val de Sambre,,,58,,,"72,1375693067303",2,"35,6666666666667","23,1",1,"28,31","2,53","8,2","26,9","72,8","2,7","1,01","15,2","84,5","1,3","29,8","0,9","0,911243277546803","32,2431524897984","1,91643564940427","2,5","0,02","3,34",265,11,"42,6","4,11","8,1",6,"46,9009663233422","1,27272398683406","28,8983364735817","65,1","24,2",110,"12,93","45,15","7,26180848877828","4,72",2,"4,33798945181397","-0,4","16,4","-22,1606648199446","50,19","4,62","58,598","1,638","8,59",5,"35,8",28,"25,1","43,6","41,4","20,85","3,2","-11,16",98,"5,4","10,3",0,"1352,239",,1,"17,6","0,855",75,"13,4","19,69"
59,200043404,CC du Sud Avesnois,,,55,,,"57,8942488358794",2,"38,3333333333333","27,4","3,5","23,63","0,9","9,8","28,1","68,2","3,37","4,05","17,2","85,3","4,5","29,8","0,7","2,62144671090358","29,4450113823691","1,06986928104575","2,2","0,24","3,28","150,1",16,"20,4","4,11","42,8",0,"100,066321416639","0,482142715252676","34,3186675807557","75,8","8,9",121,"20,54","45,15","7,40954880614974","7,78",2,"4,15220949263502","2,8","13,4","-45,4545454545455","79,01","34,58","30,058","0,458","17,1",4,"38,7","29,4","27,8","44,7","42,3","22,86","3,1","-10,53","91,8","9,25","9,33",0,"466,589",58,0,"17,5","0,419",84,"13,4","18,4"
59,200044618,CA Douaisis Agglo,,,54,,,"78,9998452033221",3,37,"18,8","1,4","31,09","-0,72","8,9","24,1",70,"0,9","0,26","12,8","79,9","0,5","27,05","1,7","2,75350736395323","36,0858537519142","4,2515479876161","3,6",0,"3,43","191,4","19,2",51,"4,11","6,1",8,"18,919390991753","2,10031990229612","30,4332259219477","62,7","26,3",106,"11,2","45,15","6,46410804916505","4,5",1,"4,39006820806144","5,3","14,8","-3,38983050847458","24,24","3,53","54,023","3,918","6,62",7,"35,5",21,"21,8","41,4","55,6","20,68","3,1","-7,05","109,8","5,8","7,91",0,"1454,363",,9,17,"0,733",79,"13,4","17,89"
59,200068500,CA de Cambrai,,,52,,,"85,0915786858775",2,"37,4","20,2","1,4","12,61","5,9","8,4","29,7","67,3","4,98","2,84","14,4","84,5","1,8","29,3666666666667","1,4","4,06367669537337","37,5625446747677","4,38981144306114","2,8","0,01","4,1","257,2","11,8","60,7","4,11","2,6",2,"0,144993828505046","0,885235936907609","36,067217846485","65,5","16,4",110,"17,36","45,15","6,34365915522995","7,83",1,"4,2274390318515","-2,2","29,1","-48,8454706927176","42,73","2,19","77,335","4,423","5,9",5,"38,6","16,8","19,8","45,5","66,9","36,13",3,"-7,31","100,8","9,6","9,69",0,"731,862",60,2,19,"0,561",94,"13,4","16,43"
59,200093201,Métropole Européenne de Lille,,,42,,,"36,7715208345434",4,38,"13,7","1,6","26,51","5,62","6,5","23,9","64,3","0,39","0,08","11,9","65,5","-3,2","23,3","2,2","1,42373789822787","45,664140954534","5,92802299535173","4,9",0,"3,22","200,6","23,8","69,6","4,11",1,16,"0,180814865224724","1,85931928603371","34,0099070714046","65,2","10,2",88,"11,23","45,15","5,62347251841204","3,13",32,"3,82948592805344",-6,"1,8","-18,6186186186186","8,67","2,19","42,831","5,206","6,46",6,41,"19,7","14,4","34,6","62,4","28,46","3,7","-5,74",114,"2,53","8,46","0,067","952,228",,6,"24,2","1,046",60,"13,4","16,65"
59,245900428,CU de Dunkerque,,,29,,,0,2,"38,25","16,2","5,7","33,98","0,69","5,9","21,6",72,"0,34","0,19","13,5","76,4","-2,6","34,7","1,4","2,18548031250811","36,3500345277373","5,94036733958904",3,0,"4,1","186,8","16,1","58,4","4,11","6,5",29,"4,30798240100566","1,42073092154692","30,6302708182921",63,"21,8",107,"13,49","45,15","6,34601986221744","4,1",3,"3,13780516443909",-5,"4,5","-21,5139442231076","17,46","0,63","43,51","5,41","7,48",8,"37,3","19,4","21,3","42,3","58,6","21,63","3,1","-7,22","119,1","2,88","8,65","0,052","1538,785",,25,"21,7","0,65",86,"13,4","17,94"
59,245900758,CC Flandre Lys,,,21,,,0,1,"39,6666666666667","15,3","0,8","13,63","17,58","6,3","24,4","52,1","1,38","1,49",14,"86,9","1,7","26,9","1,6","3,38797269692591","38,2706652458517","1,52443788109756","4,5",0,"3,24","159,8","20,9",62,"4,11","0,1",3,"0,0675389798636684","1,45114896474937","31,4164396338021","48,5","42,3",106,"9,52","45,15","4,21567267683773","6,98",0,"4,51969704671377","-2,4","13,1","-40,5982905982906","36,41","0,59","65,444","4,832","6,16",6,"26,9","10,8","14,7","43,4","73,5","20,05","2,8","-6,81",76,"3,38","11,63","0,249","690,425",67,1,27,"0,866",76,"13,4","12,97"
59,245901038,CC du Pays Solesmois,,,52,,,"48,5464790656376",2,"36,2","20,6","1,6","4,11","-3,1","9,3","30,9","66,6","5,57","2,53","13,5","85,9","0,2","29,75","1,1","3,43218012081274","33,0865288982208","0,143432203389831","2,6",0,"4,12",190,"8,6","38,7","4,11","0,2",0,"0,146658731508247","0,628281437966891","30,1257481003295","68,7","20,1",107,"9,06","45,15","5,94944858262095","6,18",0,"4,76935026340673","3,3","48,3",-8,"72,62","3,19","80,353","2,911","6,72",5,"29,1","15,6","16,8","49,5","69,5","37,27","2,9","-7,18","49,7","6,33","13,33",0,"239,392",59,0,"19,2","0,449",88,"13,4","15,22"
59,245901152,CA Coeur d'Ostrevent,,,48,,,"154,464568158907",2,"38,75","18,6","0,7","30,74","0,41","6,7","28,2","68,2","0,53","0,05","12,9","84,8","2,1","28,6","1,1","2,14955798824149","32,1651745861708","4,69744374712996","3,5",0,"2,99","191,6",19,"35,1","4,11","10,2",0,"51,3278109918606","1,35830900717263","26,2628536060431","76,3","15,5",106,"15,04","45,15","6,41284908114585","4,7",0,"3,31337339394025","5,1","11,5","-38,7096774193548","30,72","4,97","40,593","2,77","9,54",6,"30,2","20,6","22,4","47,2",56,"19,15","2,9","-8,81","51,7","3,7","10,7",0,"746,107",65,0,"18,1","0,833",71,"13,4","17,27"
59,245901160,CA Valenciennes Métropole,,,54,,,"30,8231732396199",3,"31,5","17,4","1,3","27,38","2,34","9,2","25,5","70,9","0,92","0,64","13,5","79,8","1,1","28,6","1,3","2,34515464992053","35,6089479631509","3,4234571322986",4,0,"2,92","206,7",19,"64,1","4,11","9,2",5,"41,0892796240858","1,92144043849806","31,521716681468","62,1","20,6",100,"10,13","45,15","6,63987647467757","3,65",4,"3,55210268010002","-4,4","8,4","-5,05836575875486","21,04","2,56","44,779","2,684","8,76",7,"38,2","23,6",21,"40,3","50,4","20,32","3,3","-8,85","118,1","3,14","9,2",0,"1580,268",,5,"18,9","0,646",71,"13,4","18,48"
60,200066975,CC Senlis Sud Oise,,,8,,,"67,313753120219",3,"28,75",12,"3,7","18,99","5,64","8,3","25,8","57,3","5,62","1,55","12,1","78,6","-1,2","36,3666666666667","2,3","2,75867583559891","47,2086923941551","2,49908140639848","2,6","0,04",2,"92,6","17,5","54,9","2,34","45,9",0,"100,111268569195","0,280130392524595","41,5397076406835","59,8","25,6",102,"7,41","46,74","4,72990943028539","2,4",0,"4,61919631851426",-8,"34,5","39,344262295082","42,79","2,28","43,839","4,702","6,28",1,"33,9","7,9","12,7","44,4","63,9","27,59","3,8","-6,49","109,7","7,06","7,71",0,"2881,166",66,0,"32,5","0,32",80,"10,6","10,46"
60,200067965,CA de la Région de Compiègne et de la Basse Automne,,,19,,,"35,571000072277",4,30,"14,6",2,"26,66","2,61","7,9","23,5","58,6","2,22","1,14","15,8","73,9","-0,7",35,"1,8","3,41663879199121","44,1408802043119","6,0747541854903","3,2",0,"2,87","94,8","23,6","62,4","2,34",53,2,"47,321650884672","1,08632648377075","36,7484984547204","61,9",18,97,"10,91","46,74","5,30659147688186","5,14",3,"3,13840713518472","9,8","4,2","-17,3333333333333","25,49","3,03","28,183","3,202","5,81",3,"41,2",15,"15,5","43,1","65,4","25,02","3,5","-5,73","125,4","5,27","9,77",0,"1293,137",67,5,"22,9","0,53",75,"10,6","16,52"
60,200067973,CC Thelloise,,,8,,,"192,088661773561",3,"25,8333333333333","12,2",2,"13,23","6,64","5,8",26,46,"3,63","6,17","13,7","81,5","0,7","35,5","1,4","3,19131702575733","34,8944376267876","0,463951568519538","1,8",0,"1,94","104,4","14,8","34,8","2,34",22,0,"4,61823136149045","1,12666381668086","32,5024671314424","64,4",20,96,"9,98","46,74","4,52274257927023","2,27",0,"4,48962334130059","-1,4","39,3","-24,5","43,02",,"52,833","4,32","6,12",3,27,"7,3","14,3","46,8","57,3","16,65","2,5","-4,42","45,2","7,83",13,0,"1623,532",66,1,"23,1","0,652",63,"10,6","11,15"
60,200067999,CA du Beauvaisis,,,7,,,"64,0434883049379",5,"31,75","16,4","1,7","26,9","0,75","8,3",26,"53,1","4,46","4,49","14,3","78,7","-0,9","36,1","2,3","3,64589377586941","39,3445345168546","3,48323203820274","3,5",0,"2,8","106,4","27,8","84,1","2,34","19,7",3,"3,79262868427367","1,16970479268638","38,0278095490165","68,7","14,9",99,"13,33","46,74","6,42865242747483","4,26",9,"3,60844576258045","-1,5","32,7","0,542005420054201","48,46","6,59","64,153","3,908","6,63",3,"37,7","17,6","18,2","43,2","53,5","24,81","3,2","-6,28","125,6","10,66","11,7",0,"12780,104",,5,"21,1","0,472",72,"10,6","16,61"
60,200068005,CC de l'Oise Picarde,,,14,,,"56,4485048246871",2,"33,5","16,9","3,6","11,28","-1,44","8,9","34,2","38,2","22,98","21,57","15,5","87,2","4,1","35,5","0,7","6,20851043507331","24,9754698467809","0,267336683417085","3,7",0,"2,39","97,8","16,9","36,1","2,34","8,2",1,"0,856708695433767","0,406423817451545","34,8499061913696","63,4","15,9",99,"11,65","46,74","6,08016646848989","2,87",0,"5,1278953626635",-2,"77,2","-26,2658227848101","69,71","2,21","81,649","3,995","5,86",1,"27,2","12,7","18,9","54,5","54,7","20,97","2,7","-7,38","51,5","9,77","23,27",0,"4841,932",59,1,"17,4","0,382",72,"10,6","15,02"
60,200068047,CA Creil Sud Oise,,,10,,,"0,160742879050991",13,24,"13,9","0,6",46,"3,79","6,4","23,4","50,1","0,52","0,05",13,"64,2","-0,5","34,9","1,3","2,31375907983581","28,0766805397906","2,14657738095238","2,9",0,"2,67","112,5","14,1","53,8","2,34","29,5",4,"18,3998089324098","1,5277314304832","33,4337481859361","74,3","20,5",100,"7,78","46,74","6,84820751402765","4,56",3,"2,87610029647675","-9,2",2,"33,3333333333333","10,42","21,14","34,102","4,391","4,72",3,"33,4","31,2","23,7",39,"34,6","18,55","3,2","-14,6","107,1","2,82","6,82",0,"1683,671",,5,"15,7","0,964",39,"10,6","19,73"
60,246000129,CC du Liancourtois,,,9,,,"53,8199480780504",3,24,"12,9","0,9","17,08","5,14","6,2","27,1","50,4","0,8","0,43","15,7","81,2","-0,3","34,9","0,9","2,09397772007706","33,7254339406111","1,1986202931877","2,6",0,"2,51","111,4",18,"34,7","2,34","46,3",2,"5,01125204582651","1,12071695384449","31,6293665868362","67,6","20,7",96,"8,46","46,74","5,24213085259377","5,03",0,"3,53578198053999","-7,2","14,9","-76,1904761904762","19,4",,"24,664","3,245","7,21",1,"30,4","11,8","19,6",46,"54,3","15,24","2,7","-1,11","56,4","2,9","10,6",0,"1364,275",70,0,"19,4","0,735",68,"10,6","12,63"
60,246000376,CC du Clermontois,,,9,,,"54,5130365448505",3,"32,3333333333333","13,1","1,2","18,08","4,43","5,2","25,9","48,9","3,45","3,21","14,7","80,4","-2,2","34,9","1,3","2,93775142917637","34,6973000167701","2,57531081527121",2,0,"2,38","93,4","19,3","22,7","2,34","23,6",3,"0,199919306031874","0,951624431797193","31,3083143271823","71,9","14,6",96,"7,93","46,74","4,93768340180334","6,35",1,"4,07565491116684","1,1",24,"-23,6842105263158","40,69","1,49","60,542","4,093","6,2",4,"32,6","9,6","16,1","48,5","64,9","18,58","2,6","-3,64","75,1","6,28","7,89",0,"1695,262",67,3,"20,3","0,554",75,"10,6","12,9"
60,246000566,CC du Plateau Picard,,,26,,,"56,8550356223032",3,"31,8","16,6",2,"12,59","-4,17","6,8","32,8","41,8","15,4","14,88","14,9","83,5","1,4","35,3333333333333","0,8","3,73938822261151","26,9807397680018","0,287629125724364","2,1",0,"2,36","85,5","11,9","10,1","2,34","6,9",0,"0,0539768864717879","0,259144232775705","30,9642491664741","57,5","13,2",98,"17,31","46,74","5,53171457944457","4,04",1,"4,64581813358095",-1,"66,5","-37,8238341968912","53,88","4,53","84,716","4,838","5,69",3,"28,8","10,2","18,5",55,"56,5","26,41","2,5","-7,43","46,2","8,23","14,29",0,"848,711",62,0,"19,1","0,38",70,"10,6","14,19"
60,246000582,CC des Sablons,,,5,,,"52,2551367639037",5,32,"11,7","2,1","16,51","6,39","6,2","25,8","47,2","4,54","12,56","12,2","79,4",3,"36,1","1,3","4,88286322788427","31,6038955442558","0,476308155152036",1,"0,01","2,08",104,"13,4","30,3","2,34","16,3",0,"1,31721163578753","0,93823311702316","32,1960965114492","48,7","38,5",98,"5,01","46,74","5,12043264860934","2,86",1,"4,12782091567767","-6,5","49,2","-24,1071428571429","44,88","2,58","65,098","5,019","5,48",2,"26,4","11,7","16,4","36,9","54,1","18,91","2,8","-7,6","63,8","8,55","21,75",0,"6458,942",65,1,"20,6","0,444",55,"10,6","12,66"
60,246000707,CC du Vexin-Thelle,,,0,,,"48,2462406929778",3,32,"13,3","6,1","5,04","-1,68","5,9","33,2","37,4","20,26","12,08","12,5","81,4","0,8","36,1","1,3","5,83629200914352","32,0918178452425","1,7256038647343","1,1",0,"0,97","94,5","9,4","15,5","2,34","14,3",1,"0,222638276266937","0,617430527232807","34,9720510247958","63,3","16,9",102,"19,05","46,74","5,21892268099072","8,27",0,"6,39838994698606","2,1",81,"-20,8588957055215","65,01","1,69","70,816","4,335","6,16",2,"25,4","6,7","15,6","53,6","56,5","20,38","2,6","-4,95",48,"8,43","11,32",0,"1074,483",65,0,"20,4","0,47",73,"10,6","10,97"
60,246000749,CC des Lisières de l'Oise,,,10,,,"64,946931385403",2,"30,5","15,1","5,6","8,49","-1,24","7,8",32,"50,8","10,55","16,44","14,4","85,5","1,4",35,"1,1","3,63864491844417","32,7948618139354","3,31694803045349","2,5",0,"2,51","106,2","13,5","24,4","2,34","41,3",2,"28,2908136731124","0,267277213560552","32,6912560004861","58,2","30,4",107,"19,17","46,74","5,59708097845673","6,9",0,"4,42988986648619","4,1","51,2","-17,6470588235294","47,34","3,9","47,084","4,273","6,22",3,"29,5","9,4","15,3","40,5","61,5","22,9","2,8","-5,72","61,2","7,75","17,8",0,"458,771",61,2,"21,4","0,493",92,"10,6","13,2"
60,246000756,CC du Pays Noyonnais,,,46,,,"73,5577425373134",4,"34,3333333333333","19,3","2,3","19,41","-1,32","9,7","26,6","52,6","9,28","5,25","14,6",83,"2,9",35,1,"4,57981743467486","25,914904724615","2,24745776611448",3,0,"2,51","123,8","8,3","22,5","2,34","25,5",0,"14,0587840358075","0,45294483203153","34,440344403444","66,5","20,6",109,"8,77","46,74","6,87424713616502","1,88",3,"7,02467775022198","-5,7","50,8","-33,7016574585635","67,94","2,21","56,875","3,601","8,94",2,"32,9","19,3","22,5","48,9","52,1","21,74",3,"-10,07","77,4","7,5","8,4",0,"533,825",60,0,"19,7","0,735",83,"10,6","16,51"
60,246000764,CC de l'Aire Cantilienne,,,8,,,"21,677546363616",3,"30,5","11,8","3,8","12,14","1,03","6,4","23,1","56,4","0,78","2,32",12,64,"-0,7","34,9","3,2","3,21285140562249","62,8837665522315","2,13108695652174","2,5",0,"3,12","87,1","12,9","59,4","2,34","50,4",0,"99,9181048843873","0,620723171126969","39,837187148177","74,4","8,8",100,"14,23","46,74","3,96875983082247","1,56",0,"3,84898903396579",-2,"13,1","-34,0909090909091","16,48",,"15,661","4,547","9,26",2,"36,7","6,5","10,2","41,9","74,5","24,65","3,6","-4,92","69,8","3,91","11,36",0,"2276,782",71,0,"30,6","0,49",104,"10,6","9,35"
60,246000772,CC des Deux Vallées,,,31,,,"38,5194121032361",2,36,"18,5","1,4","18,44","11,43",7,25,"60,2","2,61","4,67","15,2","87,5","1,7",35,"1,2","2,34835393681599","33,7115397450444","1,31","3,3",0,"3,54","102,2","14,9","37,4","2,34","43,4",1,"31,8282766459736","1,18294073404306","28,972972972973",56,"18,1",106,"3,81","46,74","5,95411330156926","2,66",0,"4,32399353062027","4,9","41,7","-41,8604651162791","40,61",,"35,847","3,004","10,64",3,"30,6","10,9","18,4","48,3","57,6","19,01","2,6","-7,13","64,8","5,81","11,94",0,"814,27",63,4,"20,2","0,991",90,"10,6","13,58"
60,246000848,CC de la Picardie Verte,,,8,,,"86,4924503146994",2,"33,8571428571429","20,1","5,3","11,42","-3,09","8,9","35,8","35,9","19,86","19,06","16,4","83,7","0,2","36,1","1,1","7,62432314682268","24,4561732353376","0,0326541052093102","2,7","0,1","2,18","88,4","18,6","27,7","2,34","8,6",2,"0,942630574955463","0,475983098468437","34,5059035299143",57,"16,7",107,"15,39","46,74","6,06616831086218","5,29",1,"6,07957673252187","0,3","73,5","-13,2379248658318","100,01","5,42","77,074","2,902","7,38",3,30,"13,4","19,1","56,9","57,1","21,75","2,6","-8,06","62,5","10,67","31,3",0,"5754,645",60,2,16,"0,397",81,"10,6","15,69"
60,246000855,CC du Pays des Sources,,,40,,,"148,436770691995",2,"33,8571428571429","15,6","3,5","4,97","24,18","7,9",27,"43,6","15,73","13,51","13,6","89,8","0,9",35,"1,2","4,78749830630956","29,6867757102179","0,311708552503409","2,7",0,"1,81","99,1","10,2",25,"2,34","18,3",0,"0,198474360785422","0,972960094225902","31,8904593639576","52,1","35,8",100,"3,23","46,74","4,90779729808458","2,71",0,"6,31120576374099",2,84,"-10,3448275862069","73,77","1,48","61,936","3,544","6,53",2,"25,5","8,9","15,4","57,9","72,2","24,25","2,7","-5,82","45,6","11,5","14,4",0,"354,682",61,3,"20,6","0,539",75,"10,6","13,11"
60,246000871,CC du Pays de Valois,,,8,,,"64,4832392122792",4,28,"11,4","2,8","11,25","9,55","5,3","25,9","45,8","12,31","11,56","12,6","78,9","1,4","37,05","1,3","4,06181174856483","35,0385423966363","2,2426059401019","2,2","0,3","2,17","82,7","11,3","45,3","2,34",23,0,"12,5889454545455","0,477258322319313","32,6458351774808","53,8","25,6",93,"6,76","46,74","4,32664766558786","5,78",1,"4,30771994753957",0,"59,9","-11,7117117117117","47,02","2,86","69,038","4,018","5,5",2,"28,9","7,4","15,1","44,4","61,3","19,68","2,6","-3,98","56,1","9,9","24,98",0,"1179,251",66,4,"23,3","0,389",66,"10,6","10,93"
60,246000897,CC de la Plaine d'Estrées,,,27,,,"75,6295462037139",2,30,"14,5","1,7","7,99","1,37",5,"26,8","56,3","3,64","4,63","12,7","88,6","2,9","34,95","13,1","5,11917212528211","44,8555208266888","2,52160678642715","2,4","0,04","3,3","89,6","17,5","33,1","2,34","12,1",0,"0,0635367387268698","1,1321196841103","33,0130441784315","42,2","46,6",96,"12,05","46,74","4,71315460950048","3,3",0,"4,87103417566515","-6,2","57,7","-4,13223140495868","45,42","1,85","68,615","3,681","6,03",3,25,"6,6","15,4","48,8","75,2","20,15","2,5","-5,58","73,6",7,"15,37",0,"1442,912",64,1,"22,7","0,452",69,"10,6","11,67"
60,246000913,CC du Pays de Bray,,,4,,,"49,6520732245258",3,"27,6666666666667","15,5","5,1","11,45","-1,48",7,"29,3","36,5","18,55","25,17","14,5","85,9","1,1","36,1","1,1","6,22795414462081","28,3208020050125","2,49034568670196","1,4","5,13","2,76",82,"13,4","13,1","2,34","19,3",1,"1,97788040836169","0,465797161346796","29,9540416328738","55,8","30,2",105,"12,08","46,74","5,79650781506176","7,72",0,"5,46026888184501","1,6",78,"-40,5","98,19","13,81","62,154","2,455","8,83",2,"27,2","10,7","18,2","50,5","53,7","19,73","2,6","-7,97","34,1","12,61","17,22",0,"2711,544",61,0,"18,6","0,335",74,"10,6","13,33"
60,246000921,CC des Pays d'Oise et d'Halatte,,,12,,,"55,9161764275471",4,"25,5",13,"1,7","18,57","4,24","5,8","26,9","54,9","2,17","3,46","13,6","82,4",3,"34,95","1,2","3,16510831058714","36,2445034611868","2,51725352112676","2,2","0,12","2,9","83,5","15,8","31,8","2,34",35,0,"54,0832501070053","1,22959169724213","30,0904138501469","53,8","13,7",95,"6,42","46,74","5,05424845192195","2,32",0,"4,21173618413366","-0,1","20,7","-46,2686567164179","34,34",,"29,678","2,47","8,79",3,"29,1","10,5","16,5","44,3","64,4","17,39","2,9","-6,37","55,2","5,88",13,0,"925,815",68,2,"25,5","0,629",72,"10,6","11,81"
61,200035103,CC de la Vallée de la Haute Sarthe,,,31,,,"29,742013099853",1,"33,3333333333333","24,2","15,4","9,52","2,56","9,8","35,5","38,6","30,87","26,37","19,8","85,5","4,3","32,4","0,8","0,796706944628867","24,27734375","7,29078014184397","2,8",0,"2,66","91,1","9,8","15,5","3,23","7,7",0,"49,9528961089632","0,471241421549805","39,3126789898464","60,8","12,7",125,"12,32","45,97","5,88144561613816",,0,"7,25632620951881","1,2","67,7","9,9601593625498","93,19","10,97","69,063","0,778","12,67",3,"35,2","14,4","9,3","56,7","68,2","33,59","2,8","-3,8","52,8","15,1","19,39",0,"247,331",58,0,"20,4","0,352",110,15,"15,53"
61,200035111,CC des Sources de l'Orne,,,21,,,"80,2697853789403",1,"33,5","23,1","6,7","12,03","0,63","11,7","31,3",42,"22,33","26,96","19,6",84,"3,3","33,4","0,8","1,25418060200669","23,0861723446894","0,0325224748810153","2,8","0,66","2,51","119,4","9,6","17,1","3,23",18,0,"68,8860562341176","0,288415146996962","37,5885960022298","68,8","10,5",120,"26,72","45,97","6,18576560877505","2,51",0,"5,50680925724789","4,6","56,6","-15,1515151515152","90,55","10,01","63,411","1,324","12,22",2,"38,7","13,7","13,7","55,1",58,"31,61","2,6","-4,73","74,1","9,91","19,87","1,672","267,58",55,0,"23,4","0,222",105,15,"17,89"
61,200035814,CA Flers Agglo,,,22,,,"37,4405809692895",2,"32,3333333333333","21,1","4,7","14,83","1,02","11,4","31,2","45,8","10,23","5,75","18,4","85,9","0,6","31,5",1,"4,95153211830353","26,9537893856842","2,48756956106556","2,7","0,59","2,48","115,7","11,9","25,1","3,23","9,7",1,"20,1688089416696","1,01853395111308","33,4025742794614","61,7","24,7",125,"16,14","45,97","6,18974231254566","3,24",2,"8,42240818224082","0,9","44,6","-15,1846785225718","78,77",7,"65,762","0,892","11,12",6,"39,2",15,"15,2","46,4","52,2","22,47","2,7","-5,74","106,2","8,55","9,79","2,285","1149,338",57,0,"22,6","0,312",126,15,"17,67"
61,200036069,CC du Pays de Mortagne-au-Perche,,,25,,,"109,957158712542",1,"34,25","26,3","17,2","15,36","2,46","9,5","35,9",46,"20,13","9,36",20,"77,2","-2,3","32,6",1,"1,47983721790603","26,5534842432313","5,24913793103448","2,7","0,04","2,96","84,4","5,3",16,"3,23","10,1",0,"64,0025121915177","0,218978601091477","49,1135258793251","62,9","15,3",131,"20,26","45,97","6,88110744078108","4,44",1,"6,87092053270891","-1,5","47,9","-11,6402116402116","88,71","8,97","69,329","1,395","10,92",3,"38,7","14,5","16,8","49,1","69,9","33,74",3,"-2,43","109,2","9,42","9,42","1,48","193,737",56,0,"20,6","0,268",142,15,"17,32"
61,200068435,CC Coeur du Perche,,,12,,,"84,3887339152344",2,35,"22,3","22,8","8,48",0,"9,4","38,1","37,7","19,18",16,"18,7","81,6","-1,1","38,9",1,"1,7183684543728","23,0888030888031","6,26188034188034","2,6",0,"2,71","65,2","9,1","29,6","3,23","16,1",0,"100,000051237383","0,189133836784391","41,0279131590607","55,2","22,6",127,"7,7","45,97","5,95663085814801","13,57",0,"4,60905892700088","-2,7","69,2","-41,0557184750733","93,21","12,81","60,729","1,923","9,24",4,"33,9",12,18,"51,6","43,4","27,22","2,8","-3,88","57,3","12,08","13,67",0,"82,41",58,1,"16,9","0,295",123,15,"16,76"
61,200068443,CC Andaine - Passais,,,30,,,"183,508803088803",1,"33,5","25,3","28,7","6,64","-0,24","9,3","32,3","38,6","21,8","19,6","20,1","83,7","4,2","31,5","0,8","3,11599283321648","24,0440845704004","3,75698836972047","2,4","0,15","3,89","96,8","0,9","33,3","3,23","5,6",1,"99,9744249305186","0,476996933641194","37,6709711927867","48,5",41,149,"12,82","45,97","6,14411013325539","14,8",0,"7,44745017807077","0,8","38,9","-24,0887480190174","92,27","7,92","78,782","0,964","9,78",4,41,"14,5","15,2","49,4","60,2","26,25","2,8","-5,06","110,5","11,58","21,58",0,"324,75",55,1,"18,9","0,187",199,15,"16,09"
61,200068450,CC Terres d'Argentan Interco,,,14,,,"67,7286156993712",1,35,"24,3","5,5","22,56","0,75","9,7","30,6","42,2","18,7","9,47","18,5","81,1","1,7","32,95","0,9","2,39707556780728","26,5867283058846","0,968099861303745","2,6","0,37","3,3",124,11,"38,1","3,23","11,6",0,"24,4677426063808","0,608013595893292","35,0800327141021","66,5","18,6",126,"12,41","45,97","6,36053625904943","5,09",2,"6,08704795190001","1,7","48,5","-31,1706629055007","84,97","6,83","69,801","1,287","12,6",5,"39,9",16,"17,6",49,"61,9","25,23","2,8","0,6","102,8","11,98","12,47","5,094","506,776",58,1,"23,1","0,292",128,15,"19,15"
61,200068468,CC des Pays de L'Aigle,,,23,,,"79,0803525348366",2,"33,5","26,1",10,"16,37","0,41",10,"32,7","38,7","14,46","14,8","20,4","83,4","0,5","32,8","0,9","1,76105663398039","26,7369727047147","0,979268462934525","2,2","0,39","3,2","92,1","5,5","56,1","3,23","20,3",1,"6,29352248782969","0,326977193180885","41,0814606741573","64,1","18,6",124,"16,75","45,97","6,78563126784884","2,4",3,"6,35034092670076","0,2","56,4","-9,58605664488017",85,"5,52","60,133","1,823","10,18",3,"39,6","16,9","18,6","44,9","53,7","24,05","2,9","-3,7",96,"11,22","11,22","9,206","255,54",57,0,"22,8","0,299",122,15,"16,69"
61,200068856,CC des Hauts du Perche,,,30,,,"147,64382700528",1,"32,6666666666667","26,4","23,8","10,52","3,4","10,3",36,"41,8","26,46","32,81","20,8","80,7","-0,5","35,85","0,9","1,64932758183202","23,5403151065802",0,"2,1","0,56","3,81","72,7","10,3","9,9","3,23","34,4",0,"74,0689089837846","0,152832473025193","37,4812593703149","51,9","14,4",136,"19,18","45,97","7,15638580815631","6,34",0,"7,28863470430762","5,9","70,9","-5,52995391705069","88,84","9,86","50,441","1,408","10,25",3,38,"15,7","14,8",57,"49,8","28,55","2,9","-5,31","61,9","15,9","19,4",0,"52,474",56,0,"14,3","0,226",159,15,"16,84"
61,200069458,CC des Vallées d'Auge et du Merlerault,,,14,,,"177,891812042769",1,34,"26,6","14,6","17,36","-0,54","15,4","35,2","43,1","26,55","31,77","20,9","76,9","2,5","34,3","0,7","1,69204737732657","21,4722536806342","0,177792465300727","2,1","0,13","3,53","74,7","3,7","19,8","3,23","11,9",1,"29,6994414664318","0,315131437605472","41,4082954388866","52,8","32,2",141,"12,31","45,97","6,99148432821902","10,58",0,"5,26764241049955","-3,1","52,9","-26,9938650306749","90,47","12,35","67,58","0,795","16,56",5,40,"18,6",18,"55,4","70,7","29,82","2,9","-3,66","103,1","15,33","26,88","12,69","274,218",52,1,"18,2","0,309",164,15,"18,59"
61,200071504,CC des Collines du Perche Normand,,,19,,,"128,594445373933",1,"33,75","24,8","16,5","12,76","-0,42","10,9","36,5","43,5","16,48","8,21","19,1","80,8","-1,4","35,65","0,9","2,10190011770641","23,3722243131351","0,0954337899543379",2,"0,18","3,36","59,1","16,5","37,5","3,23","14,6",1,"77,7658045582952","0,205348988197163","41,6598056973489","39,5","37,8",129,"6,87","45,97","6,02288544518164","5,04",0,"5,70956479376421","-3,5",48,"-38,6819484240688","90,22","5,61","62,097","1,837","8,78",3,"35,7","12,7","15,5","47,7","55,1","24,72","2,7","-4,74","103,8","13,25","13,25","3,363","63,395",55,0,"18,8","0,361",143,15,"18,49"
61,200071520,CC Domfront Tinchebray Interco,,,23,,,"134,770199304018",1,"32,5","23,2","8,7","10,86","2,31","13,8","35,2","40,6","17,85","14,13","19,9",82,"-2,6","31,5","0,7","1,01381320491699","21,1665098777046","4,77433737924201","2,4","0,24","3,8","93,1","9,9","16,6","3,23",11,0,"57,9110360973485","0,745595843184247","35,3488372093023","53,3","34,8",133,"14,76","45,97","6,09578197520446","4,44",2,"4,65487337397097","-1,8","52,7","-29,247311827957","83,99","6,11","66,336","0,84","10,73",3,"37,4","14,3","12,5","42,5","51,6","24,97","2,6","-4,97","80,5","9,93","17,27","0,634","310,078",53,0,22,"0,204",140,15,"15,97"
61,200071652,CC du Pays Fertois et du Bocage Carrougien,,,33,,,"40,4059344735215",1,"32,5","19,7","13,5","1,25",0,12,36,"37,7","35,08","34,21","17,6","84,9","1,2","32,7666666666667","0,9","1,45167980091248","19,9822116809962","7,03624225083453",2,"13,05","2,07","81,4","2,5","22,5","3,23","22,2",0,"99,9249720526271","0,277883694813396","27,8795278795279","46,1","19,6",125,"5,52","45,97","5,69267144584557","4,15",1,"7,69226118500605","-1,7","70,3","-16,6666666666667","91,77","14,46","59,776","0,971","11,9",4,"30,9","12,9","11,2","51,8","61,8","28,62","2,6","-2,85","62,5","14,53","15,05",0,"52,91",57,0,"17,8","0,166",140,15,"16,74"
61,246100390,CC du Val d'Orne,,,17,,,"1,67535923363491",1,"32,6666666666667","20,5","15,3","3,67","-11,76","12,3","45,8","34,3","49,01","36,66","18,2",83,2,"32,95","0,9","1,06799572801709","22,0957309184994","0,0120738636363636","2,2","0,94","1,78","77,2",11,"20,7","3,23","6,1",0,"5,6878003046994","0,330403168303161","33,096926713948",46,"49,8",123,"18,41","45,97","5,28003318166964","7,12",0,"9,03114552173148","3,6","81,8","-20,4472843450479","87,52","15,5","74,021","0,892","10,68",3,"31,7",14,"11,8","54,6","51,5","40,58","2,7","-3,1","79,7","15,76","15,76",0,"40,527",58,0,"22,1","0,215",103,15,"17,07"
61,246100663,CU d'Alençon,,,33,,,"90,1935600252548",2,32,"19,8","2,6","24,13","1,17",8,"30,8",50,"7,16","2,93","16,1","78,7","-0,9","32,4","1,6","4,67466835123184","35,2242998375238","4,39783309138548","2,5","0,06","2,35","104,7","17,5","47,1","3,23","20,3",0,"71,3136573574481","0,616945274823094","36,5493240998199","75,3","11,7",122,"18,52","45,97","6,02147124052082","4,15",5,"4,06433323794534","-2,6","22,1","-31,4917127071823","84,85","7,89","53,002","1,312","12,19",6,43,"16,6",18,40,"71,3","27,6","3,1","-2,07","127,6","7,74","9,55",0,"511,691",,0,"23,8","0,432",109,15,"18,03"
62,200018083,CC de Desvres-Samer,,,32,,,"305,898023340941",1,"35,6666666666667","15,5","2,6","8,52","15,6","7,9",28,"38,2","13,89","4,96","11,8","87,8",2,"29,1",1,"6,39640418359409","27,7422826013854",0,"2,9","0,22","2,16","203,7","17,3","30,7","3,31",12,0,"99,8710923355462","0,592891056329752","32,4932569116655","62,3","26,8",107,"13,29","57,14","5,26765024397148","2,59",0,"5,78795710040057","-6,9","50,7","-14,0583554376658","93,1","4,74","67,738","1,772","9,17",4,25,"14,5",15,"55,9","67,1","27,7","2,7","-9,25","66,1","9,1","20,55","1,297","330,411",60,0,"19,2",1,72,"17,9","14,77"
62,200033579,CU d'Arras,,,16,,,"58,668552324734",2,"37,6666666666667","15,5",1,"24,78","3,98","7,8","21,9","66,5","1,69","0,11","12,8","76,2",-1,29,"2,1","4,50897696322679","44,033263405726","3,68799916660879","4,1","0,01","3,64","213,3","21,3","70,9","3,31","1,8",4,"0,150506888484533","1,59307238241728","35,9416920050081","69,7","14,4",100,"13,69","57,14","5,28098306519787","4,55",6,"3,33322563075247","-3,4",18,"-7,00636942675159","33,66","0,95","69,019","5,079","6,19",5,"39,6","15,5","17,1","43,7","65,9","26,49","3,3","-4,34","135,9","6,57","8,41",0,"1112,592",,4,"22,7","0,808",83,"17,9","15,58"
62,200035442,CC du Sud Artois,,,16,,,"53,2730330019587",2,"37,4","19,8","1,6","7,94","-1,36","8,6","33,9","55,3","14,6","19,64","14,5",85,"1,2","30,85",1,"5,97713097713098","30,0694190719766","0,210134345794393","2,4","0,32","2,97","162,1","15,1","35,1","3,31","2,7",0,0,"0,316292735096701","31,8441408226704","57,1","13,6",104,"15,63","57,14","5,18867996007796","6,31",0,"5,90511723179341",0,"65,5","-26,3986013986014",57,"1,06","89,472","6,642","5,7",4,"30,1","13,4","16,5","63,1","65,8","21,9","2,7","-3,57",75,"9,98","20,78",0,"266,031",59,0,"15,1","0,552",81,"17,9","17,33"
62,200044030,CC des 7 Vallées,,,16,,,"84,6151677761174",2,42,"21,6","9,2","9,51","-3,66","8,8","29,6","41,5","20,46","12,69","16,4",85,"2,6","29,9","0,6","7,81648258283772","25,2748460861917","0,101304459581031","2,3",0,"3,4","174,2","14,6","25,1","3,31","6,7",0,"0,868087396834257","0,366976929101493","35,6630046415334","59,8","22,6",121,"11,58","57,14","6,09963306333091","5,1",0,"5,65784059095355","0,2","63,7","-19,7718631178707",100,"2,35","74,568","5,172","7,91",5,"32,4","18,1","19,7","67,3","53,6","34,6","2,8","-10,36","75,4","10,14","29,61","0,34","335,927",58,0,"16,6","0,814",110,"17,9","17,86"
62,200044048,CC Osartis Marquion,,,16,,,"183,299031675693",1,"36,8571428571429","15,5","1,4","6,46","3,96","5,9","28,1","62,6","4,68","4,65","12,1","88,2","1,8","29,375","1,3","3,90059326388565","36,0111606334022","0,367377581663296",3,"0,01","3,04","179,3",18,"40,6","3,31","2,6",3,0,"0,885330343273834","29,4558623393998","53,3","21,6",103,"5,36","57,14","4,03172293757815","7,71",0,"4,38966169860421","0,2",68,"-25,5050505050505","43,05","0,59","76,503","4,777","5,69",5,"25,9","10,1",14,"51,5","65,1","18,69","2,7","-6,7","50,9","9,47","12,9",0,"677,231",63,2,"19,3","0,527",77,"17,9","13,23"
62,200069029,CA des Deux Baies en Montreuillois,,,19,,,"102,785173357664",2,"36,6","19,8","45,8","13,98","3,65","4,7",26,"51,6","4,84","5,89",14,"83,4","1,7","30,5","1,5","2,50445578022248","40,2084970643983","2,56819387288523","5,1",0,"3,84",263,"13,8","53,2","3,31","14,3",2,"9,06553571869521","0,732649009826402","50,3134279115803","78,9","14,2",123,"18,75","57,14","5,61248978912655","2,92",0,"4,68600429613046","1,7","25,8","-21,5189873417722","63,1","2,2","59,696","5,717","8,5",5,"37,1","13,5","18,9","48,6","71,8","39,1","3,1","-5,88","112,6",7,"13,87",0,"810,264",61,0,"24,8","1,114",138,"17,9","14,45"
62,200069037,CA du Pays de Saint-Omer,,,26,,,"558,973422148527",2,42,"17,4","2,3","14,27","1,86","7,4","25,6","54,8","5,21","3,93","14,1","84,2","0,7","31,1333333333333","1,3","2,63611963190184","33,0065202415854","2,19715659998935","3,3","2,89","3,36","188,7","13,4","42,7","3,31","7,9",4,"42,7754114230397","1,746711344074","32,3657895475337","59,7","11,1",103,"10,83","57,14","5,9079353682626","4,79",1,"4,06224204500067","1,4","27,4","-29,625550660793","58,22","1,07","63,396","3,241","8,2",6,"32,4","16,9",20,"52,8","67,9","31,04","2,8","-9,08","104,7","10,02","13,6","0,671","531,791",62,2,"21,4","1,219",79,"17,9","16,21"
62,200069235,CC du Haut Pays du Montreuillois,,,24,,,"125,074380691588",1,"41,8571428571429","19,2","8,2","4,84","-3,44","8,6","31,1","33,8","36,13","26,91","13,9","83,9","3,9","29,6333333333333","0,8","11,4343793672977","22,0667823955887","0,0475235849056603","2,4","17,01","1,91","148,3","16,5","13,7","3,31","8,2",0,"0,019412666588041","0,413932766638412","35,0887824980304","62,8","15,9",109,"31,19","57,14","5,37386457473163","4,45",1,"7,12532554151051","-2,4","85,1","-29,8444130127298","99,99","1,75","78,705","3,764","8,12",4,"28,1","17,2","15,5","75,2","57,7","39,77","2,8","-10,69","77,7","17,98","28,8",0,"199,988",57,0,"20,8","0,96",82,"17,9","18,26"
62,200069482,CC des Campagnes de l'Artois,,,16,,,"83,5178479828611",1,"38,1666666666667","15,5","2,3","2,91","-6,82","7,2","30,8","44,6","16,01","17,37","11,3",88,"0,2","30,65","1,3","8,14058275758486","30,5612547303151","0,516961085509473","3,1",0,"2,1","152,3","12,7","29,9","3,31","4,3",0,"0,0018639328984156","0,547171077479772","33,8134551203232","56,3","27,3",107,"10,34","57,14","3,62298453934481","3,91",0,"5,28989481932431","0,4","84,3","-21,4705882352941",100,"2,42","82,515","4,073","7,09",4,"25,4",10,"12,6","63,4","61,7","23,82","2,8","-7,85","50,8","14,66","15,94","0,3","337,549",60,0,"20,1","0,623",85,"17,9","12,88"
62,200069672,CC du Ternois,,,16,,,"84,0692305639329",1,"41,3333333333333","21,3","4,3","7,69","0,08","9,4","33,8","47,4","19,89","15,55","14,6","84,8","4,9","30,54","0,7","7,75235531628533","25,4775094172391","0,264210090495061","2,8",0,"2,96","124,2","12,4","39,7","3,31","5,9",3,"0,230972979750486","0,448494981459157","34,8277139681363","59,4","28,2",117,"13,66","57,14","6,26987216941205","4,04",2,"6,38141681086466","-0,1","58,1","-33,1786542923434",100,"2,66","79,993","3,223","7,58",5,"31,1","18,1","19,9","65,3",55,"25,01","2,9","-11,17","85,2","10,83","19,87",0,"349,865",57,1,"16,1","0,717",99,"17,9","17,16"
62,200072460,"CA de Béthune-Bruay, Artois-Lys Romane",,,16,,,"52,262571415081",2,"37,2","18,9","0,7","26,87","-0,97","7,8","27,1","64,8","1,85","0,46","13,8","86,1","0,8","28,22","1,2","3,92404328778252","35,9748051122895","2,26837067237547","3,5","0,03","3,23","219,5","14,5","45,2","3,31","5,5",7,"0,227524801281656","1,85802790000692","29,4020624471121","69,1","19,8",104,"12,24","57,14","5,82512284118047","4,21",5,"3,96427100122144","-2,6","10,9","-35,3734439834025","33,76","1,33","58,182","3,995","6,54",7,"32,6","18,6","20,4","47,5","55,6","20,74","2,9","-9,42","74,9","5,11","10,12","0,363","4759,513",,12,"18,9","1,295",77,"17,9","15,83"
62,200072478,CC Pays d'Opale,,,32,,,"242,840943381244",2,41,"15,9","3,6","8,01","-1,86","6,1","23,8","39,6","7,74","7,61","12,1","88,5","1,4","32,45","1,1","4,80501945834326","26,8761987254841","2,33634440104167","1,9",0,"3,18","172,4","11,9","40,4","3,31","15,1",0,"78,9074827802129","0,96838408386849","30,3789539617914","73,3","8,9",105,"32,8","57,14","5,29950357426529","3,97",0,"5,55075456711676","-0,6",55,"12,3711340206186","72,39","2,41","64,459","4,181","8,42",5,"25,7","15,1","17,1",55,"64,7","29,47","2,7","-10,65","49,2","13,65","19,91","0,794","447,463",62,0,"22,8","0,99",71,"17,9","15,24"
62,200090751,CA Grand Calais Terres et Mers,,,32,,,"39,6354777998138",2,35,"18,8","2,9","26,48","-0,28","8,5","24,1","61,2","1,81","0,04","13,5","79,6","0,1","35,8","1,2","3,25538604632354","35,0011895829139","3,52605042016807","3,5","0,02","3,44","244,1",14,"53,8","3,31","2,7",4,"14,7294616044616","1,79974756136181","31,7735931902324","69,8","12,4",101,"10,59","57,14","6,45704771031556","3,13",3,"4,8426353617633","-4,7","8,4","-9,09090909090909","28,35","1,35","58,99","5,617","9,02",5,"38,6","23,2","26,2","40,8","55,7","33,96","3,1","-8,13","121,6","4,79","8,29","0,101","1059,685",,3,"17,9","0,62",77,"17,9","17,56"
62,246200299,CA d'Hénin-Carvin,,,16,,,"9,96403342794071",3,31,"17,8","0,4","41,13","0,78","7,2","24,1","73,1","0,35","0,03","13,5","83,7","0,8","27,9","1,2","2,33087296742328","34,379708321753","1,96796125694094","4,5",0,"3,17","234,3","26,9","57,6","3,31","3,3",3,"0,0398328443140393","5,78814763616908","30,3922881242469",66,"19,3",105,"9,3","57,14","6,54306970167224","2,62",1,"3,25300823806587","-5,5","1,7","-1,72413793103448","10,46","9,25","31,328","3,896","5,62",7,32,"22,1","21,3","41,6","50,5","18,5","2,8","-10,63","92,8","1,71","6,14","0,079","5652,068",65,2,"18,4","0,646",67,"17,9","16,49"
62,246200364,CA de Lens - Liévin,,,16,,,"35,5222992163636",3,"36,3333333333333","19,4","0,5","46,66","-0,17","7,1","25,2","72,9","0,75","0,05","13,6","85,7","0,8",29,"1,1","2,15589201577965","35,7268950804156","1,68930723031366","4,4",0,"3,26","247,1","23,7","55,5","3,31","6,8",6,"0,252899846173035","2,86526098980989","27,8393612408682","71,9","16,2",104,"12,69","57,14","6,63691986065601","3,34",2,"3,24640511787075","-0,9","3,9","-44,7058823529412","13,11","2,19","42,563","4,156","6,15",7,"33,8","23,8","22,7","39,7","48,5","19,98","2,9","-10,59","84,9","3,22","6,86","0,082","6208,717",,5,"16,8","1,033",70,"17,9","17,21"
62,246200380,CC de la Terre des Deux Caps,,,32,,,"44,4935966326348",2,"37,6666666666667",15,"21,9","13,11","10,16","4,1","30,6","46,9","11,04","2,26","11,7","86,8","1,7","32,45","1,1","5,00558659217877","32,7555960985194","1,53817245817246","3,5",0,"3,58","201,3",17,"50,4","3,31","5,6",1,"100,249905379832","0,735197388367364","36,4764377172526","63,1",20,103,"10,41","57,14","5,17726143269132","6,26",0,"3,94669250180245","-0,3","54,6","8,65800865800866","94,98","6,89","64,309","2,355","9,91",6,"26,1","14,6","15,2",56,"61,2","27,62","2,9","-7,8",59,"6,67","16,43",0,"481,366",60,0,"21,5","0,818",78,"17,9","14,27"
62,246200729,CA du Boulonnais,,,32,,,"24,0178507803036",3,"35,3333333333333","17,9","11,7","30,05","0,1","6,8","22,3","66,2","0,82","0,46","12,4","78,6","-0,7","29,8","1,4","4,03688324159946","40,1509485279119","3,78699480695417","4,7",0,"4,27","224,3","16,3","62,2","3,31","27,2",1,"83,3060363636364","0,899105903869261","33,3857134078359","67,3","16,1",110,"10,98","57,14","6,23161275412971","3,11",2,"3,07577893010681","1,1","9,6","-33,9285714285714","22,7","4,44","35,396","1,522","10,44",5,"38,1","20,1","20,9","44,6","56,6","31,1","3,1","-8,37","111,3","6,68","8,86","0,089","834,336",,1,19,"1,609",94,"17,9","19,31"
62,246200844,CC de la Région d'Audruicq,,,32,,,0,1,"40,6666666666667","13,9","4,9","8,63","0,21",6,"23,8","28,6","9,81","3,94","11,5","91,2","3,9","35,25","1,5","7,02451484727002","28,3073460858383","1,63063063063063","2,6","0,17","2,48","172,1",16,"45,6","3,31","3,2",1,"11,8715703971119","1,23306880985449","24,2124811661236","75,5","8,8",99,"18,13","57,14","4,17279400357841","7,1",0,"4,35405053210744",-5,"50,7","-18,4905660377359","48,07","0,49","68,606","5,283","7,84",5,"23,7","12,3","15,3","50,3","61,8","24,98","2,8","-11,91","31,8","5,87","21,47","0,71","951,68",62,0,"23,3","0,777",63,"17,9","13,63"
62,246201016,CC du Pays de Lumbres,,,32,,,"41,4511101004672",1,"41,8","15,3","2,4","5,88","-1,57","6,1","26,4","38,8","16,94","15,27","12,6","89,6","1,9","31,4",1,"6,09073958980733","26,8028160081182","2,58573806881243","2,2","0,11","0,83","178,8","13,7","22,7","3,31","11,1",3,"99,8724029072755","1,00486508288293","27,1347788942679","62,4","14,9",102,"11,69","57,14","4,22674085154943","6,63",0,"4,29315839576177","-5,9","70,7","-29,6495956873315","97,15","1,06","64,49","2,232","8,77",5,"24,5",13,"13,7","64,6","66,1","28,88","2,6","-11,33","51,5","8,86","17,19","0,414","323,421",63,1,"21,6","1,048",68,"17,9","13,55"
63,200067627,CC Billom Communauté,,,40,,,"324,673259706777",1,"31,75","14,2","6,1","4,22","23,59","11,4","27,4","42,5","11,35","10,31",16,88,"1,4","26,5","1,3","1,03456203540501","31,1407907934329","1,95574703028275","2,8","0,28","3,07","121,7","18,1","38,8","3,72","21,4",0,"76,6343525179856","0,851946416122803","34,878470915795","74,6","13,5",100,"20,3","50,13","4,64648797495059","1,15",1,"3,21521840509871","-1,5","76,3","-31,5942028985507","84,98","6,2","61,504","1,053","11,13",9,"30,5",9,"12,1","52,7","70,2","24,87","2,6","-2,48",37,"8,12","23,88",0,"745,73",60,0,"25,9",1,84,"13,7","11,78"
63,200069169,CC Dômes Sancy Artense,,,44,,,"344,200063562689",1,"30,25","20,1","24,6","1,26",0,"12,2","31,2","33,4","37,63","50,05","18,9","81,9","4,2","35,6",1,"0,635374473830514","26,4146748193441",0,"4,3","3,62","5,56","163,6","8,3","66,5","3,72","34,3",0,"86,7592010383617","0,342042997095151","53,7329449639736","57,3","16,1",116,"16,39","50,13","4,86305741518212","1,59",0,"3,95186656076251",-3,"60,1","-28,4821428571429","80,16","10,93","58,622","0,024","14,37",8,"34,9",14,"8,6",75,"57,5","43,76","2,8","-1,85","63,9","32,81",36,"0,794","338,801",56,0,18,"0,186",119,"13,7","14,36"
63,200069177,CC Mond'Arverne Communauté,,,33,,,"98,2972012547789",1,"32,2",11,"4,8","4,66","21,81","8,9","24,3","47,9","6,69","6,53","12,8","89,6","0,8","26,5","1,5","1,0479625658023","34,8993505444441","1,42228964401295","3,9","0,01","2,44","135,8","25,1","57,6","3,72",30,0,"55,5568697342839","1,02057393203243","35,8877431394598","72,6","9,9",107,"15,73","50,13","3,87469819037956","0,49",0,"2,76105515824899","0,7","37,9","-18,3050847457627","60,56","8,43","51,924","1,133","14,37",7,"29,2","6,2","9,8","48,2","67,8","24,25","2,7","-1,87","39,3","12,44","20,33","0,487","1239,084",62,0,31,"1,417",95,"13,7","10,37"
63,200070407,CA Agglo Pays d'Issoire,,,38,,,"39,0902745874121",1,"30,8","18,3",9,"7,97","5,18","13,1","27,9","49,3","14,23","11,34","17,4","83,3","2,1","29,45","1,4","0,935057603076869","30,1164935688474","0,865016387786786",4,"2,46","3,35","173,4",16,"53,8","3,72","41,4",1,"68,1933740004301","0,367999619371483","44,2272281402193","61,9","31,4",109,"9,02","50,13","5,66189963516072","1,59",0,"6,73285797490249",-3,"47,9","-31,1594202898551","97,57","6,47","54,894","0,703","12,9",9,"38,6","12,7","14,8","53,9",67,"28,44","2,8","-6,69","82,2","13,48","15,69",0,"699,547",60,1,"21,3","0,817",108,"13,7","16,15"
63,200070712,CC Thiers Dore et Montagne,,,40,,,"69,0537227231863",2,"32,3333333333333","21,8","8,7","9,84","1,85","17,4","31,7","50,3","14,49","11,24","18,1","85,6","0,4","32,1",1,"4,92289281148856","27,5368453457498","0,12948","2,2","1,45","3,81","107,4","14,9","63,9","3,72","55,8",1,"99,552768","0,37365557652128","44,2066694987256","56,2",30,121,"8,03","50,13","6,97633070170384","1,9",3,"4,26521446819954",4,"38,9","13,3333333333333","85,81","8,78","25,725","0,275","17,92",7,"39,1","17,9","16,4","49,5","56,8","29,54","2,9","-7,35",100,"15,97","16,03","0,272","336,395",56,0,"20,5","0,32",133,"13,7","16,84"
63,200070753,CA Riom Limagne et Volcans,,,35,,,"186,891082409015",1,31,"12,2",4,"9,27","8,35","8,9","22,8","55,6","4,14","2,2","14,4","88,4","0,7","26,5","1,5","4,12769507750406","36,6016520874348","1,76581875318498","3,8","0,02","2,63","133,1","28,3","57,1","3,72","20,7",0,"41,5541192692175","1,23890127901047","35,6229735327306","59,3","14,8",105,"9,74","50,13","4,47103805779304","1,17",0,"3,36501057397313","-1,8","33,7","-42,4","37,65","6,19","51,673","1,998","8,59",9,"33,4","8,2",14,47,"66,5","31,31","2,7","-1,06",79,"9,13","10,52","0,293","1834,283",61,0,"28,3","0,763",89,"13,7","11,74"
63,200070761,CC Ambert Livradois Forez,,,42,,,"91,7200681875884",1,"35,4","23,7","30,7","3,34","2,27","13,6","33,7","36,2","32,97","35,83","19,5","78,6","-2,1","32,1","0,9","1,15958834613712","26,367587550582","1,03182346109175","1,9","11,98","3,26","87,8","17,4","39,2","3,72",63,1,"91,3009746620386","0,145388000441529","51,5063853806534","59,3","12,5",130,"9,18","50,13","5,8643515542376","3,26",1,"4,48043983161562","-3,4","55,1","-23,8219895287958","90,6","6,09","26,298","0,209","17,78",7,"40,7","17,8","16,7","58,7","56,7","43,27",3,"-3,61","94,3","19,91","20,17","0,362","79,376",54,1,"18,4","0,229",175,"13,7","16,91"
63,200071199,CC Plaine Limagne,,,36,,,"79,6364358842504",2,33,"16,4","4,1","3,37","1,38","10,6","27,5","42,7","14,94","18,31","16,8","89,3","1,3","29,4","0,9","0,653900046707146","25,0989866451916","0,194865695311726","2,1",0,"1,87","110,9","15,4","39,4","3,72","12,5",1,"7,46477760216753","0,675592666863852","33,7692131222758","68,5","13,3",110,"5,3","50,13","5,32544533293778","1,4",0,"4,05087785538984","-3,9","63,1","-27,4418604651163","61,86","4,78","71,607","1,613","8,57",8,"29,5","10,5","18,5",58,"61,2","27,28","2,6","-3,76","43,9","14,12","17,92",0,"569,397",58,0,"23,7","0,556",89,"13,7","12,47"
63,200071215,CC Chavanon Combrailles et Volcans,,,36,,,"14,2126245847176",1,"37,8571428571429","25,1","20,7","3,5","-13,06","14,9","38,8","35,4","39,72","47,91","21,1","80,7","3,5","35,6","0,7","1,02709962866398","22,6509887760556","0,0154028436018957","3,7","6,65","6,32","162,8","5,6","55,1","3,72","37,1",0,"33,3667662186826","0,288787887800392","59,1182364729459",63,"13,1",129,"2,68","50,13","5,24725599127315","6,32",0,"4,44729591435094","-0,4","75,4","-15,2792413066386","90,57","7,7","54,097","0,115","14,68",7,"39,6","17,4","9,6","67,4","67,6","42,35","2,8","-1,98","68,2","38,14","38,64",0,"359,18",55,0,"18,6","0,203",157,"13,7","14,49"
63,200072080,CC du Pays de Saint-Eloy,,,39,,,"22,9033049315776",1,"37,2","26,5","19,6","9,36","-4,03","15,9","38,6","41,3","32,88","38,08","22,6","83,3","2,9","28,8","0,6","1,09932747025349","23,5608308605341","0,137020863658418","2,5","5,92","3,23","179,5","13,1","19,9","3,72","22,1",6,"12,3361639525738","0,222481909174905","42,6608369768894",64,"8,1",140,"17,9","50,13","6,82764485104387","4,53",1,"5,86876342048756","-1,6","66,1","-29,4198895027624","97,53","6,35","60,614","0,255","14,69",9,"43,1","19,2","15,2","65,6","53,9","43,2","2,9","-4,18","89,2","31,35","37,21",0,"173,017",56,1,"15,3","0,23",185,"13,7","17,15"
63,200072098,CC Combrailles Sioule et Morge,,,27,,,"9,49149954189148",1,"34,3333333333333","17,4","9,7",5,"-6,26","11,7","26,7","42,8","22,01","25,94","16,8","90,5","1,1","26,5","1,1","0,906298776496652","27,4476931330472","0,0116550116550116","2,7","1,04","2,52","135,3","15,8","39,7","3,72","31,8",0,"37,7371687196715","0,852748582240926","37,6344086021505","43,8","53,3",105,"4,11","50,13","4,90145116077952","2,01",1,"4,93210520822461",-4,"72,9","-21,4285714285714","96,33","7,51","50,295","0,404","14,11",8,"31,8","9,7",11,57,"66,8","36,35","2,6","-3,95","63,1","18,9","23,38","0,503","599,783",60,1,"23,6","0,438",89,"13,7","12,98"
63,246300701,Clermont Auvergne Métropole,,,36,,,"41,3435918414264",3,27,"12,6",4,"23,15","6,9","8,5",21,"63,9","0,45","0,14","16,5","68,7","-1,9","26,5","1,8","2,23475362094129","41,6845524682406","3,1640367753154","4,2",0,"3,44","150,2",32,"75,7","3,72","27,1",2,"37,3566634707574","2,55993511232364","38,6622069152614","65,7","15,3",95,"11,53","50,13","5,11897029883816","1,15",21,"3,7930882047899","8,6","3,5","-2,34741784037559","5,2","20,41","26,683","2,11","12,89",9,"49,5","16,6","12,1","39,2","63,5","27,35","3,6","-5,89","137,8","2,33",8,"0,034","2021,743",,4,"24,6","1,139",92,"13,7","18,8"
63,246300966,CC du Massif du Sancy,,,45,,,"956,040529276933",2,"29,5","25,2","61,8","4,31","-0,48","7,8","30,6","41,2","27,48","34,91","22,7","70,9","3,2","29,45","0,7","1,14870509607352","27,9900974779514","0,391256830601093","5,3","5,5","7,31","129,2","1,3","74,5","3,72","57,8",0,"99,9978846910665","0,225617684713884","107,671876596179","75,7","15,7",121,"7,82","50,13","5,76759233196545","6,27",0,"6,36783158768018","4,1",33,"-22,8828828828829","77,98","6,71","53,191","0,015","14,04",7,"43,4","16,4","11,9","65,8","64,4","51,07",3,"-2,13","119,8","33,65","40,75",0,"126,673",55,0,"20,9","0,17",157,"13,7","22,66"
63,246301097,CC Entre Dore et Allier,,,40,,,"33,2607738765483",2,"34,25","14,1","3,3","3,47","-0,71","8,8","26,3","38,6","11,73","4,39","15,3","89,6","1,7","29,3",1,"2,64133692284249","29,6584183127719","1,06133540372671","2,9","0,02","2,54","116,9","23,5","50,8","3,72","17,7",1,"26,5371386276559","1,07952109560368","31,8952157176424","61,6","22,5",106,"10,91","50,13","5,48946608190636","1,52",0,"3,04610226320201","-6,6","60,3","-39,4849785407725","86,63","4,11","55,507","1,136","12,23",8,"29,2","9,1",16,"45,4","69,4","21,44","2,6","-4,76","51,4","12,93","17,93",0,"1090,836",60,1,"22,2","0,555",88,"13,7","11,8"
64,200039204,CC de Lacq-Orthez,,,18,,,"40,3659301820106",1,"39,6666666666667","15,9",3,"11,98","1,16",9,"24,2","44,9","16,18","10,35","15,7","88,9",2,"36,4333333333333","1,1","0,642030326491304","29,1894449116905","1,31962826002336","3,5","0,62","3,59","131,3","22,3","57,1","3,42","24,6",12,"7,71178474114442","0,976699112813968","43,5180106052295","57,7","22,4",119,"9,52","73,17","6,04242095732448","1,89",1,"4,94032573534943","-1,2","46,7","-15,8016147635525","99,47","3,85","52,62","2,162","12,69",5,"34,6","12,2","17,1","56,9","57,6","27,87","2,8","-6,71","96,3","10,03","16,6","0,566","743,463",60,20,"25,4","1,248",118,10,"15,73"
64,200067106,CA du Pays Basque,,,16,,,"85,4602516438224",3,"35,5","12,2",20,"12,59","11,57","5,2","21,9","48,8","8,6","6,51","14,2","79,4","-3,4","38,25","1,6","2,77845149683318","41,2077863455086","2,80732894360149","4,8","0,98","3,56","206,4","29,7","81,4","3,42","50,4",1,"36,5155828368377","0,774493866457507","58,6301582933512","69,4","14,9",110,"12,91","73,17","5,43482564380382","1,04",29,"5,35351901555964","-3,9","21,4","-13,2110517761783","80,49","7,39","39,926","0,572","23,38",8,"42,9","12,3",13,"50,6",67,"33,7","3,2","-3,93",101,"9,09","20,9","0,522","2241,562",,0,"28,9","0,654",133,10,"15,48"
64,200067239,CC des Luys en Béarn,,,0,,,"4,59712329238498",1,"42,6666666666667","11,2","3,2","5,15","2,5","7,4","21,1","29,9","19,93","21,12","11,2","88,6",1,"34,35","1,7","3,10506022451974","32,7425072510474","0,994215171755725","3,4","3,47","2,39","102,6","20,1","32,1","3,42","14,9",2,"0,216189931350114","1,04736912486785","48,5391920060881","53,7","22,5",110,"16,38","73,17","4,19516300584995","1,36",0,"4,35116246400225","-2,5","69,9","-32,6574172892209",100,"4,56","67,112","1,785","8,2",4,"25,4","8,6","11,9","58,6","67,3","30,74","2,7","-5,2","83,5","17,21","24,27","1,024","482,414",63,1,35,"1,106",85,10,"12,35"
64,200067254,CA Pau Béarn Pyrénées,,,47,,,"56,1571805686197",2,"39,6666666666667","11,5","2,6","15,91","3,52","10,9","17,6",62,"2,58","0,96","14,6",77,"-2,9",32,"1,6","3,35143950022183","40,3179368091152","4,1071079440214","4,2","0,01","3,36","179,1","24,3","85,9","3,42","22,8",2,"10,0574802920557","2,15629666800165","44,5529447665548","72,3","9,8",103,"12,94","73,17","5,48631905679897","2,1",13,"3,79444403252515","-5,8","9,3","14,8325358851675","22,34","5,7","36,346","2,438","13,61",5,"48,1","15,2","14,7","43,2","60,2","29,04","3,5","-4,94","121,3","5,26","8,9","0,06","1429,603",,0,"29,4","1,078",111,10,"16,81"
64,200067262,CC du Haut Béarn,,,11,,,"176,759146436717",1,"40,75","16,7","16,8","4,33","-2,88","8,2","25,9","38,9",16,"16,74","15,8","83,3","-0,2","33,5","1,1","3,37099694113241","25,9465137654834","0,855560747663552","4,1","2,14","3,75",164,"15,6","49,6","3,42","68,3",0,"54,4044811541121","0,358763636502465","53,2743735523268","62,3","30,7",119,"18,74","73,17","6,02239031501102","1,87",2,"5,89519039323046","-0,5","44,1","-19,4029850746269","93,41","6,74","23,488","0,74","21,75",6,"39,2","13,6","14,6","61,5","56,7","37,14","2,8","-3,57","100,4","14,23","14,54","1,249","1638,24",58,1,"28,9","0,361",148,10,"17,11"
64,200067288,CC du Béarn des Gaves,,,49,,,"294,581921552863",1,"44,5","20,6","12,2","3,9","1,97","10,6","28,9","32,9","22,62","16,5","17,8","84,4","1,2","36,4333333333333","0,9","0,341938792956061","24,5775606630896","2,21749249249249","3,5","0,15","4,56","159,2",26,"63,6","3,42","25,7",0,"9,06120703239313","0,491304750039936","55,2041722148247","64,9","15,1",135,"29,86","73,17","6,31827971959249","2,28",0,"7,57188718183903","0,3","53,9","7,21247563352827","98,63","4,94","56,396","1,289","14,21",4,"35,8","15,4","17,5","64,7",48,"37,16","2,9","-6,12","81,1","13,74","18,7","1,14","216,378",57,0,"20,8","1,463",167,10,"15,17"
64,200067296,CC du Nord Est Béarn,,,12,,,"30,2766172312309",1,"39,5714285714286","11,8","3,2","2,56","13,58",7,"20,6","30,9","23,29","14,88","11,5","89,9","2,2",32,"1,6","1,43554407120299","29,8242873877392","0,071323148111213","3,2","5,53","1,44","131,3","20,8","40,8","3,42","13,6",5,"0,333493306823441","0,999814350494409","42,3965970784127","62,7","13,3",113,"15,28","73,17","4,17103562569052","2,58",0,"5,00288924558588","-1,8","59,3","-36,456400742115","98,72","3,56","70,58","1,739","7,06",6,"26,1","8,9","12,2","54,8","61,8","26,99","2,8","-5,38",50,"11,64","24,93","1,436","774,612",63,0,"33,2","0,947",93,10,"12,08"
64,246400337,CC de la Vallée d'Ossau,,,2,,,"1335,22269210934",2,"40,5","17,5","42,6","1,77",0,"6,8","39,4","32,1","17,64","25,37","16,4","81,5","0,9","33,5","0,7","2,05592105263158","23,0529153071358","2,71316425120773","4,5","0,68","4,11","110,1","11,9","22,3","3,42","83,6",0,"85,4033230194031","0,145838839078252","67,4914504123919","64,6","31,2",128,"12,11","73,17","6,02952252957422","3,08",0,"8,18629173989455","1,6","40,5","11,9601328903655","83,78","4,72","12,274","0,532","23,77",7,"37,4","13,4","11,1","68,1","59,9","39,37","2,7","-3,87","76,1","7,78","25,11","1,028","453,631",59,0,"29,3","0,298",157,10,"18,67"
64,246401756,CC Pays de Nay,,,13,,,"155,639644949898",1,"40,3333333333333","13,3","5,5","2,83","7,14","7,6","23,7","38,7","7,8","4,02","12,3","89,1","0,6","31,4","1,4","1,21203726148838","29,624881291548","1,14910723093618",4,"0,59","2,77","191,8","16,6","49,5","3,42","43,8",1,"29,9066462948816","0,926846036004078","43,2690701326473","46,7","45,2",115,"11,31","73,17","4,73551750388091","0,35",1,"5,62799526330454","-0,9","42,5","-25,2212389380531","88,55","2,51","39,82","0,774","18,28",6,"28,8",9,"12,3",59,"70,5","27,15","2,6","-3,53","75,4","6,59","18,9","0,346","1531,625",63,0,"28,4","0,755",100,10,"12,66"
65,200069300,CA Tarbes-Lourdes-Pyrénées,,,27,,,"68,9157079089652",2,"32,75","17,4","4,4","16,15","0,02",11,"23,4","54,3","3,26","1,15","16,9","83,8","-0,1","30,8","1,3","3,33824405228348","34,2033066204606","1,94216211164368","3,2","0,11","3,53","204,9","27,7","76,4","3,02","39,4",0,"7,81070158422244","0,838391392797262","45,1679221835254","73,3","14,5",115,"15,05","53,89","5,92610678499857","2,19",7,"4,24287775551102","-2,3","23,8",-10,"57,25","5,62","38,138","0,986","14,17",7,"44,5","16,9","15,9","44,9","54,3","29,54",3,"-4,02",114,8,"8,62","0,47","1901,84",61,1,"25,2","1,01",121,"14,9","18,15"
65,200070787,CC du Plateau de Lannemezan,,,15,,,"95,2539484857062",1,36,"22,1","16,1","5,9","3,11","8,8","27,8","43,1","22,52","16,95","18,7","86,1","1,2","30,8","0,9","1,69750466813784","26,9221853025269","0,0884502923976608","2,7","6,08","3,4","205,6",9,"31,1","3,02","43,9",2,"1,42001851423282","0,405209052431873","49,2635295415678","75,1","9,9",129,"7,89","53,89","6,55794590025359","2,83",0,"5,89585798816568","-1,2","55,9","-9,02439024390244","94,89","6,23","39,951","0,474","16,88",7,"41,6","15,5","17,4","63,7","56,7","37,57","2,8","1,12","109,4","11,95","11,95",0,"214,045",58,2,"23,1","0,967",175,"14,9","15,99"
65,200070795,CC du Pays de Trie et du Magnoac,,,17,,,0,2,"39,6666666666667","22,5","13,7","1,7","-3,51","11,3","33,7","26,1","40,49","37,92","18,4","78,5","-2,4","36,0666666666667","1,1",0,"20,6266318537859",0,"3,1","0,49","2,95","140,5","11,2","64,2","3,02","23,6",0,"0,795468886151257","0,312801333929904","59,0468156895825","64,1","7,5",147,"28,57","53,89","6,83201574900794","1,48",0,"6,61559606481482","1,7","74,3","-19,9017199017199","99,92","13,3","59,895","0,963","10,42",3,"37,7",20,14,"69,1","43,9","52,86",3,"-1,75","82,5","22,6","23,56","1,477","9,841",,0,"24,2","1,036",228,"14,9","17,14"
65,200070803,CC des Coteaux du Val d'Arros,,,12,,,"61,4288296430185",1,"33,3333333333333","15,1","5,4","0,95",0,"8,4","26,9",27,"28,23","27,98","13,5","91,5","1,5","30,8","0,9","0,71793951359598","25,8550250962998","0,0202788339670468","1,9","0,04","1,79","131,5","21,5","24,5","3,02","33,9",0,0,"0,502042815433294","40,4305592018903","70,7","8,2",118,"24,48","53,89","5,11026202279019","0,9",0,"5,20793150067598","-2,2","86,1","-36,7724867724868","95,99","5,81","50,188","0,864","12,87",4,"28,5","10,1","11,7","66,4","44,5","31,77","2,6","-2,42",34,"12,75","14,4",0,"331,671",57,0,29,"1,281",121,"14,9","12,93"
65,200070811,CC Pyrénées Vallées des Gaves,,,1,,,"317,168527518718",1,"34,5","19,8","60,8","7,37","-3,79",4,"21,8","36,7","15,16","17,62","16,7","77,4","-1,3","30,8","1,1","3,56576862123613","29,2981037116923","3,25511288180611","3,5","4,2","2,64","158,8","17,4","45,9","3,02","90,7",1,"95,1844780165026","0,121485739308274","83,1839139344262","80,1","19,2",128,"13,11","53,89","5,72522612831033","5,28",1,"5,85848563968668","-0,6","23,3","-50,9803921568627","62,36","7,87","5,752","0,086","24,59",6,"40,3","13,7","14,1",67,"60,9","45,5","2,9","-2,19","97,2","10,74","21,78",0,"1661,757",59,0,"27,6","0,443",181,"14,9","22,3"
65,200070829,CC Neste Barousse,,,0,,,"994,809791552386",1,"37,5","22,5","25,9","0,7",0,"10,1","34,4",30,"21,66","22,61",17,"88,9",1,"35,4","0,6","1,90372586347566","24,5322642229859","0,593919652551574","2,3","3,86","2,72","156,8","11,8",46,"3,02","68,8",0,"0,330180988097179","0,318601504703929","49,8201678433462","72,3","8,7",151,"38,85","53,89","6,37272073173136","6,8",1,"6,31999448047468",-1,"65,8","-25,8706467661692","85,59","4,55","22,022","0,423","22,76",7,"37,9","16,2","16,6","66,1","61,4","42,43","2,9","-1,6","60,3","12,49","20,02",0,"7,993",52,0,"22,6","0,938",191,"14,9","17,06"
65,200072106,CC Adour Madiran,,,17,,,"39,2261740763932",1,"38,3333333333333",20,"5,8","2,47","-11,92","10,5","28,2","33,6","21,63","13,86","17,1","87,8","0,3","31,4","0,9","1,25219133483596","24,6974063400576","0,131109317549996","2,9","0,57","3,34","173,5","22,2","62,8","3,02","19,4",1,"1,30386427898209","0,422804796594717","45,9494596571057","68,1","20,8",134,"12,65","53,89","6,29247650104374","2,09",0,"5,34760175018575","0,9","64,8","-47,8796169630643",100,"9,64","64,183","1,624","7,99",5,"34,2","14,8","17,2","59,6","56,3","33,93","2,7","-3,04","72,8","9,79","23,96",0,"258,39",57,1,22,"0,832",156,"14,9","17,36"
65,246500482,CC de la Haute-Bigorre,,,14,,,"303,161709360204",1,35,"19,1",37,"11,29","-0,44","8,7","21,6","50,2","15,33","7,11","17,9","81,2","0,4","30,8","1,1","1,99878861296184","28,8070415313622","0,179880647911338","4,2","1,03","4,85","206,3","21,7",36,"3,02","70,6",0,"31,8815624760494","0,190631763750883","58,4289496910856",77,"15,9",140,"11,16","53,89","6,20300571085062","2,42",1,"5,34451457769763","-0,3","46,1","4,26356589147287","67,29","8,26","19,192","0,227","24,02",6,"41,7","15,2","15,7","53,8",78,"40,88","2,9","-2,05","95,9","7,04","7,04",0,"1353,928",58,0,"26,1","0,478",192,"14,9","17,98"
65,246500573,CC Aure Louron,,,2,,,"322,793302540416",3,30,"19,1",75,"4,29","-3,25","3,1","32,2","24,3","18,91","33,45","18,3","71,2","-1,8","30,8",1,"2,01120528659675","27,2727272727273","0,79265306122449","6,4","4,97","7,18","123,9","15,1","49,4","3,02","91,5",0,"53,3667514867338","0,0775153881625595","108,881717412656",85,"20,8",106,"11,81","53,89","5,5207433284412","2,87",0,"7,90840688757054","2,9","34,8","42,741935483871","60,87","9,98","4,753","0,021","27,1",7,"41,8","16,2","8,3","68,6",57,"56,17","3,1","-4,42","112,4","31,87","36,54",0,"210,467",55,0,"27,3","0,51",166,"14,9",37
66,200027183,CU Perpignan Méditerranée Métropole,,,55,,,"58,9322980774867",4,"22,7142857142857","11,9",17,"13,51","7,96","9,3","22,5","32,8","0,86","0,76","16,2","81,4","-0,2","36,1","1,8","2,34954628210387","37,471427491261","4,45413078808667","3,6","0,02","3,49","276,4","27,7","85,1","3,09",25,2,"20,9101241746177","1,89611433287598","50,0260663254993","72,8","12,1",117,"12,28","38,29","6,82643170903455","2,19",15,"4,05556942359065","-10,6",7,"-31,951393852752","2,93","32,3","23,234","15,817","11,35",7,"41,7","23,4","24,3","46,8","49,9","28,82","3,4","-5,42","115,1","6,14","13,49","0,324","652,616",,2,"21,9","0,787",113,16,"18,58"
66,200043602,"CC des Albères, de la Côte Vermeille et de l'Illibéris",,,52,,,"51,3559606704223",3,21,"13,9","40,4","9,21","11,3","4,1","35,2",18,"4,41","2,5","15,9","80,7","-0,5","36,1","1,4","1,37076624097724","35,8151120952117","3,37361727299616","3,6",0,"3,3","236,6","17,8","55,1","3,09","43,8",0,"29,3854815117189","1,26933894559994","58,7090828412465","78,7","11,1",147,"14,65","38,29","7,19791059193473","2,26",1,"4,24664160986926","1,6","6,6","-18,1176470588235","4,36","35,42","22,747","11,649","17,78",5,39,"16,7","22,9",56,"54,2","32,03","3,2","-4,19","86,6","5,6","21,6","1,388","744,957",57,0,"25,4","0,847",188,16,"17,91"
66,200049211,CC Conflent-Canigó,,,21,,,"123,871572871573",3,28,"21,2",27,"6,07","13,86","10,5","31,9","19,4","11,92","13,54","18,3",76,"-0,6","36,1","0,8","2,7727316187016","27,5862068965517","0,277989821882952","2,1","4,59","3,35","188,1","25,5","43,7","3,09","91,2",0,"76,3502060858946","0,203264411535049","62,3337843512341","81,7","6,6",140,"20,12","38,29","7,74395217609922","5,74",2,"3,82411028549081","-24,9","34,8","-37,6770538243626","11,13","19,46","12,94","1,268","26,96",7,"41,6","23,2","21,9","61,7","42,8","51,68","3,3","-2,42","85,6","12,87","13,49",0,"182,429",57,0,"20,3","0,602",161,16,"22,76"
66,200070365,CC Corbières Salanque Méditerranée,,,48,,,"78,0652912522003",4,"22,3333333333333","13,2","17,8","8,76","8,8","5,8","26,1","16,4","6,53","14,09","16,5","87,7",3,"40,05","1,4","1,34947410200437","31,278553100945","2,80336035123269",3,"2,17","2,38","216,8","20,8","63,4","3,09","65,6",0,"46,0343818191495","0,414723553854093","48,9930514662584","70,8","8,8",113,"8,05","38,29","6,97026384222248","1,19",0,"5,08560872307831","-5,1","20,3","-33,974358974359","7,08","53,3","12,584","22,749","10,83",6,"31,1","21,1","21,8","58,3","41,4","28,58","3,1","-6,89","61,8","26,62","36,95","0,794","558,631",57,0,"20,1","0,544",93,16,"16,91"
66,246600282,CC Sud-Roussillon,,,56,,,"215,034130664714",3,24,"9,6","47,1","7,06","14,59","1,7","17,3","18,8","0,27","0,1","14,9","85,6",0,"36,1","1,5","1,18175372252423","39,2588369441277","8,40185432676245","3,7",0,"2,36","217,3","20,7","79,5","3,09","1,4",0,"2,13423794523867","2,95796204906669","43,9956585781844","78,8","9,3",142,"14,03","38,29","6,51611710734436","0,79",0,"3,49056123531159","0,4","0,4","-12,5","7,23","53,71","39,606","18,363","19,13",4,"37,7","15,7","21,5","45,5","56,4","24,66","3,1","-5,73","57,7","3,67","9,5","0,788","514,381",60,0,"27,8","1,878",177,16,"17,83"
66,246600373,CC du Vallespir,,,56,,,"43,3317623956799",2,28,16,"13,4","7,69","10,56","11,3","26,6","22,5","5,28","4,09","17,1","82,9","1,8","36,1",1,"0,976085895558809","33,2310565635005","3,7914503569111","3,1","0,72","3,9","323,3","17,9","56,4","3,09","68,6",0,"2,01545217957059","0,703320791933008","57,9133933703775","75,3",17,149,"8,33","38,29","7,34930019894594","2,44",1,"3,80048863914",-41,"9,8","-32,3809523809524","3,26","59,54","10,64","1,891","26,59",5,"39,5","18,2","19,4","51,6","61,4","42,46","3,2","-1,93","90,6","7,4",10,"1,464","1045,219",56,0,"23,5","0,622",189,16,"17,87"
66,246600399,CC Pyrénées Cerdagne,,,12,,,"143,560018361258",2,28,"19,9","60,2","7,65","7,97","5,4","24,7","30,5","6,87","24,5","15,6","79,6","1,5","36,1","0,8","3,67435985761856","27,916120576671","0,152595936794582",5,"2,25","4,59",155,"13,9","64,8","3,09","84,3",0,"99,8949627287102","0,200804297397104","76,5750855125234","85,5","11,1",103,"27,97","38,29","6,71118713905115","4,59",0,"5,71771110853701","56,2","57,3","9,375","48,87","27,04","16,633","0,037","26,72",7,"39,4","15,8","16,2","66,5","47,9","40,88","3,1","-2,45","83,9","10,84","55,68",0,"482,18",56,0,23,"0,321",104,16,19
66,246600415,CC Roussillon-Conflent,,,44,,,"520,588953797132",3,26,"18,3",9,"6,26","10,61","11,4","33,7","17,1",3,"1,3","17,7","86,5","1,2","36,1","0,9","1,40878140408547","27,1413924876503","0,427130044843049","2,5","0,7","2,93","236,9","27,5","25,1","3,09",64,0,"2,34167550371156","0,826084841505211","43,4355686478369","68,1","7,6",116,"19,6","38,29","7,11590204924716","2,35",0,"3,74153394575203","-4,9","23,7","-22,8668941979522","5,2","33,21","20,853","19,101","12,29",6,"34,1","20,1","25,5","54,4","46,4","31,23",3,"-6,76","56,8","9,07","22,27","1,174","590,885",58,0,"20,2","0,717",98,16,"17,71"
66,246600423,CC Agly Fenouillèdes,,,53,,,"164,571519087597",3,"25,6666666666667","22,3","25,2","8,09","-4,31","17,3","31,4","19,9","26,4","47,1","18,6","70,5","-4,8","36,1","0,9","2,86441756842775","23,5097636176773","10,1875","3,4","14,56","6,37","118,8","3,4","3,9","3,09","69,6",0,"21,8585347472681","0,10280842393957","80,5716978168682","66,7","7,1",146,"31,99","38,29","7,73271386233483","1,59",0,"3,73795039775386","-19,4","63,5","-12,1107266435986","11,73","59,37","16,302","10,563","11,28",6,"40,4","28,5",20,"66,5","33,2","49,49","3,2","-4,86","90,5","25,54","35,71","1,591","40,836",53,0,"11,9","0,739",195,16,"20,2"
66,246600449,CC des Aspres,,,55,,,"122,48436123348",3,"25,2",13,"7,7","10,97","8,73","8,2","26,9","18,2","5,7","3,65","16,9","88,2","2,7","36,1","1,2","1,30690481376606","32,3781312383283","0,925776319111336","2,2","0,92","2,61","210,6","18,1","30,7","3,09","45,2",0,"0,974533762057878","0,970906000149081","44,2292032743325","74,2","6,9",107,"10,21","38,29","6,48479683036948","4,79",2,"3,69911545194877","-11,8","36,6","-23,4920634920635","6,29","35,57","24,982","10,551","13,18",5,"33,4","16,4",19,"58,6","55,5","27,58",3,"-6,51","61,1","8,84","16,89","1,743","446,578",59,0,"26,9","0,888",102,16,"16,91"
66,246600464,CC Pyrénées Catalanes,,,16,,,"333,357106469689",3,26,"21,7","81,7","10,05","-6,35","2,5","18,2","22,2","13,13","33,11","21,9","78,5","5,3","36,1","1,4","4,03293564106873","32,4023668639053","1,5077489345215","6,4","1,71","6,72","116,7","17,1","68,1","3,09","82,5",0,"100,02247790094","0,410929049483045","136,421930105803","87,6",26,93,"6,31","38,29","5,45850277485408","16,8",0,"5,51875418620228",113,"19,6","-5,88235294117647","39,41","23,51","8,436","0,051",30,7,"43,9",16,"7,7","75,9","66,6","73,1","3,3","-3,56","117,3","20,26","41,26",0,"187,56",57,0,"41,8","0,386",101,16,"32,48"
66,246600548,CC du Haut Vallespir,,,31,,,"231,777472247683",3,23,"24,7","44,8","5,73","-4,26","8,8","25,6","29,3","14,42","33,63","21,9","72,6","-0,7","36,1","0,8","3,05685755043815","29,3206951026856","1,92687074829932","2,7","8,55","5,09","150,9","3,9","39,9","3,09","93,1",0,"20,5779591836735","0,0511314010134265","65,9903575733226","72,4","6,6",159,"11,3","38,29","8,45004724014231","2,04",0,"6,04836209569081",-44,"16,6","-15,0442477876106","8,24","50,54","7,455","0,048","29,99",6,"47,1","25,3","30,1","60,9","44,3","55,43","3,3","-2,57","100,1","17,36","24,86","4,076","93,411",55,0,"17,2","0,352",265,16,"23,97"
67,200013050,CC Sauer-Pechelbronn,,,30,,,"49,6196485162777",2,"45,6666666666667","17,2","6,2","1,99","-2,03","9,3","26,9","46,7","13,78","9,52","12,8",88,"2,7","27,7","1,4","1,04160638851918","34,3752498201295","5,26339667865092",4,"0,02","2,31","220,3","16,4","68,6","3,34","53,8",0,"84,5827472805464","0,398794693179676","36,4404393128696",67,"19,2",107,"8,97","46,05","4,52489358030373","13,89",0,"4,80027611596871","6,4","56,7","9,375","91,61","14,78","31,365","0,792","15,87",7,"26,1","6,4","11,5","52,4","67,3","17,07","2,5","-8,59",46,"6,17","15,38",0,"211,208",59,0,"20,9","0,687",112,"11,1","12,24"
67,200030526,CC du Ried de Marckolsheim,,,31,,,"58,3094625430888",2,"36,5","13,5","2,3","4,58","2,7","6,6","20,6","48,5","5,57","15,56","13,5","86,2","3,1","31,3","1,3","1,01626016260163","31,7534899557372","5,25651958966753","3,4",0,"1,94","140,4","17,2","33,6","3,34","22,1",4,"28,4281485468245","0,553712044517704","31,5336837075968","57,5","25,1",95,"8,95","46,05","5,23434094419874","0,48",0,"5,55053572310275","-5,7","47,8","-34,5945945945946","51,98","3,48","64,746","1,872","8,54",6,"24,4","7,5","11,8","40,9","59,2","19,02","2,6","-6,17","46,8","6,06","13,89","0,484","564,74",61,0,"22,8","0,492",79,"11,1","13,14"
67,200034270,CC du Pays de Barr,,,30,,,"45,0560693160043",2,"35,5","14,6","6,5","4,16","15,78","8,9","19,3","63,2","5,38","4,57","13,4","81,8","0,7","29,35","1,9","0,29310777991793","36,6493097602325","1,00681678921569","4,4",0,"2,51","157,9","18,3","73,5","3,34","46,1",0,"2,98292339025537","0,588727165305821","38,6708679461472","55,5","16,8",99,"10,08","46,05","4,60152089126644","1,26",0,"4,16867370504784","0,9","20,6","-35,15625","43,15","29,92","35,396","10,324","6,27",6,"30,7",8,"11,7","45,7","68,8","26,04","2,8","-6,2","58,4","5,7","19,25",0,"983,754",62,0,"24,6","0,817",100,"11,1","12,92"
67,200034635,CC du Kochersberg,,,30,,,"65,6525067547283",1,"36,4",10,"1,3","2,48","5,34","5,4","15,1","52,8","2,3","3,98","8,7","87,1","2,4","27,4","3,4","2,36513120846942","50,4698200350374","4,01437278952517","3,1",0,"1,5","133,8","18,2","57,4","3,34","0,9",0,"0,0120947176684881","1,13573282380822","35,2211474562505","62,8","12,3",101,"9,18","46,05","3,5133874740919","0,38",1,"4,89501730911354","-1,6","68,3","-27,9151943462898","48,47","0,75","93,032","2,419","4,9",6,"24,4",5,"8,3","47,4","66,3","18,02","2,8","-3,82","34,5","5,17","17,39","0,375","1266,337",63,0,"32,1","1,062",91,"11,1","8,7"
67,200040178,CC de l'Outre-Forêt,,,30,,,"27,6233541447734",2,45,"17,8","1,3","2,11","-12,05","8,7","24,6",51,"5,63","8,73","15,1","87,9","0,7","27,7","1,3","0,926268988514264","32,5452716297787","4,24234693877551","3,9",0,"1,85","192,6","16,6","55,9","3,34","29,7",1,"53,3852130325815","0,612912181932347","33,6032142204907","50,5","30,5",99,"8,02","46,05","5,26246651510345",,0,"3,57562299531212","1,7","44,1","33,3333333333333","57,93","1,93","56,28","1,125","6,65",6,"27,8","7,6","12,7","43,8","91,3","18,65","2,6","-8,51","53,7","5,85",15,0,"322,031",57,0,"22,1","0,564",99,"11,1","11,28"
67,200041283,CC de la Plaine du Rhin,,,30,,,"88,7979952059272",2,"42,5",15,"2,1","4,07","-2,63","8,6","20,7","57,4","8,49","17,61","14,2","91,1","2,6","27,7","1,6","0,544099243702051","30,3894297635605","3,55675517945725","2,4",0,"2,18","178,8","10,1","50,9","3,34","19,5",3,"26,9620643431635","0,625215801833401","31,8337985827786","46,3","38,4",91,"2,92","46,05","5,19321816770186","0,54",0,"4,55929347826087","-2,6","33,6","16,9230769230769","51,72","6,31","48,915","1,572","8,44",7,"30,3","7,9","9,5","51,7","54,3","15,45","3,1","-8,14","48,5","8,79",20,"0,544","500,859",60,3,"20,4","0,696",105,"11,1","9,54"
67,200041325,CC du Pays Rhénan,,,30,,,"79,1267742720415",2,"35,6666666666667",15,"1,1","3,38","-0,75","6,9","21,7","57,4","4,63","2,59",13,"84,4","-0,6","27,55",2,"0,563622212082987","39,3546680772283","2,67195958137856","3,4",0,"1,88","170,8","16,2",59,"3,34","26,5",2,"34,316089488201","1,24662122601207","34,0143274078005","64,5","25,6",96,"3,53","46,05","4,44888724468934","0,27",0,"3,68256780700559","-4,8","26,4","18,421052631579","36,35","5,78","43,231","1,438","11,01",7,"25,6","6,5","10,3","43,2","67,3","12,72","2,7","-5,9","44,5","5,35","20,18",0,"1226,585",61,2,"25,3","0,615",96,"11,1","10,22"
67,200067783,CC de Hanau-La Petite Pierre,,,30,,,"58,108955337442",2,"47,2","18,9","6,5","2,14","2,15","9,9","27,5","48,8","13,54","10,53","13,4",82,"1,7","31,1666666666667","1,6","1,33730704569769","33,9284733285722","1,78388125228663","2,6","0,04","2,67",191,"14,7","43,4","3,34","57,4",0,"75,2554212190117","0,281503839834987","39,2068329758814","63,4","13,1",109,"13,54","46,05","5,16073642017375","0,76",0,"4,86000826353153","-1,1",45,19,"92,08","18,49","22,465","4,37","14,61",6,"27,9",9,"13,1","49,6","82,2","25,6","2,6","-5,4","70,4","7,71","23,5",0,"291,606",61,0,18,"0,486",112,"11,1","13,7"
67,200067841,CC de l'Alsace Bossue,,,31,,,"28,6562073105104",1,"46,6666666666667","20,2","2,5","1,76","-8,04","12,3","26,3","49,8","13,62","11,76","15,6","86,3","1,9","32,9",1,"1,29349912375866","30,2370122097199","2,28120730874317","2,4",0,"2,5","215,8","14,8","34,4","3,34","23,1",0,"29,4996487210845","0,342225340535653","41,5572694453561","56,2","18,8",108,"9,54","46,05","5,7960491408514","0,42",1,"5,60638341292192","1,6","53,4","-45,1505016722408","93,69","35,43","55,03","1,217","16,14",8,30,"11,7","13,5","51,5","56,3","29,04","2,7","-7,11","80,4","7,73","24,56",0,"1079,751",57,0,"17,5","0,776",116,"11,1","15,5"
67,200067874,CA de Haguenau,,,30,,,"68,0336178754638",3,"39,75","15,1","1,1","9,59","19,03","7,5","20,2","62,9","2,22","0,38","13,9",78,"-0,9","27,55","2,3","2,18906677158047","42,9125638557785","5,8666611980395","4,3",0,"2,42","227,3",20,"90,2","3,34","45,9",2,"35,4228592702904","0,93096158773665","40,4113889359497","62,3","18,2",93,"8,19","46,05","4,93087449208532","1,31",2,"4,69272841944189","-0,9",15,"-39,3393393393393","39,83","3,15","37,872","1,631","7,37",7,"33,1","10,7","13,6","38,2",74,"15,96",3,"-6,91","99,3","4,11","12,67",0,"1288,381",65,1,"22,8","0,511",94,"11,1","15,78"
67,200067924,CC du Canton d'Erstein,,,30,,,"61,0980565371025",2,28,"13,5","1,3","5,64","1,75","6,1","21,1","54,9","3,46","4,17","13,5","82,6","2,2","29,35","1,6","0,875977835723598","41,9442912300055","5,62596553773024","3,6",0,"2,24","134,8",16,"51,2","3,34","24,5",0,"23,436623338474","0,627556499244005","34,8501263994222","51,3","14,2",98,"5,41","46,05","4,62894787846259","0,2",0,"4,89954080567731","-3,1","35,4","-13,8075313807531","48,66","6,58","54,25","1,67","11,59",7,"28,7","7,4","11,6","36,8",69,"21,88","2,7","-4,88",71,"5,64","22,07","0,204","1435,336",65,2,"26,1","0,75",85,"11,1","11,93"
67,200068112,CC du Pays de Saverne,,,30,,,"63,9660145332588",2,"41,2","17,2","2,6","5,57","0,92","9,2","23,7","61,4","5,34","0,67","12,6","76,7","-1,5","30,95","2,1","0,953048353188507","39,5676961568435","2,62420968387355","3,5","0,01","1,96",219,"16,5","90,4","3,34","38,8",1,"12,3411298881541","0,928281513778151","42,4295823122883","55,6","13,8",103,"7,63","46,05","4,91912011407482","0,28",1,"4,45341944863837","2,3","32,7",-25,"74,2","14,53","38,728","1,146","10,05",7,32,"9,6","13,3","46,9","67,9","26,21","2,8","-5,74","100,3","5,49","8,29",0,"1132,74",63,0,"24,8","0,817",110,"11,1","13,14"
67,200068864,CC de la Mossig et du Vignoble,,,30,,,"92,4970512199063",1,38,"15,1","3,1","4,42","4,02","7,1","21,5",52,"3,97","7,42","12,5","81,7","0,3","27,4","2,1","2,41682107467977","41,551116333725","3,91682639649507","3,4","1,13","1,61","173,4","15,2","65,4","3,34","40,5",0,"16,5989095246209","0,629317579991791","38,1318942941037","54,8","14,9",102,"6,53","46,05","4,21846459778791","1,61",1,"4,70213371266003","-7,2","33,2","-35,0877192982456","57,84","12,93","47,113","3,545","7,71",7,"27,5","6,7","10,7","48,7","81,2","22,32","2,7","-3,84","51,1","4,88","18,46",0,"1412,586",63,1,"24,4","0,866",98,"11,1","11,27"
67,246700306,CC de la Vallée de la Bruche,,,30,,,"75,9046063855715",2,41,"22,2","12,2","4,46","-0,75","9,5","29,5","49,7","13,71","21,45","15,7","82,5",3,"27,4","1,3","0,779841107374372","32,3870595864255","2,50397920203735","4,1","0,06","3,41","199,7","1,9","62,6","3,34","85,3",0,"15,6062580199388","0,202236647342477","40,0229522306699","57,6","20,8",109,"15,65","46,05","6,13031729308906","1,46",2,"6,53098362225841","-5,8","41,5","-23,0769230769231","32,22","26,92","5,796","0,049","20,26",7,"32,2",10,"14,7","46,7","77,7","26,03","2,6","-3,92","66,9","7,23","37,62","0,487","1067,757",61,1,"16,4","0,406",115,"11,1","15,1"
67,246700488,Eurométropole de Strasbourg,,,30,,,"69,8717927294419",6,"30,75","12,9","3,6","23,51","5,86","7,9","19,9","54,5","0,26","0,02",12,"50,4","-4,4","27,4","2,3","1,30850080984024","49,4667464565896","7,71617647058823","4,9",0,"2,47","185,9","24,7","107,6","3,34","12,2",7,"12,3275268500809","1,80501767703902","38,134960873974",67,"11,3",86,"12,27","46,05","5,53585530785647","0,58",31,"3,32511570095998","2,8","1,8","-10,2272727272727","7,65","2,31","34,934","2,053","8,19",7,"43,7","20,7","13,7","34,6","64,5","35,31",4,"-6,35","123,6","1,79","11,12",0,"2218,532",,13,"21,3","0,785",71,"11,1","19,23"
67,246700744,CC des Portes de Rosheim,,,30,,,"145,300465881063",1,37,"13,5",6,"3,29","1,94","7,7","19,9","54,5","6,77","4,03","11,5","83,9","-0,3","27,4","2,3","0,869801576515357","43,7270341207349","2,76184323858743","3,6","0,25","1,63",153,"14,8","67,3","3,34","68,1",0,"0,533752310536044","0,37065733095887","34,569352425732","59,6",16,100,"5,65","46,05","4,14077891099858",,1,"6,1494425029123","-8,3","46,6","51,6666666666667","32,71","11,25","15,471","4,52","8,96",6,"28,5",5,"9,8",41,"76,9","22,4","2,8","-3,67","52,7","5,11","30,67",0,"1278,051",65,0,"24,1","0,346",107,"11,1","10,94"
67,246700777,CC de la Vallée de Villé,,,30,,,"65,5971263295391",1,47,"16,3","11,8","2,25","-5,31","7,9","28,9","45,7","10,43","17,15","13,7","84,9","0,4","31,3","1,9","0,742735122087086","37,1182359650234","1,22305607671461","3,2","0,04","1,86","118,5","7,9","43,4","3,34","72,2",0,"13,0896876337184","0,416246980333479","37,1311847480708","55,6","13,8",111,"6,47","46,05","4,47701929571309","1,86",0,"6,21340502456661","13,8","58,9","12,5","42,33","64,92","15,151","0,444","19,36",6,"29,4",7,"12,5","51,9","86,4","29,62","2,6","-4,26","53,4","3,78","16,61",0,"914,208",62,0,"19,1","0,821",115,"11,1","11,36"
67,246700843,CC de la Basse-Zorn,,,30,,,"68,6040901643975",1,"35,3333333333333","14,1","0,5","2,41","47,93","7,5","22,7","59,5","5,22","0,41","10,3",85,"-0,1","27,7","2,7","0,842601954836535","45,9108811491235","2,08662214126695","3,6",0,"2,25","150,3","17,7","64,4","3,34","18,1",0,"2,06821282401091","1,27673522261872","36,1847590461898","37,5","31,7",97,"7,66","46,05","3,93090008542516",,0,"4,48723551057958","-0,9","2,2","-26,2295081967213","45,98","2,94","59,45","1,924","5,79",7,"24,5",5,"9,6","38,1","91,6","12,25","2,5","-4,61","73,5",4,"13,14",0,"1019,399",60,0,"27,4","0,58",95,"11,1","10,2"
67,246700926,CC du Pays de Wissembourg,,,30,,,"27,0144853875477",2,"42,5","18,9","3,3","6,81","11,98","10,2","24,8","57,6","11,15","9,56","14,9","76,7","-2,6","27,7","1,6","0,31748047495079","34,0457164095893","4,3662346884431","2,6",0,"2,54","175,2","11,9","64,2","3,34","32,4",2,"54,185007244719","0,427197168232391","39,1377275268684","63,2","14,9",109,"6,82","46,05","5,96062098115923","0,63",1,"5,23437204910293","1,9","31,2","-37,0629370629371","57,78","6,59","52,054","1,967","10,82",7,"33,8","11,5","13,1","54,9","47,9","22,67","3,3","-9,58","85,3","6,25",7,0,"257,191",55,0,22,"0,558",127,"11,1","11,69"
67,246700959,CC du Pays de la Zorn,,,30,,,0,1,"43,25","13,9","1,6","2,17","8,33","7,4",20,"52,9","5,39","2,14","10,8","83,6","2,3","27,55","2,2","1,42019141710404","40,8976207642394","2,93737284387439","3,5","0,09","1,85","168,1","22,8","61,2","3,34","2,7",1,"0,129659100427171","1,04444710273916","34,6866617898074","55,8","22,2",101,"7,34","46,05","3,84798358045665","0,62",0,"4,88275947948447","-3,4","37,6","-8,43373493975904","75,11","5,98","85,869","2,012","5,98",6,23,5,"8,4","42,8","75,2","19,14","2,5","-3,1","43,4","4,7","17,8",0,"2393,319",65,0,"24,6","1,22",91,"11,1","10,22"
67,246700967,CC de Sélestat,,,30,,,"81,9098024398143",3,34,"13,7","2,2","8,53","-0,49","8,1","19,1","61,9","1,52","1,78","14,5","73,5","0,9","31,3","1,9","1,79125227248423","38,0147793089675","5,23483375959079",5,"0,09","2,41","204,8","21,8","72,9","3,34","33,9",2,"29,5490622611559","0,749973142073148","44,5750738085196","62,2","14,5",95,"9,03","46,05","4,82545487324031","1,87",7,"4,44741770021983","-1,4","8,2","-13,2616487455197","44,34","7,91","47,675","3,488","9,23",6,35,"10,4","15,3","41,3","67,7","23,5",3,"-5,63","100,4","4,17","7,42",0,"2470,74",59,0,"24,5","0,567",92,"11,1","13,88"
67,246701064,CC de la Région de Molsheim-Mutzig,,,30,,,"51,6358409785933",3,38,"15,1","2,3","9,38","8,65","6,8","17,9","60,9","1,61","2,93",13,"76,9","0,1","27,4",2,"0,586381294436707","43,5866174203034","7,0477912808642","3,8",0,"2,69","180,2","17,2","79,2","3,34","38,4",0,"8,9018515078333","1,13062350870281","38,0382313187874","46,8","29,6",97,"5,83","46,05","4,60593403058826","1,47",1,"3,88195561273721","6,1","40,4","-19,4285714285714","41,02","8,19","38,73","3,807","8,67",7,30,"7,4","12,5",50,"69,9","24,95","2,8","-5,68","115,2","5,17","25,83",0,"2788,424",65,1,"26,3","0,938",90,"11,1","13,33"
67,246701080,CC du Pays de Sainte-Odile,,,30,,,"16,8245089446822",2,"32,5","14,3","3,1","10,51","10,75","6,6","19,5","63,2","1,47","0,07","13,4","78,8","-0,5","27,4","2,1","3,17103109656301","43,4557979334099","6,09182757072295","4,5",0,"2,56","168,4",20,"86,1","3,34","9,5",0,"7,88975223574256","1,05628135655452","45,7623742655114","43,5","19,8",98,"3,15","46,05","4,6245151250029","2,56",1,"4,29272126172023","5,1","32,5","30,9859154929577","45,29","7,37","52,359","3,167","15,45",6,"36,8","8,3","10,1","42,8","73,6","20,71",3,"-5,47","120,9",5,"24,5",0,"5619,958",63,0,"28,9","0,485",107,"11,1","13,77"
67,246701098,CC du Pays de Niederbronn-les-Bains,,,30,,,"96,8358458244111",2,44,"16,7","3,9","5,14","17,95","9,4","25,7","55,9","7,96","4,06",14,"83,2","0,4","27,7","1,5","0,601090549997853","36,8911129410274","0,768682065217391","3,2","0,12","2,58","237,8","14,6","54,4","3,34","57,8",0,"78,3381818181818","0,486278581873814","36,207334631998","43,1","43,5",107,"6,46","46,05","5,99337515729802","0,43",1,"5,38193791157103",4,"29,3","83,3333333333333","66,72","13,55","19,732","0,415","17,44",8,"27,3","9,8","16,6","42,6","64,5","18,29","2,7","-8,15","91,8","4,62","19,31",0,"1020,158",59,0,"18,2","0,462",113,"11,1","13,76"
68,200036465,CC de Thann-Cernay,,,27,,,"68,9620047859612",2,37,15,"1,8","14,14","1,43","8,4","21,9","64,1","2,08","1,02","14,2","83,6","1,4","24,7","1,9","1,54390821731839","36,7999374682456","3,34085552160629","2,6",0,"2,4",143,17,66,"3,31","53,7",4,"68,3607586906877","1,34268136389889","37,0882345270076",54,21,103,"12,62","54,29","5,81630146286082","1,06",1,"5,16941416527949","4,6","23,7","-17,1052631578947","28,8","8,83","24,499","1,086","9,17",6,"34,1","11,9","16,8","37,3","56,4","27,87","3,1","-5,68","92,7","4,38","20,94",0,"605,096",64,7,"24,6","0,477",100,"11,8","13,93"
68,200066009,CA Mulhouse Alsace Agglomération,,,43,,,"74,0982957858565",5,32,"14,4","1,4","19,67","1,23","10,6","20,1","70,7","0,57","0,32","13,7","77,2","-0,8","25,25","1,9","1,81718263418208","36,73207243654","5,41530857248397","3,1",0,"2,71","141,2","20,1","69,3","3,31","34,5",16,"22,1882060860058","1,25546098977365","35,4375507992414",65,"17,8",101,"15,12","54,29","6,35329787028836","1,14",9,"3,96964101291507","-1,3","9,9","30,2564102564103","15,59","7,63","31,564","2,063","6,54",7,"38,6","20,1","19,2","29,7","49,2","28,53","3,9","-7,84","103,6","5,38","10,08","0,11","849,418",,11,20,"0,446",84,"11,8","15,99"
68,200066025,CC Alsace Rhin Brisach,,,38,,,"65,2301214431345",2,"31,25","14,2","1,5","7,54","3,63","7,4","17,4","47,8","8,12","11,32","13,1","87,7","1,4","27,2","1,9","1,52801857130264","33,0434065707572","5,67875893103857","2,6",0,"1,18","107,8","16,2","36,9","3,31","25,4",3,"49,7351589837213","0,601698508902405","25,9826589595376","37,3","33,6",96,"4,81","54,29","5,12526463756439","0,88",1,"5,86104277914442","0,7",67,"-46,969696969697","40,19","3,24","59,935","1,62","4,47",7,"25,4","6,4","12,1","44,2","65,3","20,83","2,7","-6,93","56,9","8,28","19,03",0,"825,723",61,1,"22,6","0,239",80,"11,8","11,88"
68,200066033,CC Sud Alsace Largue,,,48,,,"61,3932962397918",1,"37,4","15,2","2,7","2,5","-4,53","8,1","21,5","40,9","14,94","15,08",14,88,"1,6","25,25","1,7","0,850835161882585","34,9263362961159","2,89024676850764",2,"0,49","1,79","89,9","17,1","38,7","3,31","31,7",0,"3,40696007298953","0,85384263707046","30,8644685428283","66,3","14,1",100,"17,25","54,29","5,23654385942427","1,34",0,"7,57886237215145","-3,1","83,3","-5,14285714285714","80,9","5,43","52,046","1,052","7,91",4,"26,5","6,8","11,9","52,2","67,1","27,94","2,9","-7,13","38,8","7,3","15,45","0,448","238,837",62,0,"22,3","0,991",86,"11,8","11,44"
68,200066041,CC Sundgau,,,48,,,"58,3160225865362",1,"34,5","15,2","2,5","3,86","-4,08","9,2","23,1","56,3","11,36","7,95","13,9","88,1","0,1","25,25","2,1","1,80660882717476","41,4674035641778","1,51870069883927","3,1","0,02","1,68","89,1","11,4","52,7","3,31","35,3",4,"9,48361563668251","0,632643435020208","32,8249132675056","73,6","8,9",100,"12,1","54,29","4,92267112093828","1,26",3,"7,19086473755047","1,2","48,9","18,9189189189189","72,98","3,54","49,144","0,998","6,98",6,"29,5","7,1","12,8","42,7","52,4","29,6","3,5","-7,9",49,"10,77","14,53","0,42","327,223",62,1,"20,3","0,796",99,"11,8","10,15"
68,200066058,CA Saint-Louis Agglomération,,,40,,,"78,7661657559199",3,"36,3333333333333","11,8","3,2","11,91","7,71","8,3","18,5","63,3","4,17","1,3","14,2","77,8","-0,5","25,25","2,7","2,34370352745226","45,0594209542617","4,81784126984127","2,2","0,01","1,9","71,4","15,7","54,2","3,31","22,7",0,"15,2477840002967","1,50098718033691","26,6797610279074",61,"18,6",89,"8,59","54,29","5,3520533990516","0,83",1,"5,13042286853086","-10,5","22,4","0,487804878048781","34,76","3,06","47,369","1,051",6,6,"34,8",10,"14,8","37,7","50,9","20,78","4,9","-8,24","64,6","5,7","11,4","0,119","508,108",,3,"23,6","0,654",81,"11,8","10,46"
68,246800205,CC de la Vallée de Saint-Amarin,,,26,,,"88,2913945606349",1,"39,5","20,1","9,4","6,82","-2,31","8,2","27,3","52,9","11,81","23,68","16,8",83,"-1,1","24,7","1,1","3,59051436205745","31,413612565445","3,90318270165209","1,7","0,12","3,34","153,9","2,1","34,8","3,31","85,8",0,"99,8749776106036","0,302864393435883","37,8862590401052","64,1","10,3",124,"19,64","54,29","6,47841562022149","1,67",0,"7,51151475835225","-16,4","36,3","11,1111111111111","34,68","28,59","12,411","0,016","25,25",5,"34,4","9,5","14,1","40,1","75,6","36,24","2,7","-4,59","54,5","13,6","34,47","0,835","53,419",60,0,"18,9","0,413",156,"11,8","13,1"
68,246800395,CC du Val d'Argent,,,48,,,"52,3142426525999",4,37,"25,5","8,5","16,54","-2,6","15,8","30,1","60,7","9,85","19,98",18,"72,2","-5,5","31,3","1,2","2,73732617978758","32,2574661472825","3,09234590200948","3,4","0,26","4,38","145,4","3,1","24,2","3,31","79,5",0,"99,782965970611","0,273756131849579","37,2942936524899",51,"6,3",108,"4,27","54,29","7,63208772618796","1,09",1,"7,95569887925566","-3,5","31,5","111,538461538462",30,"20,38","14,086","0,11","24,61",4,"36,9","15,4","22,9","44,8","60,1","35,69","2,8","-3,88","106,4","5,5","19,25",0,"4629,194",63,0,"16,2","0,291",119,"11,8","17,52"
68,246800445,CC du Centre du Haut-Rhin,,,48,,,"69,4311042944785",2,"30,5","13,9","1,2","11,93","-2,69","6,8","21,6",57,"6,51","2,89","14,6","79,4","-5,4","27,2",2,"1,46806948862246","33,8788579560616","2,89300642585314","2,4","0,01","2,45","117,8","25,2","44,6","3,31","23,4",0,"11,107950401167","1,09186982042981","27,3128285697021","68,1","12,4",89,"4,61","54,29","5,06856979757525","1,84",0,"6,04281364962578","-4,3","34,2","-29,7520661157025","43,42",,"57,001","2,064","4,93",5,"28,2","6,7","9,2","34,8","63,9","20,68","2,7","-5,43","75,1","7,22","14,56","2,447","784,942",63,0,"24,8","0,254",76,"11,8","18,72"
68,246800494,"CC du Pays de Rouffach, Vignobles et Châteaux",,,31,,,"87,7806942610857",1,32,"15,6","6,1","5,27","-2,01","10,4","23,1","57,1","4,67","4,52","14,1","79,8","0,4","29,7","2,2","1,78419052051819","37,6619170984456","1,41036844591403","2,9",0,"3,1","130,1","23,4",61,"3,31","42,5",0,"60,5897768552154","0,514667321024201","38,063839352615",62,"3,5",103,"13,2","54,29","4,92990254790941","0,78",0,"7,29275914634146","2,2","65,6","1,32450331125828","37,05","17,95","42,97","9,399","5,7",5,30,"6,4","11,6","50,4","56,8",28,"2,9","-4,79","93,7",7,12,"1,551","726,06",58,0,"28,9","0,417",110,"11,8","11,96"
68,246800551,CC de la Vallée de Kaysersberg,,,34,,,"38,0534146796987",1,"34,5","17,9","13,3","5,43","-0,25","9,1","25,1",50,"14,89","24,62","15,5","83,5","-2,7","29,7","1,6","2,86729414697999","37,5173370319001","2,22787449181695","3,9","0,99","2,49","105,8","10,8","38,1","3,31","63,7",0,"99,9081440443213","0,278358385853966","41,5317901423075","54,9","22,5",114,"14,92","54,29","5,12928763347058","0,62",0,"5,75482413287738","-2,7","34,1","-19,1126279863481","58,22","53,7","29,101","5,353","19,71",4,34,"7,9","14,2","44,6","83,4","29,11","2,8","-3,8","70,9","7,38","16,13","0,623","968,668",59,0,"21,8","0,376",139,"11,8","14,01"
68,246800569,CC de la Région de Guebwiller,,,26,,,"91,1989469823973",2,35,"14,4",4,"14,63","-2,24","7,7","23,1",70,"3,61","2,52","15,4","82,4","-1,6","27,2","1,6","1,2836634182123","35,1792782752392","2,31448783248444","2,6","0,18","2,36","148,4",19,"52,3","3,31","64,4",0,"85,8044942637617","0,542119221201609","36,5916332613835","64,1",13,105,"16,05","54,29","5,79077865775843","0,52",2,"4,44332632685234","-8,3",42,"4,89130434782609","24,75","19,54","22,785","5,358","9,92",5,34,"10,6","15,6","35,9","60,2","27,93",3,"-5,56","67,5","4,37","6,26","0,786","612,602",63,0,"23,2","0,402",101,"11,8","13,23"
68,246800577,CC du Pays de Ribeauvillé,,,41,,,"82,9759951549854",2,"35,6666666666667","16,6",11,"7,25","-2,68","10,6","23,5","59,3","8,12","5,1","15,2","80,4","1,2","29,7","2,1","1,37870181437159","37,416755734605","1,52681147123706","3,5","0,24","2,76","125,2","19,9",67,"3,31","43,9",0,"87,0207394048693","0,525341157087113","43,548560957206","61,2","8,6",107,"8,06","54,29","5,17142896204747",,0,"5,68834080717489","-3,7","26,7","1,55038759689923","43,52","30,34","39,054","12,682","7,24",4,"32,1","8,2","11,8","45,4","63,2","32,32","2,9","-5,47","80,2","5,81","13,38",0,"879,056",58,0,"24,5","0,754",119,"11,8","13,11"
68,246800585,CC de la Vallée de Munster,,,28,,,"70,5110563597167",2,37,"19,2","17,6","6,93","-3,21","8,7","29,8","55,3","13,77","10,25","16,5","80,6","-0,5","29,7","1,2","2,82937630704884","36,0215053763441","2,64677266255339","3,5","1,14","3,08","103,1","22,2","45,5","3,31","78,6",0,"56,7665200490998","0,21608366356991","40,8816425120773","71,8","11,3",117,"10,89","54,29","5,77803246953231","0,62",0,"5,74530335694487","-0,4","19,9","43,2432432432432","50,75","4,71","22,98","0,443","22,89",5,"32,4",9,"13,2",42,"60,1","29,34","2,7","-2,32","59,5","4,94","21,94","0,615","242,15",63,0,"17,6","0,405",126,"11,8","13,76"
68,246800676,CC de la Vallée de la Doller et du Soultzbach,,,37,,,"91,2191608479587",2,37,"16,4","2,7","3,62","-3,13",9,"20,5","49,3","8,99","12,27","14,4",88,"1,7","24,7","1,5","2,51351011687822","32,9872135930662","3,68849637681159","2,5","0,46","2,51","98,7","17,2","39,3","3,31","66,6",0,"70,7989771097112","0,595494597314692","39,22050777648","50,3","35,3",104,"6,93","54,29","4,98152870203371","1,26",0,"8,38062068536601","-4,6","29,6","59,0909090909091","55,71","15,48","18,425","0,706","13,99",5,"29,2","7,3","12,6","45,8","69,5","30,29","2,7","-6,5","71,7","7,33",29,"1,257","598,758",61,0,25,"0,483",105,"11,8","11,46"
68,246800726,CA Colmar Agglomération,,,45,,,"75,9345043848461",3,"31,5",15,"4,1","21,63","0,97","6,4","18,4","66,3","1,16","0,11","14,7","71,2","-0,4","29,7","2,3","2,06866197183099","41,6259249959381","5,03806267548229","4,1",0,"2,46","160,6","25,2","97,4","3,31","26,3",2,"26,2755712062894","1,16466551269201","40,0950323974082",69,10,102,"12,95","54,29","5,71589087191559","0,79",4,"4,46265635040094","-4,1","8,3","-40,3292181069959","27,55","11,51","46,654","5,237","8,44",5,"39,6","14,5","16,1","36,3","61,6","22,77","3,4","-6,23","122,2","4,75","7,65","0,352","1382,289",,0,"21,4","0,463",102,"11,8","15,99"
69,200040566,CA de l'Ouest Rhodanien,,,56,,,"19,4265813253012",2,"35,3333333333333",19,"6,5","14,77","-7,96","12,6","26,8","52,6","11,88","12,87","17,7",80,"0,2","32,4","1,4","0,0981643270835378","34,1584613968897","2,01218281430219","2,2","2,77","2,94","110,5","17,9","51,3","4,29","44,2",1,"100,005902002527","0,689702212982134","39,9347220888932","57,6","24,7",119,"15,76","38,33","5,95198105324963","2,94",2,"4,41797739487828","1,8","36,9","-16,2444113263785","85,34","10,85","42,058","0,613","20,73",8,"36,2","13,4","13,4","46,6","56,5","39,11","2,8","-4,97","89,4","11,26","19,19",0,"796,966",53,0,21,"0,821",95,"5,2","15,88"
69,200040574,CC Beaujolais Pierres Dorées,,,61,,,"72,3063134978229",1,"33,2","10,4","3,2","9,18","48,55","5,4","26,9","45,1","2,56","1,98","10,6","81,3","-1,2","24,4","2,6","0,338349212002493","45,3134812643919","3,2972775564409","3,9","0,06","2,14","130,1","29,2","62,5","4,29",18,2,"100,06012973059","1,13066136206265","40,712246745109","61,2","9,9",106,"12,05","38,33","3,36938147489897","0,53",0,"3,40159229075304","-11,6","26,7","-31,6265060240964","33,96","10,6","35,115","8,866","11,93",5,"26,4","5,6","8,4","42,4","59,4","31,4","2,9","-4,07",53,"7,74","14,32",0,"732,786",68,0,"27,2","2,395",72,"5,2","10,58"
69,200040590,CA Villefranche Beaujolais Saône,,,62,,,"59,153198491601",4,"33,6666666666667","11,2","2,2","24,99","2,25","8,5","19,9","58,6","1,68","1,65","14,2","74,9","-1,8","32,3","2,2","3,18786711342024","40,5612587976868","2,65539682539683","3,6",0,"2,98","154,2","24,9","81,1","4,29","20,6",2,"100,069695343707","1,06111681253464","47,1945743561045","65,6","18,5",104,"8,49","38,33","5,5334098053208","2,31",4,"3,64740123023573","-0,2","14,2","-41,1545623836127","12,96","16,17","38,716","9,383","12,74",6,"40,6","16,9","17,6",35,"52,6","28,69","3,2","-5,59","111,4","5,89","6,5","2,577","933,765",58,4,"22,9","1,898",79,"5,2","15,45"
69,200046977,Métropole de Lyon,,,70,,,"67,396803104344",7,"26,4",10,"3,6","23,85","4,47","7,7","20,2","54,6","0,64","0,04","11,1","47,2","-5,1","24,4","2,8","1,61340612843215","49,0785637835505","5,22043574821178","3,9","0,01","2,83","158,1","30,9","80,5","4,29","6,3",17,"3,71689055929744","2,11361222664134","41,1747007490073","59,3","11,9",85,"10,58","38,33","4,88352999221597","2,13",63,"2,89046302472883","1,2","0,3","-32,9861111111111","1,69","21,18","19,763","3,329","10,19",7,"44,1","16,9","12,7",37,"60,7","28,26",4,"-6,75","122,9","1,69","7,28","0,244","1670,582",,34,"14,8","1,991",66,"5,2","16,74"
69,200066587,CC des Monts du Lyonnais,,,52,,,"13,5134111617312",1,"33,5714285714286","15,6",5,"8,5","-2,49","8,2","27,6","41,1","17,45","14,23","16,4","83,9","1,5","26,65","1,5","0,170275562618838","29,6646824547129","1,02486114784449","2,6","0,39","1,99",139,"19,9",27,"4,29","11,9",0,"0,948529965602953","0,673015295559556","40,2360662971236","59,2","19,1",108,"22,85","38,33","3,71734368128736","0,85",1,"2,42272830920078","-0,9","48,7","-30,5555555555556","88,89","14,27","68,025","0,396","13,21",7,"31,5","8,7","8,2",44,"64,8","37,83","2,5","-4,94",68,"8,19","23,72","3,406","511,845",59,0,"23,4","0,89",79,"5,2","13,49"
69,200067817,CC Saône-Beaujolais,,,60,,,"66,8265297067045",2,"36,2857142857143","16,2","6,7","12,38","13,84",9,27,"46,4","9,04","9,22","17,3","81,6","1,8","32,3","1,5","0,153367512378949","34,4832274071305","2,51476941625641",3,"0,16","2,41","139,4","25,7","57,7","4,29","33,1",1,"99,976889351267","0,656263837423915","41,0723860589812","54,7","22,3",105,"8,71","38,33","4,56823190248184","2,19",0,"4,39619658505737","-1,7","38,1","-28,9680144840072","91,18","13,61","47,331","7,296","15,24",7,"32,1","9,9","11,7","40,8","60,2",39,"2,7","-5,62","75,2","11,46","21,94","0,219","553,137",62,2,"21,8","1,03",76,"5,2","12,88"
69,246900575,CC de l'Est Lyonnais (CCEL),,,81,,,"7,15531270697322",2,"28,8","8,4","1,2","7,15","26,65","4,3","19,9","47,1","0,61","0,07","10,1","86,5","-0,1","24,4","2,7","2,84994229455685","46,4912280701754","2,70596244131455","2,8","0,02","2,59","123,6","32,1","44,7","4,29","3,4",1,"0,368517345718106","2,18189800867665","45,2025883062365","46,6",35,102,"2,81","38,33","3,63210693076164","0,71",0,"3,8601381650709","1,4","6,9","-33,59375","34,15","2,8","55,835","1,874","7,42",7,"22,7",5,"9,7","43,2","75,6","20,66","2,8","-3,58","138,2","3,63","13,38","0,707","1594,731",68,2,"31,1","0,873",72,"5,2","10,18"
69,246900625,CC du Pays de l'Arbresle (CCPA),,,62,,,"5,30085151538681",2,33,"11,2","2,7","11,13","7,92","6,5","25,3",45,"3,61","2,16","13,3","79,7","-0,3","24,4","2,2","0,385158556939273","43,0148768014877","1,89900362318841","3,3",0,"2,05","111,8","25,2","51,6","4,29","20,1",0,"5,14405033083849","1,99337508685815","39,5647377394444","56,7","11,2",100,"17,01","38,33","3,72304582210243","2,82",0,"3,70423608556262","1,3","22,9","-31,3624678663239","54,95","15,54","47,251","2,811","15,13",5,"29,4","6,7","11,5","44,7","72,2","33,33","2,9","-2,68","68,9","6,47","19,94","1,284","1458,48",62,0,"27,7","1,624",77,"5,2","11,6"
69,246900724,CC des Vallons du Lyonnais (CCVL),,,71,,,"0,466114601180278",2,"22,5","8,2","2,1","9,25","17,05","5,6","21,6","45,8","2,72","1,52","11,4","81,5",-3,"24,4","2,5","1,93218648716031","47,217768556069","1,5818691588785",3,0,"2,49","115,2","18,6","46,9","4,29","25,7",0,"0,0842549203373945","2,10590563254925","37,5822494261668","59,1","8,5",103,"18,36","38,33","3,52336727942914","4,67",0,"2,29351637446246","-1,7",11,"-29,5454545454546","29,82","13,89","39,041","2,202","16,5",7,"27,8","5,9","8,2",44,"63,4","25,8",3,"-3,04","53,7","6,5","15,13","4,363","1692,425",63,0,"28,9","1,097",70,"5,2","10,18"
69,246900740,CC du Pays Mornantais (COPAMO),,,71,,,0,2,"26,3333333333333",8,"2,1","6,54","24,64","5,6","23,1","43,2","4,13","1,31","11,5","85,5","-1,1","24,4","2,2","0,100813226695342","43,1068342498036","2,28009259259259","2,7",0,"2,02","124,8","19,3","49,3","4,29","12,9",0,"17,3166966634363","1,05659410570805","40,3538775241729","60,9","16,2",103,"19,25","38,33","3,32448453735591","1,01",0,"2,42288935772836","-2,9","33,1","-18,2232346241458","61,77","26,72","52,888","3,295","12,52",6,"25,8","5,1","7,6","43,8","63,7","25,51","2,7","-3,05","53,9","5,64","13,64","5,041","1028,087",72,0,"27,3","1,342",71,"5,2","10,07"
69,246900757,CC de la Vallée du Garon (CCVG),,,71,,,"135,820046965764",2,"17,5","7,3","1,3","14,17","12,91","5,3","20,1","57,6","0,37",0,"10,7","78,8","-3,8","24,4","3,7","1,57237552027131","51,0362476925659","3,53628754872736","3,3",0,"3,08","151,4","23,2","67,1","4,29","11,8",0,"3,29130966952264","2,41913136497386","41,9930770632173","47,1","14,5",111,"6,97","38,33","3,71068012630983","2,77",0,"2,2906177025687","-13,4",7,"-13,0434782608696","8,17","25,64","25,991","3,145","17,53",7,"30,6","6,7","10,8","39,8","73,5","23,49","3,3","-3,6","122,5","2,4",8,"0,308","2327,989",61,0,32,"1,878",86,"5,2","10,11"
69,246900765,CC du Pays de l'Ozon,,,83,,,"211,873715124816",2,"17,5","8,9","1,2","11,4","29,97","5,1","21,9","49,1","1,25","0,06","10,9",86,"-1,2","24,4","2,4","0,289613727690693","45,1189116211445","3,18058288243975","3,7",0,"2,17","159,2",32,"61,5","4,29","11,9",0,"0,569164265129683","1,70108226322707","39,3956711193657",47,"31,2",106,"4,59","38,33","3,76209893048128","2,9",0,"3,03032849503438",-2,"8,6","-50,7246376811594","31,63","22,78","39,539","1,349","8,69",7,"26,2","5,9","9,8","47,1","60,6","21,72","2,9","-3,75",78,"3,57","9,71","1,448","1845,489",69,3,"32,7","1,68",71,"5,2","9,87"
70,200036150,CC des Hauts du Val de Saône,,,38,,,"99,6944610599354",1,"46,3333333333333","29,9","17,1","2,9","-3,31",16,"37,2","32,6","35,21","39,06","21,9","82,2",3,"27,8","0,6","1,43317807237549","20,3687747716698","0,264227642276423","3,7","4,23","5,97","95,9","10,3","12,4","2,24","32,7",2,"6,99140208951584","0,090773430293613","48,649280785873","55,2","14,1",139,"15,95","64,97","6,76155671849578","3,58",0,"6,6845133262886","5,7","82,4","-24,3161094224924","96,55","9,02","57,275","0,882","15,99",5,"39,5","17,6","17,5",69,"56,1","60,19","2,8","-8,21","90,4",35,"39,88",0,"19,881",53,0,"13,8","0,886",160,"15,8","17,57"
70,200036549,CC Val de Gray,,,40,,,"67,9950170210667",2,"42,5","25,1","5,1","12,17","2,53","12,1","29,7","45,9","18,26","22,73","20,2","82,1","2,6","30,5","0,8","1,44214033517331","24,5122522241299","0,538695652173913","3,8","1,13","3,48","136,4","20,5","33,9","2,24","37,1",0,"9,67550146134444","0,211362107133218","44,2825649381769","58,1","15,2",125,"17,97","64,97","6,78322851006861","6,46",1,"6,08439086294416","0,6","47,1","1,58730158730159","96,14","7,37","55,874","1,817","11,85",5,"38,9","15,4","18,2","53,9","86,1","44,86","2,9","-7,62","99,2","10,75","10,75",0,"548,74",58,1,"18,9","0,88",127,"15,8","17,83"
70,200041721,CC de la Haute Comté,,,40,,,"64,942942942943",1,42,"23,3","7,5","9,36","-2,89","15,5",32,"42,2","12,2","18,46","18,8","84,6",-2,"27,8","0,6","1,07155613763543","22,2838610565845","0,348548548548549","2,6","6,74","4,17","147,4","18,9","37,2","2,24","49,9",1,"38,2559573366936","0,223060823262956","38,0863910822109","44,7",22,124,"8,01","64,97","6,86146759464135","11,31",0,"7,17887918896086","-5,6",51,"3,21428571428571","94,23","13,91","32,737","0,553","19,71",6,"35,5","16,9","13,5","57,6","76,2","35,66","2,7","-9,69","77,6","10,84","36,41",0,"202,044",56,1,"14,3","0,824",134,"15,8","16,81"
70,200041853,CC du Pays de Montbozon et du Chanois,,,41,,,"105,415598129431",1,39,"16,6","7,6","2,05",0,"8,8","29,3","30,8","36,05","41,31","16,2",89,"2,4","29,3",1,0,"24,2028343666962","7,14644351464435","2,9","5,39",3,89,"11,7","39,4","2,24","47,1",0,"1,19908668146969","0,386759882284296","35,1488743645606","51,8",23,114,"12,33","64,97","5,13520485749044","39,03",0,"6,89522506082725","0,5","91,3","5,03597122302158","95,49","28,7","48,304","0,79","12,11",4,"29,4","9,9","11,8","64,8","78,8","43,39","2,5","-5,13","38,9","19,81","20,78","6,005","103,123",59,0,"19,1",1,86,"15,8","12,7"
70,200041861,CC du Triangle Vert,,,41,,,"223,384",1,38,"16,9","5,2","1,38","4,76","7,9","28,5","30,6","34,12","31,66","15,7","91,2","1,2","27,5","0,9","0,5466472303207","25,1627728839525","1,13041675305826","2,5","1,13","2,73","99,2","17,2","33,7","2,24","43,8",0,"14,4486081946912","0,328915003064229","33,5420393559928","53,8","15,9",112,"6,35","64,97","5,0115232404749","6,38",0,"6,00108636610538","3,2",100,"-5,80912863070539","95,26","11,6","51,441","0,671","15,52",5,"29,2","10,9","13,3","66,2","62,4","34,71","2,6","-6,99","32,8","12,38","21,95",0,"97,496",60,0,"17,7","0,903",91,"15,8","13,07"
70,200041879,CC Terres de Saône,,,39,,,"44,3843873517787",0,"41,2","19,9","5,2","6,45","-0,52","11,3","30,2","38,1","28,79","27,29",19,"89,2","-0,7","27,8","0,9","1,52636800732657","27,1191910499139","1,32198340072356","3,2","2,86","2,29","135,8","17,1","24,4","2,24","40,7",0,"12,9980855973985","0,21772151064925","33,4608747843049","54,8","27,2",114,"30,64","64,97","6,03295660379405","6,87",0,"6,0158681952775",2,"78,3","-29,9145299145299","99,07","11,08","44,217","1,03","16,48",4,"35,3","11,8","13,9","64,1",66,"42,97","2,6","-4,87","65,1","18,87","22,21",0,"300,098",57,0,"17,4","1,003",106,"15,8","12,81"
70,200041887,CC du Val Marnaysien,,,46,,,"46,6510731975784",2,"37,25","15,2","4,8","1,74",0,"7,2","26,7","33,8","14,62","19,31",14,"90,2","0,5","30,8",1,"0,819000819000819","27,9210039887149","0,0013699483155862","4,3",0,"2,05",111,"20,6","25,3","2,24","29,3",0,"0,35848496835443","0,584863364479862","31,7897708179313","54,7",26,107,"5,23","64,97","4,12254472071354","1,37",0,"5,32054412277642","-2,3","86,6","11,6161616161616","96,85","12,24","56,749","1,532","10,16",5,"27,4","6,2","10,1","56,2","68,5","27,5","2,4","-3,19","36,9","15,11","22,33",0,"256,066",60,0,"24,2","1,03",75,"15,8","13,11"
70,247000011,CA de Vesoul,,,41,,,"62,8806781134536",2,35,"14,8","2,4","23,77","1,56","7,1","23,3","67,5","3,37","0,11","16,6","75,3","-4,7","27,8","1,6","4,79297442716225","37,5910522111002","3,40631057020509",5,0,"4,33","131,3","20,3","88,2","2,24","30,1",0,"8,89319119669876","0,822815533613356","46,590705720933",73,17,113,"19,08","64,97","6,48381100266193","5,88",8,"3,77164596273292","1,3","17,9","50,7246376811594","50,46","22,81","43,526","0,605","15,43",5,"46,1","16,3","17,3","46,2","82,3","57,67","3,1","-3,35","166,2","6,25","6,25",0,"1030,543",60,1,"24,8","1,521",113,"15,8","19,21"
70,247000367,CC des Combes,,,40,,,"51,5197560328825",1,40,"20,6","8,6","2,03","9,68","9,4","33,5","30,6","29,05","41,97","16,4","88,9","0,9","27,8","0,6","0,928258851611192","23,9641015848768","2,82538011695906","4,3","0,78","2,65","92,1","16,2",14,"2,24","43,7",1,"10,4896483963787","0,205845635525885","38,9373616356296","49,4","28,4",120,"3,96","64,97","4,82735442800974","14,59",0,"5,46736566186107",0,"79,5","-29,1338582677165","95,42","3,97","49,602","1,541","12,22",5,"32,9",11,"12,8","59,9","62,1","47,34","2,5","-4,26","51,6","19,52","19,52",0,"83,344",58,0,20,"0,87",102,"15,8","14,31"
70,247000623,CC des Quatre Rivières,,,38,,,"114,865213711384",1,42,"26,1",13,"3,41","-2,58","14,7","36,8",33,"36,38","41,25","20,6","86,7","2,4","29,6","0,7","2,43721521670022","19,9507768035687","4,37058614564831","3,2","0,32","4,24","110,1","21,9","21,2","2,24","33,3",0,"8,15883084577115","0,124990003127393","42,0541434180616","52,2","33,9",135,"17,82","64,97","6,16772811834248","24,37",0,"8,54820415879017","-0,6","69,4","-14,4615384615385","96,64","7,53","55,644","1,787","11,27",5,"37,1","13,8",14,"69,6","71,2","47,15","2,7","-6,9","73,2","24,73","24,76",0,"90,928",57,0,"15,4","0,636",144,"15,8","15,98"
70,247000664,CC du Pays de Lure,,,41,,,"96,4428414615023",1,38,"19,6","2,7","11,57",1,"8,5","24,7","49,5","10,54","3,67","19,2","86,5","4,2","27,5","0,8","0,313676286072773","27,6425884701006","2,20293627655144",3,"0,01","2,61","163,3","16,9","41,6","2,24","44,9",4,"11,9508830864763","0,678015860089534","38,9710018922927","67,2","17,1",110,"10,62","64,97","6,09588459829396","6,27",3,"6,16332670440059","2,6","48,8","-43,6363636363636","86,11",18,"29,392","0,47","14,95",6,"37,7","14,5","18,2","45,2","74,1","34,87","2,8","-6,17","96,5","8,91","31,87","1,046","369,253",60,1,"21,9","1,154",101,"15,8","16,21"
70,247000698,CC des Monts de Gy,,,41,,,"123,705008973731",1,"39,5","19,5","4,6","4,05","2,86","11,7","34,2","32,3","23,87","38,47","18,4","88,9","1,5","29,3",1,"1,30229529545825","22,5231324757391","0,299834710743802","3,8",0,"4,88","96,4","14,8","9,9","2,24","41,1",0,"1,52935817805383","0,224784882489762","45,0722107601968","52,4",41,106,"16,47","64,97","5,67432221912202","3,26",0,"6,1103515625","-2,3","83,6","-49,468085106383","97,26","14,17","46,566","1,305","10,46",5,"32,9","10,3","14,4","67,4","97,7","52,91","2,5","-3,67","66,1","22,17","22,17",0,"277,734",59,0,"23,5","0,893",89,"15,8","15,26"
70,247000706,CC du Pays Riolais,,,41,,,"67,8131668558456",1,33,"13,1","3,4","8,41","22,28","6,6","22,1","34,6","18,45","20,01","13,2","90,3","1,2","29,3","1,2","1,35685210312076","29,1350697878888","0,477310074579699","4,3","0,01","1,51","98,2","14,9","35,7","2,24","46,2",0,"0,615628840639082","0,553409937649808","36,5087576675782","60,6","18,5",99,"10,05","64,97","4,26452146869984","11,31",0,"5,67829275905119","1,3","76,1","-21,5311004784689","95,64","38,37","38,529","1,059","12,11",4,"27,7","6,6","8,1","60,6","89,8","32,11","2,4","-3,39",40,"18,97","22,42","0,754","418,299",61,0,"23,4","1,007",64,"15,8","12,3"
70,247000714,CC du Pays de Villersexel,,,42,,,"76,5925544248358",1,"37,8333333333333",21,"5,5","4,12","5,26","9,2","29,2",38,"22,14","36,58","19,2","86,6","2,5","25,8","0,8",0,"23,48401323043","4,09269533055941","3,4","0,32","3,88","109,9",7,"10,9","2,24","41,5",0,"0,884142206722852","0,405908034811433","39,9093541483067","74,5","6,2",119,"34,43","64,97","5,76633835352323","10,35",0,"6,54825566590273","-3,8",70,"-32,8358208955224","95,27","18,45","48,317","0,557","14,58",5,"34,9",12,"13,5","61,8","82,2","39,35","2,5","-6,22","52,4","17,56","28,66",0,"346,217",59,0,"14,7","1,487",125,"15,8","15,09"
70,247000722,CC du Pays d'Héricourt,,,42,,,"43,8076059433376",1,32,"14,9","1,2","17,62","-0,3","6,2","24,2","57,9","6,76","4,63",15,"89,1","3,6","24,8","0,9","0,28673835125448","32,5503584841243","1,5701554543018","2,7","0,03","2,39","132,9","25,2","40,7","2,24","54,8",0,"1,92619745845552","1,01798257604759","30,7103519088957","64,2","17,2",111,"22,53","64,97","6,2476414454037","3,35",0,"5,41875712656785","-2,3","51,3","20,3389830508475","51,49","4,67","28,372","0,432","15,95",6,"34,7","12,7","14,1","45,5","67,6","26,67","2,8","-6,22","60,5","7,22","17,7",0,"422,384",60,0,"18,4","1,348",102,"15,8","13,15"
70,247000755,CC du Pays de Luxeuil,,,41,,,"85,9170085412603",2,41,"22,4","5,4","11,71","1,2","12,5","26,4","56,3","6,66","7,03","20,6","83,9","1,2","27,8","0,9","0,605815831987076","26,482899438489","0,0069193101979987","2,7","0,09","5,39",165,"20,8",58,"2,24","50,8",1,"64,7349287897509","0,590095300658048","44,5534838076546","67,8","26,1",113,"11,7","64,97","7,05322976795749","9,42",0,"5,2466550709125","3,3","27,9","66,1764705882353","71,42","11,89","30,667","0,306","20,78",4,"42,7","18,4","19,9","51,2",77,"40,19",3,"-9,14","120,4","7,13","32,07",0,"1088,649",59,0,"17,7","0,89",121,"15,8","21,03"
70,247000821,CC Rahin et Chérimont,,,41,,,"122,997863795608",1,32,"21,9","4,1","6,18","-0,31","10,4","32,9",36,"11,55","19,26","18,6","88,4","3,4","27,2","0,7","2,15016771308162","27,5745502837136","0,356993464052288","2,7","0,93","4,3","130,2","15,4","24,2","2,24","72,3",0,"93,7457870672763","0,446097582272863","33,8253901307465","64,9","24,6",109,"8,86","64,97","5,8781888293065","7,74",0,"3,98684099536061","10,9","70,9","4,65116279069768","35,06","50,6","6,158","0,099",18,5,"31,6","11,8","17,4",47,"70,8","29,67","2,7","-7,44","41,1","13,67","27,22",0,"99,536",63,0,"18,6","0,563",98,"15,8","15,22"
70,247000854,CC des 1000 étangs,,,41,,,"113,52007938361",1,"39,25","22,7","20,7","4,65",0,"10,1","32,3","30,2","32,87","34,36","19,4","84,2","1,5","27,5","0,5",0,"23,5871457970556","0,080392156862745","2,3","3,67","3,54","137,1","8,9","17,4","2,24","69,1",0,"81,8846628174225","0,168383001277398","39,8701900788132",49,"42,1",126,"3,19","64,97","6,52116714454377","11,8",0,"6,57201889020071","-8,7","58,5","-18,1818181818182",75,"21,24","13,646","0,155","20,98",4,"36,7","14,4","15,4","61,9","78,4","39,31","2,8","-4,96","59,4","16,5","35,31",0,"82,29",57,0,15,"0,642",163,"15,8","15,42"
71,200040038,CC Saône Doubs Bresse,,,53,,,"50,4403608972767",1,"34,5","17,8","7,6","2,91","-0,7","9,2","29,6","40,4","27,32","26,7","15,7",88,-1,"30,45","0,8","1,32527126646235","26,6563761576823","0,12556600487635",2,"0,12","1,66","77,5","10,5","21,8","3,45","23,8",0,"8,12928900448093","0,393979140180931","33,7733862476715","59,6","13,2",109,"15,87","72,69","5,06044976821544","2,48",0,"5,96135744364627","-3,7",73,"-1,30434782608696","98,66","1,32","62,631","2,402","10,74",5,"28,8","9,3","13,9","52,5","72,5","25,01","2,5","-5,95","37,4","13,58","22,12",0,"234,065",59,0,"19,4","0,768",101,"17,1","12,66"
71,200040293,CC du Clunisois,,,65,,,"53,2224208193322",1,"32,25","19,6","20,3","7,32","0,64","8,5","29,7","43,6","30,25","26,47","18,9","75,2","0,3","31,375","1,3","0,784593437945792","29,5388728001782","4,52426706085243","3,1","0,77","2,85","82,8","25,1","48,3","3,45","28,8",1,"44,7250676845235","0,226777270574099","46,8943671670569","71,9","14,4",128,"14,45","72,69","5,39259270669666","2,85",0,"4,86262669829631","0,4","54,9","-22,9461756373938","93,1","7,34","55,89","0,401","17,09",4,"40,7","12,6","8,5","61,2","78,2","55,21","2,9","2,66","96,5","12,02","31,02","1,427","267,181",56,0,"18,2","0,648",167,"17,1","16,95"
71,200042414,CC Bresse Revermont 71,,,61,,,0,1,"33,5","21,3",13,"4,13","3,24","7,4","29,8","34,9","25,49","30,8","17,6","89,1","2,9","29,05","0,9","0,999900009999","26,8857142857143","1,47499732305386","2,8","0,48",3,"91,7","12,3","21,3","3,45","15,4",0,"2,76571993782676","0,470635452885885","37,4079528718704",71,"11,7",134,"6,81","72,69","6,11982897078613",4,0,"5,27701813025423","4,6","63,1","-44,4444444444444","98,48","4,31","60,464","1,503","14,14",4,"35,1",13,"13,9","50,6","51,7","30,7","2,7","-9,01","47,4","18,88","24,76",0,"221,895",56,0,"15,9","0,489",147,"17,1","14,06"
71,200069698,CC Mâconnais - Tournugeois,,,46,,,"368,159944279111",3,"34,6666666666667","19,8","8,1","9,71","-3,41","10,8","27,1","54,8","12,99","9,91","17,8","81,5","-0,8",31,"1,2","0,628693574751666","30,8340971585701","2,68275811853794","2,9","1,95","3,14","74,2","26,9","33,2","3,45","26,8",0,"12,22422491286","0,572929924442676","48,7404162102957","61,4","14,5",121,"16,95","72,69","6,19659435693392","2,51",1,"4,19044893806435","-4,4","36,9","-14,4","85,45","12,98","44,412","6,593","12,2",5,"39,6","11,4","14,2","45,7","79,7","37,72","2,9","-3,76","89,9","9,21","26,96","0,629","363,88",54,2,"20,2","1,335",133,"17,1","16,23"
71,200070308,CA Mâconnais Beaujolais Agglomération,,,47,,,"88,7827551278805",2,"33,75","16,5","3,8","23,67","2,02","8,2","23,4","54,2","3,77","3,12","15,1","79,9","-1,5",31,"1,8","2,92754023797258","37,3717141658083","3,00178714859438","3,5","0,22","3,14","136,5","27,1","63,8","3,45","19,4",1,"6,81516587677725","1,2302710265826","45,4233633869071","66,1","11,7",110,"11,38","72,69","5,6468367517153","2,14",7,"3,96435399638151","-0,1","27,6","-41,5478615071283","23,14","14,63","44,216","12,814","10,8",6,"40,6","14,8","15,9","39,5","63,8","27,94","3,2","-5,75","124,3","8,77","11,36","0,251","502,622",,1,"21,2","1,807",97,"17,1","17,51"
71,200070316,"CC Entre Arroux, Loire et Somme",,,60,,,"85,6639483989864",0,"33,1666666666667","24,2","9,3","11,54","-5,31","12,9",30,"51,7","22,37","18,23","19,6","79,9","2,5","32,8","0,7","0,647698357622022","27,4736018771998","1,99225900265161","1,4","1,83","2,78","170,2","18,4","36,9","3,45","16,1",0,"7,24291881160692","0,18384293638885","41,1132768233534","49,9","35,1",145,"4,94","72,69","6,77163441653887","4,63",1,"5,56745801968732","0,1","45,1","-27,6387377584331","94,01","3,14","73,008","0,256","15,15",5,"38,4","12,9",15,"52,9","86,5","39,56","2,6","-7,48","101,8","11,1","31,23",0,"181,315",51,1,"19,9","0,286",202,"17,1","15,19"
71,200070530,CC du Grand Autunois Morvan,,,59,,,"151,611577991028",2,"31,7142857142857","24,2","14,6","16,98","1,9",13,"28,4","48,6","25,65","26,12","18,7","81,1","1,5","33,075","0,9","1,99396114624281","26,792880823591","2,54582006369427","2,6","4,01","3,7",79,"14,5","55,7","3,45","37,5",0,"44,0988922601556","0,15685274245307","40,1440930054854","66,1",12,134,"13,75","72,69","6,841945993472","4,84",3,"5,47556417390327","-2,7","59,8","-13,5321100917431","90,53","2,98","50,001","0,34","17,58",6,"40,6","16,1","17,6","53,3","60,1","30,19","2,9","-6,34","89,7","16,44","17,71","0,285","139,727",53,0,"22,9","0,281",156,"17,1","17,92"
71,200070548,CC Brionnais Sud Bourgogne,,,65,,,"20,6612795512221",1,"41,5","23,2","12,5","6,7","0,64","11,4","33,2","44,7","20,66","10,46",18,"83,9","-1,3","35,1","0,6","0,535117056856187","26,4360126158845","0,203085299455535","2,3","0,1","2,68","115,3","17,9","28,6","3,45","14,7",0,0,"0,410516930512145","44,6807122823038","60,4","17,4",144,"9,6","72,69","5,60170689280278","4,68",0,"3,58765137978956","1,1","54,6",-20,"87,31","0,16","71,224","0,105","16,29",5,"36,8","12,2","13,1","54,4","86,7","51,57","2,6","-6,25","88,2","12,59","28,48",0,"157,85",58,0,"19,3","0,698",173,"17,1","15,43"
71,200071538,CC Terres de Bresse,,,61,,,"60,2867294368449",1,"32,6",18,"8,4","2,87","2,91","7,9","28,5","40,4","22,45","13,44",16,"89,8","0,7","29,7",1,"0,484346792303289","28,4004284004284","0,942211055276382","2,1","0,28","2,64","81,5","21,1","32,7","3,45","16,9",0,"8,52002312778099","0,69379839506767","32,1745881135168","48,1","42,3",119,"3,51","72,69","5,20171132288433","1,76",0,"4,04718082240977",-4,"68,8","-35,6796116504854","96,01","5,5","59,402","1,608","16,72",4,"29,4",10,"15,2","47,3","83,2","26,9","2,5","-4,97","52,6","12,24","30,6",0,"167,342",59,0,"17,5","0,684",114,"17,1","14,32"
71,200071579,CC Bresse Louhannaise Intercom',,,61,,,0,1,"32,6","22,9","8,9","7,61","-0,69","8,9","28,7","43,5","17,32","11,63","19,7","86,6","0,7","29,05","1,1","0,917722635981787","29,6720297029703","1,18934372969461","1,9","0,54","3,18","96,2","17,4","32,5","3,45","18,9",2,"1,99021118109315","0,712820342755587","40,4953261356973","58,4","35,3",132,"8,83","72,69","6,37332482933175","3,18",5,"5,35014470247759","2,2","51,4","-21,505376344086","96,07","2,92","51,312","1,492","14,2",4,"37,1","13,3","16,7","46,1",75,"34,38","2,7","-6,55","90,2","11,53","28,13","0,353","414,956",57,0,"18,8","0,648",146,"17,1","15,84"
71,200071645,CC Saint Cyr Mère Boitier entre Charolais et Mâconnais,,,65,,,"12,2193419740778",1,37,20,"16,6","6,2","5,21","11,3","34,5","34,1","30,06","44,9",18,"86,1","4,6","33,05","0,9",0,"25,5622600109709","0,186046511627907","3,1","2,33","3,72","92,2","16,4","59,6","3,45","28,5",0,"61,9287958115183","0,201194544102344","48,6447241045499","51,8","38,5",124,"6,7","72,69","5,31533959305848","3,72",0,"3,93938638064355","2,4","67,2","-6,76923076923077","88,44","5,8","64,661","0,637","17,44",4,"33,3","12,7","11,5","50,4","73,3","44,68","2,8","-2,63","66,4","18,06","32,19","3,723","137,948",58,0,"14,8","0,485",118,"17,1","16,78"
71,200071884,CC Le Grand Charolais,,,61,,,"84,4304218537372",1,"33,6","22,4","6,9","12,25","-0,17","11,8","29,9","55,9","19,06","11,22","19,7","83,1","0,4","31,1333333333333","0,9","0,380189587874487","28,3767038413879","3,0087753258485","2,2","0,64","3,29","164,2","21,5","47,8","3,45",17,1,"5,69958103218435","0,430831675607306","41,741000513209",68,"10,5",134,"14,02","72,69","6,46165300171954","2,53",4,"5,92772945896778","-2,3","42,4","-17,1240395170143","91,53","4,51","69,819","0,205","15,7",5,"40,9","13,1","14,7","43,6","73,8","46,54","2,7","-5,63","95,8","13,52","16,34",0,"488,037",57,0,"19,8","0,354",156,"17,1","15,26"
71,247100290,CU Le Creusot Montceau-les-Mines,,,64,,,"40,6717691951386",1,"27,3333333333333","20,4","2,3","27,31","-2,28","12,1","25,6","67,4","5,81","2,81",17,"85,6","-0,1","30,5","1,1","2,06689214580985","34,0546858397677","1,11085906434309","2,1","0,18","3,43","130,3","16,9","42,5","3,45","18,6",4,"0,221939325358336","0,399211202251868","32,973002335814","60,3","23,6",130,"12,82","72,69","6,6332465704215","1,77",5,"4,68743552269601","-0,4","25,7","-31,4112291350531","81,15","5,19","62,662","0,215","17,41",7,"41,9","14,5","18,4","38,7","66,4","25,16","2,7","-5,54","101,1","7,76","9,88","0,553","982,02",,6,20,"0,332",142,"17,1","15,65"
71,247100589,CA Le Grand Chalon,,,46,,,"77,5380990408326",2,35,"15,3","3,8","19,74","-0,32","7,3","23,6","56,1","3,84","3,21","14,3","79,9","-0,1","31,8666666666667","1,6","3,17348377997179","36,6495668993356","3,65112239081458","3,3","0,12","3,09","93,5","25,3","74,4","3,45",27,5,"5,52401510088329","0,768079901975131","38,8353664270266","59,1","17,9",111,"7,77","72,69","5,80579208231382","4,06",7,"5,02829161176987","2,4","32,8","-9,91150442477876","42,36","2,22","51,961","4,002","12,14",6,42,"13,5",16,"43,2","69,7","28,12",3,"-4,17","119,3","8,96","12,76",0,"602,149",,7,"21,2","0,924",107,"17,1","16,44"
71,247100639,CC de Marcigny,,,53,,,"534,672703106828",1,"41,3333333333333","23,5","10,3","4,88","-3,47","13,4","28,6","45,4","34,94","36,77","18,3","81,8","-0,5","35,1",1,"0,166694449074846","22,6593979616023","6,11229395604396","1,4","1,51","3,33","116,1","15,5","52,5","3,45","5,4",0,"16,2722006861828","0,385912905904808","44,8459428940152","50,8","15,1",146,"9,41","72,69","5,82891123213704","8,33",0,"6,52052785923754","-2,5","65,1","-32,5","95,94","4,92","73,495","0,24","16,9",5,"37,1","13,7","10,9","56,6","99,5","49,67","2,7","-6,19","83,7","21,42","25,08",0,"240,361",56,0,"21,6","0,547",156,"17,1","14,58"
71,247100647,CC Bresse Nord Intercom',,,59,,,"108,015505066012",2,"37,75","26,3","14,8","2,32",20,"11,7","32,1","30,5","29,11","36,68","21,7","85,5","-1,8","29,5333333333333","0,5","1,06968215158924","24,2364315535047",0,"2,6","2,83","3,06","107,9","10,3","26,6","3,45","17,7",0,"13,1106227407164","0,484651406038045","43,0318586743168","55,5","31,5",144,"12,62","72,69","6,44435762371044","3,06",0,"5,20394736842105","-3,6",73,"-5,58375634517767","97,62","2,91","59,412","2,086","11,56",4,"37,6","14,7",19,"60,7","76,5","37,44","2,7","-8,27","67,8","20,88","31,06",0,"31,708",55,0,"13,1","0,535",176,"17,1",16
71,247103765,CC Entre Saône et Grosne,,,65,,,"59,3772016981303",2,"33,2","19,5",14,"5,79","0,69","8,1","29,3","48,7","21,48","14,29","15,9","86,8","-1,4","29,95","0,9","1,53139356814701","29,4772256728779","3,07192242075963","2,6","1,42","1,8","75,4","20,4","28,6","3,45","29,6",0,"30,7404358914909","0,300632230175278","41,3805247402712","72,3","12,5",118,"13,53","72,69","5,44522387869683","2,7",0,"5,65555654576241","1,7","63,5","-8,58895705521472","97,66","10,87","60,355","1,833","15,96",5,"34,5","9,5","12,9",48,"69,4","34,41","2,6","-4,34","46,3","6,65","24,61",0,"138,229",58,1,"19,8","0,709",122,"17,1","15,57"
71,247103864,CC de Semur en Brionnais,,,65,,,"47,1895525254465",0,"39,75","20,9","17,7","3,13","1,39","10,6",32,"38,5","33,39","28,64","17,2","87,9","1,2","35,1",1,"0,19208605455244","23,469387755102","3,03732457449985","1,9","2,51","1,92",112,"18,2","40,6","3,45","12,1",0,"18,6469035532995","0,288230214784922","38,7931034482759","58,9",11,139,"10,12","72,69","4,97685902401239","1,92",1,"4,81584043377227","0,4","88,3",0,"82,77","2,43","70,323","0,036","16,24",4,"33,1","11,1","8,8","56,7","57,9","43,41","2,8",-9,"44,2","14,5","23,14",0,"249,25",58,0,"17,2","0,684",145,"17,1","14,54"
71,247104094,CC Sud Côte Chalonnaise,,,58,,,"54,6619241780168",1,"36,25","17,5","14,6","4,29","-3,96","10,3","31,5","42,2","21,68","26,84",16,"87,1","1,5","29,7","1,6","1,81975736568458","30,0709566919501","5,27044406697403","2,2","0,49","3,47","68,3","18,2","22,4","3,45","23,8",0,"5,04786545924968","0,256921498573485","43,4268333896587","66,9","4,8",118,"21,47","72,69","5,20665421724245","1,73",0,"4,64601307189543",-3,"69,5","-7,59493670886076","97,51","6,92","54,815","2,821","15,82",4,"33,1","9,5","15,7",54,"65,4","42,2","2,8","-3,5","53,2","10,17","22,64",0,"78,574",58,0,"26,8","0,722",120,"17,1","13,96"
72,200040475,CC LBN Communauté,,,40,,,"92,1011662295631",1,"36,4",19,"6,4","4,9","2,76","10,1","34,5","29,8","21,01","34,28","17,5","85,6","1,9","30,8",1,"1,34649910233393","23,5597665172151","0,0314039408866995","2,8","0,33","2,81","71,8","14,9",19,"3,17","8,3",2,"3,18412712101938","0,530891171162717","34,7854713047295","39,4","34,5",107,"6,41","50,12","5,10586177580882","3,93",0,"6,71740554706268","-2,4","59,8","-26,7111853088481","98,88","4,33","72,699","1,282","8,89",7,"31,6","10,1","12,2","52,3","81,7","31,98","2,4","-2,95","70,3","20,55","27,03",0,"1963,13",58,1,"22,2","0,256",81,"18,6","15,79"
72,200068963,CC Maine Coeur de Sarthe,,,40,,,"93,3059207502068",1,29,"11,9","3,3","4,29","13,13","6,1","26,5","36,8","3,69","5,88","12,2","88,3","-1,5","33,1","1,3","1,64601527136391","32,7775925308436","1,03586990351696","2,6","0,04","1,83","80,8","21,4","34,9","3,17","8,5",0,0,"1,54681923287419","26,8595041322314","62,2","18,3",107,"10,25","50,12","3,83794911183858","8,69",0,"4,73919984973704","-1,7","52,5","-44,1780821917808","94,65","7,66","68,608","1,616","7,89",5,"25,5",7,"10,2","44,8","93,8","25,56","2,4","-3,26","41,6","13,46","15,92",0,"1056,863",60,0,"27,4","1,012",74,"18,6","11,58"
72,200070373,CC Loir-Lucé-Bercé,,,50,,,"103,148994554731",2,"34,3333333333333","25,2","12,2","8,18","-3,89","11,8",32,"38,5","20,96","19,62","20,1","82,6","1,8","30,6","0,9","0,775628043262809","24,5095440084836","3,23053273257355","2,2","6,07","2,59","76,1","14,1","19,8","3,17","16,3",0,"3,04555749452345","0,572867161657883","41,3772782758766",64,"12,3",139,"17,04","50,12","6,73614787576807","10,34",2,"5,81508342416366","-3,4","51,9","-26,1450381679389","99,66","7,34","56,296","2,462","9,3",6,"39,7","14,8","18,1","45,7","78,4","41,19","2,7","-3,06","91,1","12,63","13,75","0,431","710,948",57,0,"20,7","0,408",158,"18,6","19,8"
72,200072676,CC Maine Saosnois,,,29,,,"85,7700661000944",1,"32,8333333333333","24,2","6,8","8,53","-5,37","11,8","36,2","40,6","11,72","14,89","20,3","84,3","3,8","31,2","0,8","1,09186198864464","23,0259431290359","1,44146986970684",2,"0,06","2,55","81,7","14,7","31,3","3,17","10,2",0,"16,9336884284597","0,4297846676178","37,2670807453416","57,6","26,3",125,"9,85","50,12","5,72153822167241","1,09",0,"5,75656623488156","1,9","58,1","-9,40959409594096","97,49","5,15","73,273","1,877","8,32",7,36,"13,9","16,4","47,4",73,"29,7","2,6","-3,69","76,4","12,67","12,71",0,"511,53",58,1,"20,9","0,36",119,"18,6","16,6"
72,200072684,CC Le Gesnois Bilurien,,,52,,,"66,3427928821856",1,"33,6","16,9","4,6","5,92","-1,97","7,6","28,3",32,"8,29","14,88","16,3","88,1","-0,1","30,6","1,1","1,65207335205683","26,5837600585223","0,394321608040201",2,"0,05","2,64","68,9","15,2","16,8","3,17","24,1",0,"2,93785949313039","0,971283403525981","30,4901833311663",62,"19,8",112,"11,63","50,12","4,59025342794397","1,32",0,"4,84559488438186","-3,1","70,5","-35,75","97,4","2,23","50,954","1,681","8,61",6,"29,8",9,"12,8","45,8","78,9","27,42","2,4","-4,62","50,3","19,29","19,76",0,"1400,663",61,0,"23,5","0,373",82,"18,6","14,34"
72,200072692,CC des Vallées de la Braye et de l'Anille,,,56,,,"141,642362278873",1,35,"25,3","9,4","8,68","-1,76","13,5","33,4","36,6","21,04","30,07",21,"80,7","1,4","28,1","0,6","1,35363790186125","22,130555842013","1,39551216169921","1,1","0,64","2,71","61,7","14,4","23,9","3,17","18,3",1,"0,646228792205611","0,434073077892616","40,1131058065365",56,"23,3",136,"10,68","50,12","6,65108425003716","2,03",1,"5,57778355879292","-1,8","52,4","-11,3350125944584","99,99","4,98","64,97","2,482","7,61",6,"38,6","12,7","15,8","49,4","67,2","35,47","2,5","-2,65",85,"9,89","9,89",0,"871,309",57,0,"20,2","0,254",156,"18,6","15,34"
72,200072700,CC Haute Sarthe Alpes Mancelles,,,36,,,"104,369101944974",1,"35,25","22,5","7,9","5,23","4,17","11,4","33,9","37,9","18,3","16,93","19,7","86,2","0,4","32,75","0,7","1,28728693181818","22,75181040158","0,687238236018724","1,9","0,22","1,78","94,3","17,4","32,6","3,17","8,4",1,"36,2490346705686","0,816675476337037","34,5501955671447","54,9","25,3",117,"7,75","50,12","5,3993272802054","4,44",1,"7,69669342174141",-2,"71,9","-4,73251028806584","97,03","6,85","72,856","1,492","9,1",7,"34,1","11,8","14,5","52,3","69,7","31,78","2,5","-4,11","55,6","18,68","19,21",0,"387,658",58,1,"20,7","0,425",104,"18,6","16,4"
72,200072718,CC de la Champagne Conlinoise et du Pays de Sillé,,,44,,,"148,410107981743",1,35,"19,3",6,"2,84","-3,11","10,5","33,3","30,3","19,41","24,11","16,7","86,4","2,6","33,1","1,1","1,33973428603327","24,5752071649787","0,741210066036052","3,1","0,04","1,67","74,4","18,8",25,"3,17","12,6",1,"52,3540486581855","0,565564202138164","35,9398823785668","58,7","12,1",112,"12,67","50,12","5,1217716065282","7,82",2,"4,66158553242638","-1,9","74,4","-23,5294117647059","97,12","5,5","71,82","1,32","10,17",6,"31,1","11,6","12,4","50,6","74,3","34,67","2,6","-4,07","52,2","22,25","27,54","5,582","934,981",59,0,"22,3","0,207",90,"18,6","16,17"
72,200073112,CC Sud Sarthe,,,29,,,"104,897683483191",1,"37,2","22,1","9,8","6,69","-4,22","10,1","33,7","31,1","17,33","23,36","18,7",84,"2,2","37,15","0,9","0,797059735199044","23,9909115209837","2,15137614678899",2,"0,06","3,99","68,1",13,"14,5","3,17","27,4",0,"12,1326975976527","0,540275912434253","35,4810622551154","55,1","14,7",127,"5,96","50,12","5,57239251765937","0,89",1,"4,16486439347693","-1,8","52,7","-14,8080438756856","99,97","7,96","49,702","1,947","11,2",6,"33,9","12,7","14,7","47,6","81,5","36,8","2,5","-5,35","62,3","10,21","20,84","0,443","672,181",55,1,"19,6","0,292",123,"18,6","18,86"
72,247200090,CC du Pays Sabolien,,,36,,,"151,309081290778",2,"36,3333333333333","16,9","3,9","19,51","4,97","8,9","25,4","41,9","10,98","7,84","17,1","78,7","-2,3","28,5","1,3","2,25940831744687","29,2131549740055","0,787609350351355","2,2","0,05","2,82","93,4","13,2","20,5","3,17","13,1",2,"0,0069397196897537","0,706259925254253","32,8351062010466","43,2","47,9",111,"9,58","50,12","5,99246707388336","2,47",4,"8,34776072439954",5,42,"5,55555555555556","98,7","7,52","65,126","1,66","9,28",7,"36,2","13,2","13,2","41,7","65,2","29,8","2,6","-7,15","144,3","8,47","15,76",0,"3022,882",59,1,21,"0,364",91,"18,6","20,54"
72,247200132,CU Le Mans Métropole,,,40,,,"63,2079574811497",3,36,"15,1","2,7","26,5","2,12","8,6","22,1",62,"0,68","0,13","16,2","65,2","-1,9","33,1","1,6","3,12900963983","42,5678744889759","4,27344913151365","2,6","0,02","2,81","88,9","29,4","49,6","3,17","11,6",4,"0,197966200892531","2,75438993415362","32,284930891532","68,3","13,7",111,"13,55","50,12","5,82550152566555","2,58",11,"4,1643087988725","4,5","7,1","2,05128205128205","16,6","6,7","33,818","2,55","10,21",7,"43,7","18,6","16,6",37,"68,8","37,42","3,4","-3,58","143,2","7,35","8,3","0,095","1305,808",63,3,"23,5","0,824",93,"18,6","19,53"
72,247200348,CC du Pays Fléchois,,,35,,,"85,4203920986188",1,37,"18,4","3,4","15,1","0,22","7,5","27,8","44,6","9,24","9,75","18,7","83,3","-0,4","34,2666666666667",1,"0,924248585899664","27,8492058874862","4,91561091969255","3,1","0,07","2,59","76,6","16,1","49,6","3,17","26,3",1,"4,601925040105","0,939622939419195","34,608314479638","63,4","17,6",114,"12,66","50,12","5,57603242808459","1,11",1,"8,95388205660098",5,44,"11,8705035971223","98,43","6,91","47,519","2,151","10,82",7,"35,9","11,4","12,9",48,"76,9","31,72","2,5","-3,74","82,6","10,5","13,86",0,"3245,192",56,0,"24,5","0,301",89,"18,6","17,03"
72,247200421,CC du Sud Est Manceau,,,59,,,"82,7963732315293",1,"36,3333333333333","13,1","2,9","6,89","11,98","5,5","26,6","37,4","3,77","4,75","12,7","90,5",1,"33,1","1,5","2,23102236599922","33,1010732019862","0,29826353421859","1,8","0,71","2,23",65,"15,5","20,7","3,17","42,9",0,"11,8910451119361","1,04993670036611","26,7449445531637","68,8","19,6",112,"16,2","50,12","4,07271785163486","6,14",1,"3,35374421659908","-14,1","26,7","-7,40740740740741","86,57","0,24","24,577","1,688","15,6",6,"24,7","6,4",8,"37,9","80,8","26,94","2,4","-2,38","53,6","14,2","16,4","0,558","1083,388",60,0,"28,5","0,163",80,"18,6","12,51"
72,247200447,CC Orée de Bercé - Belinois,,,43,,,"34,4817593258658",1,37,"14,2","2,6","6,79","4,41","6,2","26,3","37,3","6,28","8,05","14,9","89,8","3,6","33,1","1,3","1,38660640920296","32,0117690327326","1,12357487922705","2,1","0,09","2,57","67,2","16,3","23,5","3,17","24,5",0,"1,97059413219274","1,1516649817739","28,6319185401754","72,3","18,7",111,"10,13","50,12","4,29532938867571","4,11",0,"4,08227393889686","3,5",30,-5,"86,6","6,46","46,202","1,317","10,23",7,"27,5","7,4","12,7","40,4","88,4","23,83","2,4","-3,58","41,5","6,14","20,14","1,541","1935,175",64,1,"25,4","0,186",81,"18,6","13,68"
72,247200629,CC du Val de Sarthe,,,34,,,"13,7432028142157",1,"33,5","12,3","2,8","6,33","3,78","5,9","27,1","36,4","9,76","8,57","13,8","88,9","-0,5","30,8","1,4","1,28272595711091","33,0712018570278","0,485431235431235",2,"0,1","2,3","78,5","19,4","22,8","3,17","22,2",1,0,"1,01478733490753","27,709518882566","55,2",21,107,"4,75","50,12","4,07684480581362","3,62",0,"4,37665538431205","-7,3","52,9","-13,3858267716535","95,64","5,27","43,488","1,426","10,23",7,"26,1","6,3","10,6","43,2","93,3","29,31","2,3","-3,04","49,4","14,25","18,19",0,"1705,251",62,1,"28,6","0,289",82,"18,6","14,17"
72,247200686,CC du Pays de l'Huisne Sarthoise,,,26,,,"98,4443505510369",2,"33,75","19,6","6,8","9,75","-10,89","9,3","27,1","39,2","12,12","8,88","17,7","83,3","0,1","28,1",1,"0,66991044355123","26,6655981193567","0,40004835589942","1,4","0,57","2,12","69,4",30,"35,3","3,17","10,6",1,"0,0549943644599451","0,590277388580113","32,9321700748302","45,9","36,8",116,"5,05","50,12","5,56941432211038","2,47",1,"5,25962377412487","3,1","42,6","-35,1162790697674","95,58","3,96","64,843","1,64","8,89",6,"34,9","10,9","14,2","40,7","79,2","26,8","2,5","-5,9","103,7","12,09","12,09",0,"1589,02",59,0,"22,7","0,525",105,"18,6","16,05"
73,200023299,CC Coeur de Tarentaise,,,11,,,"173,914144193726",5,24,"18,3","73,6","23,99","-0,1","3,4","10,1","35,5","16,79","22,03","20,3","65,6","4,4","28,3","1,5","3,2974280061552","35,8233459202101","3,56960431654676","4,9","5,78","4,4","102,9","13,2",60,"3,82","93,8",0,"58,6390977443609","0,109054222751755","108,223308036178","78,5","19,8",91,"5,8","46,77","5,498950037332","3,3",0,"6,17737369337979","65,4","27,4",100,"70,12","1,24","15,566","0,017",25,7,"42,7","17,5",11,"35,7","60,9","32,09","3,4","-4,3","153,8",8,"31,83",0,"8433,309",61,1,"31,2","0,158",87,"11,9","36,86"
73,200040798,CC Val Vanoise,,,11,,,"254,054167587884",3,"23,5","16,4","79,2","17,9","-0,88","1,9","18,5","29,5","19,74","27,13","16,3","66,6","2,2","28,3","2,6","11,6086235489221","39,5355760643049","0,411355261362085","4,4","5,34","7,74","57,8","11,5","44,5","3,82","96,6",0,"38,919792053472","0,155407933967361","145,911679381111","89,4","25,8",91,"3,57","46,77","4,75931183905888","4,42",1,"7,9098773543583","12,7","36,2",25,"63,87",,"8,436","0,109","21,07",5,"39,7","14,6","5,4","50,1","70,4","41,79","3,7","-4,15","161,4",15,"41,67",0,"2866,66",58,0,"40,7","0,112",101,"11,9","39,93"
73,200041010,CC Coeur de Savoie,,,37,,,"132,580357854997",2,"29,8","11,4",7,"13,29","1,09","7,5","23,3","41,6","8,55","8,76",14,"85,3","1,1","30,2","1,9","0,767601905770249","35,6379105507224","5,58670919723551","3,6","0,92","1,59","115,5",26,"41,7","3,82","51,4",2,"35,9880313910857","0,906197183370866","39,0349968937668","51,4","16,6",103,"7,25","46,77","4,43624519065977","3,18",1,"4,31135254630254","6,3","37,1","8,64864864864865","56,25","6,94","34,413","5,656","17,03",8,"30,6","7,1","12,3","48,6","62,7","22,9","2,6","-3,56","75,5","11,46","24,32","1,588","4996,376",64,1,"27,7","0,444",83,"11,9","14,12"
73,200068674,CA Grand Lac,,,41,,,"75,1657109509794",3,"29,6666666666667",13,"11,8","12,52","4,64","7,5","22,5","51,5","5,44","3,81",15,"81,1","-0,5","34,8666666666667","2,3","5,58554271186865","45,9910233393178","4,38936781609196","3,6","0,49","2,63",127,"27,3","58,1","3,82","41,1",0,"34,5625646328852","1,26489691165377","47,2938951453449",62,"10,9",105,"7,88","46,77","4,23370285638969","1,88",2,"4,20796098589693","-6,9","20,8","8,7719298245614","26,68","7,48","23,473","1,028","19,39",6,"39,5","9,3","12,1","42,2","62,3","23,43","3,2","-3,08","86,2","8,93","11,71",0,"5549,019",63,1,"27,9","0,679",105,"11,9","14,06"
73,200068997,CA Arlysère,,,26,,,"96,1527762035073",3,"24,75","14,4","30,2","19,26","1,18","6,8","21,2","43,3",8,"5,96","16,6",83,"-1,2","27,8","1,4","0,307264376738469","37,1526283063089","2,85106382978723","3,3","0,67","3,4","90,8","26,2","65,1","3,82","79,8",1,"14,9654996467541","0,478568617037381","51,2037765538946","68,2",23,108,"9,54","46,77","5,19615051953805","3,88",3,"4,39381757920816","4,9","17,7","-4,6875","43,91","2,02","24,218","0,422","21,24",8,38,"11,8","13,3","43,9","52,8","24,94","2,9","-7,36","93,3","10,03",12,"0,323","4057,278",62,4,"23,6","0,294",101,"11,9","19,26"
73,200069110,CA du Grand Chambéry,,,52,,,"61,7039173310052",4,25,"9,6","5,9","22,05","4,43","6,9",20,45,"3,84","2,83","13,5","68,7",-2,"33,95","2,5","2,95553933277105","45,3488504244849","4,09672559260747","4,9","0,7","2,84","125,8","27,1","87,1","3,82","64,4",3,"79,98036781697","0,825266749501946","44,302143230528","71,9","13,5",99,"13,5","46,77","4,67808775774217","4,18",9,"3,32890778044724",1,"9,6","4,98442367601246","22,46","3,74","25,913","0,732","21,84",7,43,"12,5",12,"40,8","60,6","28,14","3,2","-4,55","115,1","11,66","14,92","0,071","4306,614",,0,"29,3","0,415",89,"11,9","17,68"
73,200070340,CC Haute Maurienne Vanoise,,,11,,,"182,531235266384",3,30,"20,5","64,9","17,65","-0,14","6,1","23,6","40,2","15,33","28,43",18,"70,3","0,4","38,6","1,1","5,0978067575578","33,8464199239018","0,630906768837803","4,7","20,89","4,74","68,8","16,8","14,4","3,82","96,6",0,"44,3771077913796","0,0754194159746074","98,2173663024727","81,4","21,9",114,"10,6","46,77","5,58164867109635","4,74",0,"7,06302325581395","13,8","20,1","15,702479338843","70,06","4,08","12,263","0,003","22,33",6,"39,1","13,2",10,"54,7","68,6","39,24","2,9","-1,95","114,7","39,3","39,3",0,"5905,693",59,0,"29,6","0,117",134,"11,9","30,91"
73,200070464,CC Coeur de Maurienne Arvan,,,11,,,"125,190363459128",2,30,"17,6","56,6","18,15","0,56","5,2","19,1","52,3","15,86","14,48","16,5","76,7",3,"38,6",1,"6,22290588728849","34,5134575569358","2,21844453888653","3,1","11,7","4,2","95,4","18,8","49,4","3,82","88,3",3,"5,01379367536488","0,306371865737208","70,6613524285618","72,4","29,4",117,"9,74","46,77","5,19760909775981","2,8",3,"3,67856408851134","60,6","35,7","-2,5974025974026","69,8","0,58","25,413","0,016","21,32",8,"40,4","13,1","10,3","56,2","61,4","34,4",3,"-4,08","130,5","9,57","9,57",0,"994,393",57,2,"28,7","0,194",135,"11,9","23,59"
73,247300015,CC des Vallées d'Aigueblanche,,,16,,,"120,562473706353",2,24,"14,3","53,9","12,62","-2,06",5,"18,1","30,5","19,03","14,94","19,9","86,4","3,1","28,3","0,9","4,66826991087848","35,4627669809506","5,1437587657784","3,1","3,45","4,24",100,"25,2","75,2","3,82","87,3",0,"25,9754888610491","0,283431254054384","58,8967233513065",67,"25,6",99,"3,6","46,77","4,98735283659924","2,83",0,"3,81153207964602","55,6","39,1","-18,6046511627907","59,1","5,82","16,393","0,021",20,7,"37,4","10,4","10,4","35,6","37,4","25,32","2,7","-5,66",79,"7,67",27,0,"3804,784",54,0,"18,2","0,125",109,"11,9","26,8"
73,247300254,CC de Haute-Tarentaise,,,14,,,"237,444372907546",6,"11,5",13,76,"20,21","3,81","1,4","18,7","33,3","16,69","25,99","17,7",56,"2,9","28,3","1,6","3,2139872726104","37,5075015003001","8,37123327235968","3,7","31,66","5,79","81,1","23,2","44,1","3,82","93,9",0,"24,3881894533488","0,170493376665028","111,579469377635","85,3",19,82,"4,63","46,77","5,09151929039241","5,14",1,"6,80371131372801","12,5","15,9","-70,2970297029703","69,9","0,17","19,164","0,004","20,8",5,"40,9","15,5","6,4","58,9","67,9","34,84","3,5","-3,2","129,5",13,13,0,"2961,195",61,0,"37,5","0,097",82,"11,9","40,14"
73,247300262,CC de Yenne,,,50,,,"109,622288503254",2,36,"15,2","10,1","8,23","11,76",9,"29,2","28,6","27,15","19,55","14,7",86,"0,4","33,45","1,6","0,809061488673139","35,4321470473211","9,94614512471655",2,"2,72","2,7","89,6",15,"22,6","3,82","46,6",0,"13,4870556567176","0,50775737420377","44,9900464499005","65,4","18,1",111,"9,05","46,77","4,68519122765385","2,7",0,"3,41666666666667","1,1","63,2","-15,4411764705882","93,46","6,3","37,229","2,157","20,31",3,"32,3","8,5","10,1","52,9","53,4","28,59","2,7","-5,61","46,8","7,23","16,62",0,"2400,796",57,0,"23,5","0,456",89,"11,9","12,57"
73,247300361,CC du Canton de La Chambre,,,16,,,"148,219673458373",3,30,"15,1","49,1","9,43",0,"6,4","22,4","34,1","11,02","18,11","18,6","81,4","-5,8","38,6","0,6","3,24807145757207","33,5451080050826","1,34903782349038","3,3","1,84","4,06","70,3","17,6","34,9","3,82","90,8",2,"2,70276573260941","0,187760140550923","54,8417008875348","70,6","33,6",115,"15,36","46,77","5,30440339538922","4,06",0,"4,91681296421337",7,35,"-19,6428571428571","70,34","3,71","22,509","0,015","24,61",8,"35,3","8,5","9,4","61,3",72,"33,29","2,6","-4,48","67,3","16,17","16,17",0,"1514,108",62,2,25,"0,189",110,"11,9","18,24"
73,247300452,CC Maurienne Galibier,,,11,,,"179,591821698287",2,30,"22,2","67,7","13,81",0,"4,6","19,9","37,6","19,52","30,64","17,8","66,8",-3,"38,6","0,9","3,14873124652714","35,9654178674352","2,71620086344013","3,2","11,3","3,7","69,6","14,1","24,1","3,82","95,6",0,"11,7244447171432","0,13500619285104","79,187105816398","87,4","26,6",112,"8,98","46,77","5,75198156682028","3,7",0,"7,88165898617512","65,8","25,5","-31,0344827586207","69,86","41,81","7,932","0,02","19,59",6,"37,3","9,5","8,1","63,3","74,2","42,23","2,6","-0,1","99,8","19,33","19,33",0,"3388,227",58,0,38,"0,117",125,"11,9","31,74"
73,247300528,CC Val Guiers,,,50,,,"32,5641481960848",2,35,"16,9","6,5","11,66","3,1","8,5","26,2","35,7","10,62","6,25","17,5",89,"1,3","33,3","1,5","0,800448251020571","32,7488820899035","1,44465240641711","2,4","0,38",4,"122,5","22,9","24,1","3,82","24,7",0,"6,42192123833371","1,25644998287106","47,5666325969023",56,"30,9",111,"4,23","46,77","5,14127100754581","2,4",0,"3,82308759898767","-0,1","60,1","-49,4117647058824","79,35","9,62","51,472","0,756","15,81",5,"33,9","10,2","11,7",42,"54,8","21,77","2,7","-6,45","78,4","7,55","7,91","0,8","2599,261",62,0,22,"0,776",92,"11,9","15,35"
73,247300668,CC du Lac d'Aiguebelette (CCLA),,,50,,,"179,609791332263",2,37,12,18,"4,18","10,2","6,6","27,1","22,1","14,11","29,53","12,6","83,8","1,7","30,2",2,"2,37642585551331","36,9083702494754","7,21240310077519",2,"1,42","1,58","61,3","21,7","30,2","3,82","40,3",0,"34,8556832694764","0,660211645257656","47,3391089108911","72,9","23,3",110,"10,38","46,77","3,72586581897273","6,34",0,"4,28392169984942","-5,6","40,5","-4,44444444444445","79,49","13,79","31,404","0,244","22,69",3,"27,3","6,6",10,"60,3","64,2","32,79","2,6","-3,33","43,2",14,"15,5",0,"3598,391",62,0,"30,2","0,593",80,"11,9","11,46"
73,247300676,CC Porte de Maurienne,,,24,,,"149,987433956876",2,"29,6666666666667","17,9","16,9","11,57",0,9,"30,9","28,4","23,85","30,48","19,1","84,7","-2,9","33,45","0,9","0,844594594594595","29,2920353982301","2,84971098265896","1,6","3,25","2,82","58,2","18,6","14,2","3,82","82,7",0,"29,1067764187583","0,274303275737191","36,8932038834952","71,6","15,6",93,"8,73","46,77","5,8924247160571","1,41",0,"4,57622173595915","11,6","63,5","-19,3548387096774","64,06","0,6","9,731","0,439","22,34",8,"34,7","9,1","27,5","50,5","57,7","22,1","2,5","10,14","56,2","29,91","29,64","1,408","2608,877",56,1,"17,3","0,217",88,"11,9","15,43"
73,247300817,CC Les Versants d'Aime,,,16,,,"195,395990492921",2,23,"14,6","74,2","12,59",0,"2,1","11,6","25,3","24,9","24,08","16,9","75,9","-1,9","28,3","1,1","0,31001343391547","36,9342010122921","4,37337706710401","2,9","7,98","4,13","80,2","27,6","36,1","3,82","87,8",0,"29,4209692279344","0,305970956252974","88,7145443572722","85,8","25,2",94,"9,32","46,77","4,48714951542502","2,07",0,"5,06742620403936","-6,1","21,3","9,85915492957746","69,85",,"25,059","0,042","20,63",7,"35,8","11,3",7,53,"66,2","36,06","2,9","-3,18","98,1","12,25","12,25",0,"4653,993",56,0,40,"0,192",90,"11,9","35,94"
74,200000172,CC Faucigny - Glières,,,35,,,"92,8311122316669",4,19,11,"8,6","16,49","11,97","8,6","23,4","45,9","5,79","2,92","13,4","85,7","0,6","25,5","1,9","0,458343616683708","43,2314837448057","2,62022414671421",3,"0,17","2,12","82,7","32,2","48,3","2,68","71,7",0,"24,5167616271366","0,902347760166753","35,748527598959","57,2","31,9",84,"6,5","48,37","4,90016332391788","2,12",0,"4,32902536912258","-4,9","24,5","-31,5217391304348","26,42","0,85","22,152","0,299","20,77",6,"32,5","8,9",15,"42,1","50,8","22,07","3,5","-4,28","98,7","4,14","13,71",0,"5855,362",64,0,29,"0,439",64,"11,2","14,55"
74,200011773,CA Annemasse-Les Voirons-Agglomération,,,32,,,"58,9647066379781",8,17,"11,4","6,1","19,85","12,78","9,4","16,7","58,3","1,89","0,5","14,2","57,9","-6,8","29,6","2,3","1,55535704902528","47,5996913754493","2,87300497121926","2,6","0,01","2,63","61,3","26,5","58,9","2,68","29,7",1,"8,23263888888889","2,77522578935319","35,6931878245189","73,8","15,7",79,"8,9","48,37","5,46827307046582","2,42",3,"2,8617068366421","8,2","5,7","15,7303370786517","4,43","8,81","25,359","1,04","18,25",4,"41,1",17,"17,5","29,1","37,9","16,15","6,2","-9,62","64,1","2,5","5,58",0,"2001,679",,0,"17,9","0,923",61,"11,2","14,54"
74,200023372,CC de la Vallée de Chamonix-Mont-Blanc,,,21,,,"218,232240842355",4,21,17,"65,8","14,03","0,78","1,8",16,"48,5","9,42","19,29","14,9","59,3","-0,5","27,3","2,6","13,4457446035322","46,2000203479499","1,78717948717949","5,2","0,28","5,09","75,7","23,4","73,1","2,68","94,6",0,"25,9748627316404","0,254906227671512","95,4324723766627","83,5","18,5",91,"6,94","48,37","4,6949950256371","0,73",0,"3,54840437743935","-25,2",26,25,"14,71","22,87","3,462","0,047","23,94",6,"39,8","14,9","9,2","47,9","82,3","39,61","4,3","-4,27","114,3","9,5","25,75",0,"3311,985",62,0,"64,6","0,12",99,"11,2","25,72"
74,200033116,CC Cluses-Arve et Montagnes,,,27,,,"80,5591303604258",6,25,"13,9","25,9","18,54","9,86",7,"28,8","53,1","6,27","3,91","14,6","83,6","-0,5","21,4","1,7","2,1261215291066","39,7627924916431","2,3754427390791","2,8","0,61","3,4","80,5","30,8","41,2","2,68","78,8",1,"19,639123352584","0,786764181405379","43,440178515568","45,8","35,8",91,"8,2","48,37","5,25414469544084","2,13",2,"4,76609595729445","-8,1","6,5","-66,6666666666667","12,56",,"8,702","0,159","23,88",5,"34,9","12,1","15,2","42,2","49,5","18,69","3,3","-8,84","99,2","6,6",20,0,"2961,773",61,0,26,"0,361",64,"11,2","18,49"
74,200034098,CC des Montagnes du Giffre,,,26,,,"128,677501856283",2,"30,5","14,4","61,7","5,49","-0,66","4,6","25,6","35,2","15,33","17,25","15,2",85,"1,3","21,4","1,7","6,92155570204351","39,2276875139105","1,4048447204969","4,5","0,07","3,3","96,3","16,1","39,3","2,68","86,8",0,"44,2823683985033","0,442497676695113","69,1788526434196","82,5","19,3",98,"11,42","48,37","4,55363466312161","3,3",1,"6,75772049740591","2,9","23,5","-36,8421052631579","70,47","4,21","17,117","0,053","25,9",5,"33,7",9,"6,8","58,9",74,"34,69","3,3","-5,05","62,9","7,75","29,13",0,"1152,177",59,0,"38,1","0,206",91,"11,2","21,48"
74,200034882,CC Pays du Mont-Blanc,,,25,,,"123,260384021187",3,22,"14,5","52,5","10,17","7,94","3,4","21,7","46,7","7,23","4,67","16,4","79,4","-0,6","27,3",2,"3,0920496507541","46,4278130024573","1,89170475003462","4,3","0,08","3,78","85,6",29,"70,1","2,68","80,7",0,"29,102789137527","0,643987875383165","69,6405855846144","77,6",14,100,"8,46","48,37","4,38550422510089","1,33",2,"5,69229225658291","9,7","24,5","-13,0111524163569","38,31","0,05","21,195","0,064","20,41",6,"40,4","9,3","8,6","47,3","65,2","28,18","3,1","-3,53","94,4","5,4","9,2",0,"3429,206",60,0,"34,1","0,253",107,"11,2","19,91"
74,200066793,CA du Grand Annecy,,,54,,,"85,8363914591086",4,"29,5","10,3",8,"16,54","11,62","6,5","17,4","51,9","3,72","3,07","13,8","72,3",-4,"37,7","2,7","2,3620295466702","49,0125235817862","3,88091444756341","4,4","0,34","2,79","79,3","27,6","85,3","2,68","45,6",3,"35,7846145263863","1,43475158828965","47,3356126775835","64,5","10,9",93,"11,15","48,37","3,95971934656296","2,6",12,"3,18393219107824","-2,2","12,5","-5,34979423868313","18,52","7,48","28,447","0,262","18,85",7,40,"8,3","10,8","36,2","64,3","20,62","3,9","-4,98","104,7","8,65","12,79",0,"6871,9",,1,"31,3","0,63",86,"11,2","14,68"
74,200067551,CA Thonon Agglomération,,,26,,,"76,2376478402468",4,28,"10,8","9,3","14,56","18,8","8,5","19,3","54,4","4,75","3,1","13,2",73,"-3,1","28,2","2,2","2,96185426833767","49,4127330863963","1,81505063367898","2,3",0,"2,42",91,"25,1","49,1","2,68","36,8",1,"100,036202128551","2,03111407264956","38,361300823058","76,3","12,3",92,"12,14","48,37","4,85590828924162","2,11",3,"5,02077907435594","-4,6","15,6","9,12408759124088","21,37","7,78","32,154","1,01","17,69",5,"37,7","10,1","14,1","40,3","52,4","21,46","4,7","-6,78","62,1","5,44","12,2",0,"1569,476",64,0,"26,5","0,429",74,"11,2","12,19"
74,200070852,CC Usses et Rhône,,,44,,,"84,0560491493384",2,27,"13,6","9,1","6,61","5,71","8,2","25,6","31,2","22,55","20,85","14,7","86,5","-0,2","33,65","1,8","1,58323632130384","36,9204312454528","1,29090261705537","1,6",0,"1,4","72,2","18,7","22,2","2,68","44,8",3,"12,3875223858777","0,8521617103519","33,1436376052811","70,2","14,7",92,"12,76","48,37","4,72181522181522","2,33",1,"3,916123424598","-2,4","64,5","-30,0699300699301","90,7","4,55","40,163","0,965","16,38",6,"28,5","6,4","9,9","54,6","61,4","23,84","3,8","-7,18","38,8","13,77",25,0,"1302,071",64,0,"23,8","0,449",60,"11,2","12,09"
74,200071967,CC Pays d'Evian Vallée d'Abondance,,,28,,,"105,329802226711",3,23,"12,3","39,9","13,54","22,99",6,"18,7","50,5","8,4","12,73","15,2","75,5","-2,6","26,8","1,7","3,42027501803206","44,3511943189154","0,724387054593004","3,4","2,69","3,02","90,2","16,5","78,9","2,68","69,7",0,"99,9899620858972","0,972240155187444","44,4897959183674","71,7","12,9",92,"8,54","48,37","4,34075409653908","4,19",1,"3,54218419581439","6,7","22,8","-37,9591836734694","37,56","4,52","28,902","0,219","22,22",6,"34,4","8,1","11,7","46,7","53,7","25,31","3,8","-7,32",62,"13,45","18,23",0,"3979,819",64,0,"27,6","0,368",76,"11,2","14,77"
74,247400047,CC de la Vallée Verte,,,37,,,"75,8162279642598",2,17,"11,3","23,9","4,96","-0,57","7,6","19,8","36,8","17,71","26,21","15,1","87,4","-0,8","29,6","2,2","2,13675213675214","40,9688696520726","0,378858538751943","2,2","0,24","1,19","50,3","13,4","24,2","2,68","57,4",0,"5,47240506329114","0,885885867637945","32,781188462875","73,3","13,2",88,"20,78","48,37","4,40860584123814","1,19",0,"4,00399400898652","4,4",33,"39,7058823529412","70,93",6,"34,015","0,065","23,24",3,"29,9","6,3","6,9","54,4","50,1","26,71","3,6","-5,13","30,6","11,25",17,0,"330,129",62,0,"30,6","0,55",60,"11,2","11,4"
74,247400112,CC du Pays de Cruseilles,,,48,,,"81,767993782879",2,34,"7,4","5,9","9,3","42,38",6,"15,6","44,7","18,53","10,81",14,"86,5","-1,1","33,65","3,3","3,48675034867504","46,7884828349945","1,92228185251441","3,2","1,04","0,58","50,7","26,6","49,2","2,68",34,0,"12,7204383936981","1,31243665261093","29,5477613623548","52,5","17,7",79,"12,9","48,37","3,93751570351759","0,58",0,"3,76664572864322","0,8",51,"13,75","76,65","6,01","53,34","1,762","18,42",5,"29,3","5,3","8,9",53,"66,3","23,25","4,4","-6,76","44,6","6,08","15,77",0,"3891,959",63,0,"32,8","0,718",45,"11,2","10,24"
74,247400567,CC Fier et Usses,,,50,,,"65,4500470366886",3,19,"8,3","2,1","12,13","24,76","6,2","13,8","42,3","9,12","3,3","11,5","89,8","-2,4","37,7","2,1","1,78439576667487","45,4211493046444","1,43923189110355",3,0,"1,23",78,"20,7","48,5","2,68","26,9",0,"9,66291635825314","1,73607135997897","38,1986087790837","69,4","14,6",89,"10,07","48,37","3,57093510182999","0,62",0,"2,75464876033058","5,7",36,"95,1219512195122","54,19","3,45","51,299","0,633","14,42",5,"26,1","5,3","9,9","39,8","68,3","20,74","3,3","-4,98","43,1",5,"9,71",0,"1709,643",67,0,"30,9","0,582",60,"11,2","10,88"
74,247400583,CC Arve et Salève,,,34,,,"144,164750393082",3,"24,6666666666667","10,9","6,2","8,75","29,21","7,4","16,3","44,5","13,78","6,69","13,9","82,1","-3,3","29,6","2,2","0,195723442775358","47,4074578116494","1,05393061045235","2,1","3,74","1,96","55,4","24,1","41,2","2,68","31,1",0,"15,9906060606061","1,58187539345627","28,2896941266574","73,5",14,86,"19,71","48,37","4,18859925974809","0,49",0,"4,33204458726652","-2,8",38,"-32,5842696629214","52,46","13,44","55,745","0,38","16,96",5,"31,2","7,3","11,5","46,3","48,1","21,38","4,7","-6,55",37,"5,75","8,5",0,"1907,52",64,0,"23,4","0,388",64,"11,2","10,83"
74,247400617,CC des Vallées de Thônes,,,38,,,"112,241329402305",3,25,"17,1","58,8","5,76","4,14","3,1","22,8","39,3","19,74","14,43","15,7","83,1","0,7","37,7","1,7","11,2611410578001","39,2867822966507","2,99194126074499","4,4","2,62","3,2","72,5","19,3",61,"2,68","81,6",0,"23,3231369623232","0,451254656662987","66,3397005678885","66,3","12,9",95,"11,68","48,37","4,33304640199658","1,07",0,"6,71891512994716","-2,2","44,8","-31,3253012048193","70,27","4,06","28,172","0,024","23,65",5,"34,5","7,2","5,5","48,7","80,9","36,72",3,"-3,94","89,6",8,"25,67",0,"1377,388",62,0,"40,1","0,362",81,"11,2","20,29"
74,247400666,CC des Quatre Rivières,,,37,,,"93,2014402981316",3,"23,5","12,1","14,3","6,47","6,87","7,9","24,1","35,7","9,15","14,19","14,2","89,9",0,"25,5","2,1","0,648508430609598","43,1658675561115","0,306579520697168",3,"1,61","1,5",68,"22,4","43,7","2,68","57,2",0,"2,25252150697123","0,948036119889539","34,2125754331322","65,7",24,90,"9,11","48,37","4,36928122608747","1,5",0,"2,90399670374949","3,4","35,1",-40,"47,27","12,76","26,669","0,098","21,79",6,"28,8","5,9","10,1","42,9","61,8","22,95",4,"-7,24","42,4","7,18","9,09",0,"1865,875",66,0,"27,4","0,6",63,"11,2","11,11"
74,247400682,CC du Haut Chablais,,,30,,,"213,067826897677",3,"25,5","15,4",72,"6,31","7,65",3,"12,8",41,"22,45",35,"15,3","78,2","2,2","26,8","2,1","4,81965174129353","40,3466432645897","0,138542148250886","3,6","5,26","4,66","95,8","20,2","26,5","2,68","83,8",0,"100,081000518403","0,39007704359142","98,993288590604","84,8","25,7",92,"6,27","48,37","4,33629627149665","1,55",0,"5,22646668229045","23,3","38,6","-72,2222222222222","70,34","7,3","15,734","0,03","25,83",5,"33,3","12,4","6,2","64,7","68,3","40,73","3,7","-3,9",92,"18,27","23,2",0,"657,413",61,0,"34,4","0,268",90,"11,2","27,21"
74,247400690,CC du Genevois,,,35,,,"79,0352303523035",4,23,"8,8","8,1","13,25","11,92","9,1","15,3","50,5","4,45","8,52","13,1","71,5","-4,4","29,6","2,7","0,693523712391637","50,5447847397833","1,79574764726386",2,"0,07","1,84","46,2","23,6","44,4","2,68","27,3",0,"15,7604214991053","1,69369801281325","27,8419013589738","70,9",9,75,"8,59","48,37","4,43682109810066","0,82",1,"4,16594321045165",0,"23,8","27,8571428571429","37,53","4,65","47,971","1,223","12,72",5,"37,5","9,7","14,1","43,7","40,1","16,52","6,3","-8,67","43,5","4,12","9,59",0,"4398,499",66,0,"22,3","0,497",49,"11,2","10,83"
74,247400724,CC du Pays Rochois,,,31,,,"60,4114454520473",3,23,"8,2","3,2","11,9","9,74","9,2","15,3","52,4","9,76","3,46","13,2","83,5","-3,1","29,6","2,2","0,101595042161942","44,0339443949552","2,27561590145577","2,2","1,26","2,03","61,9","26,2","41,2","2,68","26,2",0,"2,19252077562327","1,62002841777877","33,5202903332234","63,2",24,81,"9,8","48,37","4,27964301000754","2,03",1,"3,95081324011985","4,3","26,2","-26,8518518518519","35,66","8,33","46,56","0,148","16,22",5,"33,7","7,6","11,6","36,9","49,2","21,57","4,1","-5,21","63,5",4,"14,44",0,"4722,204",66,1,34,"0,404",56,"11,2","11,47"
74,247400740,CC Rumilly Terre de Savoie,,,57,,,"42,4077094596659",4,"23,5","8,1","2,7","11,77","6,04","5,6","18,2","46,2","12,22","4,04","11,7","85,4","-0,1","37,7","1,8","1,98807157057654","39,5481239072937","1,60325055061897","2,4","0,29","1,81","93,2","20,2","48,1","2,68","27,2",1,"0,570417592700901","1,30441023447426","34,9471830985916","54,6","37,4",92,"6,76","48,37","4,35506976828582","0,6",1,"4,65819890765909","-7,6","40,2","-25,4355400696864","73,92","12,65","57,122","0,954","15,07",5,"30,3","7,1","11,4","40,1","60,7","17,59","2,7","-7,42","64,4","6,47","18,35",0,"1454,519",63,0,"30,8","0,488",61,"11,2","12,89"
74,247400773,CC des Sources du Lac d'Annecy,,,38,,,"102,399201466161",2,31,"15,4","14,3","13,85","10,34","7,5","21,5","31,4","4,65","5,15","16,2","81,2","-3,7","37,7","1,5","2,15151910288173","39,533125413477","4,33876669285153","3,4",0,"1,96","68,5","18,5","49,8","2,68","75,1",0,"77,0852738602821","0,513536299830944","45,2609497171191","65,8","9,2",111,"10,06","48,37","5,11447224629762","2,61",0,"4,30288841994197","-9,1","24,2",0,"34,16","18,26","14,617","0,125","22,53",4,"35,1","9,2","12,8","48,1","63,8","26,86","2,8","-4,71","80,1","5,43","21,57",0,"1771,025",61,0,"27,5","0,359",116,"11,2","15,24"
75,200054781,Métropole du Grand Paris,,,7,,,"57,1341556442811",,20,"7,6",,"27,85","4,13",,"25,2","45,3","0,57","0,02","6,3",,,"19,25","3,5","0,795859674606806","53,1213487710429",,"3,2",0,"1,77",89,"16,4","86,2","5,67",,20,"1,7426092505553","0,880511245250924","43,5649513172411",,"10,3",79,"8,49","29,35","4,92642693638341","1,22",76,"2,29397639347006",,0,"-34,8354792560801","0,04","41,56","2,168","22,984","5,78",7,,,,,"60,2","28,22","5,1","-4,9",,"0,32","2,83","0,001","1527,575",,,,"2,256",,"8,9","14,95"
75,75056,Paris,,,,,,,14,11,,"9,8","21,56","5,02","9,8",,,,,,9,"-2,6","16,8",,,,,,0,0,,,,,0,0,,"0,000221945153312",,"63,4",,,"10,95",,,"0,75",51,,,,,,,"0,01","13160,452",,4,"53,1",16,10,"42,3",,"46,87",,"-3,61","177,8",0,"1,15",,,,0,"14,4","0,21",95,,"16,8"
76,200010700,CA Caux Seine Agglo,,,10,,,"160,52762827413",2,32,"16,6","1,6","18,92","0,84","6,4","28,1",47,"9,39","4,24","14,8","87,7","1,5","31,7","1,2","2,8344962035707","32,1867321867322","1,58931781045752","2,6","1,16","1,92","150,5","14,3","29,9",4,"24,5",21,"47,944380733945","1,19913212820713","28,9431222267043","55,8","26,9",105,"7,55","49,34","5,33548816584325","2,57",3,"5,6012606228658","-2,3","47,5","-11,7307692307692","64,3","2,78","55,999","2,448","9,88",5,"30,4","12,2","17,7","47,1","65,5","17,03","2,8","-9,71","81,5","7,86","12,74","1,667","2593,788",61,16,"18,2","0,726",76,"13,7","16,35"
76,200023414,Métropole Rouen Normandie,,,7,,,"54,50145507567",3,31,"16,2","1,8","32,56","1,83","7,7",22,"54,2","1,92","1,72","15,1",67,-3,"27,9","2,3","2,04712174682397","49,0316898403389","2,95340372089063","4,1","1,15","2,94","122,6","24,6","64,2",4,"33,9",19,"30,9560740629234","1,51158461356267","33,0323409251183","68,7","15,3",98,"10,95","49,34","5,75279182694023","1,5",26,"3,51270776108313","-6,9","5,5","10,1063829787234","11,07","5,02","23,684","3,397","11,19",5,"44,4","18,2","15,3","38,6","63,5","25,64","3,5","-4,34",118,"3,62","10,89","0,14","3991,872",,26,"19,5","1,009",80,"13,7","18,42"
76,200068534,CC Terroir de Caux,,,0,,,"86,3570012948234",1,34,"15,5","7,2","8,38","-1,71","6,2","31,1",31,"14,09","16,85","13,3",88,"2,1","30,05","1,1","3,99862299075815","29,6522705620832","1,40767141887305","3,3","0,03","2,12","108,7","18,4","26,7",4,"8,7",0,"0,199384565221821","1,26386149447397","33,6906584992343","56,1",23,106,"9,28","49,34","4,59181357542489","1,85",0,"5,18742742531405","0,4","63,6","-19,0476190476191","93,48","2,89","76,373","3,909","9,08",4,27,"9,2","13,9","54,2","67,5","21,69","2,5","-6,27","53,5","15,24","22,97","1,059","1003,712",60,0,"19,4","1,048",81,"13,7","13,34"
76,200069722,CC Interrégionale Aumale - Blangy-sur-Bresle,,,14,,,"105,549307674255",1,"33,7142857142857","22,1","5,3","9,08","-7,03","9,4","32,9","39,4",24,"22,46","18,5","85,6","2,9","31,825","0,7","3,4833364714743","23,6373986053793","0,0722460658082975","2,8","0,7","2,35","111,2","21,1","23,9",4,21,1,"2,5797611889013","0,439631256486562","36,165779115536","38,1","22,9",113,"8,58","49,34","6,25740845257462","1,88",0,"7,12716709272601",-1,"66,6","-0,208768267223382","95,77","1,46","59,139","2,297","8,77",5,"32,2","14,9","16,8","59,8","51,6","29,14","2,7","-7,96","101,2","8,91","35,41",0,"227,831",57,1,"15,3","0,396",108,"13,7",18
76,200069730,CC des Quatre Rivières en Bray,,,1,,,"128,634072790295",2,"33,2","23,2","6,7","13,15","-3,04","9,6","28,6","40,6","20,23","19,05","18,3","82,8","0,7","33,9",1,"0,803297010338083","28,2725971595288","2,10639768728004","2,9","2,12","2,79","99,4","17,7","28,1",4,"17,2",0,"6,33939661371511","0,77241274754936","39,093387866394","59,1","25,5",121,"10,34","49,34","6,47878391798347","1,05",2,"6,05421522524365","-3,8","54,6","-24,64","93,55","8,73","63,631","1,516","10,42",5,"35,6","14,6","18,1","52,2","58,1","23,89","2,7","-5,72","83,3","9,52","35,98","0,699","1435,924",59,0,"14,5","0,399",116,"13,7","14,93"
76,200069821,CA Fécamp Caux Littoral Agglomération,,,0,,,"241,191506577574",2,"33,6666666666667",20,"10,5","17,73","2,25","7,4",30,"46,9","5,04","1,62","14,4","81,4","0,7","32,2","1,2","3,03967297311462","35,1043561098121","2,14867064568638","2,2",0,"2,88","191,9","21,7","52,9",4,"11,4",0,"2,32396052883694","1,0880349667489","35,2753638093279","74,4","14,8",117,"8,71","49,34","5,92328419043674","1,31",4,"3,52674502899751","-8,4","33,3","-3,64372469635628","50,55","2,1","62,394","3,498","9,55",5,"36,8","13,8","20,1","46,7","61,2","23,92","2,8","-6,37",85,"9,3","9,3","0,786","746,902",60,0,"18,3","1,024",106,"13,7","15,34"
76,200069839,CC de la Côte d'Albâtre,,,0,,,"97,8208836503001",1,"35,1428571428572","20,3","24,3","15,58","0,37","7,1","29,5","34,3","14,44","10,06","15,2","85,7","2,8","32,0333333333333","1,7","1,7078488372093","31,490814501707","2,1332764990054","2,6",0,"2,54",109,"15,9","22,3",4,"5,4",0,"0,888567330840547","1,03892780088697","36,9356558833985","51,8","14,2",117,"10,88","49,34","5,20564659138221","1,09",0,"5,57381355017451","3,2","56,4","-10,5150214592275","94,02","1,12","82,1","4,223","9,18",5,"31,8","12,3","16,3","59,8","51,5","27,47","2,9","-9,42","95,1","12,73","24,6",0,"1501,244",56,0,"19,7","0,969",100,"13,7","14,79"
76,200069847,CC Plateau de Caux,,,8,,,"107,112960872837",1,"36,6","15,6","4,8","9,42","3,81","5,3","26,7","33,4","11,83","9,22","13,7","88,5","3,5","30,6","1,3","0,516092709017547","28,030734206033","0,518635170603675",3,"0,13","1,88","88,6",15,"24,7",4,"4,4",0,0,"1,19902843967942","31,0045282321412","62,5","14,5",102,"20,45","49,34","4,91581863448679","0,94",1,"4,94143136041141",-1,66,"-24,7838616714697","92,73","0,94","76,128","4,234","9,01",5,"26,4","9,3","15,8","54,5","77,5","20,22","2,6","-7,35","46,8","13,55","33,75",0,"637,649",61,1,"19,9","1,028",70,"13,7","14,21"
76,200070068,CC Bray-Eawy,,,0,,,"85,7549377028164",2,"32,6666666666667","21,1","4,4","11,01","-0,17","7,8","30,3","31,3","24,26","15,45","16,9",85,"0,8","28,4333333333333","0,9","1,48701872839804","26,8861873052722","3,28237476808905","4,2",0,"1,61","88,5","23,3","31,3",4,"19,4",0,"1,63487821794296","0,55351977213543","39,0050216045778","67,3","15,1",113,"9,06","49,34","5,46048786450545","2,41",3,"5,73538424802006",1,62,"8,71559633027523","91,91","1,75","66,853","2,643","9,72",4,"31,2",13,"15,4","56,2","74,2","23,95","2,6","-5,84","71,1","11,85","39,33","1,608","1185,722",60,0,"18,1","0,436",92,"13,7","14,61"
76,200070449,CC Inter-Caux-Vexin,,,4,,,"126,712223636788",1,32,"10,8","1,5","5,05","5,42","4,9","25,6","37,7","8,15","7,18","10,4","89,3",1,"27,9","1,8","2,1269750482591","38,4740005226026","0,077717879604672","3,8","0,09","1,97","98,4","21,2","32,7",4,"14,5",0,"0,110274173447694","1,4035659900709","32,0667382389694","64,7","8,9",108,16,"49,34","3,30136448268072","0,36",0,"4,44765782633196",-2,"60,1","-15,1969981238274","90,63","2,85","72,785","3,451","8,73",5,23,"5,8","10,5","47,1","77,7","20,84","2,6","-2,89","46,3","11,77","20,56","0,536","4531,583",63,1,23,"0,683",81,"13,7","10,61"
76,200084952,CU Le Havre Seine Métropole,,,0,,,"39,3988613844632",3,32,"16,1","2,8","30,37","-0,47","8,8","22,1","56,1","1,87","0,46",15,"72,5",-2,"32,2","1,7","2,09793615530722","41,767395472647","2,60127766927083","3,1","0,01","2,58","176,2","25,6",67,4,7,30,"14,8872860015226","1,63894969965275","31,1456434189943","59,4","25,1",107,"9,74","49,34","6,10576582287561","2,66",7,"2,99566671254124","-3,1","11,5","-30,4878048780488","27,73","3,13","49,597","2,905","10,12",5,"41,2","16,9","19,2","40,6","59,9","21,86","3,3","-4,77","114,7","8,13","11,06","0,262","841,694",62,27,"19,4","0,87",86,"13,7","16,68"
76,247600505,CC Campagne-de-Caux,,,0,,,"86,6009848938577",2,"35,75",12,"4,5","2,85","-6,67","4,9","29,9",36,"14,71","4,56","10,4","89,1",2,"32,2","1,4","3,19552626323148","33,1597222222222",0,"2,4",0,2,"158,7","18,1","49,1",4,"2,5",0,0,"0,928963052865416","30,4838075258949","64,4","11,8",100,"11,94","49,34","4,22536978529208","1,33",0,"5,76522547652255","4,5","76,4","-29,2237442922374","75,27","1,88","91,773","3,925","8,54",4,"22,6","6,8","12,8","44,9","80,9","18,24","2,5","-6,92","36,3","11,45","14,14","2,663","885,669",61,0,"21,8","1,007",68,"13,7","11,71"
76,247600588,CC des Villes Soeurs,,,14,,,"93,9173018399084",2,"32,3333333333333","23,9","25,4","11,81","3,08","7,7","30,4","52,9","7,04","4,71","17,8","85,1","1,5","25,2","0,9","3,11692687858025","35,0914820975225","2,30390097524381","3,1","0,03","3,65","162,7","12,6","24,8",4,14,2,"5,08524101991439","0,995941491481266","39,1360430331806","53,4","20,2",128,"5,06","49,34","6,37663294836773","8,42",4,"4,09628647932275","2,2",33,"-25,6","52,19","1,98","62,047","2,368","10,47",6,"37,4","14,9","20,7","54,2","67,6","33,56","2,7","-7,63","102,5","5,57","8,21",0,"191,838",57,1,"18,2","0,745",154,"13,7","16,82"
76,247600604,CC de Londinières,,,2,,,"57,356124807396",3,"30,6666666666667","21,3",11,"5,67","6,67","8,6","35,8","26,6","35,64","41,37",18,"89,9","4,9","28,7","0,7","1,15562403697997","21,5169002473207","2,14160463192721","2,8","6,77","1,93","76,6","13,9","10,7",4,12,1,"1,79263238679969","0,277104808793998","33,2005312084993","54,6","19,9",111,"14,15","49,34","5,96542813622022","1,93",0,"7,06226199543031",1,"75,2","-31,7535545023697","92,8","2,49","82,82","2,195","9,52",4,28,"15,1",14,"61,3","58,2","28,51","2,6","-8,1",51,"14,75","26,81",0,"123,316",58,0,"15,3","0,344",98,"13,7","16,96"
76,247600620,CC Yvetot Normandie,,,15,,,0,1,34,"15,2","1,3","18,52","-0,05","6,5","25,5","46,7","8,46","0,78","13,7","80,7","0,6","29,8","1,4","2,31516623652649","36,7635048419088","1,61165899627438","3,9","0,08","2,66","110,2","15,1","37,9",4,"7,9",1,"29,4308501211083","1,71765721618902","36,5350618738951","75,3","11,5",109,"9,5","49,34","4,56560373827732","0,76",1,"4,56303475429696","-5,5",41,"-21,8085106382979","60,81","0,08","72,129","9,225","8,55",4,"34,3","10,8","13,1",45,"83,6","21,37","2,8","-6,09","96,9","6,21","25,37","0,759","1985,857",63,0,"20,4","0,972",94,"13,7","14,58"
76,247600646,CC Caux - Austreberthe,,,20,,,"69,3083522885989",1,34,17,"0,7","31,35","-0,32","4,5","23,4","53,3","3,67","1,64","15,6","86,8","1,5","27,9","1,6","2,22779170147591","37,81783070486","1,75050417747047","3,4","0,23","3,18","116,4","18,5","22,8",4,12,0,"0,059765448804691","2,92992483458449","35,2052005012531","72,4","16,1",108,"7,07","49,34","5,49590029052612","2,39",1,"4,90383698760725","-4,6","25,2","-14,0845070422535","47,86","2,57","60,603","7,6","9,08",4,"32,4","12,1","16,6","37,2","78,8","17,62","2,7","-6,37","81,8",4,23,"0,796","3776,629",63,0,"20,9","0,886",83,"13,7","14,53"
76,247600729,CC Falaises du Talou,,,2,,,"63,6354973955025",1,31,"14,6","7,2","7,66","-1,83","6,6","30,5","33,8","15,53","21,64","13,6","87,9","-1,3","28,7","0,9","3,31168004075914","29,7383775644645","1,66368686868687","1,8","0,32","1,7","94,8","12,8","15,6",4,"13,1",0,"3,95526498986047","0,682573123479634","28,8274088514663","49,7","16,8",108,"7,96","49,34","5,03423394787031","0,42",0,"5,94028395846578","-2,7",68,"-32,4483775811209","91,77","2,69","67,16","2,391","10,5",5,"26,1","10,2","14,5","58,1","57,2","19,62","2,5","-7,3","54,9","15,13","16,21",0,"522,626",58,0,"18,9","0,437",84,"13,7","14,36"
76,247600786,CA de la Région Dieppoise,,,0,,,"104,813549004261",2,"33,5","21,6","10,7","29,7","0,94","10,1","22,9","58,4","3,31","3,55","14,2","75,9","1,4","32,2","1,6","3,05003352873737","40,5734347571679","1,88132935026139","3,3",0,"4,11","145,9","18,2",45,4,"14,3",2,"4,5068356374808","1,72351622944555","42,2407235229482","67,9",17,129,"9,05","49,34","6,72221389313071","4,76",3,"5,66659453845155","-8,9","12,4","14,4","38,27","3,55","50,283","3,214","10,09",6,"44,2",19,"21,2","47,9","64,1","23,79","3,3","-6,35","147,4",5,"7,69","0,865","1237,004",58,0,"19,2","1,242",145,"13,7","17,75"
77,200023125,CC Les Portes Briardes Entre Villes et Forêts,,,28,,,"6,98948743062357",7,"17,5","9,6","2,3","17,33","15,13","5,5","19,1","48,2","1,44","0,12","10,8","66,7","2,4","26,6",2,"2,33558962825198","45,1328082066313","1,70214962921243","2,2",0,"2,81","112,4","11,5","55,9","2,04","32,7",0,0,"1,21901237672023","39,592735984257","65,1",22,95,"11,83","34,58","4,31749585742683","1,08",0,"5,64011883177876","-14,4","6,2","12,5","9,17",,"24,633",4,"7,37",5,"27,4","8,9","12,7","36,3",61,"14,08","3,2","-4,87","61,1",1,"7,8",0,"3680,563",75,1,"22,2","0,855",65,"7,6","10,94"
77,200023240,CC Pays de Nemours,,,5,,,"92,0941853422169",4,"38,25","16,9","5,6","20,75","2,5",9,"27,5","48,6","5,41","2,65","14,1","69,9","-1,3","43,6","1,5","3,96318935984416","34,3406281891371","2,1887908777969",2,0,"3,36","94,8","19,7","33,5","2,04","31,2",1,"99,9958437611727","0,433956845170237","37,301823718267","67,8","18,9",109,"9,65","34,58","6,44270105419879","1,01",0,"4,70062195326946","-10,7","29,8","-31,8518518518519","33,79","4,65","47,789","2,868","5,45",6,"35,7","14,7","18,4",43,"50,8","38,09","3,1","-5,83","88,9","6,52","9,9",0,"2008,076",66,2,"18,8","0,442",88,"7,6","13,06"
77,200023919,CC Gâtinais Val de Loing,,,18,,,"94,5113994137444",3,"33,6666666666667","18,7","6,6","9,21","0,71","13,4","30,7","43,4","14,08","14,85","15,5","75,5","0,8","43,6","1,2","5,15407986111111","27,1647574123989","0,823310857300124","1,1","0,48","2,71","94,5","11,9","23,7","2,04",15,0,"18,0785422464326","0,321865797388794","35,1691749386274","63,9","20,4",113,"9,05","34,58","6,53814384194334","0,54",0,"5,52257788703041","6,8","45,2","-13,6563876651982","42,21","8,38","78,702","2,428","5,32",5,"32,3","13,2","18,4","45,4","48,9","41,5","2,8","-4,18","50,2","13,9","15,15",0,"1722,169",61,1,"16,6","0,337",97,"7,6","13,23"
77,200033090,CC Plaines et Monts de France,,,0,,,"1570,12783101897",3,"25,1666666666667","6,9","1,2","2,96","157,14","5,1","21,2","40,5","5,17","3,59","10,1","82,3","-0,3",35,"1,7","2,64983243706648","39,7604494659505","1,24476489028213","2,3",0,"1,56","92,7","13,9","41,2","2,04","11,7",0,"3,89169774830778","1,33792290920233","30,0618238021638","61,3","23,4",83,"5,97","34,58","3,5829005113339",,0,"3,87313282602569","-3,3","56,9","-31,3559322033898","32,95",,"69,961","3,86","5,93",4,"20,7",5,"11,6","48,9","52,6","23,34","2,5","-4,14","30,4","7,6","13,35",0,"2067,233",69,0,"22,7","1,166",39,"7,6","9,21"
77,200037133,CC du Provinois,,,7,,,"387,410730858469",5,"32,6","16,8",5,"16,25","-1,24","9,7","29,6","42,1","12,78","13,93","13,2","72,1",3,"47,2","1,5","4,48953413795114","32,2526022212262","0,398472001413178","1,8","3,59","2,92","106,3","10,2","36,9","2,04","13,8",2,"2,78951384693651","0,349888204407593","37,3638806392307","75,1","11,7",108,"8,28","34,58","6,32981692503471","1,75",0,"5,15872281351226","0,2","45,7","-17,632241813602","39,42","2,49","77,257","3,446","5,66",6,"32,9","15,2",18,"46,6","54,3","23,44","3,1","-6,96","81,1","10,87","12,26",0,"2790,836",65,0,"17,8","0,336",76,"7,6","13,61"
77,200040251,CC Bassée-Montois,,,1,,,"121,309240424151",2,"30,4","17,9",11,"4,06","-1,02","8,8","35,2","39,7","14,24","19,84","14,7","76,7","0,9","47,2","1,2","3,75566587524282","29,4562317367552","0,0046808510638297","1,2",0,"1,3","88,2","11,4","15,6","2,04","25,2",0,"51,4407888521493","0,208478800459874","33,5770146208773","69,4","17,2",106,"17,26","34,58","5,74782536683516","6,04",0,"4,43339917554105","1,4","72,3","-27,8008298755187","46,87","9,89","57,657","3,682","7,04",6,"29,8","8,6","17,4","53,2","55,9","20,55","2,6","-5,8","44,4","15,17","16,9",0,"1106,341",65,0,"13,8","0,5",84,"7,6","12,11"
77,200057958,CA Paris - Vallée de la Marne,,,12,,,"3,7024564807047",11,11,"7,5","1,3","28,16","8,03","4,4","18,8","55,5","0,12",0,"9,7","49,3","-0,6","26,6","1,9","1,40193346406578","44,4355180450597","3,97779513888889","2,3",0,"2,54","101,8","14,8","62,8","2,04","27,9",1,"1,35931005818786","2,72481442131896","35,0899698960044","66,7","10,9",90,"5,49","34,58","4,48386169675962","0,39",0,"3,17664377701235","48,4",0,10,"0,57","2,25","5,77","1,826","7,93",5,"32,6","14,8","13,8","36,1","52,1","23,49","3,3","-5,13",79,"0,92","6,75",0,"3831,974",,2,"18,1","2,125",53,"7,6","13,44"
77,200070779,CC Brie des Rivières et Châteaux,,,3,,,"26,339453426671",3,"28,1428571428571","10,1","4,1","3,85","4,9","6,7","27,3","43,2","5,35","4,1",12,"81,1","0,1","34,3","1,9","1,97233796010947","39,5731729676213","1,69862954289184","1,6","0,03","1,48",99,"12,7","28,8","2,04","28,5",0,"7,739128060932","0,821290443056702","34,2347175148131","63,6","22,8",90,"6,06","34,58","4,04490499612451","0,25",1,"3,94883626590944","1,7","51,9","-35,1351351351351","37,23","2,93","59,711","3,027","6,14",5,"24,9","5,1",13,48,"56,1","19,11","2,6","-4,43","38,8","8,45","13,29",0,"2825,34",66,1,"23,8","0,631",56,"7,6","9,15"
77,200072130,CA du Pays de Meaux,,,5,,,"60,2316579958454",10,"29,5","11,3","1,2","25,19","-2,31","6,5","20,3","34,7","1,81","0,08","11,1","59,3","0,1",35,"1,9","1,89051306172661","40,4316882930161","1,95322733744661","2,3",0,"2,44","104,4","15,8","71,7","2,04",17,1,"2,37484873871358","1,61547717135666","36,03902509012",74,"16,7",89,"11,76","34,58","5,17651383473482","0,36",3,"3,50465542349791","-2,7","13,1","32,3232323232323","25,28","0,29","53,435","3,692",6,5,"32,4","15,3","18,7",39,"49,7","24,32","3,2","-3,02","73,5","6,54","7,85",0,"3680,034",,3,17,"1,426",48,"7,6","13,28"
77,200072346,CA du Pays de Fontainebleau,,,5,,,"65,5416841344416",4,"38,5","13,3","6,6","9,57","1,94","8,3","25,4","55,4","2,21","1,06","11,1","61,5","-2,2","43,6","2,3","3,13561158875804","45,3936467357856","1,45112291491939","2,4","0,03","3,47","109,2","19,8","58,5","2,04","59,4",0,"100,000502294573","0,410082998980941","40,2910772962529","72,4","9,8",106,"13,65","34,58","4,20602806692497","0,43",0,"3,44709284493713","16,3","21,5","-20,2380952380952","31,26","8,85","29,173","3,1","5,92",5,"37,9","8,7","12,5","45,4","59,1","47,11","3,7","-4,63","77,1","7,35","12,42",0,"2538,465",69,1,"27,1","0,372",106,"7,6","11,92"
77,200072544,CC des Deux Morin,,,29,,,"54,7601915752159",3,"32,25","15,9","6,2","7,85","5,24","9,6","30,2","42,5","15,74","13,69","14,7","79,1","1,5",40,"1,3","4,68437157644214","29,09200968523","0,499202551834131","1,3","1,27","1,89","110,3","9,5","23,2","2,04","12,9",0,"9,16268498409011","0,391663396367052","34,3257965823446","63,1","24,7",104,"4,45","34,58","5,87093239027539","1,89",0,"6,20199548192771","0,3","70,8","-18,2410423452769","54,8","8,4","74,206","3,073","6,89",4,"28,7","11,4","17,4","46,2","52,1","21,19","2,8","-5,4","45,4","9,16","19,16",0,"2012,163",65,0,"15,1","0,749",75,"7,6","12,76"
77,200072874,CC Val Briard,,,7,,,"15,4634859829358",3,"30,4","9,2","2,4","4,71","-4,06","5,9",28,41,"9,11","4,3","12,3","76,7",0,"26,6","1,7","3,28081747035303","36,9822186300263","0,615481912471541","1,9","0,01","1,03","101,1","9,1",27,"2,04","30,1",1,"0,0281795362180253","0,614950493249146","35,7662012778473","55,6",25,90,"13,31","34,58","4,6255247616337","0,34",0,"6,22345951330582","-1,7",66,"-10,4166666666667","41,77","5,97","55,957","3,408","6,84",4,"24,5","5,5","12,5","44,1","59,6","19,34","2,5","-4,5","53,5","9,43","14,05",0,"4258,815",70,3,"20,7","0,33",54,"7,6","9,34"
77,200090504,CA Coulommiers Pays de Brie,,,21,,,"75,0917515630455",4,"30,3333333333333",15,"3,6","9,01","2,63","8,5","28,1","40,8","6,32","2,05","13,4",72,1,"37,5","1,7","3,72229192806357","37,2128504308327","0,390579528590977",2,"0,06","2,2",106,"11,4","40,6","2,04","22,7",1,"0,811878642440864","0,860067409247257","35,1555651806247","77,6","12,9",96,"10,39","34,58","4,92217859468511","0,52",2,"5,57498372042544","-4,1",34,"-12,4260355029586","37,95","10,89","59,691","3,073","7,24",4,"29,9",10,"16,2","37,2","58,2","26,18","2,9","-5,33","49,1","6,89","13,76",0,"2994,153",71,0,"18,7","1,173",65,"7,6","10,73"
77,247700032,CC Moret Seine et Loing,,,12,,,"344,055423533921",3,"29,5","13,6","5,1","11,25","7,45","8,2","29,6","52,3","5,44","2,06",13,66,"-1,7","43,6","1,5","2,95563992152266","38,7402475389077","1,30347265543772","2,3",0,"2,04","111,1","18,2","35,9","2,04","31,4",1,"89,6817147856518","0,576736235633856","31,2344201814737","67,5","7,5",102,"13,68","34,58","4,40634454431023","4,08",0,"3,44378317102077","1,1","26,3","-49,2424242424242","35,4","17,02","44,558","2,474","6,49",5,"31,3","8,5","15,5","43,3","61,7","37,05","2,9","-1,91","45,4","8,78","10,89",0,"1596,62",72,1,"21,4","0,536",88,"7,6","12,04"
77,247700057,CA Melun Val de Seine,,,4,,,"148,362500366236",10,"22,75","11,5","1,7","31,63","5,35",7,"19,9","45,4","1,74","0,2","11,5","59,9","-1,7","34,3","1,7","1,99838978664673","39,5616484725396","3,19161607623146","1,6","0,16","2,37","122,2","13,3","65,3","2,04","25,5",0,"39,4950064850843","2,27780730084816","35,5585015395142","76,8","9,3",94,"9,3","34,58","5,42963366714106","0,65",7,"3,7613079804091","-11,9","2,7","12,0689655172414","10,87","8,93","40,689","3,255","5,58",6,"36,2",18,"18,2","34,2","48,8","20,47","3,5","-7,07","89,3","3,7","7,1",0,"3927,971",,1,"20,4","1,084",54,"7,6","15,13"
77,247700065,CC du Pays de l'Ourcq,,,0,,,"52,8598141628672",5,"27,3333333333333","13,3","3,4","9,53","-0,63","7,8","33,3","40,3","18,25",16,"13,3","75,4","1,8",35,"1,3","4,66455513964872","30,2391135303266",0,1,0,"1,73",87,"11,1","33,1","2,04","21,6",1,"5,66492280209264","0,311968320998503","32,0027140110822","66,9","19,5",96,"7,79","34,58","5,83362175676336","1,15",0,"6,91717022004332","3,2","79,9","3,44827586206897","42,95","0,73","67,706","3,717","6,12",5,"26,9","12,3","15,4","43,6","52,7","31,04","2,9","-5,91","38,8","14,14",17,0,"2788,646",69,1,"16,1","0,81",51,"7,6","12,44"
77,247700107,CC Pays de Montereau,,,12,,,"131,908170021186",8,24,"14,4","3,2","25,76","-1,22",7,"25,3","40,5","4,23","1,36","13,1","69,3","2,2","43,6","1,1","2,92780303870467","29,8594280174503","1,14356156663849","1,8",0,"2,44","125,4","12,7","25,6","2,04","23,2",1,"35,8399428236329","1,3560581193998","34,276708910631","70,7","17,3",109,"6,02","34,58","6,43528588853783","1,55",1,"3,33976203079331","-3,1","28,4","-48,4536082474227","31,65","1,18","53,004","2,975","6,37",7,"29,6",22,"18,1",48,"36,8","21,07","3,2","-9,93","86,2","8,76","8,76",0,"3010,703",66,5,"14,5","0,463",64,"7,6","15,02"
77,247700339,CA Val d'Europe Agglomération,,,14,,,"6,55133394837422",7,"21,3333333333333","3,8","10,8","12,36","29,86","8,2","18,1","47,5","1,4","0,01",11,"59,4","1,2","30,8","3,2","1,92171349677227","51,2261761961882","2,84986595174263",2,0,"2,05","103,2","17,2","57,7","2,04","28,5",0,0,"9,29856374173735","43,6675583433263","80,9","4,9",76,"5,19","34,58","3,7308259897372","0,19",0,"2,88403150101141","-3,9","16,5","66,6666666666667","7,17","12,05","15,737","2,398","6,49",4,"30,4","8,2","9,6","39,2","75,7","24,27","3,1","-5,45","129,6","2,5","8,1",0,"8349,599",76,1,"22,7","2,129",37,"7,6","9,88"
77,247700594,CA Marne et Gondoire,,,4,,,0,9,22,"5,6","3,4","18,37","17,49","5,8","15,9","54,4","0,5","0,01","9,9","54,7","-2,9","26,6",3,"2,14420700683239","51,2863454391757","2,2688152208285","2,5",0,"2,45","115,4","14,6",74,"2,04","30,9",1,"6,4560756501182","5,2503417019712","37,3324939293102","58,3","14,2",79,"4,41","34,58","3,85940275095395","0,18",0,"3,47542089434779",6,"3,6","-29,0909090909091","5,16","6,25","20,987","2,422","7,3",4,"33,5","10,2","12,6","39,3","56,4","25,43","3,3","-5,18","77,4","2,5","6,45",0,"4639,626",,0,"21,2","2,448",49,"7,6","11,22"
77,247700644,CC l'Orée de la Brie,,,32,,,0,7,20,"6,7","1,1","16,93","11,97","5,2","14,1","48,4","1,05",0,"12,2","76,6","1,6","26,6",3,"2,11592493669569","49,1457008570639","4,48","2,1",0,"2,77","102,5","16,1","48,5","2,04","13,1",0,0,"2,3397937349953","46,8498682454399","64,5","17,8",86,"3,57","34,58","4,39424200614694","0,35",0,"4,24379256910159","16,6","13,4","-3,03030303030303","23,18","3,26","47,924","3,881","6,76",4,"33,4","9,1","13,4","40,4","59,7","16,34","3,1","-5,77","90,7","2,5","8,75",0,"5346,497",63,1,23,"1,32",57,"7,6","10,69"
77,247700701,CC Brie Nangissienne,,,4,,,"33,5887274016306",6,"30,5","11,8","2,4","17,98","2,67","6,7","27,1","49,3","8,61","4,42","13,2","69,3","-0,1","34,3","1,4","3,0356512530886","31,4505931233817","0,403147699757869","1,3",0,"2,12","108,6","8,5","13,8","2,04",18,5,"7,41421668708316","0,637412934300157","31,2161359107911","55,3","29,5",96,"11,07","34,58","5,78204703331484","0,35",0,"5,18774277082434","-3,6","60,4","20,3389830508475","36,75","1,96","65,466","3,27","6,37",5,"26,9","12,1","15,3","48,9","61,3","18,14","2,8","-5,84","53,3","7,55","20,45",0,"3722,865",67,3,"18,5","0,37",53,"7,6","12,28"
78,200033173,CC de la Haute Vallée de Chevreuse,,,28,,,0,3,"26,5","8,2","3,8","9,35","18,25","6,7","25,7","61,4","2,17","0,86","7,6","71,1","-0,8","22,8","3,6","3,29038652130823","52,2288673777668","2,55388235294118","2,3",0,"2,38","64,8","17,2","48,1","2,14","45,1",0,"100,032033918266","0,570963669881007","29,2684812867306",71,17,109,"18,35","44,54","3,70191041777798","0,4",0,"4,50417097004846","-7,7","12,3","4,16666666666667","26,79","22,75","30,302","2,892","7,78",6,"30,1",5,"7,8","47,1","66,3","34,01","3,3","-5,75","53,3",4,12,0,"2474,869",71,0,"34,1","1,165",98,"6,7","9,94"
78,200034130,CC Gally Mauldre,,,10,,,"144,257029011461",2,35,"9,3","2,6","4,18","30,47","6,5","25,2","55,9","2,42","0,21",7,"74,4","-1,6","25,5","4,5","2,92955745927471","55,2882403207783","2,07172995780591","1,8",0,"3,11","71,4","18,9",42,"2,14","23,7",0,0,"0,835831447887135","34,3837084673098","67,3","9,2",114,"15,94","44,54","3,93454491150155",,0,"2,81419870920825","-4,9","24,7","-29,6296296296296","33,52","6,56","51,492","3,766","6,35",4,"22,6",5,9,"44,5","62,3","22,55","3,9","-6,22","47,3","4,09","10,09",0,"1329,475",67,0,"38,7","0,947",80,"6,7","9,12"
78,200058519,CA Saint Germain Boucles de Seine,,,11,,,"124,580155869778",8,11,"8,1","2,1","20,91","12,19","6,5","22,1","64,3","0,82","0,13","7,5","37,8","-5,3","25,5","2,8","1,42586525426954","52,6611500869461","3,24775318578136","1,8","0,13","2,58","54,4","15,1",53,"2,14","34,7",2,0,"0,834365648361955","32,0714476907004","67,6","10,4",92,8,"44,54","3,91768987371457","0,35",2,"2,83769392859488","-24,7","0,3","-45,3551912568306","0,31","26,91","4,572","12,333","6,11",5,"35,4","9,5",10,"39,1","67,3","15,3","4,4","-5,58",60,"0,89","3,84",0,"1558,443",,2,28,"1,719",65,"6,7","10,64"
78,200058782,CA de Saint Quentin en Yvelines,,,28,,,0,8,11,"6,4","1,7","32,3","3,63","4,7","17,1",58,"0,52",0,9,"60,2","-1,1","22,8","3,5","1,58396513564307","55,2734147383687","5,90360235003092","2,5",0,"2,65","74,4","20,8","64,5","2,14","20,6",0,"17,3296135909394","1,73241343773704","32,3962845154304","53,8","19,2",91,"4,33","44,54","3,98453373402666","0,73",6,"3,27731074030429","-26,9","0,4","215,384615384615","2,49","31,32","18,239","4,115","8,47",6,"34,7","12,6",13,"38,9","60,2","19,92","3,4","-6,28","124,3","0,58","6,83",0,"5952,262",,3,"25,1","1,217",50,"6,7","13,01"
78,200059889,CU Grand Paris Seine et Oise,,,12,,,"111,343777459944",9,"26,4285714285714","8,8","1,8","28,19","4,42","5,7","21,8","51,2","0,99","0,51","10,1","56,5","-1,8","25,5","2,4","2,07499047904814","47,3138324243927","2,12935303190194","2,1","0,32","2,26","87,2","15,3","48,2","2,14","24,3",11,"28,7769209584137","1,63144425439065","32,3752437516145","66,1","23,3",95,"8,02","44,54","4,94582862823198","0,99",9,"3,51768467950561","1,4","6,6","3,47826086956522","9,97","8,39","35,278","2,872","6,53",5,"31,7","15,6","15,5","41,2","46,7","19,45","3,6","-6,98","69,9","3,86","6,78",0,"2572,234",,6,"22,9","1,2",54,"6,7","13,8"
78,200071074,CC Les Portes de l'Ile de France,,,13,,,"70,6958814556548",3,"34,25","12,8","6,5","14,78","16,72","6,8","27,9","44,6","10,84","5,5",13,"71,6","-0,4","25,5","1,4","4,9250442821964","33,2176698251702","0,898813726874735","1,5","4,05","1,73","60,7","13,9","31,6","2,14","20,5",0,"17,687226177437","0,862053928435335","34,5327421555252","68,5",18,103,"10,32","44,54","5,35404463217088","0,43",0,"4,60140077131079","-0,3","41,1","-61,2068965517241","37,63","10,25","55,817","2,462","6,85",5,"28,4","10,2","14,3","44,1","54,8","20,13","2,9","-7,63","35,8","7,17",14,0,"2586,971",71,1,"22,1","0,768",67,"6,7","12,2"
78,200073344,CA Rambouillet Territoires,,,27,,,"66,2217352866886",3,"39,2222222222222","8,8",4,"10,14","6,37","6,3","20,8","49,8","7,33","3,27","10,3",65,"-0,2","36,3","2,6","3,79613620987747","46,0496394627898","3,55972628222163","2,2","0,01","2,26","66,7",17,"48,1","2,14","45,6",1,"60,116180029544","0,459607897117374","34,799230495889","67,4","15,5",102,"8,56","44,54","3,86786329051669","1,13",1,"4,42433677602268","3,3",31,"-7,5812274368231","38,88","12,78","39,937","2,999","6,92",5,33,"5,8","10,1","44,4","66,8","31,66",3,"-5,31","69,1","6,61","11,19","0,251","4352,845",69,0,"34,4","0,44",86,"6,7","11,29"
78,247800550,CC du Pays Houdanais (CCPH),,,17,,,"103,8097905829",2,"34,75",12,"6,9","3,06","13,19","7,4","24,1","45,5","4,52","4,78","11,2","79,6","1,4","30,7","2,6","3,5658863538812","40,3625765658961","2,06959489538507","1,5",0,"1,32",61,"17,4","30,5","2,14","17,8",0,"0,711515482571438","0,575508416840212","38,1479324403029","63,3","15,7",100,"14,15","44,54","4,39719013492761","0,66",0,"4,60851193293219","0,3",59,"-23,5294117647059","43,32","4,22","61,141","2,988","6,05",5,"26,8",5,"10,2","44,6","59,9","23,94","2,8","-4,45","53,7","8,42","18,17",0,"3260,532",70,0,24,"0,655",75,"6,7","9,62"
78,247800584,CA Versailles Grand Parc (CAVGP),,,19,,,0,6,32,"7,4","3,5","20,37","15,3","7,2","20,9","58,3","1,58","0,03","7,4","46,6","-4,4","22,8","2,9","1,60856111973727","56,383588743782","3,98951612903226","2,3",0,"2,76","51,5","21,3",59,"2,14","25,3",0,"3,92888710325432","1,12339735132276","33,9285910042644","61,1","12,6",93,"7,08","44,54","3,57765431524042","0,74",6,"2,90796279857217","66,1","1,8","-47,1264367816092","1,83","17,42","16,231","5,26","7,12",5,"39,1","7,3","11,3","39,4","73,1","19,81","3,9","-5,05","107,9","1,44","5,56",0,"3707,772",,0,"29,8","1,525",72,"6,7","11,99"
78,247800618,CC Coeur d'Yvelines,,,14,,,"2,82015418718246",2,"38,4","8,7","4,4","6,53","27,28","5,9","21,8","49,2","1,73","1,67","9,6","76,4","0,2","22,8","3,6","3,25833979829325","48,4660116302386","1,60236653824986",2,0,"1,94","69,4",22,"40,2","2,14","21,9",1,"45,6085914695247","1,58214345003125","36,5347041751238","64,8","14,5",100,"9,07","44,54","3,4035275345576","0,58",0,"3,35145522238681","0,3","32,9","-46,3414634146342","34,44","2,2","56,192","3,093","5,89",5,"25,7",5,9,45,"61,8","27,93",3,"-3,66","53,1","4,61","16,39",0,"3062,769",70,1,"28,7","0,887",76,"6,7","9,23"
79,200040244,CA du Bocage Bressuirais,,,60,,,0,2,"40,6666666666667","18,4","3,4","9,04","-2,64","7,2","26,5","46,2","17,23","12,63","16,8","85,9","1,2","27,9","1,2","6,75748583760453","23,1131289570143","3,19395490989918","2,3","0,19","2,7","59,2","31,9","41,4","2,46","3,8",1,"0,62665660946634","0,790894052532843","31,7512232135849","51,7","27,9",118,"13,01","81,16","5,39820471830645","1,35",2,"4,48603594438793","-1,8","58,8","-20,8333333333333","98,56","12,82","76,173","0,823","14,9",6,"31,9","13,5","13,5","45,9","65,8","26,11","2,6","-6,57","92,9","12,61","23,36","0,674","676,758",55,0,"28,6","0,266",95,"16,4","17,89"
79,200041317,CA du Niortais,,,46,,,"80,0048077709277",1,36,"14,1","3,3","13,3","2,58","7,4",26,49,"5,98","6,13","15,4","80,6","-1,6","29,3","1,7","4,76541669030465","38,3897566854811","3,34952380952381","3,3","0,18","3,32","88,3","30,8",47,"2,46","4,5",1,"71,4657514186345","1,00687547989499","35,5726863565782",71,8,105,"23,38","81,16","5,1163904166264","0,97",3,"3,81842934701893","-0,7","33,6","-22,8571428571429","82,88","14,06","72,673","1,626","11,73",7,"39,9","10,9","15,1","45,5","74,2","27,72","2,9","-1,13","127,1","13,3","14,43",0,"2252,753",,4,"24,9","0,794",103,"16,4","14,1"
79,200041333,CC de Parthenay-Gâtine,,,52,,,"8,0804379641173",1,"41,2","21,9","5,8","5,45","-6,17","9,4","29,5","51,1","17,29","18,5","16,5","83,6","0,5","28,6","0,9","2,41022585711965","24,5481863969188","1,32222222222222","2,2","5,44","3,79",70,"28,3","28,2","2,46","8,2",0,"9,37496874069664","0,474346342612157","37,7487447753739","61,7","16,4",130,"20,88","81,16","6,69568508126787","4,33",3,"5,07963180991116","0,9","50,2","-0,51975051975052","98,08","7,72","75,221","1,253","13,79",6,"37,7","14,6","17,1","50,9","71,8","29,9","2,6","-4,03","94,9","13,89","31,05","0,542","355,932",58,2,"22,8","0,453",144,"16,4","18,85"
79,200041416,CC Airvaudais-Val du Thouet,,,58,,,"1167,15539756239",1,39,"24,6","9,1","5,54","1,69","10,5",38,"40,4","26,95","29,72","19,9","87,6","2,7","30,55","0,9","1,59120497613193","20,3883495145631","0,47597687400319","3,2","0,35","2,89","76,4","22,5","19,4","2,46",11,5,"26,4835853605084","0,464435433472085","37,9407616361072","44,2","37,9",133,"5,89","81,16","6,30512748814184","2,89",1,"6,13455125416848","-0,8","69,6","-2,65486725663717","97,4","8,47","76,344","2,278","11,22",7,"37,3",14,"10,2","61,9","71,2","31,82","2,6","-5,33","105,1","21,44","20,44","2,893","228,491",58,1,"21,5","0,491",157,"16,4","16,56"
79,200041994,CC Haut Val de Sèvre,,,52,,,"165,221923995941",1,"40,5","16,4","3,1","7,58","-4,93","8,8","26,2","41,7","16,84","12,08","14,5","83,8","1,1","29,3","1,2","1,04513684760598","30,2479815455594","0,360043414798458","2,6","0,04","2,61","82,6",21,"30,1","2,46","6,4",3,"15,2460155056633","0,882072980546642","29,4718040316407","56,4","32,6",104,"16,4","81,16","4,75472603819789","0,33",0,"4,93740666190507","0,3","49,4","-5,9016393442623","95,29","4,87","71,902","1,558","10,21",6,"31,7","9,9",11,"48,7","77,2","24,1","2,5","-6,45","96,3","7,16","28,21",0,"2160,309",59,0,25,"0,666",92,"16,4","19,74"
79,200069748,CC Val de Gâtine,,,60,,,0,1,"41,5","20,1","5,8","1,73","-8,57",10,"34,3","33,6","28,86","29,09","16,5","87,8","3,2","28,6",1,"1,06629578117756","22,112350094677","0,146824506283662","1,2","0,9","2,32","62,8","16,5","26,2","2,46","6,2",2,"16,8395474137931","0,451148452829572","36,6285403050109","54,6","21,4",113,"16,38","81,16","5,24283918260916","0,93",0,"5,13186813186813","-2,1","81,8","-13,7483787289235","97,75","5,67","73,453","1,331","11,3",7,"30,4","11,9","11,7","53,7","69,8","27,49","2,6","-3,93","56,8","18,35","25,94","0,464","649,964",57,0,"25,3","0,613",96,"16,4","15,46"
79,200069755,CC Mellois en Poitou,,,41,,,"68,7387823257407",1,"44,4444444444444","21,6","8,7","5,66","-4,71","10,6","37,5","33,2","30,66","25,93","16,5","86,2","1,7","30,85","0,8","1,05399010539901","21,1403591533793","0,708023255813954","2,9","0,88","3,23","85,2","16,4",47,"2,46","11,2",5,"32,0815614656569","0,457761327594257","39,4712032012738","62,5","18,5",125,"25,83","81,16","6,06027611044418","3,44",2,"5,47640756302521","-0,1","69,4","-26,403743315508",100,"6,52","75,403","1,74","8,75",7,"33,3","13,4","15,5","47,3","67,2","26,31","2,7","-4,29","70,4","16,26","29,83","0,215","661,625",56,2,"23,1","0,393",135,"16,4","16,2"
79,247900798,CC du Thouarsais,,,60,,,"98,1293275866926",2,"38,3333333333333","23,5","4,6","8,62","-3,93","10,6","32,7","43,1","20,51","15,82","18,9","86,3","0,9","33,2","0,9","1,49848737595069","24,2008936243341","0,733615901783104","2,6","0,09","3,39","88,5","23,2",18,"2,46","8,6",1,"12,2544802867384","0,545002311536128","30,9511965953684","53,4","29,3",125,"8,1","81,16","6,29439921634302","1,98",1,"6,07288891381776","-3,8","48,6","-15,4949784791966","98,7","7,33","72,419","2,551","9,81",6,"36,4","14,4","15,3","45,9","67,2","23,41","2,6","-5,71","94,3","10,33","24,29",0,"410,656",58,0,"21,2","0,815",122,"16,4","18,02"
80,200037059,CC de la Haute Somme (Combles - Péronne - Roisel),,,0,,,"70,9437344959784",2,"36,2","22,5",3,"10,93","-1,15","12,3","33,5","55,1","19,98","12,56","17,3","86,2",2,"33,05","1,1","6,7664625387465","28,3316823028961","0,137540236051502","2,3",0,"3,02","147,9","12,6",31,"4,47","5,3",1,"2,13378120237814","0,272835592719","41,113172541744","54,8","29,1",114,"15,03","61,01","6,75672207220198","6,8",1,"6,53584143879611","-2,8","60,1","-15,3465346534654","50,18","1,29","76,648","5,773","5,48",5,"34,2","16,7","23,3","55,7","56,2","45,97","2,9","-8,57","100,8","10,73","11,6","1,134","517,254",59,2,"24,2","0,362",105,"19,2","17,25"
80,200070928,CC Terre de Picardie,,,4,,,"132,307223238539",2,"37,4","19,8","2,9","8,47","0,48","8,8","31,9",54,"11,38","16,66","16,4","86,2","3,9","33,05","0,8","6,00100016669445","25,0677966101695","0,299130434782609","3,7",0,"3,33","124,3","13,7","29,4","4,47","1,8",0,"0,362546465289173","0,603190403855309","32,1501069841444","45,4","22,6",101,"7,24","61,01","6,47500215110958","3,89",0,"6,52981437879866","7,9","68,3","13,5245901639344","44,34","1,55","94,599","5,529","4,88",5,29,"15,9","21,2","55,8","49,4","33,84","2,8","-9,92","67,9","9,33","19,3","2,223","490,481",59,1,"20,1","0,531",71,"19,2","15,92"
80,200070936,CC Ponthieu-Marquenterre,,,7,,,"117,360572230356",2,"37,3333333333333","20,2",40,"4,4","3,17","5,3","33,7","39,6","22,32","15,1","15,1",84,"1,1","33,7","0,8","9,18836140888208","27,2934040940106","2,77759897828863","3,9","4,53","3,37","140,7","15,8","41,3","4,47",14,1,"12,0492851672198","0,343654497616244","44,0412172920359","63,4","16,5",124,"8,24","61,01","5,72124458514548","3,37",0,"6,24367385192127","-1,9","72,4","-8,14917127071823",100,"0,21","70,205","5,065","8,54",4,31,"14,4","17,9","63,8","60,8","48,12","2,9","-6,92",68,"13,17","17,27","0,919","132,484",55,0,"22,3","0,407",119,"19,2","16,94"
80,200070944,CC du Vimeu,,,10,,,"7,22302126139003",2,"33,3333333333333","20,6","4,5","8,83","4,44",8,"31,1","50,3","8,91","7,37","16,3","86,8","1,4","29,5","0,7","4,72249707654943","29,9330278463165","0,675534991324465","3,5",0,"2,7","140,4",16,"21,1","4,47","3,8",0,"0,532194480946124","0,842848208323354","32,4214792299899","40,1","32,2",114,"8,44","61,01","5,51589930963109","5,4",0,"4,1393674352858","-5,6","42,7","-36,026936026936","68,8","0,78","77,43","4,242","8,2",3,"30,8","13,8","18,3",53,"60,2","38,23","2,6","-7,97","95,6","8,12","13,6","1,799","147,571",59,0,"21,9","0,432",110,"19,2","15,56"
80,200070951,CC du Territoire Nord Picardie,,,0,,,"63,4197203159394",2,35,"17,9","2,5","7,68","0,1","8,3","31,5","48,4","13,02","16,61","14,8","86,5","3,2","33,7","0,8","5,97053669933156","25,5274157855913","0,53842451467993","3,7",0,"2,92","127,8","17,4","25,7","4,47","9,1",0,"0,960334607500969","0,337770233822346","33,7665647298675","65,5","15,2",110,"6,94","61,01","5,77436816088748","3,89",1,"5,27537530808873","0,6","68,9","-15,0519031141869","94,93","3,37","78,739","5,175","7,29",2,"29,2","13,9","19,6","53,9","69,9","39,07","2,9","-6,49","57,4","12,98","13,55","0,324","190,176",59,0,"18,8","0,391",86,"19,2","15,54"
80,200070969,CC Avre Luce Noye,,,9,,,"42,5877633823597",2,"35,7142857142857","15,5","2,9","4,91","-0,68","7,8",28,"49,3","18,11","13,87","14,1","86,5","0,7","33,6","1,1","5,61849925705795","28,09200057862","0,0228597041685342","3,8","0,02","1,86",108,"13,6","14,6","4,47","9,6",2,"1,91739500348055","0,302409677608817","33,8436378503612","49,8","28,5",101,"2,74","61,01","5,18317186293878","3,25",0,"5,7566169063101",3,62,"-19,2982456140351","55,33","0,99","79,896","4,975","6,01",4,"27,7","9,7","12,5","59,1","70,9","33,85","2,7","-4,62","47,1","9,04","19,4","1,393","556,489",63,2,"25,9","0,397",71,"19,2","13,3"
80,200070977,CC du Grand Roye,,,8,,,"73,6461099441164",2,36,"22,9","3,6","15,44","2,62","9,5","32,8","55,4","16,17","11,14","18,4","83,1","2,6","33,05","0,9","5,22399873357606","25,6398655635988","0,135958904109589","3,5",0,"2,77","117,3","8,8","20,9","4,47","7,4",2,"1,5933395050917","0,418924859728025","39,5152176454542","55,6","29,1",105,"7,48","61,01","6,91498271439723","5,14",2,"4,4731850117096","3,1","52,6","-14,5251396648045","50,26","1,66","75,456","5,304","5,82",4,34,"16,4","21,8","56,6",51,"32,14","2,8","-9,68","100,7","7,21","13,5","0,792","623,904",58,0,"18,6","0,602",87,"19,2","18,3"
80,200070985,CC de l'Est de la Somme,,,0,,,"99,2686973624489",2,37,"23,6",3,"11,31","-1,41","10,8","35,3","58,3","15,78","15,75","17,5","84,9","2,4","33,05",1,"7,41568468102397","27,6409915155548","0,0584752929805485","2,6","0,88","3,56","108,8","10,2","15,6","4,47","5,7",3,"3,03848027277155","0,470376862253965","31,8031803180318","50,9","23,6",116,"6,29","61,01","7,06366314263191","11,17",1,"7,40525226645644","-15,2",55,"-5,4945054945055","45,72","1,1","78,748","5,796","5,23",4,"33,7","18,2",22,"61,7","58,3","43,22","2,9","-9,8","90,3","9,83","19,22",0,"201,02",59,3,"21,3","0,536",105,"19,2","20,38"
80,200070993,CA de la Baie de Somme,,,2,,,"74,9516286408271",2,"34,8","21,5","16,9","19,53","2,57","7,3","29,3",53,"9,36","7,12","15,2","79,1","0,7","30,8666666666667","1,2","5,81845580694447","32,900827842541","4,07963961065079","3,9","0,14","3,77","129,1",18,"38,4","4,47","8,9",0,"18,861095863067","0,500296453942851","41,8970869395391","70,5","15,1",119,"12,14","61,01","6,71346831500333","3,56",1,"6,63026671030025","0,7","38,1","1,39664804469274","79,99","1,36","62,986","2,913","10,6",5,"39,2","18,2","22,1","53,5","66,6","45,84",3,"-5,08","116,4","10,28","13,19","0,209","303,23",58,0,"20,3","0,554",126,"19,2","17,01"
80,200071181,CC Somme Sud-Ouest,,,10,,,"71,512817159299",2,"34,875","18,5","4,3","5,31","3,52","9,2","31,8",39,"22,16","22,78","15,1",87,"3,6","33,7","0,8","7,41227493757393","24,3949583215882","0,878983901934722","3,6",0,"3,15","124,2","17,3","22,6","4,47","12,7",0,"0,616274239741151","0,304796471796013","36,9423131571469","63,2","12,7",109,"10,65","61,01","5,62935116646721","15,25",0,"6,18973006515669","-2,5","76,6","-11,1111111111111",100,"3,19","74,44","3,774","7,13",4,"29,2","12,3","15,4","63,2","61,7","43,08","2,8","-5,39","51,7","12,59","28,69","1,314","486,967",58,0,"21,1","0,369",95,"19,2","15,48"
80,200071223,CC Nièvre et Somme,,,0,,,"198,091938275166",2,33,"17,9","1,5","7,58","0,91","8,1","31,8","49,5","8,06","16,92","15,3","87,9","1,7","33,6","0,8","4,29308416609546","28,4484223644706","2,22868900646678","4,1",0,"3,25","126,5","18,2","17,6","4,47",14,2,"6,04554109806411","0,647007596057405","31,164298180005","61,1","31,7",104,"12,78","61,01","5,485770188545","6,13",0,"3,97701885450018","-2,5","59,6","-3,30188679245283","62,13","0,79","61,22","4,51","7,69",5,"28,3","12,8","18,7",51,"72,3","37,84","2,6","-7,34","49,9","19,64","19,81","0,722","507,177",61,1,"17,6","0,527",89,"19,2","15,49"
80,248000499,CC du Val de Somme,,,2,,,"202,334247295673",2,"34,4","15,6","3,2","7,88","2,26","7,5","28,8","54,2","7,83","6,39","13,9","85,2","0,5","33,6","1,1","3,66023923625524","32,1613663133098","2,25841514726508","4,6",0,"3,4","121,5","19,3","31,7","4,47",5,1,"5,96904137235116","0,666428791010092","33,4749869529561","60,2","20,9",103,"9,93","61,01","5,19663297858081","5,66",0,"5,30591105273034","-2,8","49,1","-18,421052631579","47,03","1,35","70,896","4,715","6,49",4,"27,3","9,2","12,4",55,"71,8","35,96","2,6","-4,7",55,"7,48","21,36","0,377","360,098",61,2,"22,9","0,645",84,"19,2","12,02"
80,248000531,CA Amiens Métropole,,,5,,,"71,7250327538561",5,"30,5","14,8","2,5","29,82","2,14","8,6","23,6","61,8","1,29","0,37","15,6","64,3","-3,3","33,6",2,"2,88208078576351","43,8044931548124","4,64312988758553","5,4",0,"3,39","134,3","26,2","91,2","4,47",10,1,"4,47573779795687","1,15542589228761","35,2654306399983","71,5","14,1",91,"13,07","61,01","5,6711759065606","4,21",11,"5,33426400990756","-3,2",10,"-10,1973684210526","30,32","2,75","59,98","4,723","6,54",5,"46,5","20,9","15,4","37,7","65,8","53,01","3,7","-4,04","143,8","7,03","10,51","0,109","1023,589",,7,"19,7","0,487",71,"19,2","21,44"
80,248000747,CC du Pays du Coquelicot,,,0,,,"34,8231050780001",2,"35,4","20,9","4,6","6,46","-0,25","9,1","33,7","56,1","13,91","11,63","13,3","81,5","-0,5","33,6","0,8","4,76548783546526","27,3948431897092","1,19305091044222","3,8",0,"2,87","131,2","17,3","35,4","4,47","4,8",1,"3,18145652871351","0,321810567043313","36,8160960112955","53,2","34,3",109,"7,67","61,01","5,86872487931975","3,94",0,"5,62261416654885","0,9","57,1","3,7593984962406","68,02","0,35","82,894","5,015","6,34",4,"32,9","14,6","17,4","58,8","49,7","41,71","2,8","-7,19","82,4","10,65","21,82","0,358","496,294",58,0,"20,2","0,522",96,"19,2","15,61"
81,200034023,CC Tarn-Agout,,,45,,,0,1,"37,8","12,3","2,3","5,54","17,11","8,4","25,2","33,9","12,04","6,28",12,"81,7","-0,4","34,2",2,"0,835505648018181","35,8886911822855","1,71174216813162","2,3",0,"2,01","169,4","26,2","66,4","3,09","4,2",0,"0,571856057699685","1,2865150533493","42,3957149813342","68,6",16,107,"17,23","48,1","5,10629846841066","1,67",1,"5,34388383996657","-3,3","31,2","-30,4878048780488","59,9","13,91","67,522","3,958","8,06",6,"31,2","9,7","16,2","52,2","80,9","29,58","2,8","-3,88","83,9","9,19","10,48","1,003","1764,973",63,1,"33,8","1,096",85,"9,2","12,13"
81,200034031,CC des Monts d'Alban et du Villefranchois,,,53,,,"42,7257761053622",2,"34,3333333333333","19,8","17,9","0,71",5,"10,8",29,"36,8","44,71","42,93","16,1","77,4","-1,2","34,5","0,9","2,0440251572327","21,2114388651205",0,"2,5","8,88","4,72","184,6","9,4","43,6","3,09","36,2",0,"0,100530963067265","0,163758803709634","49,613601236476","57,8","15,4",123,"26,29","48,1","5,58556396837769","28,3",0,"6,7962587685113","4,3","66,1","-17,8053830227743","98,11","3,91","56,686","0,585","15,94",5,"33,7","16,8","11,3","65,7","59,9","40,88","2,8","-5,31","60,8","28,36","28,86","1,572","843,895",55,0,"22,3","0,227",140,"9,2","17,55"
81,200034049,CC Centre Tarn,,,79,,,"406,803545972915",1,"35,3333333333333","17,7",9,"1,96","-3,96","9,1","28,8","31,2","28,24","22,55",16,"84,3","-0,2","34,5",1,"1,24157502660518","24,5734229576008","4,55402985074627","2,5","13,55","2,66","104,8","22,6","31,4","3,09","22,9",0,"33,0546728275451","0,341811038041295","40,3653762505437","62,3","11,7",114,"24,34","48,1","5,43994940261613","3,55",0,"4,94935111751983","-2,9",64,"-6,97674418604651","98,42","7,19","60,28","0,813","14,03",6,"31,3","15,3","15,1","55,6","51,1","35,47","2,9","-5,44",58,"9,64","18,82","0,887","326,229",56,0,"27,2","0,364",106,"9,2","15,12"
81,200034056,CC du Lautrécois et du Pays d'Agout,,,60,,,0,1,"36,6","13,6",6,"1,06",0,"9,4","28,5","29,2","29,13","14,79","12,4","86,8","1,8","34,5","1,4","1,32839264489967","26,5612409347301","6,91183879093199","2,6","0,24","2,8","139,1","28,6","48,7","3,09","10,1",0,"0,375773896411134","0,365829122162811","36,4664985345239","60,3","12,2",114,"31,32","48,1","5,27662531337013","1,4",0,"7,42470694319207","-1,3","66,1","-24,5847176079734","99,99","8,35","66,894","1,809","9,6",7,"27,7","12,4","13,8","58,7","50,3","38,1","2,7","-3,71",48,"11,46","15,82","2,097","68,843",57,1,"29,7","0,688",109,"9,2","13,81"
81,200034064,CC du Cordais et du Causse (4 C),,,11,,,"41,093572778828",3,35,"23,2","30,6","2,5","1,56","8,4","31,9","32,2","45,84","39,39","17,2","75,7","-3,3","38,05",1,"1,85839063371121","24,6715712033631",0,"2,2","4,76","1,86","101,1","18,7","38,8","3,09",43,0,"38,3670983760569","0,149359642526532","65,6363636363636","68,2","11,9",147,17,"48,1","7,20366624525917","9,29",0,"6,38075221238938","-0,9","73,8","-4,65116279069768","100,01","17,92","43,421","1,909","16,56",6,"37,7","23,6","17,8","68,7","52,6","76,19","3,6","3,07","73,3","23,96","30,68",0,"10,909",56,0,"20,1","0,626",216,"9,2","21,34"
81,200040905,CC Carmausin-Ségala,,,11,,,"81,6324270225188",1,"34,75","25,7","7,1","15,08","-2,67","10,6","27,9","57,6","18,52","12,65","16,9","86,9","1,2","36,1",1,"1,19541756599701","24,90619365528","3,24293994327291","2,6","1,88","3,65","248,5","27,7","41,8","3,09","19,7",1,"5,69770563315297","0,569202014796534","39,8868734152526","69,8","14,5",131,"21,95","48,1","6,94857882005107","3,32",1,"5,86577744926757","-1,9","45,1","-20,5755395683453","97,44","10,22","59,049","0,96","14,71",7,38,18,20,"55,2","47,5","31,94","2,8","-2,85","68,2","11,65","22,52","1,328","579,611",58,0,"24,2","0,484",143,"9,2","15,72"
81,200066124,CA Gaillac-Graulhet,,,49,,,"65,7068725192157",1,"33,6666666666667","15,2","5,5","5,37","2,91","7,9","29,8","33,3","14,83","9,92","13,8","84,6","-0,3","36,1333333333333","1,5","2,58475910569959","27,9879570574021","0,61944116489571","2,7","0,39","2,89","171,1","30,2","50,8","3,09","19,3",2,"8,64014230193285","0,586562073076576","40,8535567003687","63,6","12,9",119,"14,55","48,1","6,20337591785565","2,76",2,"6,30769852931265","0,1","41,3","-20,8204334365325","99,71","14,01","57,505","4,075","10,52",7,"32,1","15,2","17,3","49,7","55,7","35,27",3,"-5,58","68,9","11,02","23,38","1,574","832,102",62,2,"26,7","0,599",103,"9,2","15,39"
81,200066553,CC du Haut-Languedoc,,,30,,,"154,649285535222",1,"32,8","23,2","50,1","2,64",0,"6,6",28,"35,3","43,52","60,77","18,5","76,7","3,1","35,5","0,7","2,89162685441287","23,3097107833748","0,6303683737646","1,5","32,88","5,03","164,6","8,1","18,9","3,09","65,7",0,"99,9542660314028","0,126575173240286","61,8239921337267","57,8","30,4",135,"14,51","48,1","6,42127241902383","3,77",2,"6,13853841349157","-0,6","47,4","2,63157894736842","90,44","16,22","28,82","0,199","22,09",6,"36,7","19,4",17,"74,1","43,3","53,18","2,9","-5,72","101,8","34,55","41,45",0,"68,83",51,0,"14,6","0,16",202,"9,2","16,14"
81,200066561,CC Sidobre Vals et Plateaux,,,17,,,"365,753541532518",1,"35,3333333333333","20,5",21,"3,81","-0,45","9,9","29,5","35,4","31,87","34,1",17,"84,5","-0,8","34,5","0,9","3,37702018171585","27,8542331828691","0,835398706896552","1,6","5,64","3,22","123,2","13,1","38,2","3,09","55,5",0,"95,7474860575784","0,29468427377715","41,3678985107557",54,"19,3",124,"11,63","48,1","5,95174527498723","6,43",0,"7,72101708382996","-5,5","67,4",-20,"90,55","8,8","33,24","0,308","18,55",6,"33,9","15,6","13,9","58,2","56,1","36,75","2,8","-1,27","69,3","21,31","23,25","3,216","84,312",57,0,"19,7","0,249",174,"9,2","15,29"
81,248100158,CC du Sor et de l'Agout,,,62,,,"46,6775072438697",1,"36,8","14,9","4,2","2,04",1,"8,7",28,"26,9","12,32","11,25","14,2","90,5",2,"32,9","1,4","1,2927691114367","30,746232228934","0,705245734657499","3,1","0,1","3,02","150,7","35,7","55,5","3,09","15,6",0,"21,9432176656151","0,973422547907149","39,0356394129979","57,7","23,2",113,"19,14","48,1","5,14054034631656","3,02",0,"4,72577752504265","-1,4","59,9","-15,7772621809745","98,27","8,43","61,629","1,178","10,18",6,"30,2","11,1","16,9","53,2","62,4","29,04","2,7","-5,74","60,7","14,31","17,65","1,293","303,983",61,0,"26,4","0,781",107,"9,2","13,05"
81,248100430,CA de Castres Mazamet,,,38,,,"23,4307442503584",2,35,"18,6","3,3","12,44","-0,32","10,3","25,6","54,3","5,46","1,56",17,82,-2,"32,9","1,5","3,97599209866538","36,2924385783573","2,2395077694033","2,4","0,13","3,55","200,9","35,1",64,"3,09","45,2",0,"48,5933033091835","0,966388950085092","41,8541190353271","66,2","14,2",127,"14,15","48,1","6,39863707720851","3,29",4,"4,8279797125951","0,2","16,7","-18,2724252491694","46,23","17,02","29,439","0,716","16,43",7,"41,6","18,9","18,1","41,8","52,5","26,1","3,1","-6,5","120,2","6,5","13,21",0,"294,761",60,2,"23,3","0,542",130,"9,2","19,45"
81,248100497,CC Val 81,,,11,,,"124,312747569319",2,"37,25","20,3","16,5","1,9","51,72","11,1","29,5","42,2","48,91","44,93",16,"80,2","5,8","36,1","0,7","2,15866162978953","18,0578742348358",0,"2,3","12,07","3,6","162,5",10,"24,3","3,09",33,0,"0,0067171093267449","0,204166695281582","41,8580007064642","70,6","8,3",131,"47,63","48,1","6,13895811921891","8,99",1,"6,71151079136691","0,1","72,2","-14,5658263305322","97,77","6,61","59,188","0,307","16,07",6,"32,3","17,6","14,4","69,5","45,8","36,16","2,9","-2,17","71,7","26,05","29,21",0,"74,179",54,0,"23,3","0,465",158,"9,2","13,96"
81,248100737,CA de l'Albigeois (C2A),,,27,,,"72,7248438250841",2,31,"15,1","3,4","13,1","4,68","6,8","24,4","49,8","3,31","0,82","16,6","79,3","-1,5","36,1","1,7","4,85846311012912","36,8337633615923","3,86211901306241","3,9","0,01","3,44","203,8","35,2","69,3","3,09","4,8",2,0,"1,86195860096088","48,1462201399734","74,6",11,119,"17,4","48,1","5,41758422221527","2,85",7,"4,55764786025351","-5,1","15,1","-30,2931596091205","38,33","15,96","45,013","2,613","11,94",5,"44,6","15,6","15,2","45,7","64,1","32,96","3,2","-3,98","127,6","7,13","7,13","0,832","3496,674",,0,"29,6","1,263",130,"9,2","17,52"
81,248100745,CC Thoré Montagne Noire,,,11,,,"466,02210380896",1,"34,3333333333333","22,3","18,4","3,23","-3,8","12,2",38,"41,8","20,5","28,72","17,7","85,9","-1,3","32,9",1,"3,16393118449674","29,7729184188394","6,1374972890913","3,1","6,46","1,98",120,"16,7","30,9","3,09",67,0,"90,8570441121026","0,243255346477735","42,1216848673947","45,4","15,4",149,"5,89","48,1","6,73738580761942","3,95",0,"6,38725004949515","6,3","38,2","-5,40540540540541","81,96","24,11","25,298","0,144","22,49",6,"35,3","17,7","18,8","54,2","22,4","33,81","2,9","-5,16","92,3","13,78","30,78",0,"167,707",56,0,"17,5","0,394",189,"9,2","16,36"
82,200040418,CC du Pays de Serres en Quercy,,,75,,,"80,0458343280019",2,"34,5714285714286",23,"19,1","2,77","-9,68",13,"36,7","32,9","46,83","51,73","18,3","79,3","-3,3","39,85","0,7","0,476985451943716","19,3449334698055","0,339601769911504","1,6","15,87","3,58","168,3","3,1","1,2","2,58","16,6",0,"0,0671889523303678","0,168631790578733","52,6006119086844","59,6","6,6",147,"18,06","46,55","7,36564283174453","8,35",0,"5,13808225672632","2,6","70,7","-49,2897727272727",100,"16,87","61,88","2,843","14,15",4,37,"22,6","18,3","56,3","51,5","48,06","3,2","-6,02","76,7","23,36","24,59",0,"43,54",55,0,"17,5","0,583",190,"12,6","20,28"
82,200066322,CC Terres des Confluences,,,77,,,"71,7414054002932",2,36,"15,8","3,1","8,16","-1,02","8,8","29,3","41,1","10,24","4,19","15,8","84,2","1,7","39,2","1,2","0,873321216984918","25,665363149702","1,84039215686275","2,2","0,15","2,12","218,6","13,1","34,1","2,58","10,5",0,"4,39125024996112","0,747654385418161","39,1829929137141","66,3","13,9",120,"18,73","46,55","6,91356547690928","5,66",2,"4,99335829006159","-3,2","38,4","-18,4810126582279","55,97","15,81","53,969","8,662","12,23",6,"33,9","20,4","21,9","49,8","46,9","25,37","3,1","-9,06","89,9","8,68","14,27","0,472","1556,204",59,1,"20,1","0,893",96,"12,6","23,12"
82,200066652,CC Grand Sud Tarn-et-Garonne,,,77,,,"79,6215821331664",2,"32,875","11,6","1,9","6,77","26,95","6,8","23,7","24,2","7,39","7,6","14,6","89,9","0,9","36,9","1,5","0,692824646082077","28,5797022450857","2,78787878787879","2,6","0,12","2,31","159,2","22,6","47,5","2,58","12,4",0,"3,39620065976567","1,31566801519399","36,428425520325","57,7","34,8",98,"6,44","46,55","5,08185880584528","1,39",0,"4,31013878639274","4,9","46,5","-26,3565891472868","51,12","10,51","57,744","4,188","9,68",5,"27,7","11,5","14,1","52,2","61,8","24,57","2,7","-6,35","50,2","8,2","22,28","0,924","2094,237",64,3,"24,9","0,945",64,"12,6","12,99"
82,200066884,CC Quercy Vert-Aveyron,,,75,,,"83,7703593077396",2,31,"14,2","5,7","6,66","-0,83","7,4","24,4",22,"15,24","13,39","15,7","87,6","-1,2",40,"1,1","0,414612797715023","26,7435437094324","0,255135135135135","2,6","0,27","2,76","166,1","20,4","30,7","2,58","22,4",0,"5,22217942640436","0,98148866257662","37,758885773718","74,2","9,5",111,"19,47","46,55","5,88962733478166","0,46",0,"5,44056510393233","-0,8","56,5","-28,2850779510022","90,08","6,57","50,109","2,975","13,92",5,"29,8",14,"15,9","49,5","47,3","28,61","2,8","-4,88","46,9","14,67","20,17",0,"199,873",59,0,"23,2","0,651",87,"12,6","15,29"
82,200067122,CC du Pays de Lafrançaise,,,80,,,"72,9673389255756",1,31,"14,9","3,9","1,97",0,"8,7","28,8","26,1","18,53","22,63",14,"89,9","1,4","39,2","1,1","0,355682020273875","24,1845764854614","0,0250609119387399","1,7","0,78","1,78","167,5","14,9","15,2","2,58",15,0,"0,837403162234404","0,588218246917241","35,9662109204912","62,8","6,8",115,"19,44","46,55","5,53907284338413","0,89",2,"4,38524441213883","-3,2","65,4","-11,8226600985222",100,"17,05","50,65","5,004","13,03",5,"26,7","13,8","16,7","58,8","45,3","31,48","2,7","-4,91","41,1","15,73","16,09",0,"52,251",61,0,"24,6","0,986",89,"12,6","15,09"
82,248200016,CC des Deux Rives,,,69,,,"129,085612995397",2,34,"20,1","7,2","3,89","-1,49","10,2","31,1","33,6","14,07","14,03","18,6","85,1","0,6","35,15","1,5","0,631147109872193","26,4623726585606","2,92250425411231","2,6","0,51","3,68","164,2","11,8","38,5","2,58","9,1",0,"4,69906019959848","0,394940275895201","43,1539965024175","53,8","11,5",122,"10,79","46,55","6,96317684715924","4,21",2,"5,12093891704455","3,2",47,"-26,3565891472868","73,46","9,75","62,309","4,129","10,11",7,"33,8","16,5","21,2","60,8","55,6","28,19",3,"-8,12",92,"9,18","20,86","1,052","544,183",58,0,"24,4","1,082",115,"12,6","19,13"
82,248200057,CC du Quercy Caussadais,,,77,,,"93,7159297693405",3,31,"21,1","7,3","6,2","14,01","10,6","26,6","31,2","17,25","13,67","19,6","85,3","0,2","40,65","1,3","0,734070666536165","24,9640184225676","0,0850720949957591","3,1","1,41","3,92","186,4",22,"34,6","2,58","14,5",0,"1,20256253813301","0,483079094959385","42,4944023629174","60,1","13,1",126,"12,6","46,55","7,17992229439364","8,32",0,"5,11904527073676","-4,5","53,4","-33,2792207792208",100,"9,92","57,297","2,143","16,14",5,"36,9","17,5","19,7","53,2","52,8","30,88","2,9","-7,3","80,9","10,21","30,68",0,"537,85",58,0,"20,4","0,667",127,"12,6","17,39"
82,248200065,CC de la Lomagne Tarn-et-Garonnaise,,,68,,,"59,1376912378303",2,"38,25","21,6","7,6","2,27","-4,9","12,4","35,2","30,6","29,93","25,79","17,2","86,2","4,8","37,9","1,3","0,799760071978407","23,4880450070324",0,"3,6","0,23",2,"122,3","9,4","49,1","2,58","7,7",0,0,"0,233433277001256","44,362292051756","67,4","7,8",139,"27,02","46,55","7,09544961925677",2,0,"6,58215212617289",-3,"51,9","-22,2222222222222",100,"12,12","74,229","2,742","7,58",5,"33,3","17,5","22,7",62,"48,4","35,49",3,"-5,32","90,9","11,16","33,32",0,"379,414",54,0,"25,5","1,195",145,"12,6","16,35"
82,248200099,CA Grand Montauban,,,81,,,"80,6717693937254",3,29,"13,7","1,6","12,93","10,25","10,2","22,6","45,7","6,59","0,76",16,"81,5","0,1",40,"1,7","3,94363428627591","34,8950393946629","2,34583189207887","3,8","0,07","2,21","249,5","33,3",90,"2,58","7,6",0,"1,21248584371461","2,12013295526439","51,006341328922","72,3","12,4",108,"14,22","46,55","5,86003632162949","2,33",8,"5,22244435046711","-8,9","24,4","-14,4254278728606","28,44","9,72","40,785","9,836","10,43",5,"37,6","17,1","17,5","43,8","63,9","30,04","3,3","-5,31","132,8","7,58","9,17",0,"1645,269",63,0,"24,8","0,786",91,"12,6","17,49"
82,248200107,CC du Quercy Rouergue et des Gorges de l'Aveyron,,,73,,,"122,556270096463",3,34,"23,5","30,9","1,71","-8,33",10,"30,6","32,2","39,82","45,22","18,2","77,7","0,1","35,3","0,9","1,01936799184506","20,5254805149004","0,284213362068965","3,4","25,37","6,37","131,4","20,5","8,5","2,58","43,1",0,"11,3467774930554","0,137972221346433","65,9822211093026","70,6","9,5",150,"19,15","46,55","7,17570759102912","3,82",0,"5,24433741213226","-2,7","64,8","-19,1950464396285","95,57","13,86","44,598","0,177","26,05",6,41,"24,5","17,2","65,3","46,1","66,64","3,4","-2,11","92,1","24,76","30,94",0,"96,407",55,0,"16,8","0,325",218,"12,6","21,04"
83,200004802,CC du Pays de Fayence,,,27,,,"341,55963523744",5,21,15,"24,6","2,27",0,"8,1",22,"17,2","13,62","10,66","13,7","89,1","0,4","41,3","2,4","5,7778225671","39,6956813604833","0,426438338493292","3,2","0,87","2,35","198,2","11,4","57,1","2,86","79,2",0,"31,0690803978247","0,874465664000775","61,6558237838909","74,8","10,5",116,"8,9","41,33","6,27637501525817","5,71",1,"5,91622757049274","-1,3","45,9","56,0606060606061","5,34","15,34","9,66","0,669","29,86",7,"28,4","14,8","15,1","42,3","56,6","29,06","3,5","-7,39","57,5","6,11","27,56","0,672","1695,453",62,0,"25,4","0,268",114,"14,8","11,87"
83,200027100,CC Méditerranée Porte des Maures,,,30,,,"14,7327818931819",5,"18,5","10,6",49,"9,08","28,01","2,3",35,"15,4","8,06","5,04","15,9","80,7","1,9","38,8","1,8","2,04125483455092","42,6266603973199","1,51398382140842","3,4","0,36","3,22",206,"23,8","55,2","2,86","74,8",0,"58,6518700810252","0,72942566379924","61,5123554989925","73,2","8,2",129,"8,53","41,33","6,34096591976472","1,29",0,"9,12206955969709","11,6","14,2","-27,5167785234899","1,53","35,13","14,385","19,847","14,88",6,"35,9","13,1","17,8","48,2","58,2","25,7","3,2","-5,13",83,"3,5","20,83","0,645","488,705",58,0,"22,6","0,181",174,"14,8","15,38"
83,200035319,CA Estérel Côte d'Azur Agglomération,,,33,,,"59,1069655940845",6,18,"10,2","38,4","11,16","19,65","3,9","20,4","24,2","3,97","3,64","14,4","81,9",-1,"41,3","2,3","3,57525331575912","48,8273749657127","1,72160418436704","2,8","0,26","3,38","238,4","28,2","93,3","2,86","63,5",4,"39,3170523924464","1,03670351690709","63,3419899366986","77,4","12,4",135,7,"41,33","6,12269639918757","0,25",4,"4,26058907007723","17,6","4,7","-49,0990990990991","1,52","26,46","4,536","10,289","21,18",7,"40,3","14,9","15,6","39,8","59,5","21,58","3,5","-8,19","99,7","3,2","7,8","0,082","1107,125",58,3,"22,5","0,401",178,"14,8","14,91"
83,200036077,CC du Golfe de Saint-Tropez,,,27,,,"80,0736121514048",8,"15,75","15,8","57,5","8,58","12,02","3,9","22,4","11,5","6,33","8,53","15,8","75,8","3,1","47,9","2,4","6,65919089105495","47,4045886961388","0,907231336792538","3,6","2,17","3,97","196,1",6,"78,1","2,86","65,8",0,"21,6817583939079","0,985279937747331","99,0679955100514","74,1","11,3",118,"4,89","41,33","6,73009684300767","0,35",1,"5,30657316307306",29,"13,9","-22,5913621262459","1,63","49,29","8,773","22,982","21,34",6,"38,6","15,6","19,8","49,7","57,3","29,02","4,1","-8,92","112,2",4,"11,17",0,"220,076",57,0,"24,3","0,426",156,"14,8","16,55"
83,200040202,CC Provence Verdon,,,39,,,"121,83530345801",3,"24,25","16,5","16,3","2,34",0,"10,6","28,3","17,1","14,72","26,44","16,1",86,"-0,7","46,1","1,5","3,14095013741657","30,7316775492769","2,41513846153846","2,9","1,08","2,62","205,9","9,7","34,3","2,86","74,1",0,"44,8593709103786","0,370833366023067","44,3508530663114","72,3","7,5",122,"16,79","41,33","6,33613804722465","1,74",2,"4,80428519985596","19,4","33,5","-26,1904761904762","39,46","35,91","19,627","2,297","28,42",8,"31,5","15,5","18,6","54,5","44,6","38,74",3,"-7,85","42,8","8,13","32,33","0,872","330,053",57,0,"15,7","0,196",120,"14,8","15,49"
83,200040210,CC Lacs et Gorges du Verdon,,,29,,,"148,700186833718",3,23,"18,1","38,2","2,9",0,"8,4","29,1","15,9","18,92","38,39",17,"74,9","-1,9","42,6","1,2","5,67675868210151","33,5116954594099","0,0025886101154918","2,6","13,74","2,23","204,9","13,4","34,9","2,86","84,3",0,"84,9519909680657","0,217351042392123","72,7272727272727","75,5","5,4",160,"10,76","41,33","7,12843346635904","4,45",0,"5,03055434308162","36,8","67,4","-24,7787610619469","26,83","25,35","12,027","0,732","29,58",5,"35,6",20,"18,1","56,8","58,7","48,98","3,4","-6,93","76,8","21,69","37,75",0,"112,815",56,0,"14,9","0,136",212,"14,8","17,69"
83,200068104,CA de la Provence Verte,,,36,,,"94,3365068781928",4,"22,125","12,9","9,4","5,61","3,93",9,"24,9","18,8","4,86","5,98","14,1","86,4","0,3","42,6","1,8","2,65380443204711","35,9870203082677","0,351421813685965","2,8","0,33","2,23","254,6","19,8","53,1","2,86","67,7",0,"48,4347579960374","1,13470082302772","50,1666524228698",73,"12,1",113,"11,52","41,33","5,92800025929501","0,97",3,"4,63597862256731","23,3","26,2","-12,4018838304553","5,62","45,41","16,435","10,14","21,76",8,"30,1","13,9","16,2","44,7","57,7","33,15","3,1","-8,96","67,1","7,54","16,68","0,387","921,384",58,1,"20,6","0,259",101,"14,8","14,76"
83,248300394,CA Sud Sainte Baume,,,28,,,"60,8685035807343",4,11,"11,7",38,"7,07","57,39","3,5",26,"23,6","6,67","3,13","13,5","81,3","0,4","35,95",2,"2,48470068559334","47,2654219805701","0,469202120040109","2,6","0,12","3,37",344,"25,8","62,3","2,86","69,5",0,"76,3865944859917","1,37596219560259","65,8220959061498","74,1","15,8",141,"7,1","41,33","5,45057482787805","0,46",2,"4,96735919573058","-1,2","11,8","-19,6531791907514","2,07","56,76","9,365","35,651","20,57",6,"37,8","10,9","14,2","40,6","77,8","30,58","3,6","-4,9","73,6","4,44","13,33","0,307","754,067",63,1,"27,2","0,384",196,"14,8","12,59"
83,248300410,CC de la Vallée du Gapeau,,,29,,,"40,9078826201731",3,14,"8,8","3,7","8,87","21,48","5,4","24,7","19,6","5,68","1,37","13,1",86,"-0,5","38,8",2,"1,9720275477079","44,0689625521304","0,0133377425044091","3,9","0,1","2,73","267,5","31,8","74,2","2,86","61,6",0,"45,6113495469719","2,46263704102841","48,9140190271047","66,1","16,6",103,"5,43","41,33","4,94389863919624","2,73",0,"4,38426809105939","92,4","4,7","-31,4285714285714","1,48","23,22","10,519","9,191","12,1",7,"30,9","10,9","20,9","34,1","55,4","24,79",3,"-1,18","78,3","1,4","18,2","0,303","659,666",65,0,22,"0,53",109,"14,8","13,09"
83,248300493,CA Dracénie Provence Verdon Agglomération,,,33,,,"139,561446959288",5,22,13,"12,7","12,15","22,62","10,4","27,5",23,"6,21","6,17",16,"82,5","1,3","46,8","1,6","2,04378275998767","38,7912102538166","0,678558516682161","2,5","0,8","2,47","227,6","27,3",58,"2,86","70,8",0,"38,9281640972267","0,965691179177921","52,4501801031382","78,2","9,9",114,"12,25","41,33","6,75492562604407","1,32",4,"5,31703314123725","22,1","22,1","-19,2079207920792","3,83","26,08","12,436","7,993","21,43",7,"35,1","18,1","19,5","45,5","46,6","30,74","3,4","-8,46","87,6","12,57","18,48",0,"553,007",,2,"20,9","0,275",109,"14,8","15,08"
83,248300543,Métropole Toulon-Provence-Méditerranée,,,25,,,"23,6149498441282",6,14,"10,6",12,"14,48","8,1",5,"26,3","40,3","0,85","0,27","13,7","70,5","-1,4","38,8","1,7","2,37893023731497","46,3437955318116","2,44678293557129","3,5",0,"3,78","284,8","31,5","84,6","2,86",39,5,"42,4870559741658","1,77096721131806","49,5893372707737",79,"11,1",114,"11,53","41,33","5,99419685373568",1,9,"4,59304953680287","-5,5","1,7","-30,8157099697885","0,57","63,93","7,39","22,42","10,34",8,"43,4","17,1","16,9","35,4",54,"29,01","3,4","-6,44","106,3","1,58","4,67","0,067","562,557",,2,"19,7","0,621",130,"14,8","15,23"
83,248300550,CC Coeur du Var,,,33,,,"331,643797535916",4,"21,6666666666667","13,7",8,"6,76","12,8","9,3","26,9","14,5","6,26","7,28","16,3","86,9","3,1","43,4","1,5","2,83694134078212","34,5760947361572","0,296123556846854","2,1","1,06","2,4","199,2","20,2","43,5","2,86","63,9",0,"27,9731431993081","0,850562302301571","44,4023342449234",70,"19,1",108,"6,71","41,33","6,69547407849986","0,87",0,"5,443744829488","4,7","42,8","-8,30860534124629","2,21","23,51","16,791","14,016","21,26",6,"31,1","15,8","19,1","46,6","52,2","34,68",3,"-9,39","66,9","5,27",24,0,"761,214",60,0,"19,2","0,259",90,"14,8","15,03"
84,200000628,CC Rhône Lez Provence,,,38,,,"181,012540099154",2,"29,5","17,3",3,"9,56","-13,89","10,8","24,6","37,1","5,46","3,61","16,9",89,"1,9","33,8","1,2","3,32171416854624","29,8606977021074","2,15976821192053","2,1","2,42","3,28",182,"34,2","54,4","3,64","29,4",0,"10,4614720340109","1,73926872006782","43,5502767341332","66,1","11,2",119,"8,08","38,53","6,64376147227819","1,23",1,"3,91248482819236",1,"40,3","-24,4186046511628","23,28","15,83","36,266","6,939","15,61",9,"34,7","21,2",22,48,"47,2",21,"3,2","-12,06","86,1","4,2","17,8",0,"637,498",54,2,23,"0,57",101,"12,2","16,43"
84,200035723,CC Ventoux Sud,,,41,,,"127,868564252825",2,"28,5","18,7","25,6","2,55","-5,56","9,4","25,3","26,8","23,57","26,98","17,5","84,6","14,7","37,4666666666667",1,"6,04481500781657","29,4678316123908","4,23998649864987","2,2","35,03","3,13","132,9","7,3","17,8","3,64","61,3",0,"92,6528255224434","0,226400058858826","49,3461381283204","70,1","7,1",101,"16,34","38,53","6,55904209197256","2,08",0,"4,23916515813013","38,2","70,5","-19,2182410423453","51,39","59,16","31,59","3,333","25,58",5,"35,1","16,9","32,8","58,8","56,2","47,94","3,2","8,86","56,9","10,27","25,55",0,"326,931",56,0,"19,3","0,238",123,"12,2","19,28"
84,200040442,CA Luberon Monts de Vaucluse,,,40,,,"212,562891995564",3,"28,2","14,7",12,"11,1","1,45","8,6","27,4","35,1","3,07","3,04",15,"84,3","0,7","43,6","2,2","3,60749052807135","37,6274686975604","3,36891435510189","2,7","0,18","3,81","239,2","24,2","41,7","3,64",48,0,"100,034233285287","1,04877671400428","52,6062464346834","61,1","18,5",117,"9,93","38,53","6,06601337137859","3,81",0,"4,24415002186908","-1,4",14,"-12,7413127413127","6,17","38,18","19,138","27,94","20,72",7,"37,2","18,8",17,47,50,"25,42","3,6","-9,83","98,8","5,63","13,19",0,"1078,687",63,0,"21,7","0,564",115,"12,2","15,71"
84,200040624,CC Pays d'Apt-Luberon,,,41,,,"62,4488924659691",3,33,"18,3","26,6","7,07","2,2","8,8","27,6","31,4","14,22","10,63","15,4","81,6","-0,6","42,1","1,7","7,51402264789925","34,7465437788019","4,11666666666667",3,"0,89","4,23","158,1",15,"37,3","3,64","55,7",0,"99,9831524709189","0,471407458048321","62,1844089368472","65,8","11,6",138,"9,01","38,53","6,92276289205783","1,06",1,"4,49831800082384","10,4","39,3","-2,13219616204691","20,85","38,28","23,451","6,144","24,67",7,"38,9","20,1",22,"49,5",58,"37,11","3,6","-7,39","97,2","11,36","12,44",0,"238,985",58,0,"15,8","0,602",156,"12,2","18,9"
84,200040681,CC Enclave des Papes - Pays de Grignan,,,47,,,"55,2251407954946",3,34,"19,4","13,4","4,95","2,58","10,6","30,1","26,3","9,9","3,71","17,4","84,2","2,2","35,3","1,4","3,66834615044639","31,7029433588919","0,678552278820375","2,3","0,04","3,09","173,7",17,"35,1","3,64","39,2",1,"11,0522140023587","0,409032606088253","47,8853848470507","60,8","13,7",132,"14,44","38,53","6,81557071416038","10,61",2,"6,87888226004562","-3,2","41,2","-7,09342560553633","20,03","35,28","34,728","14,315","13,53",6,"36,1","18,6",19,"51,2","39,4","32,62","3,3",-7,"83,4","9,53","10,84",0,"91,21",54,0,"20,8","0,597",144,"12,2","16,83"
84,248400053,CA Ventoux-Comtat-Venaissin (COVE),,,37,,,"43,0672633275891",4,"27,3333333333333","13,7","12,2",10,"8,02","8,8","26,2","35,6","3,25","2,79","15,1","84,6","1,2","35,3","1,5","3,50541746335245","34,5023556503919","2,58868838028169","2,4","0,2","3,05","202,2","22,2","54,9","3,64","42,6",0,"70,3787132582864","0,863200327822925","49,0615202964049","67,4","10,7",122,"12,13","38,53","6,37619262506447","1,66",3,"3,68140794223827","-1,6",16,"-17,338003502627","4,55","28,87","28,17","19,415","12,17",7,"34,5","20,2","19,3","48,1","41,7","34,56","3,5","-9,36","85,1","8,2","11,2",0,"933,73",63,0,"22,5","0,518",113,"12,2","17,65"
84,248400160,CC Aygues-Ouvèze en Provence (CCAOP),,,37,,,"22,1126465452731",2,"28,3333333333333","13,8","5,1","3,81","23,57","7,7","24,7","29,2","4,48","2,57",14,89,"-0,3","34,4","1,5","2,71578115741655","34,5238935554458","2,12796296296296","2,7","0,01","2,47","179,6","24,4","52,9","3,64","18,6",0,"17,2288218111003","1,07890644667926","38,809144072302",55,"19,3",108,"10,54","38,53","5,06322374089163","0,49",0,"3,10697127670449","-4,4","17,1","-14,1914191419142","9,25","27,38","54,384","19,195","6,58",7,"28,8",11,"15,6","49,6","61,3","27,21","2,9","-6,53","52,2","8,25","11,13",0,"614,277",61,0,"25,1","0,667",88,"12,2","14,67"
84,248400236,CC Pays d'Orange en Provence,,,36,,,"68,6381032909815",3,23,"14,1","2,1","16,47","4,03","9,7","26,1","44,3","4,52","0,53","16,5","81,9","1,1","34,4","1,9","2,62108764124138","35,577155903006","4,79704585537919","2,7","0,38","3,74","205,3","34,4","62,1","3,64","7,7",2,"8,75102019184906","1,16417239827626","46,6156639004149","70,1","12,7",112,"9,15","38,53","6,17702157988896","1,54",1,"4,36102864031074","8,6","6,9","-28,2208588957055","12,27","30,36","59,995","17,429","8,54",7,"38,6","19,7","18,5","45,8","49,5","21,63","3,3","-12,63","106,9","2,8","7,4","0,22","797,675",64,0,"22,6","0,319",101,"12,2","18,33"
84,248400251,CA du Grand Avignon (COGA),,,21,,,"81,0900501903951",5,"26,75","12,8","4,3","22,02","7,19",11,"24,5","41,1","1,58","0,29","15,2","76,9","-2,3","35,1",2,"0,77220856697269","39,7897997382849","4,54010072287506","3,5","0,09","3,38",243,"31,7","82,5","3,64","18,4",3,"17,9055102512463","2,12864712062588","49,9553571428572","70,5","12,3",107,"11,26","38,53","6,07718464267001","1,51",10,"4,35588551150955","-11,2","9,8","-13,3720930232558","4,29","26,65","23,507","10,781","16,18",7,"40,5","22,5","19,4","39,5","46,4","29,71","3,7","-7,58","123,4","2,44","10,63","0,05","1477,381",,3,"21,7","0,788",88,"12,2","17,09"
84,248400285,CC Territoriale Sud-Luberon,,,38,,,0,3,"25,6","13,5","10,6","2,42","17,39","9,5","35,8","23,8","5,88","11,46","14,6","84,8","0,8","46,3","1,6","2,955013803025","35,94990012417","0,394117124322403","2,7","4,45","2,72",230,"17,6","51,1","3,64",48,0,"100,046760408051","0,557029787624012","46,5689995445575","67,5",7,112,"22,15","38,53","5,34085567462056","1,56",0,"4,0913038282277",8,"41,8","-8,1145584725537","22,38","21,67","30,324","11,703","20,51",7,"32,3","11,8",14,"54,8","48,7",32,"3,2","-6,33","45,7","7,13","11,5",0,"655,078",61,0,"22,2","0,438",101,"12,2","13,92"
84,248400293,CA des Sorgues du Comtat,,,37,,,"223,67276001096",3,23,"12,7","2,3","13,79","9,74","7,2","22,9","38,8","3,46","0,44","14,1","88,1","0,5","34,6","1,4","1,0975227343995","36,343728100911","2,70763336280578",3,"0,11","3,53","209,7","32,5","61,1","3,64","3,8",2,"13,5870781099325","2,0846860608105","46,6613963712088","57,7","25,2",106,"6,78","38,53","5,76290308686289","0,59",1,"5,90621105527638","-21,2","13,4","-8,94568690095847","11,93","25,01","36,088","8,812","17,35",7,"33,8","17,1","17,1","47,1","48,5","26,61","3,1","-8,35","83,4","0,8","12,2",0,"1520,159",65,2,"24,8","0,519",86,"12,2","14,66"
84,248400319,CC du Pays des Sorgues et des Monts de Vaucluse,,,33,,,"8,56027864235957",3,22,"13,2",9,"10,65","3,95","6,3","25,6","32,8","3,89","0,06",15,"83,8","-1,1",38,"2,1","2,1368146825513","41,6975295194109","2,85928961748634","2,8",0,"2,93","236,8","25,4","41,4","3,64","19,8",0,"10,4884561662969","1,53512588514999","50,9415602999256","65,1","14,8",112,"13,03","38,53","6,10595202622169","1,17",0,"6,89231227651967","-20,3","11,8","-7,63052208835341","6,3","38,47","29,078","23,274","13,68",6,"37,7","14,1","19,7","40,8","59,6","26,46","3,3","-3,53","84,7","3,8","13,8",0,"1069,2",64,1,"23,6","0,549",118,"12,2","14,69"
84,248400335,CC Vaison Ventoux,,,37,,,"102,863026819923",2,"31,3333333333333","19,6","22,2","3,84","-2,86","10,6","23,3","27,8","8,9","4,01","16,6","83,9","2,8","35,9","1,6","3,57313006193426","34,4819017642674","3,75791733762748","4,1","0,74","2,38","202,9","16,6","58,5","3,64","43,7",0,"28,4981156689375","0,554268030969496","65,5747260433668","67,3","11,9",135,"8,45","38,53","6,24327119050474","2,38",0,"4,02565639611557","-0,2","44,6","-16,1178509532062","3,54","37,12","34,508","16,851","9,4",5,"37,5","17,1","16,6","62,7","54,8","47,28","3,5","-7,7","102,2",11,"11,11",0,"275,122",58,1,"19,3","0,62",154,"12,2","18,23"
85,200023778,CA du Pays de Saint-Gilles-Croix-de-Vie,,,90,,,"105,072891026008",1,29,"14,9","46,6","4,68","42,4",4,"16,3","29,7","5,86","4,7","16,9","86,5","0,2","34,3","1,5","1,67368737776441","39,8792943361189","5,45364891518738","2,9",0,"2,82","92,7",20,"58,7","2,32","5,4",0,"14,0808159929163","1,95023574083199","42,3825676572524",64,"22,9",164,"11,39","86,58","5,43482081581573","1,88",1,"5,26753058011384","0,8","29,4","-18,2773109243698","85,48","7,27","61,044","0,931","11,19",7,"35,3","8,2","14,6","47,2","91,6","19,95","2,5","-5,72","89,9","6,57","18,29","0,752","2438,979",58,0,31,"0,546",215,"17,4","17,45"
85,200070233,CA Terres de Montaigu,,,74,,,0,1,"35,6666666666667","11,8","1,5","5,74","1,7","4,5","20,1",40,"6,24","6,67","16,1","86,5","-0,4","30,5666666666667","1,7","0,336320652066394","30,4633833973687","4,58051566579634","3,3",0,"2,57","75,9","19,7","59,2","2,32","0,7",1,0,"1,42611962644782","30,9972785701878","43,7","28,2",97,"11,99","86,58","3,70829785677712","0,4",0,"3,70715821812596","-4,1","44,3","-15,7270029673591","97,75","15,36","73,281","1,153","9,38",7,30,6,"8,6","44,3","85,8","22,57","2,3","-5,42","96,8","8,44","10,78","1,385","8397,252",59,2,"32,2","0,591",63,"17,4","13,97"
85,200071165,CA Les Sables d'Olonne Agglomération,,,86,,,0,1,27,"16,9","33,1","7,3","11,5","3,5","22,4","42,3","1,95","1,51","13,7","80,5","-3,7",55,"1,9","3,60492730348021","47,5102663092926","5,85423844642501","3,8",0,"3,42","99,6","24,7",78,"2,32","8,6",0,"16,0159380955131","1,94715342809335","44,9919925263579","74,7","13,9",162,"8,53","86,58","5,46713159928442","0,17",4,"5,14735226400614","-5,5","13,4","-13,4615384615385","54,4","19,58","41,991","0,961","9,11",7,"41,2","8,7","14,8",42,"83,1","17,82","2,9","-2,97","102,4","8,8","9,6","0,342","3057,687",,0,"29,5","0,68",231,"17,4","15,66"
85,200071629,CC Challans-Gois Communauté,,,94,,,"11,7985841562255",2,30,"12,7","6,2","5,33","33,59","6,3","19,9","34,3","6,53","8,99",17,86,"-1,4","34,3","1,4","0,27610689281136","33,9371214306317","2,77027027027027","3,1","0,43","2,76","112,9","23,3","57,3","2,32","1,2",1,"35,1963855692841","1,43580738854634","40,8112119985349","64,6","15,4",129,"10,56","86,58","5,3923885704612","2,37",4,"7,82402234636872","-1,3","41,5","-28,11004784689","88,29","14,18","58,883","0,852","13,59",6,"33,6","9,6","13,4","43,8","100,1","18,2","2,5","-5,39","94,5","10,18","11,18","1,381","3498,159",59,0,"30,5","0,305",134,"17,4","16,17"
85,200071900,CC Vendée Grand Littoral,,,85,,,"235,616822956267",1,"32,6","14,4","41,1","3,46","8,3","4,3","18,1","19,1","16,6","11,45","16,9","87,4","0,5","38,6666666666667","1,4","1,07260726072607","35,3023205921264","2,48386688919233","2,7","0,33","2,75",89,"25,1",33,"2,32","6,5",0,"36,259781000296","1,0512113629411","42,3692057468149","67,6","16,5",159,"10,59","86,58","5,34528136751564","0,55",0,"5,33540481913584","-1,4","62,2","-28,9428076256499","97,28","6,42","69,948","1,144","10,91",7,"32,2","8,4",14,"46,1",97,"21,51","2,5","-5,83","61,5","12,55","21,4","1,375","2541,881",54,0,"27,2","0,483",192,"17,4","16,96"
85,200071918,CC du Pays de Saint-Fulgent - Les Essarts,,,82,,,"194,741726918799",1,"37,25","12,5","1,6","6,5","3,32","5,9","24,3","41,8","12,73","12,4",16,"88,3","1,2","31,6","1,2","0,481894533939144","24,2290520195203","3,20040899795501","2,6","0,24","2,41","63,3","24,9","50,9","2,32",4,3,0,"1,10179022817905","28,045574057844","38,3","45,6",97,"9,06","86,58","4,30153817055341","0,69",0,"4,57900951835683","-1,4","46,5","-34,2068965517241","97,44","5,64","52,93","1,616","8,6",6,"28,6","6,4","8,9","43,4","87,3","24,61","2,2","-4,6","100,9","8,8","17,6","2,409","8236,028",58,0,"32,8","0,283",60,"17,4","13,85"
85,200071934,CC du Pays de Fontenay-Vendée,,,78,,,"193,369837048772",1,"41,6","17,8","6,4","11,07","0,62","9,4","29,2","45,8","14,37","11,87","16,4","85,4","0,8","32,3","1,2","0,279900355473451","29,3348105850769","1,58158045977012","2,3","0,44","3,08","89,1","12,3","35,1","2,32","11,8",2,"38,0622847054771","0,715338392630894","33,9556277056277","65,9","17,8",129,"14,97","86,58","5,73140199411386","4,76",1,"5,00770416024653","1,1","54,9","-12,962962962963","99,63","15,48","69,33",2,"9,09",8,"35,7","13,1","16,7",51,"70,3","24,27","2,7","-4,56","100,5","9,68","10,08","0,84","1243,506",58,1,"24,8","0,638",134,"17,4","16,89"
85,200072882,CC de Vie et Boulogne,,,93,,,"197,926719155526",1,"33,6","10,3","4,8","7,25","6,5","4,8","20,3",32,"8,94","6,44","15,2","90,4",1,"28,7","1,4","0,280510961505265","28,247493519068","5,44422626429654","2,4",0,"2,37","69,8","25,6","47,2","2,32","2,8",2,0,"1,18854616774173","30,8443617606021","48,9","31,4",100,"11,49","86,58","3,85009741212749","1,29",0,"4,32820790715528","-0,6","53,2","-19,727047146402","98,65","7,34","72,733","1,476","9,21",7,"26,8","7,1","10,7","38,7","81,7","25,12","2,3","-5,03","72,2","7,93","20,2","1,942","6052,598",58,0,"35,5","0,271",65,"17,4","14,1"
85,200073260,CC Sud Vendée Littoral,,,68,,,"251,984343041251",1,"34,75","19,7","31,1","5,9","1,72","5,5","24,9","31,5","16,5",18,"18,2","86,2","1,6","30,5","1,1","0,8445794174199","29,1811427655139","3,98740293356342","2,5","0,17","3,05","74,9","24,9","44,3","2,32","4,4",4,"66,8684033188729","0,55978961106861","40,5739646008385","62,2","21,5",138,"11,31","86,58","5,7995535795678","3,41",1,"5,72719648489489","-1,5","44,6","-27,25509214355","99,99","12,54","74,446","1,815","9,08",7,"34,9","11,2","14,6","52,7","87,7","25,39","2,6","-4,63","83,6","9,57","15,36","0,898","2654,937",55,0,"22,2","0,526",144,"17,4","16,82"
85,248500191,CC de l'Ile de Noirmoutier,,,92,,,0,2,30,"24,3","68,6","5,34","18,89","1,4","33,1",17,"7,43","4,49","17,1","78,6",-1,"34,3","2,1","7,11974110032363","40,9599046057535","6,16145695364239","2,9",0,"5,39","108,9","15,3","31,4","2,32","10,3",0,"43,5073633245915","1,34874427997508","70,093951229811","72,8",11,165,"16,34","86,58","6,00392688244687","2,16",0,"6,93099742046432","-9,8","11,7","-52,8089887640449","19,8","45,17","14,529","50,885","19,92",6,"41,5","11,8",14,59,99,"30,85","3,2","-6,89","119,1","4,75","33,5","2,157","1258,313",51,0,"23,1","0,64",287,"17,4","17,22"
85,248500258,CC Océan Marais de Monts,,,97,,,0,1,29,"18,7","56,6","5,1","22,56","3,6","16,2","26,4","7,91","4,51","17,9","84,6","0,7","34,3","1,4","1,33643518289363","35,4648176682075","5,72023945702738","2,8",0,"3,46","111,8","17,2","61,7","2,32","10,8",0,"72,3815421063967","1,38063223238352","57,1359223300971",75,"22,6",161,"11,04","86,58","5,984009247664","0,99",0,"3,98957414803672","0,7","34,9","-50,4132231404959","81,34","13,86","44,963","0,259","17,19",6,"36,3","10,6","16,1","46,1","86,2","21,63","2,7","-5,24","89,6","6,8",16,0,"2221,359",61,0,"28,4","0,337",232,"17,4","16,62"
85,248500340,CC Pays de Chantonnay,,,82,,,0,2,37,"15,3","3,8","7,62","3,63","6,6","27,2","36,3","16,62","9,57","17,5","88,8","2,1","30,15","0,9","0,344589937973811","22,1966155264371","2,96036721898791","1,9","0,1","3,02","69,5","23,9","40,9","2,32","6,5",0,0,"1,04804840469433","29,3091996014613",52,"29,3",109,"12,58","86,58","4,76549847421902","6,89",0,"3,87698744769875","1,3","47,8","-15,4684095860566","97,34","12,7","73,588","1,224","9,17",7,"30,4",9,"10,6","48,2","83,2","34,16","2,3","-5,17","83,4",8,"35,5","1,292","5778,396",56,0,"30,1","0,276",78,"17,4","15,71"
85,248500415,CC du Pays de la Châtaigneraie,,,79,,,"318,841544778034",1,"43,3333333333333","17,1","8,1","7,32","-0,41","8,7","29,8","38,3","18,9","15,66",17,"84,8","2,4","32,3","0,9","0,576738224927908","24,8168679469412","2,18265947888589","1,5","0,27","3,84","62,3","15,9","35,3","2,32","2,1",0,0,"0,422254877884796","34,3097284074515","44,3","30,6",130,"11,01","86,58","5,39596571868076","11,53",0,"3,06768363030381",-1,"75,6","-16,7950693374422","96,99","12,73","82,991","1,006","8,81",7,"31,3","12,8",14,"50,3","96,3","23,33","2,4","-6,25","103,3","7,71","24,14","0,641","2248,009",58,0,"21,7","0,518",118,"17,4","17,03"
85,248500464,CC du Pays de Pouzauges,,,78,,,"12,1021535540115",1,42,"15,9","3,9","6,38","-0,32","7,5","30,1","42,8","18,07","11,02","16,2","87,8","2,3","31,6","1,1","0,129076671542896","24,3702326773925","5,29906542056075","1,7","0,02","3,01",80,"23,7","44,1","2,32","3,1",0,0,"0,480532240895769","29,2778682704757","42,9","34,9",108,"14,29","86,58","4,334808532131","0,86",0,"4,3826154443151","0,6","63,5","-39,0666666666667","97,35","9,54","79,601","0,655","10,59",6,"30,4","8,6","11,1","45,6","86,3","21,77","2,2","-5,58","87,3","8,5","36,5","0,43","5209,038",55,0,"28,8","0,364",89,"17,4","17,4"
85,248500530,CC du Pays des Achards,,,88,,,0,1,"30,25","11,4","6,5","4,99","14,41","5,4",20,"27,1","12,07","13,21","14,2","89,8","-0,9","39,3333333333333","1,3","0,0991375037176564","29,5377514963583","3,2001361470388","2,1",0,"2,48","72,8","31,7","33,6","2,32","2,5",0,0,"1,13282990410806","33,7659802869132","47,5","26,4",104,"11,16","86,58","4,73297265527868","0,5",0,"2,91724247059444","-0,1","76,6","-33,1506849315069","98,12","7,34","69,564","1,171","9,17",5,"26,6","7,8","10,3",48,"82,8","19,68","2,2","-6,21",72,"13,22",21,"2,478","3790,378",58,0,"32,5","0,298",70,"17,4","14,09"
85,248500563,"CC Vendée, Sèvre, Autise",,,79,,,0,1,"45,3333333333333","17,2","9,7","5,07","-1,67","8,6","31,8","30,1","20,21","25,06","16,3","88,4","1,8","32,3",1,"0,308813538385523","24,5029505220154","0,676079734219269","2,1","0,77","3,71","78,3","13,4","31,2","2,32","3,5",1,"76,8522954091816","0,420056962011295","31,4746571618438","58,7",23,123,"13,09","86,58","4,90521341651739","1,24",0,"4,72895175736611","0,1","47,5","-4,68227424749164","99,44","14,88","78,837","1,751","11,17",7,"30,5","10,2","12,5","55,2","89,4","24,27","2,5","-4,14",58,"15,53","16,33",0,"1003,443",56,0,"22,8","0,617",115,"17,4","15,97"
85,248500589,CA La Roche-sur-Yon - Agglomération,,,85,,,"37,6220019740926",2,31,"11,8","3,1","17,56","7,64","5,6","18,5","48,9","7,28","2,83","18,2","82,2","-1,5","28,7",2,"2,83283242628544","37,8598833872089","4,52022370353632","3,3","0,01","2,64","91,1","32,4","74,6","2,32","3,6",0,"0,0086751889595756","1,84246513258343","35,5507833471619","68,6","13,3",107,"19,28","86,58","4,68047838949419","1,93",8,"4,2118685124674","-0,5","26,4","-6,89655172413793","91,23","13,49","62,631","1,385","10,06",8,"40,1",11,"11,7","44,2","79,4","37,16","2,7","-4,89","137,6","11,23","11,69","1,015","10958,954",56,2,"31,1","0,269",85,"17,4","17,99"
85,248500621,CC du Pays des Herbiers,,,77,,,"1,46072749893593",1,"36,5","10,3","2,4","8,14","9,29","3,9","23,6","42,5",11,"3,74","16,7","87,8","0,6","31,6","1,4","0,19517272786416","27,6087812561528","5,28987654320988","2,5","0,03","2,93","75,8","30,6","57,5","2,32","6,2",1,0,"1,56483317029438","35,5268980340097",48,36,99,"10,45","86,58","3,96380497955084","3,25",3,"5,7720073664825","0,6","46,4","-14,2056074766355","97,9","14,88","69,885","0,818","10,13",7,"32,6","7,5","11,4","48,9","79,8","26,48","2,3","-5,78","126,8","8,25","30,63","2,277","10261,711",56,0,"31,6","0,336",72,"17,4","16,89"
85,248500662,CC du Pays de Mortagne,,,58,,,"14,2023368481049",1,"38,6666666666667","11,9","3,3","8,61","6,31","4,9","23,2","46,9","10,3","8,1","15,7","87,8",1,"32,5","1,2","0,212509740029751","26,486373821062","2,6024720893142","2,3",0,"3,19","53,3","30,8","40,3","2,32","2,9",1,0,"1,49284296052011","28,5635908514213","40,7","33,3",106,"11,62","86,58","4,21690370439152","0,35",0,"4,36492976564475","-0,2","58,2","-12,2241086587436","95,02","8,54","79,213","0,738","11,02",6,"28,8","5,8","9,6","41,1","93,9","27,52","2,2","-5,05","85,2","9,64","17,18","1,771","4439,872",55,0,"32,1","0,507",83,"17,4","14,31"
86,200043628,CC des Vallées du Clain,,,58,,,"82,4635930400089",1,32,"10,8","2,6","6,39","2,02","5,2","23,6","35,5","14,95","14,8","12,7","91,4","2,6","32,4","1,5","3,31394064364092","31,1585064970667","1,35334625586615","3,8","0,01","2,95","88,8","19,8","27,2","4,02","23,1",1,"0,376611320354358","0,809411795634663","31,1358622934221","69,6","12,9",101,"23,94","51,21","4,83177956796306","1,84",0,"3,98627722995013","0,1",47,"-25,4032258064516","98,13","8,69","60,299","1,859","8,64",6,28,"6,6","14,6","46,3","74,7","21,84","2,4","4,96","46,6","18,31","18,94",0,"574,621",59,0,"30,2","0,717",86,"19,4","11,68"
86,200069763,CC du Haut Poitou,,,75,,,"164,306787200459",1,"35,25","13,9","2,9","5,47","3,88","7,1","24,5","35,6","13,52","18,88","14,5","91,2","1,6","32,4","1,3","1,50236085276864","27,4143302180685","0,879558478770513","3,9","0,92","2,15",92,"16,3",33,"4,02","9,4",0,"26,8021082482348","0,558401485432418","33,4746656047225","62,3","21,2",105,"12,57","51,21","4,32927816659805","3,82",1,"4,21275216138329","-2,4","61,2","-21,3523131672598",100,"5,65","78,011","2,79","6,8",6,29,"9,1","12,7","44,8","68,4","21,34","2,5","-3,96","47,8","20,74","27,96",0,"841,435",59,2,"25,3","0,538",79,"19,4","12,67"
86,200069854,CU du Grand Poitiers,,,63,,,"43,1224521865195",3,"35,4","14,1","3,1","17,85","5,94","7,6","24,9","47,1","5,59","3,15","18,5",75,"-2,9","30,9","2,8","4,66855305335562","39,8066129112373","3,05360477524343","4,2","0,1",3,"107,3","22,8","43,9","4,02",19,3,"9,41029949958922","0,928414299271304","34,0792302383659","73,9","7,8",96,"11,8","51,21","4,87984379267871","2,03",15,"4,04202291315574","-2,4","22,6","-20,3367875647668","56,43","7,12","57,389","2,127","8,19",8,"47,3",16,"12,3","41,3","62,7","32,43","3,3","-3,44","125,3","11,9","17,52","0,102","1376,872",,1,"25,8","0,628",80,"19,4","19,19"
86,200070035,CC du Civraisien en Poitou,,,54,,,"84,4444403179084",1,"40,4","22,3","11,5","4,48","1,09","12,9","34,6","34,2","30,87","31,37","17,6","84,9","0,9","31,6","0,8","1,15944197179938","20,7167042889391","0,135498320268757","3,1","1,37","3,74","82,2","15,8","47,8","4,02","11,4",1,"0,243404026484724","0,325525494994908","39,2784405004364","63,6","18,4",139,"19,95","51,21","6,61178146537792","13,84",0,"4,97693599007372","1,2","65,7","-26,0025873221216","98,38","9,48","77,187","1,614","8,63",5,"36,1","16,3","16,6","51,9","60,3","30,52","2,8","-2,71","76,3","15,74","26,37",0,"217,486",57,1,"20,4","0,568",153,"19,4","16,26"
86,200070043,CC Vienne et Gartempe,,,50,,,"102,536852948751",2,"38,8888888888889","23,2","14,6","5,35","2,48","14,3","35,9","35,8","28,33","39,96","19,3","81,4","-1,4","31,4333333333333","1,3","0,775314002170879","24,186748153019","0,561225056972931",3,"5,33","3,88","79,9","15,4","44,9","4,02","13,1",3,"7,2009646945801","0,23354582574448","43,2314300786254","58,6","15,6",141,"18,19","51,21","6,52752341159643","21,45",3,"5,33711243025655","-2,1",65,"-14,4842721287491","99,1","11,34","70,499","1,145","11,84",8,"38,4","16,2","14,7","58,3","54,8","32,95","2,8","-3,14","89,8","17,64","19,58","0,258","314,753",55,1,"20,5","0,358",176,"19,4","16,71"
86,248600413,CA Grand Châtellerault,,,58,,,"92,3514348573558",2,"35,875","18,9","5,8","12,13","-1,95","10,4","27,3","51,5","13,09","12,87","17,2",85,"-0,3","29,4","1,1","4,6526204136734","28,9371505006781","2,35404929577465","3,3","0,43","3,37","77,1","10,3","36,6","4,02","24,8",4,"4,03178404458571","0,63898779777904","33,3584887861708",55,"20,6",123,"11,32","51,21","6,44178110122233","3,74",1,"4,15125240847784","-0,6","43,4","-33,0607476635514","96,93","8,52","53,588","1,766","9,65",7,38,"15,8","20,1","43,5","54,7","32,45","2,9","-2,86","96,9","15,23","16,02","0,121","976,11",59,0,"20,7","0,545",120,"19,4","16,68"
86,248600447,CC du Pays Loudunais,,,75,,,"89,014409221902",1,"37,625","21,7","13,4","10,78","5,16","12,5","29,3","35,1","30,19","26,32","19,4","84,7","0,6","32,8","0,8","0,821287779237845","19,7078907435508","1,1515465341066","2,3","2,41","2,87","91,4","15,1","24,7","4,02","17,4",1,"19,7041217397426","0,282987196539765",36,"61,5",13,125,"18,47","51,21","6,649997660764","4,11",0,"5,63496806942853","3,8","62,5","-19,2575406032483",100,"3,61","72,376","2,559","7,48",6,"36,5","15,7","15,6","57,8","54,8","38,23","2,6","-4,94","78,4","14,09","33,02",0,"304,8",54,1,"15,5","0,411",132,"19,4","18,83"
87,200040814,CC Briance Sud Haute Vienne,,,52,,,"47,2957283680175",1,24,"18,8","14,9","2,89","3,51","8,3",31,"33,6","35,84","33,99","16,5","86,8","-1,7","31,8","0,9","1,31032976632453","24,0437158469945","0,0994099767566601","2,6","3,69","3,28","137,7","9,6","27,8","4,65","26,2",0,"26,8530538995012","0,361336804925052","41,0944206008584","59,1","17,3",112,"11,12","48,06","5,16046139610746","12,01",0,"4,03227577121528",-4,"87,4","-12,9129129129129","91,89","7,68","55,686","0,294","17,37",2,"33,1",13,"12,1","57,9","63,1","44,22","2,8","-4,21","50,5","24,18",29,"4,368","668,455",58,0,"29,6","0,155",116,"17,8","10,9"
87,200059400,CC Porte Océane du Limousin,,,52,,,"10,3813025210084",1,34,"20,5","7,2","11,82","10,74",10,"26,9","49,2","15,03","11,56","18,3","87,3","1,3","32,5",1,"1,01222455812505","30,056668349885","0,420689655172414",4,"0,6","3,5","157,6","12,8",40,"4,65","21,9",5,"41,0250419327311","0,826031384877427","41,8528277389545","60,3","10,2",123,"8,91","48,06","6,68920632448876","3,11",2,"5,06602561607039","-6,5","48,8","-30,9659090909091","92,55","6,06","50,276","0,608","15,6",5,"39,3","13,5",17,"50,2","63,7","24,6","2,7","-2,23","99,3","12,69","12,69","0,779","683,545",53,2,"24,4","0,204",141,"17,8","14,81"
87,200066512,CC Élan Limousin Avenir Nature,,,52,,,"428,663570728876",1,"35,5",19,"10,8","6,74","-3,35","9,9","32,2","37,7","21,29","25,67","15,9","90,2",1,"33,7",1,"2,44000145671729","25,8705488884517","0,431364617044229","3,3","0,58","3,64","154,8","12,4","24,6","4,65","49,2",0,"4,04798719047696","0,434293642748777","36,5555874748635","67,2","21,2",114,"11,17","48,06","5,34640519517884","2,55",1,"4,26663310076962","-2,3","64,8","-29,3814432989691","89,29","12,83","32,658","0,747","18,43",4,"33,3","10,7","13,2","51,2","60,6","35,14","2,5","-2,89","48,9","19,54","30,75","2,549","279,733",57,3,"28,4","0,166",115,"17,8","12,2"
87,200066520,CC Ouest Limousin,,,52,,,"45,5751766784452",1,"36,25","22,3",20,"3,12","3,64","13,6",34,"28,2","25,69","30,73","18,5","83,1","-3,2","32,15",1,"2,28671943711522","24,8980570880307","3,08945497630332","3,2","1,84","4,4","148,6","13,4","23,1","4,65","38,6",0,"97,855037786359","0,289777658444555","41,8948283355063","57,3","20,5",138,"8,19","48,06","6,76274546709329","9,67",0,"5,69819938515591","1,4","92,2","3,98773006134969","93,47","10,13","45,708","0,41",18,3,"35,6",18,"17,2","61,9","48,3","33,07","2,9","-5,46","64,1","20,25","25,13","0,88","40,852",54,0,"20,5","0,154",190,"17,8","15,83"
87,200070506,CC Pays de Nexon Monts de Chalus,,,52,,,"31,1807857581338",1,"33,5","21,5","11,8","2,17","20,37","11,2","35,2","37,3","22,22","31,46",17,"87,1","0,9","32,15","0,9","1,67516942054367","26,0019444744518","1,06782106782107","2,9","0,35","3,81","165,3","13,6","33,1","4,65",25,0,"62,8716350884275","0,542486632719927","40,9356725146199","63,1","20,2",125,"12,86","48,06","6,12459216519226","3,81",0,"5,07510729613734","-1,5","71,2","-19,1435768261965","98,6","8,5","56,022","1,149","16,41",3,"34,4","13,5",14,"57,1","59,8","37,31","2,7","-3,06",60,"18,47","23,33","0,761","126,706",58,0,"23,7","0,181",139,"17,8","13,06"
87,200071942,CC Haut Limousin en Marche,,,52,,,"71,2238452604306",1,38,"27,1","18,9","7,72","-3,56","15,7","39,6","37,2","32,29","32,31","20,6","78,3","1,7","34,05","0,7","0,803786728588015","20,6688128243874","1,11182749480622","2,4","4,71","5,81","98,6","11,5","24,8","4,65","11,5",0,"1,9540595932524","0,18229812462203","47,8550006519755","67,2","13,5",155,"8,87","48,06","7,38545819855062","5,36",2,"4,86023345620502",-1,"62,6","-24,2868785656072","97,91","10,83","66,252","0,299","14,27",4,"41,3",21,"18,7","63,8","49,1","33,13",3,"-4,65","92,9",16,"34,73","1,34","130,395",53,0,"19,9","0,168",229,"17,8","15,88"
87,248700189,CC du Pays de Saint Yrieix,,,50,,,"1,71141771315268",1,36,"24,5","9,9","5,34","6,33","12,4","31,5","43,1","19,52","11,01","18,5","80,4","-2,2","33,4",1,"1,15122111668448","28,5310734463277","0,251989389920424","3,6",0,"4,93","161,2","19,2","79,7","4,65","25,5",2,"97,1683385116142","0,492149712890648","46,1624026696329",67,"11,7",140,"8,56","48,06","6,6912462485617","5,76",1,"6,49505937058872","2,5","53,6","-23,4501347708895","94,03","11,82","56,286","1,646","16,16",3,"39,1",16,"13,9","46,1","60,3","38,98","2,9","-3,22","103,1","9,78","9,78",0,"237,566",52,0,"24,7","0,154",203,"17,8","16,77"
87,248719262,CC Gartempe - Saint Pardoux,,,52,,,"11,4166503043393",0,40,"25,6",21,"3,88",0,13,"31,2","31,4","34,18","35,84","17,9","85,5","6,4","33,3","0,7","1,75953079178886","19,0489432703003","2,82113821138211","2,4","0,34","3,91","147,9","8,3","27,3","4,65","26,5",0,"2,36984075398115","0,248861065852475","43,6125048243921","65,5","11,8",135,"6,07","48,06","6,57940964921988","21,51",0,"4,28040278853602","-3,3","69,5","-43,5146443514644","93,21","11,94","60,769","0,354","15,02",2,"38,4","17,8","12,9","55,6",53,"28,54","2,8","-0,96","52,2","16,5","44,17","1,955","81,05",56,0,"19,3","0,124",156,"17,8","14,54"
87,248719288,CC du Val de Vienne,,,52,,,"7,78338042009581",1,"30,5","14,6","2,4","6,55","6,74","8,4","24,7","46,7","15,59","6,79","13,1","90,9","-0,5","31,8","1,2","3,43452928549525","33,6924989639453","0,318650758051494","2,9",0,"2,45","186,7",16,25,"4,65","17,2",0,"0,38497772119669","1,1876281203569","29,825514701443",69,"9,9",110,"20,13","48,06","5,02789654075828","1,23",0,"5,63813999505318","0,1","55,4",-16,"89,78","2,09","56,775","0,699","14,77",4,"28,2","8,1","14,3","52,7","69,7","28,27","2,5","-2,93","42,7","7,44","16,67","0,613","292,821",60,0,"29,6","0,373",98,"17,8","10,46"
87,248719312,CU Limoges Métropole,,,52,,,"34,5016600844078",3,24,"15,1","2,9","20,23","2,84","7,7","22,2","59,2","2,68","1,13","17,5","78,7","-1,5","31,8","1,6","2,72270416660632","42,2393558315587","1,49971272216937","4,3","0,01","3,62","195,3","21,9","56,6","4,65","21,7",2,"0,0886484833425715","1,92292674733452","34,8552492071869","72,7","8,6",106,"7,7","48,06","5,53861794779402","1,64",13,"4,15843818875423","-3,3","13,4","-8,55614973262032","25,42","11,48","35,769","0,502","16,24",7,"48,6","17,6","14,1","40,7","54,7","41,46","3,4","-4,13","124,5","8,75","11,25","0,483","621,461",,1,"25,5","0,294",106,"17,8","17,96"
87,248719338,CC Briance-Combade,,,52,,,"94,400936329588",1,39,"25,1","15,3","3,9","7,45","15,3","40,7","32,3","32,77","47,68","18,8","83,4","-2,1","33,4","0,7","1,48698884758364","23,5844287158746",0,"2,4","0,6","5,58","118,2","11,9","38,6","4,65","32,9",0,"35,4400636340184","0,280452607314689","37,7496793109767","64,4","5,6",135,"2,8","48,06","7,41468844702005","3,72",0,"6,59136583550428","-0,6","59,1","-28,2722513089005","95,26","8,52","54,264","0,168","17,24",2,"40,4","17,2","12,2","61,7","61,1","38,85","2,8","-5,98","61,9","23,7","40,9",0,"49,478",55,0,"23,3","0,19",192,"17,8","13,9"
87,248719353,CC des Portes de Vassivière,,,52,,,"108,768461673391",3,"37,6666666666667","26,7","32,1","4,55","1,57","10,9","34,6","34,5","34,8","48,79","20,8","69,3","-7,4","34,1333333333333","0,8","1,05300105300105","23,462783171521","0,010752688172043","2,2","9,91","5,27","153,8","17,4","33,4","4,65","55,6",0,"99,9502581200258","0,154691636912868","58,9459084604716","66,1","11,4",151,"17,79","48,06","7,30827668425325","8,78",0,"4,81729403409091","-6,8","56,5","-17,5824175824176","88,96","8,05","34,118","0,207","20,27",3,"41,9","21,6","21,4","62,4","43,5","69,67","3,2","-3,56","94,2","30,42","43,92",0,"183,773",54,0,"15,5","0,134",217,"17,8","15,65"
87,248719361,CC de Noblat,,,52,,,"95,4253559553244",1,"33,5","23,1","8,6","5,95","-9,67","11,2","29,6","41,3","26,34","27,47","16,4","91,4","4,7","31,8","0,9","2,04342273307791","27,8949228413241",0,"3,5",0,"3,41","108,8","11,4","34,8","4,65",28,0,"2,36680777431017","0,416835519875004","39,312244386946","65,1","14,4",122,"8,48","48,06","5,83044371108194","5,11",0,"4,65921929011045","-0,4","67,9","25,8215962441315","91,15","7,88","58,825","0,399","16,6",5,"36,3","12,2","13,8","57,2",46,"38,65","2,7","-2,82","55,2","9,92","23,42","0,851","48,41",57,0,"27,6","0,18",129,"17,8","12,63"
88,200005957,CC de la Région de Rambervillers,,,55,,,"104,421804628048",2,"43,5","25,2","3,6","6,77","-5,03",13,"27,8",46,"18,12","17,64","18,5","85,7","0,5","31,2","0,9","0,545468713473077","27,0746230837451","0,0711811691524705","2,7",0,"1,56","106,1","21,5","24,9","3,31","49,2",2,"7,07069447822914","0,303563218270911","38,379854368932","55,9","20,2",118,"15,11","47,78","7,42782960505426","3,12",0,"5,22510922051046","1,8","59,8","-14,7208121827411","96,12","9,44","41,179","0,746","11,95",3,"34,7","18,9","19,4","58,3","57,5","21,51",3,"-9,31","76,6","7,67","28,47",0,"191,141",58,0,"18,6","0,667",95,"19,8","18,56"
88,200033868,CC des Ballons des Hautes-Vosges,,,55,,,"86,0576425752008",2,39,"23,8","17,2","10,64","-6,97","8,9","25,1","48,2","7,29","11,22","19,7","84,3","-1,7","31,6","0,7","1,31007377783907","25,5463917525773","5,49231325737023","2,2","0,36","4,83","64,1","7,5","34,3","3,31","72,4",0,"39,2077327018122","0,659828850034883","45,7722812205942","63,4","21,8",128,"7,3","47,78","7,51577166299591","1,38",1,"7,04499437570304","6,2","28,7","-3,84615384615385","62,64","17,06","20,755","0,059","17,71",4,"39,1","15,3","17,4","39,8","74,2","30,82","2,6","-6,72","77,9","24,88","26,13",0,"51,082",61,0,"16,1","0,275",153,"19,8","15,74"
88,200042000,CC Bruyères-Vallons des Vosges,,,55,,,"79,5869987279909",1,39,"23,5","6,6","7,22","1,26","10,6","26,4","44,3","14,41","14,85","19,5","87,6","-0,3","31,4",1,"0,877903835764452","28,8069152678661","0,184239733629301","2,5","0,07","2,7","76,5",27,"30,3","3,31","53,9",0,"0,570357658959538","0,327695338002277","38,8433033350979",64,"5,7",115,"8,57","47,78","6,70828816515059","2,03",1,"4,2905311778291","-1,6","72,2","-4,06976744186047","85,38","4,8","35,051","0,375","12,89",3,"35,5","13,6","17,6","57,2","63,9","26,34","2,7","-8,51","60,1","7,82","21,15","0,675","281,895",58,0,"19,3","0,81",110,"19,8","15,47"
88,200068369,CC de Mirecourt Dompaire,,,56,,,"56,0754310344828",1,"38,5","22,9","3,4","12,69","-0,28","14,2",26,"46,1","19,86","17,75","18,9","86,1","2,3","31,2",1,"1,57258283173364","27,067365873336","0,232524828113063","2,9","0,49","2,71","94,5","15,8","48,7","3,31","22,6",0,"2,09934080698661E-05","0,26378027134257","37,4001452432825","66,4","12,1",116,"9,97","47,78","6,34034209992563","2,17",0,"7,66335384129989","-0,5","67,8","2,77777777777778","99,14","9,84","62,146","0,75","11,37",5,"37,1",13,"14,3","61,1","68,6","29,07","2,7","-4,24","76,6","10,72","25,46","1,085","417,056",60,1,"20,6","1,063",101,"19,8","16,61"
88,200068377,CC de la Porte des Vosges Méridionales,,,55,,,"69,6938101788171",1,"39,6666666666667","23,9","6,5","15,41","-3,59","10,5","22,7","58,1","8,09","7,06","20,5","82,4","1,6","31,6","1,2","1,17172691870283","32,9315845444878","2,01316304560579","3,5","0,04","4,14","108,6","27,5","65,2","3,31","59,4",1,"53,0773873185638","0,627485751888646","46,8378586494359","67,4","21,3",119,"9,64","47,78","6,28352784577872","2,41",1,"6,49150001703403","-5,4","25,5","-17,8899082568807","65,81","17,46","24,995","0,125",15,3,"41,3","14,8","15,5","41,8","89,1","29,09","2,9","-3,83","114,6","8,1","8,1","0,689","494,158",59,0,"23,6","0,328",139,"19,8","15,56"
88,200068559,CC de l'Ouest Vosgien,,,54,,,"97,1425484094052",1,40,"24,1","4,1","14,18","-2,14",13,"28,7","45,4","22,52","23,91","19,7","83,9","0,6","31,5333333333333",1,"1,95771339075959","26,5009810333551","0,526756256538183","2,9","3,43","3,05","86,5","14,5","55,3","3,31","43,2",2,"4,17684011715435","0,234285091016165","42,9146367295065","64,7","18,7",121,"9,15","47,78","6,51129706343759","2,61",0,"5,41669526424159",-3,"45,1","-10,6060606060606","96,19","6,75","49,386","0,983","9,88",4,"38,6","15,9","15,3","56,9","74,1","30,45","2,8","-8,09","95,9","14,55","14,75",0,"130,481",54,1,"17,4","0,499",126,"19,8","17,08"
88,200068682,CC Terre d'Eau,,,56,,,"143,335152078013",1,"40,75","25,2","7,9","12,24","-0,68","12,3","25,7","47,8","18,49","12,21","20,8","84,5","2,1","31,2","1,1","1,11482720178372","30,5201831044528","0,363289029793115","3,3",0,"2,93","111,8",14,"44,3","3,31","31,9",0,"11,7796309183845","0,463347508860515","43,1921714189303",60,"19,8",119,"15,12","47,78","6,76451795306757","3,52",1,"5,45603618886062","-2,5",66,"36,8663594470046","96,02","16,63","53,329","0,462","12,06",4,"39,5",12,16,"57,4","85,3","30,98","2,8","-7,16","114,2","12,04","12,49","0,587","245,768",53,0,"21,2","0,476",139,"19,8","17,19"
88,200068757,CA d'Epinal,,,55,,,"82,4560211605703",2,"38,6666666666667","20,3","3,6","18,93","-0,02","10,3","22,5","58,6","8,05","6,84","17,7","82,4","0,3","31,4","1,6","2,27068365743558","36,769466927156","0,807868263059035","3,7","0,07","3,54","119,7","34,8","70,5","3,31","46,1",3,"1,39304096265796","0,507059519975629","39,5349453578465",68,"12,6",108,"14,54","47,78","6,25803111503238","2,72",7,"5,39182106673139","1,5",37,"-4,87062404870624","88,39","7,22","38,551","0,591","12,48",5,"40,2","15,8","17,4",46,"73,2","26,48",3,"-4,25","106,1",10,"18,55","0,454","903,517",61,2,"21,9","0,518",102,"19,8","17,15"
88,200068773,CC des Vosges côté Sud Ouest,,,55,,,"108,77600548838",1,"39,25","25,5","14,3","6,33","-1,13",14,"34,7","31,6","36,72","44,42","20,2","81,6",3,"32,65","0,5","2,33483223797994","22,3368583956668","0,21550759392486","2,4","5,1","3,46","72,1","7,6","21,5","3,31",42,0,"21,256049343666","0,136207946062472","43,0875188980346","65,6",6,133,"12,74","47,78","6,59915134961056","2,59",1,"6,39475661684896","0,3","81,3","-30,1181102362205","98,48","12,43","54,12","0,6","12,76",3,"38,4","17,2",20,"65,7","46,3","35,37","2,9","-6,36","69,9","25,02","25,82",0,"31,077",54,0,"14,6","0,38",160,"19,8","17,8"
88,200071066,CA de Saint-Dié-des-Vosges,,,55,,,"73,6045424181697",1,"39,5","24,4","10,1","14,11","-1,63","11,2","27,2","51,5","10,19","11,3","19,8","84,2","-0,8","34,6","1,2","5,97481260192126","32,2728879462708","1,65881924198251","3,3","0,78","3,56",147,"19,8","55,5","3,31","70,4",1,"38,850652464469","0,31464455357561","41,5627597672485","64,2","17,6",118,"8,89","47,78","7,09870382130985","1,64",4,"5,40424793410496","-3,4","39,4","-26,9230769230769","58,4","28,99","13,757","0,181","15,66",5,"40,1","17,3",21,"44,5","62,7","29,59","2,9","-5,73","88,2","10,13","17,62","1,096","564,047",60,0,20,"0,428",126,"19,8","16,69"
88,200096634,CC des Hautes Vosges,,,55,,,"76,0483124075047",1,"41,3333333333333","22,2","30,2","7,36","-0,14","6,2","21,7","38,7","13,97","9,86","17,7","88,1","1,9","31,6","0,8","1,29471564208305","30,5514472850201","2,8021116976938","2,7","0,12","2,88","65,9","18,9",38,"3,31","71,8",0,"83,8966637142014","0,443104804795661","44,3872778297474",58,"24,1",128,"7,94","47,78",,"1,92",2,,"3,1",31,"-12,5","62,92","22,41","15,903","0,011","17,88",4,"36,3","11,3","13,5","42,8",74,"33,85","2,6","-3,85","85,1","15,43","17,86","0,48","532,741",,0,21,"0,282",152,"19,8","15,99"
88,200096642,CC Gérardmer Hautes Vosges,,,55,,,"92,2035641332676",2,"41,5","22,2","38,7","12,97","-0,44","5,9","26,1","47,5","10,69","9,49","17,7","78,4","-2,2","31,6","1,3","2,14438884917798","36,8482531591802","2,57828282828283","3,5","0,73",5,"109,3",26,"54,7","3,31","72,7",0,"76,5143926746598","0,493984462485896","60,5854785030225","64,5",15,134,"8,64","47,78",,"1,43",5,,"-2,4","17,2","24,390243902439","44,43","34,86","7,821","0,146","18,46",3,"40,5","12,8","14,7","49,6","73,3","35,88","2,9","-1,34","118,4","9,38","25,75",0,"639,136",,0,"26,3","0,23",180,"19,8","15,57"
89,200039642,CC Le Tonnerrois en Bourgogne,,,63,,,"123,864736842105",2,"36,1666666666667","28,8","14,8","13,6","-0,79","17,4","36,3","53,1","23,15","30,21","21,7","73,4",-2,"36,9","0,8","0,132117849121416","23,969100206724","7,07891414141414","2,6","2,82","4,62","83,2","2,1",30,"3,67","38,8",1,"0,284842897555062","0,0706423100993431","42,1667415441884","70,5","10,8",136,"9,8","52,69","7,76716568757501","5,28",1,"6,35607352662498","-0,9","53,8","-45,1965065502183","97,48","18,55","51,616","2,365","7,23",3,"41,8","17,4","20,8","60,3","71,1","65,86","2,9","-4,38","95,1","14,44","15,85",0,"60,972",55,0,"17,3","0,312",168,"16,6","16,63"
89,200039709,CC du Serein,,,68,,,"64,100311703032",1,35,"25,7","26,4","3,81","-5,69","12,9","42,2","35,6","38,41","58,65","19,7","83,7","1,3","36,9","0,7","0,283969899190686","21,6301648227591","0,0514626218851571",2,"1,93","2,84","67,1",6,"7,2","3,67","28,4",1,"1,64346050964381","0,460295670282661","41,4012738853503","71,3",10,115,"13,59","52,69","6,70766081294396","8,52",0,"8,53687845303868","-2,8","81,8","-20,7142857142857","97,46","18,42","63,301","1,662","8,51",3,"39,3",13,22,"65,1","32,8","69,71","2,9","5,47","71,5","18,11","18,66",0,"40,155",55,0,"12,9","0,277",177,"16,6","15,24"
89,200039758,"CC Avallon, Vézelay, Morvan",,,58,,,"111,57215546173",1,36,"25,5",19,"15,17","3,21","13,3","34,6","40,9","26,79","27,35","20,2","79,4","1,4","37,3","0,7","0,594980527909996","25,3293807641634","2,3740295517155","2,7","7,17","4,33","73,7","8,6","34,4","3,67","44,5",0,"48,7204061109504","0,185970345330466","50,3927046544726","61,3","24,9",129,"7,59","52,69","7,28832901032198","8,11",3,"6,2249613971567","0,5","54,7","-7,4468085106383","97,51","14,99","42,759","0,793","15,4",4,43,15,20,"58,9","64,3","71,18","2,9","-3,67","106,4","12,85","12,85","0,541","92,773",53,0,16,"0,274",155,"16,6","15,63"
89,200067080,CC Chablis Villages et Terroirs,,,62,,,"106,084874640362",2,"33,6666666666667","24,3",15,"4,62","-4,94","14,6","37,3","43,2","21,07","33,95","19,9","82,3","2,1","36,9","1,1","0,341576718130892","24,4652406417112","2,3038038038038","1,9","0,43","2,05","72,4","8,2","11,4","3,67","33,5",0,"1,55577894541215","0,160964355159483","42,2864003201494",45,"7,1",111,"13,72","52,69","6,30147009577389","4,1",2,"7,11720581340835","-0,9","69,7","-26,6666666666667","97,63","19,66","53,729","6,074","8,54",6,"36,8",11,"15,3",51,"62,9","47,48","2,9","-4,53","79,4","18,58","19,33",0,"506,903",57,0,"19,9","0,293",112,"16,6","12,93"
89,200067114,CA de l'Auxerrois,,,42,,,"88,0908325081655",2,28,"18,6","3,3","20,95","2,78","10,9","25,6","56,2","4,96","3,37","17,7","78,6",-1,"36,5","1,6","3,39645944833265","36,5499849617102","3,04213934466138","2,7","0,01","2,65","114,9","17,8","68,7","3,67","23,7",2,"1,34507992407784","0,533380136032338","41,0007840900991","69,1","11,9",118,"11,23","52,69","5,75580382077869","3,68",4,"3,981626833642","0,7","32,6","11,875","44,31","18,96","51,989","3,022","8,87",6,"44,3","14,6","16,8","44,8",66,"43,82","3,1","-2,1","134,6","9,86","9,97",0,"712,667",59,1,"22,7","0,489",118,"16,6","16,06"
89,200067130,CC de Puisaye-Forterre,,,55,,,"138,596521997622",1,33,"27,6","21,2","5,62","-4,77","13,2","35,4","30,9","30,99","35,49","21,7","81,6","1,8","37,65","0,9",0,"24,5559845559846","0,555689557321226","1,7","4,82","3,28","79,6","11,3","9,2","3,67","27,5",0,"2,2754301023391","0,129823622284155","44,2116321825663","65,4","21,4",141,"12,42","52,69","7,13499171401021","4,47",2,"6,08500131490518",-1,"85,4","-21,0766423357664","98,11","11,41","56,972","1,726","9,12",4,"40,5","15,7","18,1","56,7","63,9","49,61","2,9","-3,91","70,3","23,56","26,07","0,596","182,099",,0,"16,2","0,2",170,"16,6","15,71"
89,200067304,CC Serein et Armance,,,60,,,"98,3303544831695",2,30,"22,2",8,"8,24","-2,6","11,2","35,1","44,7","11,07","20,19","19,4","85,2","-0,6","36,5","0,8","0,256180350967081","25,4684894964988","2,498445998446","2,3",0,"2,56","101,1",14,"27,9","3,67","28,9",0,"0,115883496805351","0,224897551465023","34,5217172985187","44,7",43,116,"9,67","52,69","6,87914046494002","2,56",0,"4,9041697753461","-1,4","52,9","11,3636363636364","74,02","2,78","59,186","2,118","7,63",6,"35,7","13,7","19,7","44,2","58,5","35,35","2,6","-6,84","74,6","8,14","22,21",0,"392,501",55,1,"17,2","0,348",109,"16,6","16,48"
89,248900334,CA du Grand Sénonais,,,51,,,"128,973674920571",4,"28,5","19,6","4,3","21,99","1,44","9,7","25,9","53,8","5,83","2,86","16,8","74,4","-1,1",38,"1,4","4,08939927559213","30,2438185829298","2,95406451612903","2,7","0,57","3,34","143,4","16,2",44,"3,67",28,0,"0,252551088375563","0,680468872831945","40,3735327249278","63,3","16,1",118,"9,37","52,69","7,14114666891835","3,17",3,"4,19641982605759","3,1","28,1","24,1025641025641","34,22","18,68","53,773","2,376","6,18",6,"39,2","18,4","21,4","42,8","58,6","31,43","3,2","-4,79","114,6","6,22","8,59",0,"525,036",60,4,"16,6","0,391",97,"16,6","17,64"
89,248900383,CC de l'Agglomération Migennoise,,,66,,,"45,5352305376933",4,27,"22,7","2,9","18,17","-3,41","12,3","28,5","62,1","1,43","5,94","19,6","82,4","-3,3","36,5","0,7","0,13934369121438","26,4938804895608","2,83703859060403",2,0,"2,09","105,5","20,2","34,4","3,67","9,6",0,0,"0,307901267237025","30,2760463045414","57,9","45,7",119,"10,57","52,69","7,36290973296755","3,48",1,"5,05874144461426","-2,2","32,6","-38,5964912280702","31,81","11,66","56,105","2,373","6,82",6,"37,8","19,6","23,2","49,1","62,6","31,21","2,8",-7,"87,3","4,25","10,75",0,"867,868",60,0,"18,3","0,831",94,"16,6","16,07"
89,248900524,CC de l'Aillantais en Bourgogne,,,63,,,"50,8642934408496",1,"34,3333333333333","20,8","12,6","2,9","-1,47","10,1","31,4","40,5","21,25","22,49","17,3","85,9","-1,4","36,5",1,0,"28,5445873681168",0,"1,3","7,09","1,98","83,7","17,7","14,6","3,67","27,3",0,"0,347208121827411","0,273194496159833","37,2760547100751","63,4","16,5",117,"16,78","52,69","5,78901950803434","0,99",0,"4,85102080123267","3,2",82,"17,6470588235294","64,63","13,98","59,503","2,146","8,73",3,"33,7","9,7","12,3","51,3","51,1","41,22","2,6","-1,48","39,6","18,23",18,0,"382,393",58,0,"21,4","0,288",111,"16,6","13,49"
89,248900664,CC de la Vanne et du Pays d'Othe,,,52,,,"2799,72573789847",1,34,"21,8","15,3","2,03","-2,53","12,7","37,8","31,8","32,03","54,11","18,2","86,4","2,5","37,25","1,1",0,"23,6069608015468","0,0277464471012858","1,3","10,17","2,32","62,9","5,7","21,6","3,67","27,5",1,"0,803515566810666","0,218918959535689","36,3574196489629","59,7","10,1",120,"21,12","52,69","6,45136169012215","4,65",0,"6,84282063197026","-0,5","75,6","-18,8775510204082","94,6","22,93","59,973","2,278","6,26",3,"33,7","12,7","18,8","52,2","41,6","36,01","2,7","-6,44",45,"21,05","25,45",0,"242,763",57,1,18,"0,189",121,"16,6","12,6"
89,248900748,CC du Gâtinais en Bourgogne,,,36,,,"88,7442258340462",2,"29,6","17,7","15,9","3,52","-3,73","7,9","28,4","31,7","21,17","23,78","15,5","85,9","3,4",38,"1,1",0,"25,620509470934","0,125068756875688","1,4","0,17","1,7","102,3","10,9","16,1","3,67","17,8",1,"1,13392304070963","0,447860502705211","30,9226654780477",51,"47,4",115,"11,22","52,69","5,72492188011256","1,14",0,"6,01809436555199","2,2","87,4","-28,0254777070064","44,82","2,03","67,687","2,8","5,67",3,"30,1","9,4","17,4","48,6","48,5","30,25","2,6","-5,22","59,5","15,42","17,5","1,135","276,354",60,1,"16,8","0,314",88,"16,6","12,03"
89,248900896,CC Yonne Nord,,,37,,,"677,872027972028",2,28,"18,9","8,6","5,21","3,43","9,4","29,1","43,8","8,22","13,43",17,"81,6","2,5",38,1,"0,163706310878284","26,7057010785824","0,295198163122691","1,2","0,01","2,46","104,7","11,3","17,5","3,67","15,7",0,"0,0823424735096659","0,344981831228667","33,5796915167095","71,4","11,6",109,"9,67","52,69","6,18607516584135","1,64",2,"4,81564748201439","-0,5","72,4","-18,6274509803922","41,47","8,8","66,057","2,763","5,96",3,"32,7","10,3","17,5","48,4",64,"29,3","2,6","-6,34","36,4","14,96","14,96",0,"314,107",61,1,"14,3","0,251",91,"16,6","11,73"
89,248900938,CC du Jovinien,,,63,,,"150,843606032685",3,29,"23,1","8,9","14,11","0,68","13,1","30,1",58,"13,34","9,42","18,7","78,3","-0,6","37,25",1,"0,0975609756097561","31,147416988125","0,705636877247047",2,"0,98","2,44","105,3","12,8","19,7","3,67","39,7",2,"3,06115351993215","0,316380877576843","38,4997398666225","60,2","14,8",121,"6,23","52,69","7,3167343736201","3,41",1,"5,82990156450616","-3,5","45,9","-10,5263157894737","40,04","2,89","46,012","2,699","7,5",4,40,"18,7",20,"51,6","48,6","36,1","3,2","-5,41","102,8","7,84","9,63","0,488","519,321",55,2,"18,7","0,298",105,"16,6","17,55"
90,200069052,CA Grand Belfort,,,32,,,"42,93272468016",2,"34,6",15,"1,6","24,82","-4,07","10,5","20,9",69,"1,84","1,08","15,9","76,6","1,1","27,2","1,5","3,5386541285941","38,4398098814296","4,31983189913948","3,2",0,"3,65","150,5","27,8","61,3","5,65","33,3",3,"8,88552841816937","1,62257651408922","37,3362677245919","68,4","11,7",102,"11,77","51,9","5,77566148353729","2,46",2,"3,64403537898426","-1,7","16,9","-52,7918781725888","21,7","2,22","34,086","0,72","12,34",6,"42,2","18,1","15,6","40,8","41,6","23,28","3,5","-5,43",111,"7,69","13,08","0,197","2841,533",,0,"21,5","1,18",83,"12,7","18,8"
90,200069060,CC des Vosges du Sud,,,32,,,"137,240658392513",2,"35,3333333333333","18,6","4,1","9,44","-2,95","9,2","26,5","48,7","8,22","9,88","16,5","87,7",1,"27,2","1,2","5,98165625415393","35,1346153846154","1,5359820089955","2,8","0,04","2,66","115,4","17,1",26,"5,65","64,8",0,"87,0235172651142","0,569500159655308","33,6787564766839","62,4",34,112,"18,23","51,9","5,61333988856113","1,99",1,"4,63218616846935","-1,4","45,2","-41,1764705882353","52,42","15,48","18,743","0,215","22,31",5,"32,3","10,6","13,3","50,1","50,2","23,79","2,8","-3,13",55,"10,09","25,09",0,"239,637",64,0,"21,9","0,636",110,"12,7","13,8"
90,249000241,CC du Sud Territoire,,,32,,,"58,8212212381881",2,"35,3333333333333","20,2","1,5","14,35","-4,82","9,9","25,5","57,4","8,63","6,08","18,3",89,"2,7","24,8",1,"4,36718253126988","35,2407187128279","2,09344894026975","1,6",0,"1,7","91,4","15,9","28,6","5,65","37,2",0,"18,7326509368494","0,684994081079521","28,8935281837161","55,3","30,3",102,"11,44","51,9","6,62541591665303","2,12",0,"4,65461796275084","-4,2","54,2","-32,1100917431193","57,7","5,49","43,159","0,783","12,46",5,"34,3","12,4","17,8","46,5","40,3","19,16","3,3","-7,98","50,9","7,33","17,44",0,"427,557",60,1,"15,9","0,714",91,"12,7","15,22"
91,200017846,CA Étampois Sud Essonne,,,12,,,"87,2271567676332",7,"32,2","13,5","3,3","13,18","8,9","8,9",24,"43,7","6,96","5,1",13,68,"-1,1","36,3","1,6","3,45580862340639","35,0471240254251","1,49060520760028",2,"0,03","2,15","87,9","11,5","38,3","2,4","11,3",1,"20,3578253235883","0,416590784762766","37,3768984600152","71,5","10,7",97,"11,68","44,65","5,34662434719498","1,25",0,"4,81747229687443","-3,7","23,9","-23,2375979112272","35,16","11,09","74,456","3,638","5,44",5,"33,1","12,9","15,2",44,"47,2","21,08",3,"-7,91","70,1",11,"11,68",0,"4572,747",69,1,"19,6","0,209",61,"8,5","12,29"
91,200056232,CA Communauté Paris-Saclay,,,32,,,"0,735197711870306",7,11,"7,6","2,7","27,15","11,94",6,"19,3","46,2","1,7","0,14","8,8","58,8","-2,5","22,6",3,"2,02693191948576","51,9263701017989","4,236380642845","2,4",0,"2,56","86,7","19,4","63,1","2,4",15,1,"4,0761119734518","4,22658973911464","34,3275095946455","51,2",9,86,"5,72","44,65","3,85172953107398","0,41",4,"2,59940659431617","-5,6","0,2","-27,5641025641026","2,78","17,75","23,738","3,514","6,59",6,"36,8","11,3","10,4","41,6","69,8","19,16","3,7","-3,71","108,9","2,37","5,48","0,031","7262,451",,0,"26,4","2,353",64,"8,5","13,06"
91,200057859,CA Coeur d'Essonne Agglomération,,,50,,,0,8,"26,75","8,8","1,2","25,47","8,16","6,1","20,2","54,1","0,22","0,07","10,7","63,8","-0,3","22,6","1,9","1,72580389291363","44,4771312389795","2,45895696088251","1,9",0,"2,31","106,4","18,3","50,6","2,4","17,1",1,"3,54095166729112","3,56002992836057","32,9073041067439","66,6",20,89,"6,84","44,65","4,38470956929401","1,25",1,"2,78459038484404","-11,3","2,3","-13,8461538461539","3,68","14,87","21,077","3,181","6,52",5,"32,1","13,3","20,3",39,"52,3","15,23","3,3","-0,85","67,8","1,95","5,86",0,"7884,129",,0,26,"2,386",55,"8,5","11,96"
91,200058477,CA Val d'Yerres Val de Seine,,,19,,,"43,9486110404908",9,11,"10,5","1,2","24,93","1,15","6,2","22,1","55,1","0,53",0,"9,7","49,8","0,9",27,"1,7","1,40485743506749","45,5118204013577","1,98188858662353",2,0,"2,47","89,8","12,9","46,7","2,4","32,4",0,"0,390524585263787","1,11697100997947","32,3261342820714","82,9","9,3",100,"12,58","44,65","4,64333537000253","0,79",0,"3,08993576017131","4,5",0,0,"0,15",,"3,15","2,514","5,56",5,"31,5","14,1","14,4","37,6","55,6","19,85","3,5","-4,87","44,1","0,44","2,89",0,"2056,1",,0,"23,8","3,164",62,"8,5","12,77"
91,200059228,CA Grand Paris Sud Seine Essonne Sénart,,,2,,,"156,930275342221",13,11,"7,6","1,2","30,62","5,21",6,"18,4","49,6","0,73","0,03",10,"60,2","1,1",27,"1,9","1,59546179755363","44,028054920156","3,93052772211089","2,1","0,01","2,19","125,8","20,9","64,7","2,4","18,6",3,"5,30603428879989","4,05532566870348","34,8103093974631","61,3",20,90,"7,42","44,65","5,00289048066744","2,83",4,"3,03351350737218","2,1","3,3",-25,"3,33","6,95","21,812","4,048","5,61",6,"32,9","19,3","16,9","34,6","46,3","21,59","3,4","-6,87","98,7","1,78","5,09",0,"6324,506",,9,"20,1","1,235",41,"8,5","15,16"
91,249100074,CC du Pays de Limours (CCPL),,,50,,,"29,2032478506871",2,"32,6666666666667",8,"1,9","4,27","28,49","5,9","22,8",46,"1,91","2,52","9,7","80,7","-0,8","22,6","2,8","3,70098937339685","46,6731266149871","1,9343210968598","2,3","0,26","2,2","71,8","14,4","33,9","2,4","25,4",1,"48,7313557901793","0,970706196701467","35,0340258524466","66,6","8,2",99,"23,85","44,65","3,60087278730919",,0,"3,47862512622957","8,9","36,3","-36,6197183098592","37,44","19,66","52,275","2,905","6,8",4,"25,2",5,"9,9","46,2","67,8","20,92","2,7","-3,63","49,5","3,43","11,29","0,366","5456,739",68,0,"32,6","1,134",71,"8,5",9
91,249100157,CC des 2 Vallées,,,0,,,"66,3358819728624",3,"36,4",14,"6,6","2,33","38,52","8,9","26,6",46,"4,78","4,22","12,4","81,3","1,2",27,"1,8","2,94101919683439","38,8055130168453","1,1203007518797","1,7","0,01","2,67","93,9","17,2","30,3","2,4","36,4",0,"99,9646223916958","0,48863337145624","43,6908517350158","64,2","17,9",110,"14,71","44,65","4,81964016201565","8,02",0,"5,12909659335921","-10,4","28,5","-40,625","37,62","19,71","49,411","4,39","6,71",4,"30,2","5,7","11,5","45,3","60,2","27,06","2,7","-2,36","52,4","7,13","20,67",0,"5162,461",63,0,"22,7","0,585",103,"8,5","9,72"
91,249100546,CC du Val d'Essonne (CCVE),,,2,,,"99,8624548561064",4,30,"8,8","1,7","15,3","15,78","6,3","20,1","55,6","2,56","0,87","11,3","78,3","2,4",27,"1,8","2,48621426067","42,4409682688976","2,38404833167055","1,8",0,"2,07",100,"21,4","49,6","2,4","25,6",0,"79,4069833410697","1,94224341245737","31,4842108564082","73,1","9,5",94,"6,93","44,65","3,85047180692063","0,16",0,"3,46922910458942","1,5","25,8","-11,4583333333333","29,57","6,8","48,175","4,092","5,65",5,"28,2","6,4","11,9","42,3","59,1","20,75","2,7","-1,94","45,5","3,48","12,62",0,"4662,893",70,6,"25,6","0,823",65,"8,5","10,17"
91,249100553,CC Entre Juine et Renarde (CCEJR),,,30,,,"62,3289269891582",4,"33,5","10,3","2,5","4,18","5,05","5,9","26,1","52,7","3,13","1,03","10,7","69,6","1,2","36,3",2,"3,22038143629012","42,927155268434","0,972493848968519","1,9",0,"2,15","104,6","13,2","36,4","2,4","34,7",1,"59,9375310276353","0,863760603975385","30,7241878020389","54,8","11,6",94,"7,6","44,65","3,80623097540958","0,72",0,"3,76249000072722","2,4","28,6","-22,6415094339623","33,43","11,94","45,682","3,377","5,95",4,"28,3",5,"10,5","47,2","59,6","19,5","2,6","-2,24",49,"3,63","9,69",0,"4463,297",71,0,"25,5","0,711",76,"8,5","9,62"
91,249100595,CC le Dourdannais en Hurepoix (CCDH),,,50,,,"18,3593854375418",4,35,"10,7","4,9","15,02","1,87","6,9","23,4",47,"4,07","1,7",12,72,"0,9","36,3","1,8","2,8467618084429","40,7499225286644","1,05051892551893","1,7",0,"2,25","65,2","10,2","39,2","2,4","36,4",0,"0,0153248734484432","0,53465633478232","35,0715444755864","66,6","11,8",100,"9,06","44,65","4,77534760087241","0,37",2,"3,90736641221374",8,"25,8","39,2156862745098","36,65","25,43","47,497","3,167","7,17",5,"31,7","8,7","14,9","43,7","60,7","22,59","3,1","-3,98","59,2","4,82","6,18",0,"3478,02",69,1,"24,9","0,61",70,"8,5","11,32"
92,200057966,Vallée Sud-Grand Paris,,,,,,,10,11,,"2,6","31,5","2,51","6,2",,,,,,"32,6",-5,"16,8",,,,,,0,"2,6",,,,,"8,4",1,,"0,44901790557886",,"60,3",,,"9,23",,,"0,41",0,,,,,,,,,,5,"40,3",11,"11,4","41,8",,"17,06",,"-4,05","80,7",0,"2,82",,,,1,"20,1","3,229",67,,"12,44"
92,200057974,Grand Paris Seine Ouest,,,,,,,10,11,,"5,1","20,72","3,57","6,7",,,,,,"27,2","-4,4","16,8",,,,,,0,"2,84",,,,,"29,7",1,,"0,0353877663841039",,"45,5",,,"4,95",,,"0,47",1,,"-62,5",,,,,"0,076","1369,899",,4,"44,1","9,1","8,6","39,2",,"23,73",,"-4,04","123,2","0,13",3,,,,0,"22,5","2,973",74,,"11,56"
92,200057982,Paris Ouest La Défense,,,,,,,11,11,,"5,1","26,48","3,87","7,2",,,,,,"27,8","-5,5","16,8",,,,,,0,"2,82",,,,,"3,9",0,,"0,158109398949745",,"48,1",,,"5,11",,,"0,42",3,,-50,,,,,"0,03","3865,118",,5,42,"11,2","10,1","39,9",,"20,05",,"-4,26","178,8",0,"1,82",,,,2,"22,8","1,783",66,,"11,31"
92,200057990,Boucle Nord de Seine,,,,,,,17,11,,"2,2","33,96","1,94",6,,,,,,"27,5","-3,9","16,8",,,,,,0,"2,45",,,,,"0,4",2,,"0,640359362067351",,"54,6",,,"6,38",,,"0,95",1,,"162,5",,,,,"1,264","21,842",,5,"39,4","21,2","15,1","39,2",,"15,5",,"-6,34","89,8",0,2,,,,7,17,"1,5",48,,"13,73"
93,200057867,Plaine Commune,,,,,,,27,11,,"1,3","43,74","2,93","6,6",,,,,,"25,3","-1,7","16,8",,,,,,0,"2,12",,,,,0,2,,"0,483745131218545",,"64,5",,,"5,35",,,"2,95",2,,"-13,3",,,,,"1,172","38,038",,6,"36,1","36,2","19,7","33,5",,"20,84",,"-9,16",116,"0,13","2,38",,,,1,"9,9","2,068",37,,"18,95"
93,200057875,Est Ensemble,,,,,,,20,11,,"1,6","41,51","2,87","6,2",,,,,,"24,3","-1,7","16,8",,,,,,0,"2,32",,,,,0,0,,"0,53288768037405",,"72,3",,,"8,67",,,"2,23",12,,-100,,,,,"0,006","980,59",,5,"38,2","27,7","18,2","36,1",,"27,41",,"-6,06","92,5",0,"1,44",,,,0,"13,7","2,692",47,,"17,35"
93,200058097,Paris Terres d'Envol,,,,,,,20,11,,"1,1","34,05","2,96","5,4",,,,,,"47,9","0,6","21,7",,,,,,0,"2,25",,,,,0,1,,"3,04553171636752",,"68,1",,,"4,96",,,"1,49",0,,"-45,6",,,,,"5,411","12,005",,6,"29,7","28,9","20,2","33,4",,"15,79",,"-10,78","82,8",0,"2,13",,,,2,"13,5","1,782",43,,"15,57"
93,200058790,Grand Paris Grand Est,,,,,,,15,11,,"1,3","25,44","9,56","6,3",,,,,,"43,2","-2,5","16,8",,,,,,0,"2,26",,,,,"8,1",2,,"0,806551126349771",,"76,7",,,"7,15",,,"1,36",1,,"4,1",,,,,"0,713","5,626",,5,"33,5","20,2","16,4",36,,"15,53",,"-6,56","59,7","0,64","3,64",,,,1,"16,1","3,507",48,,"13,59"
94,200057941,Paris Est Marne et Bois,,,,,,,11,11,,"2,5","22,18","6,25","6,8",,,,,,"29,8","-5,1","16,8",,,,,,0,"2,72",,,,,"0,1",2,,"0,501876234754072",,"72,3",,,"8,72",,,"1,55",2,,-100,,,,,"0,004","5140,472",,4,"40,7","12,1","11,2","37,5",,"21,47",,"-3,85","67,8",0,"2,08",,,,0,"19,9","2,691",70,,"12,48"
94,200058006,Grand Paris Sud Est Avenir,,,,,,,13,20,,"1,1","31,27","3,22","4,4",,,,,,"45,7",-2,"16,8",,,,,,0,"2,43",,,,,"21,8",3,,"1,71309779327384",,"73,3",,,"6,88",,,"2,21",1,,"7,5",,,,,"10,25","3,159",,4,"35,8","16,6","14,6",36,,"19,68",,"-4,85","82,9","1,38","5,31",,,,1,18,"2,61",60,,"13,32"
94,200058014,Grand-Orly Seine Bièvre,,,,,,,15,11,,2,"34,49","4,26","6,3",,,,,,"37,6","-2,7","16,8",,,,,,0,"2,57",,,,,"0,4",6,,"0,901912098549349",,66,,,8,,,"1,52",2,,"-22,6",,,,,"1,108","8,641",,5,39,"20,9","15,2","36,7",,"22,94",,"-4,49","90,1","0,33","2,75",,,,8,"16,9","2,975",54,,"15,06"
95,200035970,CC Vexin Centre,,,13,,,"132,062113546937",3,"28,5","10,8","2,6","3,6","18,58","6,7","29,8","45,3","6,44","4,78","10,9","77,8","0,3","25,1","2,5","3,93841747225206","41,7291628559234","0,769905170871355","1,7",0,"1,59","81,3","9,7","34,8","2,21","17,6",0,"99,8936704690524","0,292244989659346","40,1097823956087","59,7","21,2",96,"9,63","36,75","3,8704493064378","0,8",1,"3,33902056255282","8,1","66,2","-37,0860927152318","43,13","0,9","71,386","4,153","6,06",4,"25,2","5,2","10,6","48,5","49,7","21,2","2,7","-2,29","50,2","7,06","12,12",0,"2460,302",67,0,27,"0,596",63,"8,2","10,71"
95,200055655,CA Roissy Pays de France,,,25,,,"19,437807283131",15,"22,4","9,3","1,2","32,08","6,62","5,2","22,1","47,7","0,47","0,61","9,9","58,2","0,7","21,7","1,6","1,71381494656038","35,5726137403679","1,56611479547842","1,9",0,"2,59","93,4",11,"48,4","2,21","7,4",3,"1,66884728833854","3,03499567542794","39,8114842190687","67,9","29,1",92,"4,78","36,75","5,50809680614223","0,74",1,"3,11748904483365","-11,7","5,7","-5,83941605839416","11,71","0,38","45,792","3,906","5,3",5,"28,4","23,8","17,5","38,6","35,4","22,88","3,5","-9,91","120,1","2,9","11,33",0,"3685,516",,11,"16,7","1,158",41,"8,2","14,36"
95,200056380,CA Plaine Vallée,,,32,,,"2,26691178458461",10,11,"9,4","1,4","19,01","6,3",7,"22,6","55,2","0,02","0,04","8,7","48,6",-3,"21,7",2,"1,36400738926838","46,7376559956593","1,59019900497512","2,1",0,"2,63","93,2","12,2","48,4","2,21","20,5",0,"0,094410270125702","1,31471492379349","37,7021852248337","78,7","7,6",95,"11,36","36,75","4,20361093002745","0,21",1,"2,54984852883978","-20,6",0,"13,3333333333333","1,65","1,96","15,795","6,863","5,54",5,"33,3","12,7",13,"36,3","45,5","22,03","3,8","-4,45","48,3","1,67","4,94",0,"1451,153",,1,"19,5","4,211",64,"8,2","11,64"
95,200058485,CA Val Parisis,,,22,,,0,9,11,"8,9","1,1","22,09","8,35","5,8","21,4","56,1","0,32","0,01","9,4","50,4","-0,9","25,1","1,8","1,18062936893456","45,9176019460354","2,91848631558147","2,5","0,01","2,6","95,9","14,4",64,"2,21","10,5",0,"0,0756825250547172","2,79784086202133","35,2705149213482","74,8","12,2",91,"7,96","36,75","4,13313333186085","0,42",1,"3,16417191325953","2,1",0,"-58,5714285714286","0,85",,"12,076","4,001","4,61",5,"31,8","12,8","13,3","36,2","48,5","13,46","3,5","-4,97","50,3","0,93","5,4",0,"1968,752",,2,"21,2","2,953",55,"8,2","11,27"
95,200073013,CC Carnelle Pays-de-France,,,49,,,"151,177898626927",4,"25,75","10,4","1,8","7,06",16,"5,3","23,9","51,1","3,45","1,61","11,4","75,4","3,2","21,7","1,9","2,41509884015624","44,422830573611","1,3106332809342","2,3",0,"2,68","95,3","15,9","53,3","2,21","33,1",1,"65,6953112236563","0,856774284145296","34,7895248475565","70,7","17,2",94,"6,47","36,75","3,99515640317262","0,6",0,"3,53911416094822","16,9","24,7","-58,3333333333333","29,42",,"45,679","4,595","6,98",5,"26,6","5,9","11,9","47,8","46,3","24,09","2,7","-3,42",41,"4,63",12,0,"2023,154",69,0,"28,2","0,992",67,"8,2","9,49"
95,249500109,CA de Cergy-Pontoise,,,13,,,"4,70578002872759",13,11,"7,7","2,2","32,69","1,05","6,2","17,8","35,4","0,49","0,03",10,"51,1","-1,9","25,1","2,1","1,2903936848776","44,40857364664","3,8593804792519","2,4",0,"2,25","113,8","15,5","71,8","2,21",10,0,"0,134275212497128","3,53391783670781","33,7583098078499","64,6",13,85,"8,68","36,75","4,64453894238433","0,41",5,"3,01066502053705",-34,"0,7",100,"1,88","8,25","14,062","4,987","6,74",5,"33,5","16,9","15,9","32,9","43,7","22,23","3,4","-5,17","99,5","1,08","6,23",0,"4035,015",,7,21,"2,216",39,"8,2","14,91"
95,249500430,CC Sausseron Impressionnistes,,,13,,,"38,6142909606002",3,24,"12,1",4,"5,88","16,46","6,1","25,4","59,2","3,88","1,57","10,4","76,3","1,4","25,1","3,1","3,09727544753005","46,2584517207324","1,48664874551971","1,7",0,"1,57","80,2","12,3","45,8","2,21","18,8",0,"99,8868473561689","0,738170964323114","37,5601427906255",62,"23,4",101,"4,32","36,75","3,77273905828666","0,52",0,"4,00425222982784","-13,8",21,"-10,7142857142857","34,03",,"57,041","4,348","6,01",4,"26,4","5,7","10,6","48,8","61,6","23,57","2,9","-4,2","52,8","6,73","10,6",0,"1658,13",69,0,"28,7","0,942",79,"8,2","10,31"
95,249500455,CC de la Vallée de l'Oise et des Trois Forêts,,,45,,,"1594,62869371332",5,"20,6666666666667","9,6","2,1","15,67","27,24","6,1","21,9","58,3","1,79","0,1",10,"71,1","-0,7","25,1","2,1","1,28524986769487","46,7384924960174","1,85585903083701","2,4",0,"2,77","120,6","17,9","62,6","2,21","46,8",0,"12,8447452229299","1,21404188210724","40,6451452323469","76,5","11,4",101,"10,69","36,75","4,14434090163904",,0,"3,58336127085644","5,2","16,5","-48,3333333333333","9,81",,"29,486","3,011","6,08",4,"31,6",8,"10,9",42,"54,7","17,19","3,2","-5,52","48,9",3,"9,11",0,"1974,513",73,0,"25,8","0,868",75,"8,2","10,14"
95,249500489,CC du Haut Val d'Oise,,,24,,,"61,1491718270151",9,"27,3333333333333","10,4","0,9","26,61","3,55","5,9","23,3","47,4","0,82","0,33","12,9","65,5","-1,3","25,1","1,2","1,56288156288156","38,2751891866165","1,4164581961817","2,1",0,"1,71","119,9","14,4","57,4","2,21","23,1",0,"19,7401060791514","3,15549682176684","32,6144899442694","69,3","19,4",91,"11,92","36,75","5,22581180074831","0,98",1,"3,10827796731909","-14,6","11,1","-56,0975609756098","10,59",,"36,102","3,78","6,03",4,30,"15,4","17,7",39,"44,2","15,29",3,"-6,07","59,9","2,78","3,56",0,"2433,729",70,0,"23,8","1,347",42,"8,2","12,59"
95,249500513,CC du Vexin-Val de Seine,,,13,,,"66,0109493442426",5,"27,6666666666667","15,4","7,1","12,88","10,68",8,"32,4","41,5","8,55","8,12","14,2","79,7","4,2","25,1","1,6","4,835297673013","35,8129439621152","0,772727272727273","1,6","0,8","1,81","73,9",11,"19,3","2,21","23,4",0,"99,7952541365303","0,332056271938734","43,5767511177347","74,8","13,7",98,"6,88","36,75","5,46221268548153","0,6",1,"5,34844854438721","-0,8","54,7","9,375","64,34","5,56","53,077","2,825","7,94",5,32,"8,5","17,7","54,4","43,7","22,61","2,8","-3,39","56,5",8,"8,73",0,"3668,554",66,1,"20,4","0,47",75,"8,2","10,83"
971,200018653,CA CAP Excellence,,,,,,"12,8702224318809",9,12,,"4,5","40,64","-2,05","15,3",,,"1,83","0,36",,"83,1","0,9",,,"3,7413641116054","62,7440851327617",,"3,8",0,0,442,"32,4","80,9","1,5","16,3",3,"56,7844682992284","3,36969168468408","71,6816764983603","73,5",,102,"8,58","27,3","7,23224534230042","2,26",0,"5,44012000080268","-0,7",,,,"8,78","14,056","0,248",,5,"40,4",,"22,2","41,5","53,8","86,23",,"-1,35",183,0,"6,67",,,61,3,"13,4","0,308",68,"8,3","19,48"
971,200041507,CA La Riviéra du Levant,,,,,,"11,0219860309748",8,12,,"25,5","7,85","1,01","9,7",,,"9,84","4,65",,"87,4",1,,,"4,16805098311637","55,161454020993",,"3,1",0,0,"346,3","25,1",54,"1,5","27,1",0,"2,43173733294876","3,53831766444675","60,0302245896488","80,7",,105,"5,3","27,3","7,42528514488563","1,96",0,"7,12144236158685",16,,,,"2,51","19,63","0,084",,4,"39,2",,"21,3","41,5","42,8","52,72",,"-4,38","64,4","2,75",35,,,,0,"16,5","0,196",95,"8,3","16,65"
971,200044691,CA du Nord Grande Terre,,,,,,"68,899772936919",7,18,,"9,9","13,73","0,14","14,3",,,"10,24","8,88",,"87,6","2,2",,,"2,76447386955909","48,4592928965294",,"2,8","0,16",0,"375,9","22,5","45,5","1,5","18,5",3,"75,4990277320729","1,28199641716469","47,6546472408637","74,3",,116,"17,68","27,3","7,60547716514967","2,11",0,"6,64511388684791",1,,,,"3,28","36,328","0,119",,3,"39,3",,"22,5","53,4","33,3","49,02",,"-4,55",63,"4,6","30,4",,,,0,"12,9","0,123",101,"8,3","19,18"
971,249710047,CC de Marie-Galante,,,,,,"93,0149039839496",6,17,,"14,4",12,"9,84","21,7",,,"27,16",,,"79,8","8,8",,,0,"64,8876404494382",,"2,9","8,25",0,"291,4",0,5,"1,5",39,0,"4,1344194238269","1,16917043991335","66,5024630541872","76,5",,134,"18,05","27,3","8,54765815656092","2,88",1,"5,1940116388211","0,6",,,,"0,92","27,424","0,006",,4,"46,5",,28,"55,7","37,9","71,29",,"-2,04","100,1",,7,,,,0,"11,8","0,125",147,"8,3","18,47"
971,249710062,CA du Nord Basse-Terre,,,,,,"640,801944091324",7,"16,3333333333333",,8,"18,88","8,05",14,,,"11,69","11,81",,"88,3","1,5",,,"0,180703452726686","50,3751453027581",,"2,3","0,31",0,"312,1","22,5","50,3","1,5","65,8",0,"99,8959033479389","1,16106109457716","43,2344243907413","75,4",,106,"10,58","27,3","7,48621435678382","1,29",0,"7,33447906033157","0,7",,,,"5,65","11,527","0,149",,6,"34,8",,"21,9","44,3","35,3","39,04",,"-4,48","60,1","8,5","20,67",,,,0,"12,8","0,255",78,"8,3","16,88"
971,249710070,CA Grand Sud Caraïbe,,,,,,"432,527825151523",8,"17,3333333333333",,"5,1","16,81","5,67","17,9",,,"6,92","13,09",,81,"0,9",,,0,"45,8802043355126",,"2,3","1,03",0,"360,1","27,2","28,5","1,5","64,1",0,"71,872984870128","1,35866033027658","47,548563719005","83,8",,123,"11,81","27,3","7,78764371739902","2,93",0,"6,15205505639457","-6,7",,,,"10,99","12,109","0,074",,5,"39,6",,25,"51,1","49,8","47,97",,"-0,9","95,4","8,91",12,,,,0,"14,8","0,658",117,"8,3","17,16"
972,200041788,CA du Pays Nord Martinique,,,,,,"180,918561734785",7,"12,75",,"5,5","17,06","6,06","16,3",,,"11,99","14,93",,"83,4","2,5","21,4333333333333",,"15,2731606347613","50,25287942539",,"2,6","1,39",0,"339,3","25,2",37,"2,89","52,2",4,"100,505680939867","1,14882465435616","41,8711830779246","74,1",,120,"9,89","22,16","7,49928461758246","2,4",1,"6,53634416856906","-14,6",,,,"4,95","20,101","0,124",,7,38,"30,6","24,9","46,5","47,9","32,7","3,9","-2,15","71,6","5,78","23,28",,,,3,"11,8","0,496",121,"8,3","20,11"
972,249720053,CA de l'Espace Sud de la Martinique,,,,,,0,7,11,,"13,6","16,11","4,35","13,3",,,"10,36","9,57",,"86,4","1,3","21,45",,"8,69277977711713","53,5581604437734",,"2,6",0,0,"334,2","29,8","49,8","2,89","42,4",0,"103,27494923667","2,45785893365804","46,9144496161311","77,9",,107,"9,49","22,16","7,00855258011525","1,48",0,"5,81254726082762","-18,6",,,,"2,78","19,319","0,197",,7,"37,5","26,4","23,4","43,8","47,6","28,36","4,1","-0,08","69,2","4,33","29,58",,,,2,"12,3","0,481",109,"8,3","17,43"
972,249720061,CA du Centre de la Martinique,,,,,,"167,929977738973",8,9,,"2,5","26,18","5,27","16,9",,,"3,38","2,49",,"84,1","1,6","12,6",,"7,20448633941579","63,7203436051268",,"3,4","0,09",0,"368,5","40,3","70,1","2,89","34,3",5,"103,089896858884","2,9210838115271","52,1308278206784","74,9",,105,"11,62","22,16","6,91158005229466","0,93",0,"7,69996056195975","13,5",,,,"6,24","22,178","0,195",,6,"43,4","24,7","20,6","29,3","64,2","55,49","4,3","-0,87","136,7",0,"6,75",,,,3,"14,5","0,506",97,"8,3","18,07"
973,200027548,CC des Savanes,,,,,,"202,367063627084",27,9,,"6,8","38,81","5,35","11,4",,,"11,38","28,53",,"71,6","-2,6",,,0,"41,8459495351926",,"1,7","16,77",0,"322,8","18,2","56,3","2,83","17,3",1,"20,5044001712717","0,0291799432806745","36,3376543839951","69,7",,103,"6,16",,"7,73665546443771","2,75",0,"4,96126135183137",120,,,,"18,75","0,599","0,005",,7,"22,1",,"25,9","57,6","23,2","33,59",,-17,"106,1",50,"53,25",,,,23,"16,5","0,001",17,"12,5","23,93"
973,249730037,CC de l'Ouest Guyanais,,,,,,"34,6563422433585",51,"4,5",,"3,8","18,28","39,64","6,9",,,"30,14","41,92",,"72,1","20,6",,,0,"51,0350604283834",,"0,8","40,62",0,"154,4","13,3","7,6","2,83","4,6",0,"58,9003343037777","0,0125437434230769","12,4619722865142",81,,121,"6,25",,"8,19967631924429","1,02",0,"9,38153586141333","-8,4",,,,"5,2","0,327","0,02",,6,"17,3",,"48,8","58,3","4,2","13,54",,"-19,34","99,6","19,5",40,,,,0,"4,3",0,6,"12,5","36,28"
973,249730045,CA du Centre Littoral,,,,,,"94,7070475106385",27,6,,"3,5","25,02","13,36","10,7",,,"9,33","11,2",,80,"0,8",,,"0,867336881529667","56,7947971267715",,"2,1","2,86",0,"379,9","27,4","40,3","2,83",15,2,"77,9162587835199","0,37429658749774","37,4358070852012","77,8",,97,"9,23",,"7,9486807824836","1,84",0,"8,57817766550161",88,,,,"18,87","2,669","0,052",,7,"28,5",,"27,4","38,5","20,6","33,12",,"-9,62","99,7","6,33","19,17",,,,3,"13,6","0,006",23,"12,5","22,71"
973,249730052,CC de l'Est Guyanais,,,,,,"29,4506252191189",50,6,,"7,1","14,99","-4,26","11,6",,,"48,24","83,16",,"35,6","1,5",,,"0,114481969089868","31,0699588477366",,0,100,0,"332,6",16,0,"2,83","7,5",0,"52,5878934070604","0,001627321826619","17,3130972456436","87,3",,89,"6,07",,"8,20396747215633","5,72",0,10,"403,3",,,,"4,08","0,107",0,,5,"16,6",,"54,8",68,"2,7","20,61",,"-28,15","100,3",105,116,,,,0,"5,4",0,11,"12,5","41,51"
974,249740077,CA CIVIS (Communauté Intercommunale des Villes Solidaires),,,,,,"121,812387955143",8,19,,"4,5","18,46","9,67","9,1",,,"4,99","5,25",,"79,9","0,5","24,7",,"5,57065143404795","37,592355660062",,"5,3","0,46",0,"545,2","48,9","95,5","2,93","48,6",3,"51,3696887972291","2,25859387786073","40,699926821919","76,7",,94,"10,26","47,78","6,75012994805223","1,74",1,"5,46486409124437","-15,3",,,,"4,12","18,055","1,895",,7,"29,4","36,3","28,3","55,3","39,8","26,58","4,2","-8,37","110,1",6,"18,17",,,,0,"14,7","0,382",46,10,"23,49"
974,249740085,CA du Sud,,,,,,"256,824763595604",6,18,,"2,8","13,73","18,17","6,4",,,"6,22","9,98",,"83,3","1,3","24,7",,"7,20164609053498","34,5973936577963",,"4,3","2,05",0,"488,8","31,2","67,7","2,93","63,9",1,"47,3468867774298","1,00409120459411","34,9351458846576","80,5",,99,"9,59","47,78","6,90470013882103","2,03",0,"4,42177551321126","-7,7",,,,"6,59","18,74","1,017",,8,31,"39,3","27,3","53,7","30,8","21,27",4,"-10,11","73,5","4,25","19,5",,,,0,"15,8","0,147",50,10,"26,07"
974,249740093,CA Intercommunale de la Réunion Est (CIREST),,,,,,"193,023811012789",10,"17,5",,"2,7","26,35","4,77","9,1",,,"7,08","12,29",,"83,5","3,1","26,3",,"5,07889737525685","33,2841960918752",,"3,2","1,09",0,"563,1","31,7","40,5","2,93","69,2",3,"86,0426332373554","0,699987350305166","37,3066144573688","81,7",,102,"11,75","47,78","7,06258791109169","1,16",0,"5,32979905875305",-7,,,,"6,08","13,309","1,534",,7,27,"44,3","30,2","53,1","32,5","25,07","3,9","-9,24","83,9",6,"13,83",,,,1,"14,6","0,149",37,10,"23,86"
974,249740101,CA Territoire de la Côte Ouest (TCO),,,,,,"177,402016575995",10,"14,5",,"5,4","23,81","8,23","8,1",,,"4,64","2,78",,"81,6","2,3","21,6",,"4,8175715786109","37,7627439765497",,"5,5","0,21",0,"408,3","35,2",87,"2,93","56,1",5,"59,2471727690068","2,04800093505696","41,7546900673492","73,8",,90,"9,21","47,78","6,66054763711251","3,24",0,"5,04145959787557","-8,6",,,,"6,81","14,529","0,413",,8,"27,9","32,1","28,8","47,8","41,3","29,11","4,4","-7,11","97,3",0,13,,,,4,"20,2","0,172",46,10,"21,99"
974,249740119,CA Intercommunale du Nord de la Réunion (CINOR),,,,,,"148,846604061818",11,12,,"1,5","34,59","7,09","8,5",,,"5,57","3,97",,"74,6","-0,6",20,,"3,62439285648328","47,5940916009409",,"3,8","0,37",0,"437,9","39,9","59,8","2,93",55,0,"64,0771609227349","2,48071446272188","37,193614288783","79,6",,95,"12,98","47,78","6,95833405067781","1,57",2,"4,20927956807829","-10,6",,,,"4,12","13,095","0,91",,8,35,33,"24,2","44,1","43,4","30,59","4,5","-7,16",116,0,11,,,,1,"18,5","0,277",45,10,"21,5"
976,200050532,CC de Petite-Terre,,,,,,,,,,,"5,56",694,,,,,,,,,,,,"39,4174757281553",,,,0,,,,"1,72","6,3",1,,,"24,568061520024","85,5",,,,,"8,86947260029964","0,34",0,10,,,,,,,,,6,,,,"61,2",,"19,64",,,,"6,5","6,5",,,,0,,1,,"2,7",
976,200059871,CC du Centre-Ouest,,,,,,,,,,,"2,09",,,,,,,,,,,,,"40,8960057574667",,,,0,,,,"1,72","60,3",0,,,"28,0083189177632","91,4",,,,,"8,98905866224939","1,8",0,10,,,,,"7,57",,"0,069",,5,,,,"74,8",,"19,41",,,,"21,8","21,8",,,,0,,"0,269",,"2,7",
976,200060457,CA de Dembeni / Mamoudzou,,,,,,,,,,,"6,71","598,55",,,,,,,,,,,,"52,1190961109495",,,,0,,,,"1,72","43,5",0,,,"25,1992367269054","84,7",,,,,"9,11691912372442","0,69",0,10,,,,,"4,77",,"0,069",,6,,,,"62,8",,"21,78",,,,6,6,,,,0,,"0,1",,"2,7",
976,200060465,CA du Grand Nord de Mayotte,,,,,,,,,,,"2,96","2177,78",,,,,,,,,,,,"38,6396828708533",,,,0,,,,"1,72","51,2",1,,,"23,4048896839595","79,6",,,,,"8,87750487546396","0,51",0,10,,,,,"0,52",,"0,037",,7,,,,"69,9",,"16,46",,,,"28,5","28,5",,,,1,,"0,205",,"2,7",
976,200060473,CC du Sud,,,,,,,,,,,"2,02",,,,,,,,,,,,,"46,7372983385505",,,,0,,,,"1,72","66,2",0,,,"32,4933479417749","93,5",,,,,"9,01115883598569","2,59",0,10,,,,,"8,46",,"0,001",,5,,,,"75,5",,"28,51",,,,"33,75","33,75",,,,0,,"0,242",,"2,7",
